  0
SECTION
  2
HEADER
  9
$ACADVER
  1
AC1027
  9
$ACADMAINTVER
 70
105
  9
$DWGCODEPAGE
  3
ANSI_1252
  9
$LASTSAVEDBY
  1
ezdxf
  9
$REQUIREDVERSIONS
160
0
  9
$INSBASE
 10
0.0
 20
0.0
 30
0.0
  9
$EXTMIN
 10
1e+20
 20
1e+20
 30
1e+20
  9
$EXTMAX
 10
-1e+20
 20
-1e+20
 30
-1e+20
  9
$LIMMIN
 10
0.0
 20
0.0
  9
$LIMMAX
 10
420.0
 20
297.0
  9
$ORTHOMODE
 70
0
  9
$REGENMODE
 70
1
  9
$FILLMODE
 70
1
  9
$QTEXTMODE
 70
0
  9
$MIRRTEXT
 70
1
  9
$LTSCALE
 40
1.0
  9
$ATTMODE
 70
1
  9
$TEXTSIZE
 40
2.5
  9
$TRACEWID
 40
1.0
  9
$TEXTSTYLE
  7
Standard
  9
$CLAYER
  8
0
  9
$CELTYPE
  6
ByLayer
  9
$CECOLOR
 62
256
  9
$CELTSCALE
 40
1.0
  9
$DISPSILH
 70
0
  9
$DIMSCALE
 40
1.0
  9
$DIMASZ
 40
2.5
  9
$DIMEXO
 40
0.625
  9
$DIMDLI
 40
3.75
  9
$DIMRND
 40
0.0
  9
$DIMDLE
 40
0.0
  9
$DIMEXE
 40
1.25
  9
$DIMTP
 40
0.0
  9
$DIMTM
 40
0.0
  9
$DIMTXT
 40
2.5
  9
$DIMCEN
 40
2.5
  9
$DIMTSZ
 40
0.0
  9
$DIMTOL
 70
0
  9
$DIMLIM
 70
0
  9
$DIMTIH
 70
0
  9
$DIMTOH
 70
0
  9
$DIMSE1
 70
0
  9
$DIMSE2
 70
0
  9
$DIMTAD
 70
1
  9
$DIMZIN
 70
8
  9
$DIMBLK
  1

  9
$DIMASO
 70
1
  9
$DIMSHO
 70
1
  9
$DIMPOST
  1

  9
$DIMAPOST
  1

  9
$DIMALT
 70
0
  9
$DIMALTD
 70
3
  9
$DIMALTF
 40
0.03937007874
  9
$DIMLFAC
 40
1.0
  9
$DIMTOFL
 70
1
  9
$DIMTVP
 40
0.0
  9
$DIMTIX
 70
0
  9
$DIMSOXD
 70
0
  9
$DIMSAH
 70
0
  9
$DIMBLK1
  1

  9
$DIMBLK2
  1

  9
$DIMSTYLE
  2
ISO-25
  9
$DIMCLRD
 70
0
  9
$DIMCLRE
 70
0
  9
$DIMCLRT
 70
0
  9
$DIMTFAC
 40
1.0
  9
$DIMGAP
 40
0.625
  9
$DIMJUST
 70
0
  9
$DIMSD1
 70
0
  9
$DIMSD2
 70
0
  9
$DIMTOLJ
 70
0
  9
$DIMTZIN
 70
8
  9
$DIMALTZ
 70
0
  9
$DIMALTTZ
 70
0
  9
$DIMUPT
 70
0
  9
$DIMDEC
 70
2
  9
$DIMTDEC
 70
2
  9
$DIMALTU
 70
2
  9
$DIMALTTD
 70
3
  9
$DIMTXSTY
  7
Standard
  9
$DIMAUNIT
 70
0
  9
$DIMADEC
 70
0
  9
$DIMALTRND
 40
0.0
  9
$DIMAZIN
 70
0
  9
$DIMDSEP
 70
44
  9
$DIMATFIT
 70
3
  9
$DIMFRAC
 70
0
  9
$DIMLDRBLK
  1

  9
$DIMLUNIT
 70
2
  9
$DIMLWD
 70
-2
  9
$DIMLWE
 70
-2
  9
$DIMTMOVE
 70
0
  9
$DIMFXL
 40
1.0
  9
$DIMFXLON
 70
0
  9
$DIMJOGANG
 40
0.785398163397
  9
$DIMTFILL
 70
0
  9
$DIMTFILLCLR
 70
0
  9
$DIMARCSYM
 70
0
  9
$DIMLTYPE
  6

  9
$DIMLTEX1
  6

  9
$DIMLTEX2
  6

  9
$DIMTXTDIRECTION
 70
0
  9
$LUNITS
 70
2
  9
$LUPREC
 70
4
  9
$SKETCHINC
 40
1.0
  9
$FILLETRAD
 40
10.0
  9
$AUNITS
 70
0
  9
$AUPREC
 70
2
  9
$MENU
  1
.
  9
$ELEVATION
 40
0.0
  9
$PELEVATION
 40
0.0
  9
$THICKNESS
 40
0.0
  9
$LIMCHECK
 70
0
  9
$CHAMFERA
 40
0.0
  9
$CHAMFERB
 40
0.0
  9
$CHAMFERC
 40
0.0
  9
$CHAMFERD
 40
0.0
  9
$SKPOLY
 70
0
  9
$TDCREATE
 40
2461278.4818287035
  9
$TDUCREATE
 40
2458532.153996898
  9
$TDUPDATE
 40
2461278.481909722
  9
$TDUUPDATE
 40
2458532.1544311
  9
$TDINDWG
 40
0.0
  9
$TDUSRTIMER
 40
0.0
  9
$USRTIMER
 70
1
  9
$ANGBASE
 50
0.0
  9
$ANGDIR
 70
0
  9
$PDMODE
 70
0
  9
$PDSIZE
 40
0.0
  9
$PLINEWID
 40
0.0
  9
$SPLFRAME
 70
0
  9
$SPLINETYPE
 70
6
  9
$SPLINESEGS
 70
8
  9
$HANDSEED
  5
41A
  9
$SURFTAB1
 70
6
  9
$SURFTAB2
 70
6
  9
$SURFTYPE
 70
6
  9
$SURFU
 70
6
  9
$SURFV
 70
6
  9
$UCSBASE
  2

  9
$UCSNAME
  2

  9
$UCSORG
 10
0.0
 20
0.0
 30
0.0
  9
$UCSXDIR
 10
1.0
 20
0.0
 30
0.0
  9
$UCSYDIR
 10
0.0
 20
1.0
 30
0.0
  9
$UCSORTHOREF
  2

  9
$UCSORTHOVIEW
 70
0
  9
$UCSORGTOP
 10
0.0
 20
0.0
 30
0.0
  9
$UCSORGBOTTOM
 10
0.0
 20
0.0
 30
0.0
  9
$UCSORGLEFT
 10
0.0
 20
0.0
 30
0.0
  9
$UCSORGRIGHT
 10
0.0
 20
0.0
 30
0.0
  9
$UCSORGFRONT
 10
0.0
 20
0.0
 30
0.0
  9
$UCSORGBACK
 10
0.0
 20
0.0
 30
0.0
  9
$PUCSBASE
  2

  9
$PUCSNAME
  2

  9
$PUCSORG
 10
0.0
 20
0.0
 30
0.0
  9
$PUCSXDIR
 10
1.0
 20
0.0
 30
0.0
  9
$PUCSYDIR
 10
0.0
 20
1.0
 30
0.0
  9
$PUCSORTHOREF
  2

  9
$PUCSORTHOVIEW
 70
0
  9
$PUCSORGTOP
 10
0.0
 20
0.0
 30
0.0
  9
$PUCSORGBOTTOM
 10
0.0
 20
0.0
 30
0.0
  9
$PUCSORGLEFT
 10
0.0
 20
0.0
 30
0.0
  9
$PUCSORGRIGHT
 10
0.0
 20
0.0
 30
0.0
  9
$PUCSORGFRONT
 10
0.0
 20
0.0
 30
0.0
  9
$PUCSORGBACK
 10
0.0
 20
0.0
 30
0.0
  9
$USERI1
 70
0
  9
$USERI2
 70
0
  9
$USERI3
 70
0
  9
$USERI4
 70
0
  9
$USERI5
 70
0
  9
$USERR1
 40
0.0
  9
$USERR2
 40
0.0
  9
$USERR3
 40
0.0
  9
$USERR4
 40
0.0
  9
$USERR5
 40
0.0
  9
$WORLDVIEW
 70
1
  9
$SHADEDGE
 70
3
  9
$SHADEDIF
 70
70
  9
$TILEMODE
 70
1
  9
$MAXACTVP
 70
64
  9
$PINSBASE
 10
0.0
 20
0.0
 30
0.0
  9
$PLIMCHECK
 70
0
  9
$PEXTMIN
 10
1e+20
 20
1e+20
 30
1e+20
  9
$PEXTMAX
 10
-1e+20
 20
-1e+20
 30
-1e+20
  9
$PLIMMIN
 10
0.0
 20
0.0
  9
$PLIMMAX
 10
420.0
 20
297.0
  9
$UNITMODE
 70
0
  9
$VISRETAIN
 70
1
  9
$PLINEGEN
 70
0
  9
$PSLTSCALE
 70
1
  9
$TREEDEPTH
 70
3020
  9
$CMLSTYLE
  2
Standard
  9
$CMLJUST
 70
0
  9
$CMLSCALE
 40
20.0
  9
$PROXYGRAPHICS
 70
1
  9
$MEASUREMENT
 70
0
  9
$CELWEIGHT
370
-1
  9
$ENDCAPS
280
0
  9
$JOINSTYLE
280
0
  9
$LWDISPLAY
290
0
  9
$INSUNITS
 70
1
  9
$HYPERLINKBASE
  1

  9
$STYLESHEET
  1

  9
$XEDIT
290
1
  9
$CEPSNTYPE
380
0
  9
$PSTYLEMODE
290
1
  9
$FINGERPRINTGUID
  2
{58EA5FD6-55D7-44A7-ACB7-C61CB33D9CE7}
  9
$VERSIONGUID
  2
{17ECE52B-45BA-4107-86A9-9457F13733E5}
  9
$EXTNAMES
290
1
  9
$PSVPSCALE
 40
0.0
  9
$OLESTARTUP
290
0
  9
$SORTENTS
280
127
  9
$INDEXCTL
280
0
  9
$HIDETEXT
280
1
  9
$XCLIPFRAME
280
1
  9
$HALOGAP
280
0
  9
$OBSCOLOR
 70
257
  9
$OBSLTYPE
280
0
  9
$INTERSECTIONDISPLAY
280
0
  9
$INTERSECTIONCOLOR
 70
257
  9
$DIMASSOC
280
2
  9
$PROJECTNAME
  1

  9
$CAMERADISPLAY
290
0
  9
$LENSLENGTH
 40
50.0
  9
$CAMERAHEIGHT
 40
0.0
  9
$STEPSPERSEC
 40
24.0
  9
$STEPSIZE
 40
100.0
  9
$3DDWFPREC
 40
2.0
  9
$PSOLWIDTH
 40
0.005
  9
$PSOLHEIGHT
 40
0.08
  9
$LOFTANG1
 40
1.570796326795
  9
$LOFTANG2
 40
1.570796326795
  9
$LOFTMAG1
 40
0.0
  9
$LOFTMAG2
 40
0.0
  9
$LOFTPARAM
 70
7
  9
$LOFTNORMALS
280
1
  9
$LATITUDE
 40
37.795
  9
$LONGITUDE
 40
-122.394
  9
$NORTHDIRECTION
 40
0.0
  9
$TIMEZONE
 70
-8000
  9
$LIGHTGLYPHDISPLAY
280
1
  9
$TILEMODELIGHTSYNCH
280
1
  9
$CMATERIAL
347
20
  9
$SOLIDHIST
280
0
  9
$SHOWHIST
280
1
  9
$DWFFRAME
280
2
  9
$DGNFRAME
280
2
  9
$REALWORLDSCALE
290
1
  9
$INTERFERECOLOR
 62
256
  9
$CSHADOW
280
0
  9
$SHADOWPLANELOCATION
 40
0.0
  0
ENDSEC
  0
SECTION
  2
CLASSES
  0
CLASS
  1
ACDBDICTIONARYWDFLT
  2
AcDbDictionaryWithDefault
  3
ObjectDBX Classes
 90
0
 91
0
280
0
281
0
  0
CLASS
  1
SUN
  2
AcDbSun
  3
SCENEOE
 90
1153
 91
0
280
0
281
0
  0
CLASS
  1
VISUALSTYLE
  2
AcDbVisualStyle
  3
ObjectDBX Classes
 90
4095
 91
0
280
0
281
0
  0
CLASS
  1
MATERIAL
  2
AcDbMaterial
  3
ObjectDBX Classes
 90
1153
 91
0
280
0
281
0
  0
CLASS
  1
SCALE
  2
AcDbScale
  3
ObjectDBX Classes
 90
1153
 91
0
280
0
281
0
  0
CLASS
  1
TABLESTYLE
  2
AcDbTableStyle
  3
ObjectDBX Classes
 90
4095
 91
0
280
0
281
0
  0
CLASS
  1
MLEADERSTYLE
  2
AcDbMLeaderStyle
  3
ACDB_MLEADERSTYLE_CLASS
 90
4095
 91
0
280
0
281
0
  0
CLASS
  1
DICTIONARYVAR
  2
AcDbDictionaryVar
  3
ObjectDBX Classes
 90
0
 91
0
280
0
281
0
  0
CLASS
  1
CELLSTYLEMAP
  2
AcDbCellStyleMap
  3
ObjectDBX Classes
 90
1152
 91
0
280
0
281
0
  0
CLASS
  1
MENTALRAYRENDERSETTINGS
  2
AcDbMentalRayRenderSettings
  3
SCENEOE
 90
1024
 91
0
280
0
281
0
  0
CLASS
  1
ACDBDETAILVIEWSTYLE
  2
AcDbDetailViewStyle
  3
ObjectDBX Classes
 90
1025
 91
0
280
0
281
0
  0
CLASS
  1
ACDBSECTIONVIEWSTYLE
  2
AcDbSectionViewStyle
  3
ObjectDBX Classes
 90
1025
 91
0
280
0
281
0
  0
CLASS
  1
RASTERVARIABLES
  2
AcDbRasterVariables
  3
ISM
 90
0
 91
0
280
0
281
0
  0
CLASS
  1
LAYOUT
  2
AcDbLayout
  3
ObjectDBX Classes
 90
0
 91
0
280
0
281
0
  0
CLASS
  1
ACDBPLACEHOLDER
  2
AcDbPlaceHolder
  3
ObjectDBX Classes
 90
0
 91
0
280
0
281
0
  0
ENDSEC
  0
SECTION
  2
TABLES
  0
TABLE
  2
VPORT
  5
8
330
0
100
AcDbSymbolTable
 70
1
  0
VPORT
  5
416
330
8
100
AcDbSymbolTableRecord
100
AcDbViewportTableRecord
  2
*Active
 70
0
 10
0.0
 20
0.0
 11
1.0
 21
1.0
 12
0.0
 22
0.0
 13
0.0
 23
0.0
 14
0.5
 24
0.5
 15
0.5
 25
0.5
 16
0.0
 26
0.0
 36
1.0
 17
0.0
 27
0.0
 37
0.0
 40
41.25
 41
1.34
 42
50.0
 43
0.0
 44
0.0
 50
0.0
 51
0.0
 71
0
 72
1000
 73
1
 74
3
 75
0
 76
0
 77
0
 78
0
281
0
 65
1
110
0.0
120
0.0
130
0.0
111
1.0
121
0.0
131
0.0
112
0.0
122
1.0
132
0.0
 79
0
146
0.0
  0
ENDTAB
  0
TABLE
  2
LTYPE
  5
2
330
0
100
AcDbSymbolTable
 70
3
  0
LTYPE
  5
24
330
2
100
AcDbSymbolTableRecord
100
AcDbLinetypeTableRecord
  2
ByBlock
 70
0
  3

 72
65
 73
0
 40
0.0
  0
LTYPE
  5
25
330
2
100
AcDbSymbolTableRecord
100
AcDbLinetypeTableRecord
  2
ByLayer
 70
0
  3

 72
65
 73
0
 40
0.0
  0
LTYPE
  5
26
330
2
100
AcDbSymbolTableRecord
100
AcDbLinetypeTableRecord
  2
Continuous
 70
0
  3

 72
65
 73
0
 40
0.0
  0
ENDTAB
  0
TABLE
  2
LAYER
  5
1
330
0
100
AcDbSymbolTable
 70
2
  0
LAYER
  5
27
330
1
100
AcDbSymbolTableRecord
100
AcDbLayerTableRecord
  2
0
 70
0
 62
7
  6
Continuous
370
-3
390
13
347
21
  0
LAYER
  5
28
330
1
100
AcDbSymbolTableRecord
100
AcDbLayerTableRecord
  2
Defpoints
 70
0
 62
7
  6
Continuous
290
0
370
-3
390
13
347
21
  0
ENDTAB
  0
TABLE
  2
STYLE
  5
5
330
0
100
AcDbSymbolTable
 70
1
  0
STYLE
  5
29
330
5
100
AcDbSymbolTableRecord
100
AcDbTextStyleTableRecord
  2
Standard
 70
0
 40
0.0
 41
1.0
 50
0.0
 71
0
 42
2.5
  3
txt
  4

  0
ENDTAB
  0
TABLE
  2
VIEW
  5
7
330
0
100
AcDbSymbolTable
 70
0
  0
ENDTAB
  0
TABLE
  2
UCS
  5
6
330
0
100
AcDbSymbolTable
 70
0
  0
ENDTAB
  0
TABLE
  2
APPID
  5
3
330
0
100
AcDbSymbolTable
 70
3
  0
APPID
  5
2A
330
3
100
AcDbSymbolTableRecord
100
AcDbRegAppTableRecord
  2
ACAD
 70
0
  0
APPID
  5
417
330
3
100
AcDbSymbolTableRecord
100
AcDbRegAppTableRecord
  2
HATCHBACKGROUNDCOLOR
 70
0
  0
APPID
  5
418
330
3
100
AcDbSymbolTableRecord
100
AcDbRegAppTableRecord
  2
EZDXF
 70
0
  0
ENDTAB
  0
TABLE
  2
DIMSTYLE
  5
4
330
0
100
AcDbSymbolTable
 70
1
100
AcDbDimStyleTable
  0
DIMSTYLE
105
2B
330
4
100
AcDbSymbolTableRecord
100
AcDbDimStyleTableRecord
  2
Standard
 70
0
 40
1.0
 41
2.5
 42
0.625
 43
3.75
 44
1.25
 45
0.0
 46
0.0
 47
0.0
 48
0.0
 49
2.5
140
2.5
141
2.5
142
0.0
143
0.03937007874
144
1.0
145
0.0
146
1.0
147
0.625
148
0.0
 69
0
 70
0
 71
0
 72
0
 73
0
 74
0
 75
0
 76
0
 77
1
 78
8
 79
3
170
0
171
3
172
1
173
0
174
0
175
0
176
0
177
0
178
0
179
2
271
2
272
2
273
2
274
3
275
0
276
0
277
2
278
44
279
0
280
0
281
0
282
0
283
0
284
8
285
0
286
0
288
0
289
3
290
0
371
-2
372
-2
  0
ENDTAB
  0
TABLE
  2
BLOCK_RECORD
  5
9
330
0
100
AcDbSymbolTable
 70
2
  0
BLOCK_RECORD
  5
17
330
9
100
AcDbSymbolTableRecord
100
AcDbBlockTableRecord
  2
*Model_Space
340
1A
 70
0
280
1
281
0
  0
BLOCK_RECORD
  5
1B
330
9
100
AcDbSymbolTableRecord
100
AcDbBlockTableRecord
  2
*Paper_Space
340
1E
 70
0
280
1
281
0
  0
ENDTAB
  0
ENDSEC
  0
SECTION
  2
BLOCKS
  0
BLOCK
  5
18
330
17
100
AcDbEntity
  8
0
100
AcDbBlockBegin
  2
*Model_Space
 70
0
 10
0.0
 20
0.0
 30
0.0
  3
*Model_Space
  1

  0
ENDBLK
  5
19
330
17
100
AcDbEntity
  8
0
100
AcDbBlockEnd
  0
BLOCK
  5
1C
330
1B
100
AcDbEntity
  8
0
100
AcDbBlockBegin
  2
*Paper_Space
 70
0
 10
0.0
 20
0.0
 30
0.0
  3
*Paper_Space
  1

  0
ENDBLK
  5
1D
330
1B
100
AcDbEntity
  8
0
100
AcDbBlockEnd
  0
ENDSEC
  0
SECTION
  2
ENTITIES
  0
LINE
  5
2F
330
17
100
AcDbEntity
  8
0
100
AcDbLine
 10
-4.499999999995753
 20
20.5
 30
0.0
 11
-4.499999999995753
 21
-20.5
 31
0.0
  0
ARC
  5
30
330
17
100
AcDbEntity
  8
0
100
AcDbCircle
 10
-4.375000000004247
 20
-20.5
 30
0.0
 40
0.125
100
AcDbArc
 50
-180.0
 51
-90.0
  0
ARC
  5
31
330
17
100
AcDbEntity
  8
0
100
AcDbCircle
 10
-4.375000000004247
 20
20.5
 30
0.0
 40
0.125
100
AcDbArc
 50
90.0
 51
180.0
  0
LINE
  5
32
330
17
100
AcDbEntity
  8
0
100
AcDbLine
 10
-4.375000000004247
 20
-20.625
 30
0.0
 11
4.374999997429076
 21
-20.625
 31
0.0
  0
LINE
  5
33
330
17
100
AcDbEntity
  8
0
100
AcDbLine
 10
4.374999997429076
 20
20.625
 30
0.0
 11
-4.375000000004247
 21
20.625
 31
0.0
  0
ARC
  5
34
330
17
100
AcDbEntity
  8
0
100
AcDbCircle
 10
4.374999997429076
 20
-20.5
 30
0.0
 40
0.125
100
AcDbArc
 50
-90.0
 51
0.0
  0
ARC
  5
35
330
17
100
AcDbEntity
  8
0
100
AcDbCircle
 10
4.374999997429076
 20
20.5
 30
0.0
 40
0.125
100
AcDbArc
 50
0.0
 51
90.0
  0
LINE
  5
36
330
17
100
AcDbEntity
  8
0
100
AcDbLine
 10
4.500000000004247
 20
-20.5
 30
0.0
 11
4.500000000004247
 21
20.5
 31
0.0
  0
CIRCLE
  5
37
330
17
100
AcDbEntity
  8
0
100
AcDbCircle
 10
-3.75
 20
-19.875
 30
0.0
 40
0.0625
  0
CIRCLE
  5
38
330
17
100
AcDbEntity
  8
0
100
AcDbCircle
 10
-3.75
 20
-13.25
 30
0.0
 40
0.0625
  0
CIRCLE
  5
39
330
17
100
AcDbEntity
  8
0
100
AcDbCircle
 10
-3.75
 20
-6.625
 30
0.0
 40
0.0625
  0
SPLINE
  5
3A
330
17
100
AcDbEntity
  8
0
100
AcDbSpline
 70
0
 71
3
 72
8
 73
4
 74
0
 40
0.0
 40
0.0
 40
0.0
 40
0.0
 40
1.0
 40
1.0
 40
1.0
 40
1.0
 10
0.04681860733789822
 20
-1.5953333277579986
 30
0.0
 10
0.06568679243908981
 20
-1.6445381814185112
 30
0.0
 10
0.30833797737173185
 20
-1.5965349887085267
 30
0.0
 10
0.31748746601297917
 20
-1.7238056406145006
 30
0.0
  0
SPLINE
  5
3B
330
17
100
AcDbEntity
  8
0
100
AcDbSpline
 70
0
 71
3
 72
8
 73
4
 74
0
 40
0.0
 40
0.0
 40
0.0
 40
0.0
 40
1.0
 40
1.0
 40
1.0
 40
1.0
 10
-0.015435862610502227
 20
-1.5128403575893117
 30
0.0
 10
0.011865030915801711
 20
-1.5401412511155286
 30
0.0
 10
0.039882704658242396
 20
-1.5772662499571197
 30
0.0
 10
0.04681860733789822
 20
-1.5953333277579986
 30
0.0
  0
SPLINE
  5
3C
330
17
100
AcDbEntity
  8
0
100
AcDbSpline
 70
0
 71
3
 72
8
 73
4
 74
0
 40
0.0
 40
0.0
 40
0.0
 40
0.0
 40
1.0
 40
1.0
 40
1.0
 40
1.0
 10
-0.0650834334633581
 20
-1.4439451297560026
 30
0.0
 10
-0.0650834334633581
 20
-1.4545281788296052
 30
0.0
 10
-0.04273675613680794
 20
-1.4855394640628674
 30
0.0
 10
-0.015435862610502227
 20
-1.5128403575893117
 30
0.0
  0
SPLINE
  5
3D
330
17
100
AcDbEntity
  8
0
100
AcDbSpline
 70
0
 71
3
 72
8
 73
4
 74
0
 40
0.0
 40
0.0
 40
0.0
 40
0.0
 40
1.0
 40
1.0
 40
1.0
 40
1.0
 10
0.17333031548566424
 20
-1.30252860946689
 30
0.0
 10
0.09368338441046742
 20
-1.317475585150305
 30
0.0
 10
-0.0650834334633581
 20
-1.411647856487889
 30
0.0
 10
-0.0650834334633581
 20
-1.4439451297560026
 30
0.0
  0
SPLINE
  5
3E
330
17
100
AcDbEntity
  8
0
100
AcDbSpline
 70
0
 71
3
 72
8
 73
4
 74
0
 40
0.0
 40
0.0
 40
0.0
 40
0.0
 40
1.0
 40
1.0
 40
1.0
 40
1.0
 10
0.28417826773378163
 20
-1.2489176656542895
 30
0.0
 10
0.26448789356114144
 20
-1.2706529716199384
 30
0.0
 10
0.21460842322659435
 20
-1.2947705177157331
 30
0.0
 10
0.17333031548566424
 20
-1.30252860946689
 30
0.0
  0
SPLINE
  5
3F
330
17
100
AcDbEntity
  8
0
100
AcDbSpline
 70
0
 71
3
 72
8
 73
4
 74
0
 40
0.0
 40
0.0
 40
0.0
 40
0.0
 40
1.0
 40
1.0
 40
1.0
 40
1.0
 10
0.29444509024135623
 20
-1.1478094916371901
 30
0.0
 10
0.31601174203858484
 20
-1.1998814661621964
 30
0.0
 10
0.314430609208876
 20
-1.2154608949776957
 30
0.0
 10
0.28417826773378163
 20
-1.2489176656542895
 30
0.0
  0
SPLINE
  5
40
330
17
100
AcDbEntity
  8
0
100
AcDbSpline
 70
0
 71
3
 72
8
 73
4
 74
0
 40
0.0
 40
0.0
 40
0.0
 40
0.0
 40
1.0
 40
1.0
 40
1.0
 40
1.0
 10
0.1541248220474678
 20
-1.07191511581118
 30
0.0
 10
0.2551697507513895
 20
-1.0845220149067245
 30
0.0
 10
0.27201408583055553
 20
-1.0936504217768288
 30
0.0
 10
0.29444509024135623
 20
-1.1478094916371901
 30
0.0
  0
SPLINE
  5
41
330
17
100
AcDbEntity
  8
0
100
AcDbSpline
 70
0
 71
3
 72
8
 73
4
 74
0
 40
0.0
 40
0.0
 40
0.0
 40
0.0
 40
1.0
 40
1.0
 40
1.0
 40
1.0
 10
-0.08422568158836619
 20
-0.9431898217017078
 30
0.0
 10
0.02438760292709663
 20
-1.0437498696712737
 30
0.0
 10
0.053185302198858864
 20
-1.0592871349444977
 30
0.0
 10
0.1541248220474678
 20
-1.07191511581118
 30
0.0
  0
SPLINE
  5
42
330
17
100
AcDbEntity
  8
0
100
AcDbSpline
 70
0
 71
3
 72
8
 73
4
 74
0
 40
0.0
 40
0.0
 40
0.0
 40
0.0
 40
1.0
 40
1.0
 40
1.0
 40
1.0
 10
-0.22844607742886947
 20
-0.8288212136860693
 30
0.0
 10
-0.2170619210549667
 20
-0.8288212136860693
 30
0.0
 10
-0.15215114795265539
 20
-0.8802818168503563
 30
0.0
 10
-0.08422568158836619
 20
-0.9431898217017078
 30
0.0
  0
SPLINE
  5
43
330
17
100
AcDbEntity
  8
0
100
AcDbSpline
 70
0
 71
3
 72
8
 73
4
 74
0
 40
0.0
 40
0.0
 40
0.0
 40
0.0
 40
1.0
 40
1.0
 40
1.0
 40
1.0
 10
-0.30469884336295827
 20
-0.8725237250991995
 30
0.0
 10
-0.27413027532192213
 20
-0.8484905060877281
 30
0.0
 10
-0.23983023380277313
 20
-0.8288212136860693
 30
0.0
 10
-0.22844607742886947
 20
-0.8288212136860693
 30
0.0
  0
SPLINE
  5
44
330
17
100
AcDbEntity
  8
0
100
AcDbSpline
 70
0
 71
3
 72
8
 73
4
 74
0
 40
0.0
 40
0.0
 40
0.0
 40
0.0
 40
1.0
 40
1.0
 40
1.0
 40
1.0
 10
-0.44444990373815196
 20
-0.8399523888072054
 30
0.0
 10
-0.4309575702579713
 20
-0.9178916964265227
 30
0.0
 10
-0.3780423248903837
 20
-0.9302245324981868
 30
0.0
 10
-0.30469884336295827
 20
-0.8725237250991995
 30
0.0
  0
SPLINE
  5
45
330
17
100
AcDbEntity
  8
0
100
AcDbSpline
 70
0
 71
3
 72
8
 73
4
 74
0
 40
0.0
 40
0.0
 40
0.0
 40
0.0
 40
1.0
 40
1.0
 40
1.0
 40
1.0
 10
-0.5280391260020889
 20
-0.7629195973438527
 30
0.0
 10
-0.4686096133761022
 20
-0.7750837792470975
 30
0.0
 10
-0.45324100227133224
 20
-0.789250729401374
 30
0.0
 10
-0.44444990373815196
 20
-0.8399523888072054
 30
0.0
  0
SPLINE
  5
46
330
17
100
AcDbEntity
  8
0
100
AcDbSpline
 70
0
 71
3
 72
8
 73
4
 74
0
 40
0.0
 40
0.0
 40
0.0
 40
0.0
 40
1.0
 40
1.0
 40
1.0
 40
1.0
 10
-0.6565746841718831
 20
-0.6797730922721712
 30
0.0
 10
-0.6223168061948599
 20
-0.7217468984583775
 30
0.0
 10
-0.5728168077394429
 20
-0.7537701087026107
 30
0.0
 10
-0.5280391260020889
 20
-0.7629195973438527
 30
0.0
  0
LINE
  5
47
330
17
100
AcDbEntity
  8
0
100
AcDbLine
 10
-0.7122938050908196
 20
-0.6114892357998087
 30
0.0
 11
-0.6565746841718831
 21
-0.6797730922721712
 31
0.0
  0
LINE
  5
48
330
17
100
AcDbEntity
  8
0
100
AcDbLine
 10
-0.8218768510751713
 20
-0.6508910659163121
 30
0.0
 11
-0.7122938050908201
 21
-0.6114892358000361
 31
0.0
  0
SPLINE
  5
49
330
17
100
AcDbEntity
  8
0
100
AcDbSpline
 70
0
 71
3
 72
8
 73
4
 74
0
 40
0.0
 40
0.0
 40
0.0
 40
0.0
 40
1.0
 40
1.0
 40
1.0
 40
1.0
 10
-1.022912619929877
 20
-0.5900490746289506
 30
0.0
 10
-0.9900883023851219
 20
-0.6820920870891314
 30
0.0
 10
-0.9458587466954018
 20
-0.6954790117140419
 30
0.0
 10
-0.8218768510751713
 20
-0.6508910659163121
 30
0.0
  0
SPLINE
  5
4A
330
17
100
AcDbEntity
  8
0
100
AcDbSpline
 70
0
 71
3
 72
8
 73
4
 74
0
 40
0.0
 40
0.0
 40
0.0
 40
0.0
 40
1.0
 40
1.0
 40
1.0
 40
1.0
 10
-1.0133625776384347
 20
-0.476270756203121
 30
0.0
 10
-1.0340016315088998
 20
-0.5176542727995184
 30
0.0
 10
-1.0368055070602513
 20
-0.5510056346208785
 30
0.0
 10
-1.022912619929877
 20
-0.5900490746289506
 30
0.0
  0
SPLINE
  5
4B
330
17
100
AcDbEntity
  8
0
100
AcDbSpline
 70
0
 71
3
 72
8
 73
4
 74
0
 40
0.0
 40
0.0
 40
0.0
 40
0.0
 40
1.0
 40
1.0
 40
1.0
 40
1.0
 10
-0.9771019314104477
 20
-0.40267429342293326
 30
0.0
 10
-0.9809598955149368
 20
-0.4109594294507133
 30
0.0
 10
-0.9972771863175312
 20
-0.44407889179024096
 30
0.0
 10
-1.0133625776384347
 20
-0.476270756203121
 30
0.0
  0
SPLINE
  5
4C
330
17
100
AcDbEntity
  8
0
100
AcDbSpline
 70
0
 71
3
 72
8
 73
4
 74
0
 40
0.0
 40
0.0
 40
0.0
 40
0.0
 40
1.0
 40
1.0
 40
1.0
 40
1.0
 10
-1.1186871058681023
 20
-0.30177693711652864
 30
0.0
 10
-1.0587727125076718
 20
-0.30177693711652864
 30
0.0
 10
-0.9621127921848078
 20
-0.3706721649498377
 30
0.0
 10
-0.9771019314104477
 20
-0.40267429342293326
 30
0.0
  0
SPLINE
  5
4D
330
17
100
AcDbEntity
  8
0
100
AcDbSpline
 70
0
 71
3
 72
8
 73
4
 74
0
 40
0.0
 40
0.0
 40
0.0
 40
0.0
 40
1.0
 40
1.0
 40
1.0
 40
1.0
 10
-1.237883439457082
 20
-0.07476842631240288
 30
0.0
 10
-1.2543483026571165
 20
-0.22619878785644687
 30
0.0
 10
-1.2146724095169574
 20
-0.30177693711652864
 30
0.0
 10
-1.1186871058681023
 20
-0.30177693711652864
 30
0.0
  0
SPLINE
  5
4E
330
17
100
AcDbEntity
  8
0
100
AcDbSpline
 70
0
 71
3
 72
8
 73
4
 74
0
 40
0.0
 40
0.0
 40
0.0
 40
0.0
 40
1.0
 40
1.0
 40
1.0
 40
1.0
 10
-1.2649102699595716
 20
0.1725629117961489
 30
0.0
 10
-1.2351217274478579
 20
0.07874903056676885
 30
0.0
 10
-1.2281225794550137
 20
0.014850182475356632
 30
0.0
 10
-1.237883439457082
 20
-0.07476842631240288
 30
0.0
  0
SPLINE
  5
4F
330
17
100
AcDbEntity
  8
0
100
AcDbSpline
 70
0
 71
3
 72
8
 73
4
 74
0
 40
0.0
 40
0.0
 40
0.0
 40
0.0
 40
1.0
 40
1.0
 40
1.0
 40
1.0
 10
-1.28822670875501
 20
0.3167833076365696
 30
0.0
 10
-1.2975026880226346
 20
0.3070224476346084
 30
0.0
 10
-1.2870039660333688
 20
0.24213275630336284
 30
0.0
 10
-1.2649102699595716
 20
0.1725629117961489
 30
0.0
  0
SPLINE
  5
50
330
17
100
AcDbEntity
  8
0
100
AcDbSpline
 70
0
 71
3
 72
8
 73
4
 74
0
 40
0.0
 40
0.0
 40
0.0
 40
0.0
 40
1.0
 40
1.0
 40
1.0
 40
1.0
 10
-1.1372812279454783
 20
0.23686231353758558
 30
0.0
 10
-1.2110252631230969
 20
0.2905786662056471
 30
0.0
 10
-1.2789296477163226
 20
0.32652308586762047
 30
0.0
 10
-1.28822670875501
 20
0.3167833076365696
 30
0.0
  0
SPLINE
  5
51
330
17
100
AcDbEntity
  8
0
100
AcDbSpline
 70
0
 71
3
 72
8
 73
4
 74
0
 40
0.0
 40
0.0
 40
0.0
 40
0.0
 40
1.0
 40
1.0
 40
1.0
 40
1.0
 10
-0.8717774031807788
 20
0.137946643711075
 30
0.0
 10
-0.9307431168433862
 20
0.10638723243005188
 30
0.0
 10
-0.9868417096414537
 20
0.1273003493242868
 30
0.0
 10
-1.1372812279454783
 20
0.23686231353758558
 30
0.0
  0
SPLINE
  5
52
330
17
100
AcDbEntity
  8
0
100
AcDbSpline
 70
0
 71
3
 72
8
 73
4
 74
0
 40
0.0
 40
0.0
 40
0.0
 40
0.0
 40
1.0
 40
1.0
 40
1.0
 40
1.0
 10
-0.7638808988814518
 20
0.11865682318853032
 30
0.0
 10
-0.8151306843350787
 20
0.14981568081930163
 30
0.0
 10
-0.8409558538869897
 20
0.154453670453222
 30
0.0
 10
-0.8717774031807788
 20
0.137946643711075
 30
0.0
  0
SPLINE
  5
53
330
17
100
AcDbEntity
  8
0
100
AcDbSpline
 70
0
 71
3
 72
8
 73
4
 74
0
 40
0.0
 40
0.0
 40
0.0
 40
0.0
 40
1.0
 40
1.0
 40
1.0
 40
1.0
 10
-0.63429125215852
 20
0.09943024797917133
 30
0.0
 10
-0.63429125215852
 20
0.0654885965682297
 30
0.0
 10
-0.6900736183906462
 20
0.07377373259578235
 30
0.0
 10
-0.7638808988814518
 20
0.11865682318853032
 30
0.0
  0
SPLINE
  5
54
330
17
100
AcDbEntity
  8
0
100
AcDbSpline
 70
0
 71
3
 72
8
 73
4
 74
0
 40
0.0
 40
0.0
 40
0.0
 40
0.0
 40
1.0
 40
1.0
 40
1.0
 40
1.0
 10
-0.49704892253979827
 20
0.08943748849560507
 30
0.0
 10
-0.5731541160764477
 20
0.14110890937035947
 30
0.0
 10
-0.63429125215852
 20
0.14555716306472277
 30
0.0
 10
-0.63429125215852
 20
0.09943024797917133
 30
0.0
  0
SPLINE
  5
55
330
17
100
AcDbEntity
  8
0
100
AcDbSpline
 70
0
 71
3
 72
8
 73
4
 74
0
 40
0.0
 40
0.0
 40
0.0
 40
0.0
 40
1.0
 40
1.0
 40
1.0
 40
1.0
 10
-0.2864631113936502
 20
0.10655588659847126
 30
0.0
 10
-0.3333700520083438
 20
0.019424926796091313
 30
0.0
 10
-0.3874026312422587
 20
0.0150399184149137
 30
0.0
 10
-0.49704892253979827
 20
0.08943748849560507
 30
0.0
  0
LINE
  5
56
330
17
100
AcDbEntity
  8
0
100
AcDbLine
 10
-0.24819969691469712
 20
0.17758037330895604
 30
0.0
 11
-0.2864631113936502
 21
0.10655588659847126
 31
0.0
  0
LINE
  5
57
330
17
100
AcDbEntity
  8
0
100
AcDbLine
 10
-0.155819376117579
 20
0.11245878249610541
 30
0.0
 11
-0.24819969691469712
 21
0.17758037330895604
 31
0.0
  0
SPLINE
  5
58
330
17
100
AcDbEntity
  8
0
100
AcDbSpline
 70
0
 71
3
 72
8
 73
4
 74
0
 40
0.0
 40
0.0
 40
0.0
 40
0.0
 40
1.0
 40
1.0
 40
1.0
 40
1.0
 10
0.0192436507877769
 20
0.195795023507344
 30
0.0
 10
0.004254511562137964
 20
0.048855079199711327
 30
0.0
 10
-0.03744523160004842
 20
0.029017132629633124
 30
0.0
 10
-0.155819376117579
 20
0.11245878249610541
 30
0.0
  0
LINE
  5
59
330
17
100
AcDbEntity
  8
0
100
AcDbLine
 10
0.029784536319168886
 20
0.2990535381727568
 30
0.0
 11
0.0192436507877769
 21
0.195795023507344
 31
0.0
  0
LINE
  5
5A
330
17
100
AcDbEntity
  8
0
100
AcDbLine
 10
0.11411162057030388
 20
0.2990535381727568
 30
0.0
 11
0.029784536319168886
 21
0.2990535381727568
 31
0.0
  0
SPLINE
  5
5B
330
17
100
AcDbEntity
  8
0
100
AcDbSpline
 70
0
 71
3
 72
8
 73
4
 74
0
 40
0.0
 40
0.0
 40
0.0
 40
0.0
 40
1.0
 40
1.0
 40
1.0
 40
1.0
 10
0.191692538081349
 20
0.36229885136117446
 30
0.0
 10
0.19818572356868547
 20
0.3014357783029027
 30
0.0
 10
0.195255357390959
 20
0.2990535381727568
 30
0.0
 10
0.11411162057030388
 20
0.2990535381727568
 30
0.0
  0
SPLINE
  5
5C
330
17
100
AcDbEntity
  8
0
100
AcDbSpline
 70
0
 71
3
 72
8
 73
4
 74
0
 40
0.0
 40
0.0
 40
0.0
 40
0.0
 40
1.0
 40
1.0
 40
1.0
 40
1.0
 10
0.18699130313434775
 20
0.5429907111401917
 30
0.0
 10
0.18587396926802047
 20
0.4783961646039643
 30
0.0
 10
0.1880032281453614
 20
0.39708377361466773
 30
0.0
 10
0.191692538081349
 20
0.36229885136117446
 30
0.0
  0
SPLINE
  5
5D
330
17
100
AcDbEntity
  8
0
100
AcDbSpline
 70
0
 71
3
 72
8
 73
4
 74
0
 40
0.0
 40
0.0
 40
0.0
 40
0.0
 40
1.0
 40
1.0
 40
1.0
 40
1.0
 10
0.1467462021754944
 20
0.6987006722099522
 30
0.0
 10
0.18003431868362973
 20
0.6685748213612897
 30
0.0
 10
0.18859351773511968
 20
0.6354342772506243
 30
0.0
 10
0.18699130313434775
 20
0.5429907111401917
 30
0.0
  0
SPLINE
  5
5E
330
17
100
AcDbEntity
  8
0
100
AcDbSpline
 70
0
 71
3
 72
8
 73
4
 74
0
 40
0.0
 40
0.0
 40
0.0
 40
0.0
 40
1.0
 40
1.0
 40
1.0
 40
1.0
 10
0.00828112983512952
 20
0.7100215832706454
 30
0.0
 10
0.09450557348191513
 20
0.7341602111375778
 30
0.0
 10
0.10884117780460834
 20
0.7330007137290977
 30
0.0
 10
0.1467462021754944
 20
0.6987006722099522
 30
0.0
  0
SPLINE
  5
5F
330
17
100
AcDbEntity
  8
0
100
AcDbSpline
 70
0
 71
3
 72
8
 73
4
 74
0
 40
0.0
 40
0.0
 40
0.0
 40
0.0
 40
1.0
 40
1.0
 40
1.0
 40
1.0
 10
-0.19157405984006104
 20
0.7644125526126118
 30
0.0
 10
-0.19157405984006104
 20
0.7045403227944007
 30
0.0
 10
-0.10016350051182954
 20
0.6796638329403777
 30
0.0
 10
0.00828112983512952
 20
0.7100215832706454
 30
0.0
  0
SPLINE
  5
60
330
17
100
AcDbEntity
  8
0
100
AcDbSpline
 70
0
 71
3
 72
8
 73
4
 74
0
 40
0.0
 40
0.0
 40
0.0
 40
0.0
 40
1.0
 40
1.0
 40
1.0
 40
1.0
 10
-0.2323462050754843
 20
0.8557598666277499
 30
0.0
 10
-0.20991520066468183
 20
0.8242637006599125
 30
0.0
 10
-0.19157405984006104
 20
0.7831753288585332
 30
0.0
 10
-0.19157405984006104
 20
0.7644125526126118
 30
0.0
  0
SPLINE
  5
61
330
17
100
AcDbEntity
  8
0
100
AcDbSpline
 70
0
 71
3
 72
8
 73
4
 74
0
 40
0.0
 40
0.0
 40
0.0
 40
0.0
 40
1.0
 40
1.0
 40
1.0
 40
1.0
 10
-0.28774909942848037
 20
0.9713933809071023
 30
0.0
 10
-0.27969586288249637
 20
0.9392647618074079
 30
0.0
 10
-0.2547561277152228
 20
0.8872349508244497
 30
0.0
 10
-0.2323462050754843
 20
0.8557598666277499
 30
0.0
  0
SPLINE
  5
62
330
17
100
AcDbEntity
  8
0
100
AcDbSpline
 70
0
 71
3
 72
8
 73
4
 74
0
 40
0.0
 40
0.0
 40
0.0
 40
0.0
 40
1.0
 40
1.0
 40
1.0
 40
1.0
 10
-0.4495095287932198
 20
1.0101205943494733
 30
0.0
 10
-0.35346097983117675
 20
1.0627196131511027
 30
0.0
 10
-0.3079454361066265
 20
1.0518414192827095
 30
0.0
 10
-0.28774909942848037
 20
0.9713933809071023
 30
0.0
  0
SPLINE
  5
63
330
17
100
AcDbEntity
  8
0
100
AcDbSpline
 70
0
 71
3
 72
8
 73
4
 74
0
 40
0.0
 40
0.0
 40
0.0
 40
0.0
 40
1.0
 40
1.0
 40
1.0
 40
1.0
 10
-0.5921277100329521
 20
1.0024889932246879
 30
0.0
 10
-0.5921277100329521
 20
0.966122938141325
 30
0.0
 10
-0.5230638280312725
 20
0.96981224807746
 30
0.0
 10
-0.4495095287932198
 20
1.0101205943494733
 30
0.0
  0
SPLINE
  5
64
330
17
100
AcDbEntity
  8
0
100
AcDbSpline
 70
0
 71
3
 72
8
 73
4
 74
0
 40
0.0
 40
0.0
 40
0.0
 40
0.0
 40
1.0
 40
1.0
 40
1.0
 40
1.0
 10
-0.6474041137595719
 20
1.0758957200653185
 30
0.0
 10
-0.6170041998870373
 20
1.0430924842917193
 30
0.0
 10
-0.5921277100329521
 20
1.010078430807198
 30
0.0
 10
-0.5921277100329521
 20
1.0024889932246879
 30
0.0
  0
SPLINE
  5
65
330
17
100
AcDbEntity
  8
0
100
AcDbSpline
 70
0
 71
3
 72
8
 73
4
 74
0
 40
0.0
 40
0.0
 40
0.0
 40
0.0
 40
1.0
 40
1.0
 40
1.0
 40
1.0
 10
-0.7736206771124579
 20
1.1222123710901997
 30
0.0
 10
-0.713706283752026
 20
1.1334489550667968
 30
0.0
 10
-0.6941213184347008
 20
1.1262600711343111
 30
0.0
 10
-0.6474041137595719
 20
1.0758957200653185
 30
0.0
  0
SPLINE
  5
66
330
17
100
AcDbEntity
  8
0
100
AcDbSpline
 70
0
 71
3
 72
8
 73
4
 74
0
 40
0.0
 40
0.0
 40
0.0
 40
0.0
 40
1.0
 40
1.0
 40
1.0
 40
1.0
 10
-1.111962020899075
 20
1.205801593354181
 30
0.0
 10
-1.030396648657164
 20
1.1523803854811376
 30
0.0
 10
-0.8501685878414258
 20
1.1078346032254558
 30
0.0
 10
-0.7736206771124579
 20
1.1222123710901997
 30
0.0
  0
SPLINE
  5
67
330
17
100
AcDbEntity
  8
0
100
AcDbSpline
 70
0
 71
3
 72
8
 73
4
 74
0
 40
0.0
 40
0.0
 40
0.0
 40
0.0
 40
1.0
 40
1.0
 40
1.0
 40
1.0
 10
-1.2456626129792494
 20
1.4459651293013849
 30
0.0
 10
-1.2456626129792494
 20
1.382930633823662
 30
0.0
 10
-1.1671962610835687
 20
1.2420200760400348
 30
0.0
 10
-1.111962020899075
 20
1.205801593354181
 30
0.0
  0
SPLINE
  5
68
330
17
100
AcDbEntity
  8
0
100
AcDbSpline
 70
0
 71
3
 72
8
 73
4
 74
0
 40
0.0
 40
0.0
 40
0.0
 40
0.0
 40
1.0
 40
1.0
 40
1.0
 40
1.0
 10
-1.073825097046499
 20
1.5534189164084182
 30
0.0
 10
-1.1667746256623128
 20
1.5534189164084182
 30
0.0
 10
-1.2456626129792494
 20
1.5040875721215343
 30
0.0
 10
-1.2456626129792494
 20
1.4459651293013849
 30
0.0
  0
SPLINE
  5
69
330
17
100
AcDbEntity
  8
0
100
AcDbSpline
 70
0
 71
3
 72
8
 73
4
 74
0
 40
0.0
 40
0.0
 40
0.0
 40
0.0
 40
1.0
 40
1.0
 40
1.0
 40
1.0
 10
-0.962597672919252
 20
1.586496215205898
 30
0.0
 10
-0.9808123231174979
 20
1.5683026467786476
 30
0.0
 10
-1.0308604476205456
 20
1.5534189164084182
 30
0.0
 10
-1.073825097046499
 20
1.5534189164084182
 30
0.0
  0
SPLINE
  5
6A
330
17
100
AcDbEntity
  8
0
100
AcDbSpline
 70
0
 71
3
 72
8
 73
4
 74
0
 40
0.0
 40
0.0
 40
0.0
 40
0.0
 40
1.0
 40
1.0
 40
1.0
 40
1.0
 10
-1.0782522689696838
 20
1.7776867969744217
 30
0.0
 10
-0.9482199050544335
 20
1.684273469395066
 30
0.0
 10
-0.9168080661708862
 20
1.6323069037252935
 30
0.0
 10
-0.962597672919252
 20
1.586496215205898
 30
0.0
  0
SPLINE
  5
6B
330
17
100
AcDbEntity
  8
0
100
AcDbSpline
 70
0
 71
3
 72
8
 73
4
 74
0
 40
0.0
 40
0.0
 40
0.0
 40
0.0
 40
1.0
 40
1.0
 40
1.0
 40
1.0
 10
-1.1824172997908984
 20
1.8712266151799213
 30
0.0
 10
-1.1824172997908984
 20
1.860938710901337
 30
0.0
 10
-1.1355314409472679
 20
1.8188384140887592
 30
0.0
 10
-1.0782522689696838
 20
1.7776867969744217
 30
0.0
  0
SPLINE
  5
6C
330
17
100
AcDbEntity
  8
0
100
AcDbSpline
 70
0
 71
3
 72
8
 73
4
 74
0
 40
0.0
 40
0.0
 40
0.0
 40
0.0
 40
1.0
 40
1.0
 40
1.0
 40
1.0
 10
-1.031556146065617
 20
1.8844870491784604
 30
0.0
 10
-1.0814566981712272
 20
1.9156880703512797
 30
0.0
 10
-1.1824172997908984
 20
1.9068126447339182
 30
0.0
 10
-1.1824172997908984
 20
1.8712266151799213
 30
0.0
  0
SPLINE
  5
6D
330
17
100
AcDbEntity
  8
0
100
AcDbSpline
 70
0
 71
3
 72
8
 73
4
 74
0
 40
0.0
 40
0.0
 40
0.0
 40
0.0
 40
1.0
 40
1.0
 40
1.0
 40
1.0
 10
-0.9188951615061014
 20
1.8390136689959036
 30
0.0
 10
-0.9536800837596937
 20
1.8470247419998032
 30
0.0
 10
-1.0043817431656894
 20
1.8674951417017382
 30
0.0
 10
-1.031556146065617
 20
1.8844870491784604
 30
0.0
  0
SPLINE
  5
6E
330
17
100
AcDbEntity
  8
0
100
AcDbSpline
 70
0
 71
3
 72
8
 73
4
 74
0
 40
0.0
 40
0.0
 40
0.0
 40
0.0
 40
1.0
 40
1.0
 40
1.0
 40
1.0
 10
-0.811082984291025
 20
1.7690854343807132
 30
0.0
 10
-0.8356010840370414
 20
1.799548593566442
 30
0.0
 10
-0.8841102392525078
 20
1.831002595992004
 30
0.0
 10
-0.9188951615061014
 20
1.8390136689959036
 30
0.0
  0
LINE
  5
6F
330
17
100
AcDbEntity
  8
0
100
AcDbLine
 10
-0.7665161202642996
 20
1.713703621798686
 30
0.0
 11
-0.811082984291025
 21
1.7690854343807132
 31
0.0
  0
LINE
  5
70
330
17
100
AcDbEntity
  8
0
100
AcDbLine
 10
-0.7107337540321734
 20
1.773892078183053
 30
0.0
 11
-0.7665161202642996
 21
1.7137036217989134
 31
0.0
  0
SPLINE
  5
71
330
17
100
AcDbEntity
  8
0
100
AcDbSpline
 70
0
 71
3
 72
8
 73
4
 74
0
 40
0.0
 40
0.0
 40
0.0
 40
0.0
 40
1.0
 40
1.0
 40
1.0
 40
1.0
 10
-0.5730908707632585
 20
1.8070747858357663
 30
0.0
 10
-0.6517047950563803
 20
1.8330264460141734
 30
0.0
 10
-0.6571649737616405
 20
1.831698294437274
 30
0.0
 10
-0.7107337540321734
 20
1.773892078183053
 30
0.0
  0
SPLINE
  5
72
330
17
100
AcDbEntity
  8
0
100
AcDbSpline
 70
0
 71
3
 72
8
 73
4
 74
0
 40
0.0
 40
0.0
 40
0.0
 40
0.0
 40
1.0
 40
1.0
 40
1.0
 40
1.0
 10
-0.45604487782268377
 20
1.9002983774755648
 30
0.0
 10
-0.4394113604541463
 20
1.789387179914229
 30
0.0
 10
-0.4628753716470251
 20
1.7707087307526308
 30
0.0
 10
-0.5730908707632585
 20
1.8070747858357663
 30
0.0
  0
SPLINE
  5
73
330
17
100
AcDbEntity
  8
0
100
AcDbSpline
 70
0
 71
3
 72
8
 73
4
 74
0
 40
0.0
 40
0.0
 40
0.0
 40
0.0
 40
1.0
 40
1.0
 40
1.0
 40
1.0
 10
-0.4043523751767375
 20
2.0369082539623378
 30
0.0
 10
-0.4647938128137379
 20
1.9938592774522022
 30
0.0
 10
-0.46858853160503866
 20
1.9838454361972708
 30
0.0
 10
-0.45604487782268377
 20
1.9002983774755648
 30
0.0
  0
SPLINE
  5
74
330
17
100
AcDbEntity
  8
0
100
AcDbSpline
 70
0
 71
3
 72
8
 73
4
 74
0
 40
0.0
 40
0.0
 40
0.0
 40
0.0
 40
1.0
 40
1.0
 40
1.0
 40
1.0
 10
-0.3938536531874717
 20
2.2400943634654595
 30
0.0
 10
-0.32360919200627425
 20
2.1202234132024387
 30
0.0
 10
-0.32500058889641936
 20
2.0934074004105696
 30
0.0
 10
-0.4043523751767375
 20
2.0369082539623378
 30
0.0
  0
SPLINE
  5
75
330
17
100
AcDbEntity
  8
0
100
AcDbSpline
 70
0
 71
3
 72
8
 73
4
 74
0
 40
0.0
 40
0.0
 40
0.0
 40
0.0
 40
1.0
 40
1.0
 40
1.0
 40
1.0
 10
-0.5945942772472983
 20
2.3005568828734795
 30
0.0
 10
-0.49144117143709654
 20
2.353893763662427
 30
0.0
 10
-0.4539156189453424
 20
2.342593934372644
 30
0.0
 10
-0.3938536531874717
 20
2.2400943634654595
 30
0.0
  0
SPLINE
  5
76
330
17
100
AcDbEntity
  8
0
100
AcDbSpline
 70
0
 71
3
 72
8
 73
4
 74
0
 40
0.0
 40
0.0
 40
0.0
 40
0.0
 40
1.0
 40
1.0
 40
1.0
 40
1.0
 10
-0.7477533440184225
 20
2.3545262167942838
 30
0.0
 10
-0.7196724249627948
 20
2.2683017731474138
 30
0.0
 10
-0.682357690181667
 20
2.255167829775246
 30
0.0
 10
-0.5945942772472983
 20
2.3005568828734795
 30
0.0
  0
SPLINE
  5
77
330
17
100
AcDbEntity
  8
0
100
AcDbSpline
 70
0
 71
3
 72
8
 73
4
 74
0
 40
0.0
 40
0.0
 40
0.0
 40
0.0
 40
1.0
 40
1.0
 40
1.0
 40
1.0
 10
-0.8627965687080339
 20
2.4283124155140285
 30
0.0
 10
-0.7774364776748222
 20
2.4283124155140285
 30
0.0
 10
-0.7703108390556013
 20
2.423737671193294
 30
0.0
 10
-0.7477533440184225
 20
2.3545262167942838
 30
0.0
  0
SPLINE
  5
78
330
17
100
AcDbEntity
  8
0
100
AcDbSpline
 70
0
 71
3
 72
8
 73
4
 74
0
 40
0.0
 40
0.0
 40
0.0
 40
0.0
 40
1.0
 40
1.0
 40
1.0
 40
1.0
 10
-1.0018308488670926
 20
2.483947209348571
 30
0.0
 10
-0.9637360885566424
 20
2.439844144285189
 30
0.0
 10
-0.9349383892848802
 20
2.4283124155140285
 30
0.0
 10
-0.8627965687080339
 20
2.4283124155140285
 30
0.0
  0
SPLINE
  5
79
330
17
100
AcDbEntity
  8
0
100
AcDbSpline
 70
0
 71
3
 72
8
 73
4
 74
0
 40
0.0
 40
0.0
 40
0.0
 40
0.0
 40
1.0
 40
1.0
 40
1.0
 40
1.0
 10
-1.1147026511372369
 20
2.553812198650803
 30
0.0
 10
-1.0790533762700694
 20
2.5459908615864606
 30
0.0
 10
-1.0282673897798231
 20
2.514557940931809
 30
0.0
 10
-1.0018308488670926
 20
2.483947209348571
 30
0.0
  0
SPLINE
  5
7A
330
17
100
AcDbEntity
  8
0
100
AcDbSpline
 70
0
 71
3
 72
8
 73
4
 74
0
 40
0.0
 40
0.0
 40
0.0
 40
0.0
 40
1.0
 40
1.0
 40
1.0
 40
1.0
 10
-1.2156843345279702
 20
2.701005124210951
 30
0.0
 10
-1.2320859524148169
 20
2.613642264926966
 30
0.0
 10
-1.204574241177884
 20
2.573565818136558
 30
0.0
 10
-1.1147026511372369
 20
2.553812198650803
 30
0.0
  0
SPLINE
  5
7B
330
17
100
AcDbEntity
  8
0
100
AcDbSpline
 70
0
 71
3
 72
8
 73
4
 74
0
 40
0.0
 40
0.0
 40
0.0
 40
0.0
 40
1.0
 40
1.0
 40
1.0
 40
1.0
 10
-1.2449247509920518
 20
2.7968428554625007
 30
0.0
 10
-1.2096338662329518
 20
2.777953588590208
 30
0.0
 10
-1.2044477505515077
 20
2.7609405993425753
 30
0.0
 10
-1.2156843345279702
 20
2.701005124210951
 30
0.0
  0
SPLINE
  5
7C
330
17
100
AcDbEntity
  8
0
100
AcDbSpline
 70
0
 71
3
 72
8
 73
4
 74
0
 40
0.0
 40
0.0
 40
0.0
 40
0.0
 40
1.0
 40
1.0
 40
1.0
 40
1.0
 10
-1.287826155104817
 20
2.8613109113723567
 30
0.0
 10
-1.287826155104817
 20
2.8384793533114134
 30
0.0
 10
-1.2685152528113073
 20
2.809470836329183
 30
0.0
 10
-1.2449247509920518
 20
2.7968428554625007
 30
0.0
  0
SPLINE
  5
7D
330
17
100
AcDbEntity
  8
0
100
AcDbSpline
 70
0
 71
3
 72
8
 73
4
 74
0
 40
0.0
 40
0.0
 40
0.0
 40
0.0
 40
1.0
 40
1.0
 40
1.0
 40
1.0
 10
-1.3299896972303844
 20
2.9814770064303957
 30
0.0
 10
-1.3067997490613226
 20
2.9381961304384276
 30
0.0
 10
-1.287826155104817
 20
2.8841213876623897
 30
0.0
 10
-1.287826155104817
 20
2.8613109113723567
 30
0.0
  0
SPLINE
  5
7E
330
17
100
AcDbEntity
  8
0
100
AcDbSpline
 70
0
 71
3
 72
8
 73
4
 74
0
 40
0.0
 40
0.0
 40
0.0
 40
0.0
 40
1.0
 40
1.0
 40
1.0
 40
1.0
 10
-1.372153239355952
 20
3.098080282178671
 30
0.0
 10
-1.372153239355952
 20
3.077209328826484
 30
0.0
 10
-1.3531796453994476
 20
3.0247157188800884
 30
0.0
 10
-1.3299896972303844
 20
2.9814770064303957
 30
0.0
  0
SPLINE
  5
7F
330
17
100
AcDbEntity
  8
0
100
AcDbSpline
 70
0
 71
3
 72
8
 73
4
 74
0
 40
0.0
 40
0.0
 40
0.0
 40
0.0
 40
1.0
 40
1.0
 40
1.0
 40
1.0
 10
-1.2404132519846165
 20
3.127594761666387
 30
0.0
 10
-1.3103625683709335
 20
3.1678609443963524
 30
0.0
 10
-1.372153239355952
 20
3.153946975495046
 30
0.0
 10
-1.372153239355952
 20
3.098080282178671
 30
0.0
  0
SPLINE
  5
80
330
17
100
AcDbEntity
  8
0
100
AcDbSpline
 70
0
 71
3
 72
8
 73
4
 74
0
 40
0.0
 40
0.0
 40
0.0
 40
0.0
 40
1.0
 40
1.0
 40
1.0
 40
1.0
 10
-1.1191719866025465
 20
3.124010860585713
 30
0.0
 10
-1.1191719866025465
 20
3.082479771592034
 30
0.0
 10
-1.1642658949058422
 20
3.0839554955664426
 30
0.0
 10
-1.2404132519846165
 20
3.127594761666387
 30
0.0
  0
SPLINE
  5
81
330
17
100
AcDbEntity
  8
0
100
AcDbSpline
 70
0
 71
3
 72
8
 73
4
 74
0
 40
0.0
 40
0.0
 40
0.0
 40
0.0
 40
1.0
 40
1.0
 40
1.0
 40
1.0
 10
-1.0032222457572364
 20
3.1345517461172676
 30
0.0
 10
-1.0241775261936445
 20
3.1684933975282092
 30
0.0
 10
-1.1191719866025465
 20
3.1598498713924528
 30
0.0
 10
-1.1191719866025465
 20
3.124010860585713
 30
0.0
  0
SPLINE
  5
82
330
17
100
AcDbEntity
  8
0
100
AcDbSpline
 70
0
 71
3
 72
8
 73
4
 74
0
 40
0.0
 40
0.0
 40
0.0
 40
0.0
 40
1.0
 40
1.0
 40
1.0
 40
1.0
 10
-0.8910672237032271
 20
3.157320058865025
 30
0.0
 10
-0.9199070865171142
 20
3.1111509802374258
 30
0.0
 10
-0.981107467912377
 20
3.098712735310528
 30
0.0
 10
-1.0032222457572364
 20
3.1345517461172676
 30
0.0
  0
SPLINE
  5
83
330
17
100
AcDbEntity
  8
0
100
AcDbSpline
 70
0
 71
3
 72
8
 73
4
 74
0
 40
0.0
 40
0.0
 40
0.0
 40
0.0
 40
1.0
 40
1.0
 40
1.0
 40
1.0
 10
-0.8332820892201367
 20
3.1897859863017857
 30
0.0
 10
-0.8505058961784298
 20
3.1963213353310493
 30
0.0
 10
-0.8755088766588925
 20
3.182407366429743
 30
0.0
 10
-0.8910672237032271
 20
3.157320058865025
 30
0.0
  0
SPLINE
  5
84
330
17
100
AcDbEntity
  8
0
100
AcDbSpline
 70
0
 71
3
 72
8
 73
4
 74
0
 40
0.0
 40
0.0
 40
0.0
 40
0.0
 40
1.0
 40
1.0
 40
1.0
 40
1.0
 10
-0.6740725541539931
 20
3.29941119582827
 30
0.0
 10
-0.7427148007344169
 20
3.197797059305458
 30
0.0
 10
-0.7826225933562667
 20
3.1701799392133125
 30
0.0
 10
-0.8332820892201367
 20
3.1897859863017857
 30
0.0
  0
SPLINE
  5
85
330
17
100
AcDbEntity
  8
0
100
AcDbSpline
 70
0
 71
3
 72
8
 73
4
 74
0
 40
0.0
 40
0.0
 40
0.0
 40
0.0
 40
1.0
 40
1.0
 40
1.0
 40
1.0
 10
-0.6444526658107828
 20
3.463427374696721
 30
0.0
 10
-0.6089509633410541
 20
3.397441431270181
 30
0.0
 10
-0.6093304352201829
 20
3.3953332541639156
 30
0.0
 10
-0.6740725541539931
 20
3.29941119582827
 30
0.0
  0
SPLINE
  5
86
330
17
100
AcDbEntity
  8
0
100
AcDbSpline
 70
0
 71
3
 72
8
 73
4
 74
0
 40
0.0
 40
0.0
 40
0.0
 40
0.0
 40
1.0
 40
1.0
 40
1.0
 40
1.0
 10
-0.8474701211453897
 20
3.586755735413817
 30
0.0
 10
-0.7347037277305586
 20
3.5682037768785904
 30
0.0
 10
-0.6845080308300715
 20
3.537635208837628
 30
0.0
 10
-0.6444526658107828
 20
3.463427374696721
 30
0.0
  0
SPLINE
  5
87
330
17
100
AcDbEntity
  8
0
100
AcDbSpline
 70
0
 71
3
 72
8
 73
4
 74
0
 40
0.0
 40
0.0
 40
0.0
 40
0.0
 40
1.0
 40
1.0
 40
1.0
 40
1.0
 10
-1.0434041014029019
 20
3.683099429170852
 30
0.0
 10
-0.9775235668317022
 20
3.6369303505432526
 30
0.0
 10
-0.889338518476078
 20
3.593501902154003
 30
0.0
 10
-0.8474701211453897
 20
3.586755735413817
 30
0.0
  0
SPLINE
  5
88
330
17
100
AcDbEntity
  8
0
100
AcDbSpline
 70
0
 71
3
 72
8
 73
4
 74
0
 40
0.0
 40
0.0
 40
0.0
 40
0.0
 40
1.0
 40
1.0
 40
1.0
 40
1.0
 10
-1.2222407653284977
 20
3.767004878000762
 30
0.0
 10
-1.1875401701591546
 20
3.767004878000762
 30
0.0
 10
-1.1138593802947252
 20
3.732430773457736
 30
0.0
 10
-1.0434041014029019
 20
3.683099429170852
 30
0.0
  0
SPLINE
  5
89
330
17
100
AcDbEntity
  8
0
100
AcDbSpline
 70
0
 71
3
 72
8
 73
4
 74
0
 40
0.0
 40
0.0
 40
0.0
 40
0.0
 40
1.0
 40
1.0
 40
1.0
 40
1.0
 10
-1.3636994491597756
 20
4.029683745442981
 30
0.0
 10
-1.3960810495122113
 20
3.9006633065387177
 30
0.0
 10
-1.324128964874931
 20
3.767004878000762
 30
0.0
 10
-1.2222407653284977
 20
3.767004878000762
 30
0.0
  0
SPLINE
  5
8A
330
17
100
AcDbEntity
  8
0
100
AcDbSpline
 70
0
 71
3
 72
8
 73
4
 74
0
 40
0.0
 40
0.0
 40
0.0
 40
0.0
 40
1.0
 40
1.0
 40
1.0
 40
1.0
 10
-1.2373563951805129
 20
4.051187151927024
 30
0.0
 10
-1.3081700641804028
 20
4.097567048265091
 30
0.0
 10
-1.3483940833681953
 20
4.090820881525133
 30
0.0
 10
-1.3636994491597756
 20
4.029683745442981
 30
0.0
  0
SPLINE
  5
8B
330
17
100
AcDbEntity
  8
0
100
AcDbSpline
 70
0
 71
3
 72
8
 73
4
 74
0
 40
0.0
 40
0.0
 40
0.0
 40
0.0
 40
1.0
 40
1.0
 40
1.0
 40
1.0
 10
-1.1089051640949705
 20
4.082388173099844
 30
0.0
 10
-1.126234379908579
 20
4.02778638604741
 30
0.0
 10
-1.181278884153509
 20
4.014294052567266
 30
0.0
 10
-1.2373563951805129
 20
4.051187151927024
 30
0.0
  0
SPLINE
  5
8C
330
17
100
AcDbEntity
  8
0
100
AcDbSpline
 70
0
 71
3
 72
8
 73
4
 74
0
 40
0.0
 40
0.0
 40
0.0
 40
0.0
 40
1.0
 40
1.0
 40
1.0
 40
1.0
 10
-1.0553785473665633
 20
4.15743927808353
 30
0.0
 10
-1.078273350740746
 20
4.1367791424420375
 30
0.0
 10
-1.102369815065508
 20
4.103048308741563
 30
0.0
 10
-1.1089051640949705
 20
4.082388173099844
 30
0.0
  0
SPLINE
  5
8D
330
17
100
AcDbEntity
  8
0
100
AcDbSpline
 70
0
 71
3
 72
8
 73
4
 74
0
 40
0.0
 40
0.0
 40
0.0
 40
0.0
 40
1.0
 40
1.0
 40
1.0
 40
1.0
 10
-1.1711385522723083
 20
4.345910311384841
 30
0.0
 10
-1.0239667084830146
 20
4.319347279845715
 30
0.0
 10
-0.971241199054993
 20
4.233544471620007
 30
0.0
 10
-1.0553785473665633
 20
4.15743927808353
 30
0.0
  0
SPLINE
  5
8E
330
17
100
AcDbEntity
  8
0
100
AcDbSpline
 70
0
 71
3
 72
8
 73
4
 74
0
 40
0.0
 40
0.0
 40
0.0
 40
0.0
 40
1.0
 40
1.0
 40
1.0
 40
1.0
 10
-1.4353985525443038
 20
4.561576829357136
 30
0.0
 10
-1.4353985525443038
 20
4.459751875123857
 30
0.0
 10
-1.3309594586992728
 20
4.374581520030233
 30
0.0
 10
-1.1711385522723083
 20
4.345910311384841
 30
0.0
  0
SPLINE
  5
8F
330
17
100
AcDbEntity
  8
0
100
AcDbSpline
 70
0
 71
3
 72
8
 73
4
 74
0
 40
0.0
 40
0.0
 40
0.0
 40
0.0
 40
1.0
 40
1.0
 40
1.0
 40
1.0
 10
-1.3713521320555664
 20
4.681742924414948
 30
0.0
 10
-1.406579771501478
 20
4.6416875593956775
 30
0.0
 10
-1.4353985525443038
 20
4.587507407764178
 30
0.0
 10
-1.4353985525443038
 20
4.561576829357136
 30
0.0
  0
SPLINE
  5
90
330
17
100
AcDbEntity
  8
0
100
AcDbSpline
 70
0
 71
3
 72
8
 73
4
 74
0
 40
0.0
 40
0.0
 40
0.0
 40
0.0
 40
1.0
 40
1.0
 40
1.0
 40
1.0
 10
-1.4173947200566865
 20
4.962973750392393
 30
0.0
 10
-1.3015714698377518
 20
4.835850670883929
 30
0.0
 10
-1.2912835655591137
 20
4.773026993116673
 30
0.0
 10
-1.3713521320555664
 20
4.681742924414948
 30
0.0
  0
SPLINE
  5
91
330
17
100
AcDbEntity
  8
0
100
AcDbSpline
 70
0
 71
3
 72
8
 73
4
 74
0
 40
0.0
 40
0.0
 40
0.0
 40
0.0
 40
1.0
 40
1.0
 40
1.0
 40
1.0
 10
-1.4985806204194678
 20
5.173791461020301
 30
0.0
 10
-1.4986438657326548
 20
5.062058074387551
 30
0.0
 10
-1.4920241896189403
 20
5.044771022116038
 30
0.0
 10
-1.4173947200566865
 20
4.962973750392393
 30
0.0
  0
SPLINE
  5
92
330
17
100
AcDbEntity
  8
0
100
AcDbSpline
 70
0
 71
3
 72
8
 73
4
 74
0
 40
0.0
 40
0.0
 40
0.0
 40
0.0
 40
1.0
 40
1.0
 40
1.0
 40
1.0
 10
-1.553182407472077
 20
5.827747999387839
 30
0.0
 10
-1.5316790009880372
 20
5.688819128084106
 30
0.0
 10
-1.4985384568773417
 20
5.291849378971847
 30
0.0
 10
-1.4985806204194678
 20
5.173791461020301
 30
0.0
  0
SPLINE
  5
93
330
17
100
AcDbEntity
  8
0
100
AcDbSpline
 70
0
 71
3
 72
8
 73
4
 74
0
 40
0.0
 40
0.0
 40
0.0
 40
0.0
 40
1.0
 40
1.0
 40
1.0
 40
1.0
 10
-1.5835190760314224
 20
5.896263755341806
 30
0.0
 10
-1.5726830457051517
 20
5.896263755341806
 30
0.0
 10
-1.5590220580564673
 20
5.865484369590149
 30
0.0
 10
-1.553182407472077
 20
5.827747999387839
 30
0.0
  0
SPLINE
  5
94
330
17
100
AcDbEntity
  8
0
100
AcDbSpline
 70
0
 71
3
 72
8
 73
4
 74
0
 40
0.0
 40
0.0
 40
0.0
 40
0.0
 40
1.0
 40
1.0
 40
1.0
 40
1.0
 10
-1.644909193366249
 20
5.6158762002069125
 30
0.0
 10
-1.6182618347428899
 20
5.849883859003739
 30
0.0
 10
-1.6081004210906285
 20
5.896263755341806
 30
0.0
 10
-1.5835190760314224
 20
5.896263755341806
 30
0.0
  0
SPLINE
  5
95
330
17
100
AcDbEntity
  8
0
100
AcDbSpline
 70
0
 71
3
 72
8
 73
4
 74
0
 40
0.0
 40
0.0
 40
0.0
 40
0.0
 40
1.0
 40
1.0
 40
1.0
 40
1.0
 10
-1.7124341060803454
 20
5.365003124559735
 30
0.0
 10
-1.6792724801985868
 20
5.411593838608496
 30
0.0
 10
-1.6600248232182642
 20
5.483061042511281
 30
0.0
 10
-1.644909193366249
 20
5.6158762002069125
 30
0.0
  0
SPLINE
  5
96
330
17
100
AcDbEntity
  8
0
100
AcDbSpline
 70
0
 71
3
 72
8
 73
4
 74
0
 40
0.0
 40
0.0
 40
0.0
 40
0.0
 40
1.0
 40
1.0
 40
1.0
 40
1.0
 10
-1.7328623422401832
 20
5.174213096441463
 30
0.0
 10
-1.757211787817698
 20
5.292271014393009
 30
0.0
 10
-1.7559679633249945
 20
5.3038659884775825
 30
0.0
 10
-1.7124341060803454
 20
5.365003124559735
 30
0.0
  0
SPLINE
  5
97
330
17
100
AcDbEntity
  8
0
100
AcDbSpline
 70
0
 71
3
 72
8
 73
4
 74
0
 40
0.0
 40
0.0
 40
0.0
 40
0.0
 40
1.0
 40
1.0
 40
1.0
 40
1.0
 10
-1.742581038700127
 20
5.009142829019993
 30
0.0
 10
-1.710916218563825
 20
5.044138568984181
 30
0.0
 10
-1.7098199664685603
 20
5.062690527519408
 30
0.0
 10
-1.7328623422401832
 20
5.174213096441463
 30
0.0
  0
SPLINE
  5
98
330
17
100
AcDbEntity
  8
0
100
AcDbSpline
 70
0
 71
3
 72
8
 73
4
 74
0
 40
0.0
 40
0.0
 40
0.0
 40
0.0
 40
1.0
 40
1.0
 40
1.0
 40
1.0
 10
-1.817674307225761
 20
4.957281672205454
 30
0.0
 10
-1.796002246573221
 20
4.96402783894564
 30
0.0
 10
-1.762208167559578
 20
4.987428604825254
 30
0.0
 10
-1.742581038700127
 20
5.009142829019993
 30
0.0
  0
SPLINE
  5
99
330
17
100
AcDbEntity
  8
0
100
AcDbSpline
 70
0
 71
3
 72
8
 73
4
 74
0
 40
0.0
 40
0.0
 40
0.0
 40
0.0
 40
1.0
 40
1.0
 40
1.0
 40
1.0
 10
-1.8778627636100098
 20
4.905842150812305
 30
0.0
 10
-1.8664364436939822
 20
4.9273455572963485
 30
0.0
 10
-1.8393463678783037
 20
4.950324687754801
 30
0.0
 10
-1.817674307225761
 20
4.957281672205454
 30
0.0
  0
SPLINE
  5
9A
330
17
100
AcDbEntity
  8
0
100
AcDbSpline
 70
0
 71
3
 72
8
 73
4
 74
0
 40
0.0
 40
0.0
 40
0.0
 40
0.0
 40
1.0
 40
1.0
 40
1.0
 40
1.0
 10
-1.7806968807816395
 20
4.639368564578717
 30
0.0
 10
-1.8502456435177632
 20
4.696289346448111
 30
0.0
 10
-1.9068923623634628
 20
4.851661999181033
 30
0.0
 10
-1.8778627636100098
 20
4.905842150812305
 30
0.0
  0
SPLINE
  5
9B
330
17
100
AcDbEntity
  8
0
100
AcDbSpline
 70
0
 71
3
 72
8
 73
4
 74
0
 40
0.0
 40
0.0
 40
0.0
 40
0.0
 40
1.0
 40
1.0
 40
1.0
 40
1.0
 10
-1.7404517798227856
 20
4.549138584430011
 30
0.0
 10
-1.7296368312675772
 20
4.58308023584118
 30
0.0
 10
-1.7397771631487755
 20
4.605848548588938
 30
0.0
 10
-1.7806968807816395
 20
4.639368564578717
 30
0.0
  0
SPLINE
  5
9C
330
17
100
AcDbEntity
  8
0
100
AcDbSpline
 70
0
 71
3
 72
8
 73
4
 74
0
 40
0.0
 40
0.0
 40
0.0
 40
0.0
 40
1.0
 40
1.0
 40
1.0
 40
1.0
 10
-2.003931754565457
 20
4.41632342673438
 30
0.0
 10
-1.8976585466379645
 20
4.425388588291526
 30
0.0
 10
-1.757211787817698
 20
4.496223339062453
 30
0.0
 10
-1.7404517798227856
 20
4.549138584430011
 30
0.0
  0
SPLINE
  5
9D
330
17
100
AcDbEntity
  8
0
100
AcDbSpline
 70
0
 71
3
 72
8
 73
4
 74
0
 40
0.0
 40
0.0
 40
0.0
 40
0.0
 40
1.0
 40
1.0
 40
1.0
 40
1.0
 10
-2.0952158232673104
 20
4.3463319468060035
 30
0.0
 10
-2.080058029873169
 20
4.399458009884256
 30
0.0
 10
-2.064963481792216
 20
4.41105298396883
 30
0.0
 10
-2.003931754565457
 20
4.41632342673438
 30
0.0
  0
SPLINE
  5
9E
330
17
100
AcDbEntity
  8
0
100
AcDbSpline
 70
0
 71
3
 72
8
 73
4
 74
0
 40
0.0
 40
0.0
 40
0.0
 40
0.0
 40
1.0
 40
1.0
 40
1.0
 40
1.0
 10
-2.0636774937573863
 20
4.188218663835187
 30
0.0
 10
-2.1027841790788493
 20
4.262426497976094
 30
0.0
 10
-2.109509264047878
 20
4.296157331676568
 30
0.0
 10
-2.0952158232673104
 20
4.3463319468060035
 30
0.0
  0
SPLINE
  5
9F
330
17
100
AcDbEntity
  8
0
100
AcDbSpline
 70
0
 71
3
 72
8
 73
4
 74
0
 40
0.0
 40
0.0
 40
0.0
 40
0.0
 40
1.0
 40
1.0
 40
1.0
 40
1.0
 10
-1.9196889973985725
 20
4.09377232947395
 30
0.0
 10
-2.0099189775472883
 20
4.09377232947395
 30
0.0
 10
-2.0161170182397457
 20
4.097777865975786
 30
0.0
 10
-2.0636774937573863
 20
4.188218663835187
 30
0.0
  0
LINE
  5
A0
330
17
100
AcDbEntity
  8
0
100
AcDbLine
 10
-1.8254113172058037
 20
4.09377232947395
 30
0.0
 11
-1.919688997398572
 21
4.09377232947395
 31
0.0
  0
LINE
  5
A1
330
17
100
AcDbEntity
  8
0
100
AcDbLine
 10
-1.8292903630813564
 20
4.0054397087208145
 30
0.0
 11
-1.8254113172058037
 21
4.09377232947395
 31
0.0
  0
SPLINE
  5
A2
330
17
100
AcDbEntity
  8
0
100
AcDbSpline
 70
0
 71
3
 72
8
 73
4
 74
0
 40
0.0
 40
0.0
 40
0.0
 40
0.0
 40
1.0
 40
1.0
 40
1.0
 40
1.0
 10
-1.9780222579292954
 20
3.798416716884276
 30
0.0
 10
-1.8640752853349487
 20
3.8386828996142413
 30
0.0
 10
-1.8347927053287423
 20
3.8793707177653687
 30
0.0
 10
-1.8292903630813564
 20
4.0054397087208145
 30
0.0
  0
SPLINE
  5
A3
330
17
100
AcDbEntity
  8
0
100
AcDbSpline
 70
0
 71
3
 72
8
 73
4
 74
0
 40
0.0
 40
0.0
 40
0.0
 40
0.0
 40
1.0
 40
1.0
 40
1.0
 40
1.0
 10
-2.4246606596654328
 20
3.558927797610977
 30
0.0
 10
-2.289800570176806
 20
3.6691854602693184
 30
0.0
 10
-2.184180897152258
 20
3.72568460671755
 30
0.0
 10
-1.9780222579292954
 20
3.798416716884276
 30
0.0
  0
SPLINE
  5
A4
330
17
100
AcDbEntity
  8
0
100
AcDbSpline
 70
0
 71
3
 72
8
 73
4
 74
0
 40
0.0
 40
0.0
 40
0.0
 40
0.0
 40
1.0
 40
1.0
 40
1.0
 40
1.0
 10
-2.5787684061343823
 20
3.421896285703042
 30
0.0
 10
-2.5702513706250176
 20
3.4349669837617967
 30
0.0
 10
-2.5008923438284594
 20
3.496525755265111
 30
0.0
 10
-2.4246606596654328
 20
3.558927797610977
 30
0.0
  0
SPLINE
  5
A5
330
17
100
AcDbEntity
  8
0
100
AcDbSpline
 70
0
 71
3
 72
8
 73
4
 74
0
 40
0.0
 40
0.0
 40
0.0
 40
0.0
 40
1.0
 40
1.0
 40
1.0
 40
1.0
 10
-2.4053919209140493
 20
3.197797059305458
 30
0.0
 10
-2.5190226669424534
 20
3.197797059305458
 30
0.0
 10
-2.630734971804144
 20
3.342207191085663
 30
0.0
 10
-2.5787684061343823
 20
3.421896285703042
 30
0.0
  0
SPLINE
  5
A6
330
17
100
AcDbEntity
  8
0
100
AcDbSpline
 70
0
 71
3
 72
8
 73
4
 74
0
 40
0.0
 40
0.0
 40
0.0
 40
0.0
 40
1.0
 40
1.0
 40
1.0
 40
1.0
 10
-2.2954926483637568
 20
3.1743962934258434
 30
0.0
 10
-2.319504785604268
 20
3.1872561737741307
 30
0.0
 10
-2.368962620517559
 20
3.197797059305458
 30
0.0
 10
-2.4053919209140493
 20
3.197797059305458
 30
0.0
  0
SPLINE
  5
A7
330
17
100
AcDbEntity
  8
0
100
AcDbSpline
 70
0
 71
3
 72
8
 73
4
 74
0
 40
0.0
 40
0.0
 40
0.0
 40
0.0
 40
1.0
 40
1.0
 40
1.0
 40
1.0
 10
-2.173049722031109
 20
3.1952672467780303
 30
0.0
 10
-2.2360420539667065
 20
3.1600606891031475
 30
0.0
 10
-2.2606233990259126
 20
3.1558443348906167
 30
0.0
 10
-2.2954926483637568
 20
3.1743962934258434
 30
0.0
  0
LINE
  5
A8
330
17
100
AcDbEntity
  8
0
100
AcDbLine
 10
-2.0942460617984233
 20
3.2397497837205265
 30
0.0
 11
-2.173049722031109
 21
3.1952672467780303
 31
0.0
  0
LINE
  5
A9
330
17
100
AcDbEntity
  8
0
100
AcDbLine
 10
-2.0384215320241714
 20
3.1956888821991924
 30
0.0
 11
-2.0942460617984233
 21
3.239749783720299
 31
0.0
  0
SPLINE
  5
AA
330
17
100
AcDbEntity
  8
0
100
AcDbSpline
 70
0
 71
3
 72
8
 73
4
 74
0
 40
0.0
 40
0.0
 40
0.0
 40
0.0
 40
1.0
 40
1.0
 40
1.0
 40
1.0
 10
-1.9211014760597784
 20
3.1733422048728244
 30
0.0
 10
-1.9720771984895902
 20
3.1554226994694545
 30
0.0
 10
-1.9921259627702979
 20
3.1594282359712906
 30
0.0
 10
-2.0384215320241714
 20
3.1956888821991924
 30
0.0
  0
SPLINE
  5
AB
330
17
100
AcDbEntity
  8
0
100
AcDbSpline
 70
0
 71
3
 72
8
 73
4
 74
0
 40
0.0
 40
0.0
 40
0.0
 40
0.0
 40
1.0
 40
1.0
 40
1.0
 40
1.0
 10
-1.8483904476642374
 20
2.9843862908369374
 30
0.0
 10
-1.807871283681568
 20
3.1684933975282092
 30
0.0
 10
-1.8229025864493318
 20
3.2074946739944608
 30
0.0
 10
-1.9211014760597784
 20
3.1733422048728244
 30
0.0
  0
SPLINE
  5
AC
330
17
100
AcDbEntity
  8
0
100
AcDbSpline
 70
0
 71
3
 72
8
 73
4
 74
0
 40
0.0
 40
0.0
 40
0.0
 40
0.0
 40
1.0
 40
1.0
 40
1.0
 40
1.0
 10
-1.973278859440169
 20
2.7634493300990925
 30
0.0
 10
-1.90254951752453
 20
2.7660634697108435
 30
0.0
 10
-1.892556758040771
 20
2.7837299938614706
 30
0.0
 10
-1.8483904476642374
 20
2.9843862908369374
 30
0.0
  0
SPLINE
  5
AD
330
17
100
AcDbEntity
  8
0
100
AcDbSpline
 70
0
 71
3
 72
8
 73
4
 74
0
 40
0.0
 40
0.0
 40
0.0
 40
0.0
 40
1.0
 40
1.0
 40
1.0
 40
1.0
 10
-2.1061783442199578
 20
2.6595583623015955
 30
0.0
 10
-2.053073362912805
 20
2.7398799100508313
 30
0.0
 10
-2.025371915736309
 20
2.761530888932384
 30
0.0
 10
-1.973278859440169
 20
2.7634493300990925
 30
0.0
  0
SPLINE
  5
AE
330
17
100
AcDbEntity
  8
0
100
AcDbSpline
 70
0
 71
3
 72
8
 73
4
 74
0
 40
0.0
 40
0.0
 40
0.0
 40
0.0
 40
1.0
 40
1.0
 40
1.0
 40
1.0
 10
-2.3475646228888314
 20
2.5020986142337733
 30
0.0
 10
-2.2942909874131776
 20
2.5020986142337733
 30
0.0
 10
-2.1466131811183775
 20
2.598442307990581
 30
0.0
 10
-2.1061783442199578
 20
2.6595583623015955
 30
0.0
  0
SPLINE
  5
AF
330
17
100
AcDbEntity
  8
0
100
AcDbSpline
 70
0
 71
3
 72
8
 73
4
 74
0
 40
0.0
 40
0.0
 40
0.0
 40
0.0
 40
1.0
 40
1.0
 40
1.0
 40
1.0
 10
-2.4894871056834926
 20
2.45993507210801
 30
0.0
 10
-2.4440348072721307
 20
2.483125020277157
 30
0.0
 10
-2.3801570409518966
 20
2.5020986142337733
 30
0.0
 10
-2.3475646228888314
 20
2.5020986142337733
 30
0.0
  0
SPLINE
  5
B0
330
17
100
AcDbEntity
  8
0
100
AcDbSpline
 70
0
 71
3
 72
8
 73
4
 74
0
 40
0.0
 40
0.0
 40
0.0
 40
0.0
 40
1.0
 40
1.0
 40
1.0
 40
1.0
 10
-2.6050784564207365
 20
2.417771529982474
 30
0.0
 10
-2.586948133306742
 20
2.417771529982474
 30
0.0
 10
-2.534939404094856
 20
2.4367451239390903
 30
0.0
 10
-2.4894871056834926
 20
2.45993507210801
 30
0.0
  0
SPLINE
  5
B1
330
17
100
AcDbEntity
  8
0
100
AcDbSpline
 70
0
 71
3
 72
8
 73
4
 74
0
 40
0.0
 40
0.0
 40
0.0
 40
0.0
 40
1.0
 40
1.0
 40
1.0
 40
1.0
 10
-2.8267954426880335
 20
2.21808499447593
 30
0.0
 10
-2.8267954426880335
 20
2.2540715776799516
 30
0.0
 10
-2.645028412584712
 20
2.417771529982474
 30
0.0
 10
-2.6050784564207365
 20
2.417771529982474
 30
0.0
  0
SPLINE
  5
B2
330
17
100
AcDbEntity
  8
0
100
AcDbSpline
 70
0
 71
3
 72
8
 73
4
 74
0
 40
0.0
 40
0.0
 40
0.0
 40
0.0
 40
1.0
 40
1.0
 40
1.0
 40
1.0
 10
-2.7851800266100994
 20
2.154734272432279
 30
0.0
 10
-2.8080537482132186
 20
2.1754576533869567
 30
0.0
 10
-2.8267954426880335
 20
2.2039602078637017
 30
0.0
 10
-2.8267954426880335
 20
2.21808499447593
 30
0.0
  0
SPLINE
  5
B3
330
17
100
AcDbEntity
  8
0
100
AcDbSpline
 70
0
 71
3
 72
8
 73
4
 74
0
 40
0.0
 40
0.0
 40
0.0
 40
0.0
 40
1.0
 40
1.0
 40
1.0
 40
1.0
 10
-2.6579093747040723
 20
2.130764298733766
 30
0.0
 10
-2.724127217612277
 20
2.120160167889253
 30
0.0
 10
-2.7529881621972283
 20
2.1255992648234496
 30
0.0
 10
-2.7851800266100994
 20
2.154734272432279
 30
0.0
  0
SPLINE
  5
B4
330
17
100
AcDbEntity
  8
0
100
AcDbSpline
 70
0
 71
3
 72
8
 73
4
 74
0
 40
0.0
 40
0.0
 40
0.0
 40
0.0
 40
1.0
 40
1.0
 40
1.0
 40
1.0
 10
-2.5361621468164968
 20
2.0809691554834444
 30
0.0
 10
-2.569639999264197
 20
2.139808378519774
 30
0.0
 10
-2.578536506652692
 20
2.143455524913634
 30
0.0
 10
-2.6579093747040723
 20
2.130764298733766
 30
0.0
  0
SPLINE
  5
B5
330
17
100
AcDbEntity
  8
0
100
AcDbSpline
 70
0
 71
3
 72
8
 73
4
 74
0
 40
0.0
 40
0.0
 40
0.0
 40
0.0
 40
1.0
 40
1.0
 40
1.0
 40
1.0
 10
-2.4023561458810083
 20
2.0910040785095134
 30
0.0
 10
-2.4556719448987883
 20
2.0006686895053463
 30
0.0
 10
-2.489023306720112
 20
1.998159958748829
 30
0.0
 10
-2.5361621468164968
 20
2.0809691554834444
 30
0.0
  0
SPLINE
  5
B6
330
17
100
AcDbEntity
  8
0
100
AcDbSpline
 70
0
 71
3
 72
8
 73
4
 74
0
 40
0.0
 40
0.0
 40
0.0
 40
0.0
 40
1.0
 40
1.0
 40
1.0
 40
1.0
 10
-2.300425782792448
 20
2.1339898097064633
 30
0.0
 10
-2.3381410712237685
 20
2.179421026346745
 30
0.0
 10
-2.3542053807736094
 20
2.1726537778356487
 30
0.0
 10
-2.4023561458810083
 20
2.0910040785095134
 30
0.0
  0
SPLINE
  5
B7
330
17
100
AcDbEntity
  8
0
100
AcDbSpline
 70
0
 71
3
 72
8
 73
4
 74
0
 40
0.0
 40
0.0
 40
0.0
 40
0.0
 40
1.0
 40
1.0
 40
1.0
 40
1.0
 10
-2.1413638201237446
 20
2.1314599971788084
 30
0.0
 10
-2.194848273310027
 20
2.0737591897800485
 30
0.0
 10
-2.2511787655897857
 20
2.074644624164648
 30
0.0
 10
-2.300425782792448
 20
2.1339898097064633
 30
0.0
  0
SPLINE
  5
B8
330
17
100
AcDbEntity
  8
0
100
AcDbSpline
 70
0
 71
3
 72
8
 73
4
 74
0
 40
0.0
 40
0.0
 40
0.0
 40
0.0
 40
1.0
 40
1.0
 40
1.0
 40
1.0
 10
-2.0160748546976195
 20
2.1504335911354246
 30
0.0
 10
-2.089903216959489
 20
2.1856612305812178
 30
0.0
 10
-2.0913578591628212
 20
2.1854293310996127
 30
0.0
 10
-2.1413638201237446
 20
2.1314599971788084
 30
0.0
  0
SPLINE
  5
B9
330
17
100
AcDbEntity
  8
0
100
AcDbSpline
 70
0
 71
3
 72
8
 73
4
 74
0
 40
0.0
 40
0.0
 40
0.0
 40
0.0
 40
1.0
 40
1.0
 40
1.0
 40
1.0
 10
-1.9413610580511151
 20
2.080231293496354
 30
0.0
 10
-1.9413610580511151
 20
2.099247050995018
 30
0.0
 10
-1.9749864828962558
 20
2.130848625818089
 30
0.0
 10
-2.0160748546976195
 20
2.1504335911354246
 30
0.0
  0
SPLINE
  5
BA
330
17
100
AcDbEntity
  8
0
100
AcDbSpline
 70
0
 71
3
 72
8
 73
4
 74
0
 40
0.0
 40
0.0
 40
0.0
 40
0.0
 40
1.0
 40
1.0
 40
1.0
 40
1.0
 10
-2.0942038982562976
 20
1.937360131003743
 30
0.0
 10
-2.0134607150858357
 20
1.9717023360651638
 30
0.0
 10
-1.9413610580511151
 20
2.0391007581529266
 30
0.0
 10
-1.9413610580511151
 20
2.080231293496354
 30
0.0
  0
SPLINE
  5
BB
330
17
100
AcDbEntity
  8
0
100
AcDbSpline
 70
0
 71
3
 72
8
 73
4
 74
0
 40
0.0
 40
0.0
 40
0.0
 40
0.0
 40
1.0
 40
1.0
 40
1.0
 40
1.0
 10
-2.152178768678953
 20
1.8695822370370934
 30
0.0
 10
-2.152178768678953
 20
1.8966090675394298
 30
0.0
 10
-2.130527789797474
 20
1.92192827458598
 30
0.0
 10
-2.0942038982562976
 20
1.937360131003743
 30
0.0
  0
SPLINE
  5
BC
330
17
100
AcDbEntity
  8
0
100
AcDbSpline
 70
0
 71
3
 72
8
 73
4
 74
0
 40
0.0
 40
0.0
 40
0.0
 40
0.0
 40
1.0
 40
1.0
 40
1.0
 40
1.0
 10
-2.2030701640245125
 20
1.807095867606904
 30
0.0
 10
-2.1721642876464715
 20
1.8188384140887592
 30
0.0
 10
-2.152178768678953
 20
1.8433775956059435
 30
0.0
 10
-2.152178768678953
 20
1.8695822370370934
 30
0.0
  0
SPLINE
  5
BD
330
17
100
AcDbEntity
  8
0
100
AcDbSpline
 70
0
 71
3
 72
8
 73
4
 74
0
 40
0.0
 40
0.0
 40
0.0
 40
0.0
 40
1.0
 40
1.0
 40
1.0
 40
1.0
 10
-2.268360409005955
 20
1.7424380757572635
 30
0.0
 10
-2.260454744857411
 20
1.767356729153562
 30
0.0
 10
-2.231066755995889
 20
1.7964495732201158
 30
0.0
 10
-2.2030701640245125
 20
1.807095867606904
 30
0.0
  0
SPLINE
  5
BE
330
17
100
AcDbEntity
  8
0
100
AcDbSpline
 70
0
 71
3
 72
8
 73
4
 74
0
 40
0.0
 40
0.0
 40
0.0
 40
0.0
 40
1.0
 40
1.0
 40
1.0
 40
1.0
 10
-2.498278204216673
 20
1.6493409747440637
 30
0.0
 10
-2.409439620958102
 20
1.6326863756044077
 30
0.0
 10
-2.287523738902024
 20
1.682059883433567
 30
0.0
 10
-2.268360409005955
 20
1.7424380757572635
 30
0.0
  0
SPLINE
  5
BF
330
17
100
AcDbEntity
  8
0
100
AcDbSpline
 70
0
 71
3
 72
8
 73
4
 74
0
 40
0.0
 40
0.0
 40
0.0
 40
0.0
 40
1.0
 40
1.0
 40
1.0
 40
1.0
 10
-2.7546747038822503
 20
1.5973744090742912
 30
0.0
 10
-2.621648728476085
 20
1.6437753871834957
 30
0.0
 10
-2.5480522656959064
 20
1.6586801993248628
 30
0.0
 10
-2.498278204216673
 20
1.6493409747440637
 30
0.0
  0
SPLINE
  5
C0
330
17
100
AcDbEntity
  8
0
100
AcDbSpline
 70
0
 71
3
 72
8
 73
4
 74
0
 40
0.0
 40
0.0
 40
0.0
 40
0.0
 40
1.0
 40
1.0
 40
1.0
 40
1.0
 10
-2.975464092222785
 20
1.438797327140037
 30
0.0
 10
-3.0165735457952136
 20
1.4883394891376156
 30
0.0
 10
-2.9686757619405695
 20
1.5227238577410844
 30
0.0
 10
-2.7546747038822503
 20
1.5973744090742912
 30
0.0
  0
SPLINE
  5
C1
330
17
100
AcDbEntity
  8
0
100
AcDbSpline
 70
0
 71
3
 72
8
 73
4
 74
0
 40
0.0
 40
0.0
 40
0.0
 40
0.0
 40
1.0
 40
1.0
 40
1.0
 40
1.0
 10
-3.0725878115090297
 20
1.3206972456464428
 30
0.0
 10
-2.962540966561299
 20
1.3513923043137765
 30
0.0
 10
-2.9328789146759617
 20
1.3874632146021213
 30
0.0
 10
-2.975464092222785
 20
1.438797327140037
 30
0.0
  0
SPLINE
  5
C2
330
17
100
AcDbEntity
  8
0
100
AcDbSpline
 70
0
 71
3
 72
8
 73
4
 74
0
 40
0.0
 40
0.0
 40
0.0
 40
0.0
 40
1.0
 40
1.0
 40
1.0
 40
1.0
 10
-3.227349092880926
 20
1.2648305523300678
 30
0.0
 10
-3.1983616576695972
 20
1.2799040186398543
 30
0.0
 10
-3.1287285678492234
 20
1.30503348974662
 30
0.0
 10
-3.0725878115090297
 20
1.3206972456464428
 30
0.0
  0
SPLINE
  5
C3
330
17
100
AcDbEntity
  8
0
100
AcDbSpline
 70
0
 71
3
 72
8
 73
4
 74
0
 40
0.0
 40
0.0
 40
0.0
 40
0.0
 40
1.0
 40
1.0
 40
1.0
 40
1.0
 10
-3.338028390960541
 20
1.2373188410929288
 30
0.0
 10
-3.3061316713425493
 20
1.2374031681772522
 30
0.0
 10
-3.256336528092253
 20
1.2497781677911917
 30
0.0
 10
-3.227349092880926
 20
1.2648305523300678
 30
0.0
  0
SPLINE
  5
C4
330
17
100
AcDbEntity
  8
0
100
AcDbSpline
 70
0
 71
3
 72
8
 73
4
 74
0
 40
0.0
 40
0.0
 40
0.0
 40
0.0
 40
1.0
 40
1.0
 40
1.0
 40
1.0
 10
-3.3523007499700457
 20
1.1030068776519784
 30
0.0
 10
-3.415567144929459
 20
1.1834338342564479
 30
0.0
 10
-3.4098539849714444
 20
1.237171268695647
 30
0.0
 10
-3.338028390960541
 20
1.2373188410929288
 30
0.0
  0
SPLINE
  5
C5
330
17
100
AcDbEntity
  8
0
100
AcDbSpline
 70
0
 71
3
 72
8
 73
4
 74
0
 40
0.0
 40
0.0
 40
0.0
 40
0.0
 40
1.0
 40
1.0
 40
1.0
 40
1.0
 10
-3.241621451890431
 20
1.0471401843356034
 30
0.0
 10
-3.2886548831315014
 20
1.0473510020462982
 30
0.0
 10
-3.321647854844758
 20
1.0640266829568645
 30
0.0
 10
-3.3523007499700457
 20
1.1030068776519784
 30
0.0
  0
SPLINE
  5
C6
330
17
100
AcDbEntity
  8
0
100
AcDbSpline
 70
0
 71
3
 72
8
 73
4
 74
0
 40
0.0
 40
0.0
 40
0.0
 40
0.0
 40
1.0
 40
1.0
 40
1.0
 40
1.0
 10
-3.1271263532484506
 20
0.9524408687216237
 30
0.0
 10
-3.114161064044839
 20
1.020303089772824
 30
0.0
 10
-3.1460367018917683
 20
1.0466763853723933
 30
0.0
 10
-3.241621451890431
 20
1.0471401843356034
 30
0.0
  0
SPLINE
  5
C7
330
17
100
AcDbEntity
  8
0
100
AcDbSpline
 70
0
 71
3
 72
8
 73
4
 74
0
 40
0.0
 40
0.0
 40
0.0
 40
0.0
 40
1.0
 40
1.0
 40
1.0
 40
1.0
 10
-3.0774366188534703
 20
0.860587592201
 30
0.0
 10
-3.127020944393137
 20
0.8887950018831816
 30
0.0
 10
-3.1360861059501346
 20
0.9055550098780714
 30
0.0
 10
-3.1271263532484506
 20
0.9524408687216237
 30
0.0
  0
SPLINE
  5
C8
330
17
100
AcDbEntity
  8
0
100
AcDbSpline
 70
0
 71
3
 72
8
 73
4
 74
0
 40
0.0
 40
0.0
 40
0.0
 40
0.0
 40
1.0
 40
1.0
 40
1.0
 40
1.0
 10
-3.0797766954414385
 20
0.6996071883656896
 30
0.0
 10
-3.0006568086428116
 20
0.7754172371073764
 30
0.0
 10
-3.0000665190530533
 20
0.8165688542219414
 30
0.0
 10
-3.0774366188534703
 20
0.860587592201
 30
0.0
  0
SPLINE
  5
C9
330
17
100
AcDbEntity
  8
0
100
AcDbSpline
 70
0
 71
3
 72
8
 73
4
 74
0
 40
0.0
 40
0.0
 40
0.0
 40
0.0
 40
1.0
 40
1.0
 40
1.0
 40
1.0
 10
-3.106128909269918
 20
0.5239327900994795
 30
0.0
 10
-3.162206420296924
 20
0.5528780617687516
 30
0.0
 10
-3.150316301417514
 20
0.6320190303383697
 30
0.0
 10
-3.0797766954414385
 20
0.6996071883656896
 30
0.0
  0
SPLINE
  5
CA
330
17
100
AcDbEntity
  8
0
100
AcDbSpline
 70
0
 71
3
 72
8
 73
4
 74
0
 40
0.0
 40
0.0
 40
0.0
 40
0.0
 40
1.0
 40
1.0
 40
1.0
 40
1.0
 10
-2.8892185668049373
 20
0.5006585148462364
 30
0.0
 10
-2.9058731659445356
 20
0.4736949296568582
 30
0.0
 10
-3.0358633663176597
 20
0.48765106210043996
 30
0.0
 10
-3.106128909269918
 20
0.5239327900994795
 30
0.0
  0
SPLINE
  5
CB
330
17
100
AcDbEntity
  8
0
100
AcDbSpline
 70
0
 71
3
 72
8
 73
4
 74
0
 40
0.0
 40
0.0
 40
0.0
 40
0.0
 40
1.0
 40
1.0
 40
1.0
 40
1.0
 10
-2.7635501294996825
 20
0.4549110716400264
 30
0.0
 10
-2.7635501294996825
 20
0.506139775322481
 30
0.0
 10
-2.863372315481964
 20
0.5424636668635685
 30
0.0
 10
-2.8892185668049373
 20
0.5006585148462364
 30
0.0
  0
SPLINE
  5
CC
330
17
100
AcDbEntity
  8
0
100
AcDbSpline
 70
0
 71
3
 72
8
 73
4
 74
0
 40
0.0
 40
0.0
 40
0.0
 40
0.0
 40
1.0
 40
1.0
 40
1.0
 40
1.0
 10
-2.6785273468034747
 20
0.4256706551759635
 30
0.0
 10
-2.755075257532444
 20
0.41272644774335276
 30
0.0
 10
-2.7635501294996825
 20
0.41565681392103215
 30
0.0
 10
-2.7635501294996825
 20
0.4549110716400264
 30
0.0
  0
SPLINE
  5
CD
330
17
100
AcDbEntity
  8
0
100
AcDbSpline
 70
0
 71
3
 72
8
 73
4
 74
0
 40
0.0
 40
0.0
 40
0.0
 40
0.0
 40
1.0
 40
1.0
 40
1.0
 40
1.0
 10
-2.537996260898959
 20
0.4036612861862068
 30
0.0
 10
-2.579421941037329
 20
0.43079352554423167
 30
0.0
 10
-2.615092297675559
 20
0.43638019487571
 30
0.0
 10
-2.6785273468034747
 20
0.4256706551759635
 30
0.0
  0
SPLINE
  5
CE
330
17
100
AcDbEntity
  8
0
100
AcDbSpline
 70
0
 71
3
 72
8
 73
4
 74
0
 40
0.0
 40
0.0
 40
0.0
 40
0.0
 40
1.0
 40
1.0
 40
1.0
 40
1.0
 10
-2.4423693473581713
 20
0.42233973534803226
 30
0.0
 10
-2.4815814415349498
 20
0.36851797382473706
 30
0.0
 10
-2.483731782183352
 20
0.36809633840334754
 30
0.0
 10
-2.537996260898959
 20
0.4036612861862068
 30
0.0
  0
SPLINE
  5
CF
330
17
100
AcDbEntity
  8
0
100
AcDbSpline
 70
0
 71
3
 72
8
 73
4
 74
0
 40
0.0
 40
0.0
 40
0.0
 40
0.0
 40
1.0
 40
1.0
 40
1.0
 40
1.0
 10
-2.324269265864457
 20
0.49840276534246186
 30
0.0
 10
-2.3671706699772215
 20
0.4868499548001637
 30
0.0
 10
-2.4203178148265
 20
0.45263424036511424
 30
0.0
 10
-2.4423693473581713
 20
0.42233973534803226
 30
0.0
  0
SPLINE
  5
D0
330
17
100
AcDbEntity
  8
0
100
AcDbSpline
 70
0
 71
3
 72
8
 73
4
 74
0
 40
0.0
 40
0.0
 40
0.0
 40
0.0
 40
1.0
 40
1.0
 40
1.0
 40
1.0
 10
-2.1096357546742555
 20
0.6355607678769957
 30
0.0
 10
-2.1847922685130796
 20
0.5716830015567211
 30
0.0
 10
-2.2813678617516917
 20
0.50995557588476
 30
0.0
 10
-2.324269265864457
 20
0.49840276534246186
 30
0.0
  0
SPLINE
  5
D1
330
17
100
AcDbEntity
  8
0
100
AcDbSpline
 70
0
 71
3
 72
8
 73
4
 74
0
 40
0.0
 40
0.0
 40
0.0
 40
0.0
 40
1.0
 40
1.0
 40
1.0
 40
1.0
 10
-1.8991975159255476
 20
0.7024532274590456
 30
0.0
 10
-1.8991975159255476
 20
0.7821844856186999
 30
0.0
 10
-1.959828689502113
 20
0.7629157468672929
 30
0.0
 10
-2.1096357546742555
 20
0.6355607678769957
 30
0.0
  0
SPLINE
  5
D2
330
17
100
AcDbEntity
  8
0
100
AcDbSpline
 70
0
 71
3
 72
8
 73
4
 74
0
 40
0.0
 40
0.0
 40
0.0
 40
0.0
 40
1.0
 40
1.0
 40
1.0
 40
1.0
 10
-2.1018776629231493
 20
0.45539595237437425
 30
0.0
 10
-1.963834226004042
 20
0.557368479005163
 30
0.0
 10
-1.8991975159255476
 20
0.6361510574668046
 30
0.0
 10
-1.8991975159255476
 20
0.7024532274590456
 30
0.0
  0
SPLINE
  5
D3
330
17
100
AcDbEntity
  8
0
100
AcDbSpline
 70
0
 71
3
 72
8
 73
4
 74
0
 40
0.0
 40
0.0
 40
0.0
 40
0.0
 40
1.0
 40
1.0
 40
1.0
 40
1.0
 10
-2.1679900969760397
 20
0.3176898237923069
 30
0.0
 10
-2.256027572934225
 20
0.2935511959253745
 30
0.0
 10
-2.2203361345249326
 20
0.36788552069288016
 30
0.0
 10
-2.1018776629231493
 20
0.45539595237437425
 30
0.0
  0
SPLINE
  5
D4
330
17
100
AcDbEntity
  8
0
100
AcDbSpline
 70
0
 71
3
 72
8
 73
4
 74
0
 40
0.0
 40
0.0
 40
0.0
 40
0.0
 40
1.0
 40
1.0
 40
1.0
 40
1.0
 10
-2.0414994705993372
 20
0.3439155469943671
 30
0.0
 10
-2.084970082530798
 20
0.3366423359777855
 30
0.0
 10
-2.141911946171376
 20
0.3248365441825172
 30
0.0
 10
-2.1679900969760397
 20
0.3176898237923069
 30
0.0
  0
SPLINE
  5
D5
330
17
100
AcDbEntity
  8
0
100
AcDbSpline
 70
0
 71
3
 72
8
 73
4
 74
0
 40
0.0
 40
0.0
 40
0.0
 40
0.0
 40
1.0
 40
1.0
 40
1.0
 40
1.0
 10
-1.9624428291138982
 20
0.31353671489296175
 30
0.0
 10
-1.9624428291138982
 20
0.35222176479305745
 30
0.0
 10
-1.9713604182734565
 20
0.3556580934764497
 30
0.0
 10
-2.0414994705993372
 20
0.3439155469943671
 30
0.0
  0
SPLINE
  5
D6
330
17
100
AcDbEntity
  8
0
100
AcDbSpline
 70
0
 71
3
 72
8
 73
4
 74
0
 40
0.0
 40
0.0
 40
0.0
 40
0.0
 40
1.0
 40
1.0
 40
1.0
 40
1.0
 10
-1.9838197449715618
 20
0.2567002601076638
 30
0.0
 10
-1.9720561167185275
 20
0.2639734711242454
 30
0.0
 10
-1.9624428291138982
 20
0.2895456594235384
 30
0.0
 10
-1.9624428291138982
 20
0.31353671489296175
 30
0.0
  0
SPLINE
  5
D7
330
17
100
AcDbEntity
  8
0
100
AcDbSpline
 70
0
 71
3
 72
8
 73
4
 74
0
 40
0.0
 40
0.0
 40
0.0
 40
0.0
 40
1.0
 40
1.0
 40
1.0
 40
1.0
 10
-2.048245637339428
 20
0.1591127418580527
 30
0.0
 10
-2.024570808435922
 20
0.2055137199672572
 30
0.0
 10
-1.9955833732245947
 20
0.24942704909108215
 30
0.0
 10
-1.9838197449715618
 20
0.2567002601076638
 30
0.0
  0
SPLINE
  5
D8
330
17
100
AcDbEntity
  8
0
100
AcDbSpline
 70
0
 71
3
 72
8
 73
4
 74
0
 40
0.0
 40
0.0
 40
0.0
 40
0.0
 40
1.0
 40
1.0
 40
1.0
 40
1.0
 10
-2.066080815658543
 20
-0.037917490494692174
 30
0.0
 10
-2.0887858830931623
 20
0.06352799185924596
 30
0.0
 10
-2.087015014323887
 20
0.08313403894771909
 30
0.0
 10
-2.048245637339428
 20
0.1591127418580527
 30
0.0
  0
SPLINE
  5
D9
330
17
100
AcDbEntity
  8
0
100
AcDbSpline
 70
0
 71
3
 72
8
 73
4
 74
0
 40
0.0
 40
0.0
 40
0.0
 40
0.0
 40
1.0
 40
1.0
 40
1.0
 40
1.0
 10
-2.0533263441655594
 20
-0.18306548426198788
 30
0.0
 10
-2.046474768570154
 20
-0.16520922417180373
 30
0.0
 10
-2.052209010299231
 20
-0.09987681564825834
 30
0.0
 10
-2.066080815658543
 20
-0.037917490494692174
 30
0.0
  0
SPLINE
  5
DA
330
17
100
AcDbEntity
  8
0
100
AcDbSpline
 70
0
 71
3
 72
8
 73
4
 74
0
 40
0.0
 40
0.0
 40
0.0
 40
0.0
 40
1.0
 40
1.0
 40
1.0
 40
1.0
 10
-2.3568827656985833
 20
-0.3020931636824571
 30
0.0
 10
-2.2267871564701447
 20
-0.30175585534539096
 30
0.0
 10
-2.0762211475397425
 20
-0.24270581459859386
 30
0.0
 10
-2.0533263441655594
 20
-0.18306548426198788
 30
0.0
  0
SPLINE
  5
DB
330
17
100
AcDbEntity
  8
0
100
AcDbSpline
 70
0
 71
3
 72
8
 73
4
 74
0
 40
0.0
 40
0.0
 40
0.0
 40
0.0
 40
1.0
 40
1.0
 40
1.0
 40
1.0
 10
-2.522416832083562
 20
-0.4011985694487521
 30
0.0
 10
-2.540273092173739
 20
-0.31992834200150355
 30
0.0
 10
-2.5111591663360353
 20
-0.3025147991038466
 30
0.0
 10
-2.3568827656985833
 20
-0.3020931636824571
 30
0.0
  0
SPLINE
  5
DC
330
17
100
AcDbEntity
  8
0
100
AcDbSpline
 70
0
 71
3
 72
8
 73
4
 74
0
 40
0.0
 40
0.0
 40
0.0
 40
0.0
 40
1.0
 40
1.0
 40
1.0
 40
1.0
 10
-2.6500669558687173
 20
-0.4840499297254155
 30
0.0
 10
-2.5532805449194766
 20
-0.5301979265818773
 30
0.0
 10
-2.5014826334182176
 20
-0.4965725017366367
 30
0.0
 10
-2.522416832083562
 20
-0.4011985694487521
 30
0.0
  0
SPLINE
  5
DD
330
17
100
AcDbEntity
  8
0
100
AcDbSpline
 70
0
 71
3
 72
8
 73
4
 74
0
 40
0.0
 40
0.0
 40
0.0
 40
0.0
 40
1.0
 40
1.0
 40
1.0
 40
1.0
 10
-2.8051233820354917
 20
-0.5535986924614917
 30
0.0
 10
-2.75134378405433
 20
-0.4481687553766278
 30
0.0
 10
-2.7379146958873366
 20
-0.4421604506235326
 30
0.0
 10
-2.6500669558687173
 20
-0.4840499297254155
 30
0.0
  0
SPLINE
  5
DE
330
17
100
AcDbEntity
  8
0
100
AcDbSpline
 70
0
 71
3
 72
8
 73
4
 74
0
 40
0.0
 40
0.0
 40
0.0
 40
0.0
 40
1.0
 40
1.0
 40
1.0
 40
1.0
 10
-3.0692358099100474
 20
-0.6722469000028468
 30
0.0
 10
-2.88780608814373
 20
-0.6690635525724247
 30
0.0
 10
-2.8569634570788773
 20
-0.6552128289840766
 30
0.0
 10
-2.8051233820354917
 20
-0.5535986924614917
 30
0.0
  0
SPLINE
  5
DF
330
17
100
AcDbEntity
  8
0
100
AcDbSpline
 70
0
 71
3
 72
8
 73
4
 74
0
 40
0.0
 40
0.0
 40
0.0
 40
0.0
 40
1.0
 40
1.0
 40
1.0
 40
1.0
 10
-3.4414344780234947
 20
-0.8016468107862238
 30
0.0
 10
-3.4859380967370317
 20
-0.7184581421724943
 30
0.0
 10
-3.3680488329539444
 20
-0.6774751792263487
 30
0.0
 10
-3.0692358099100474
 20
-0.6722469000028468
 30
0.0
  0
SPLINE
  5
E0
330
17
100
AcDbEntity
  8
0
100
AcDbSpline
 70
0
 71
3
 72
8
 73
4
 74
0
 40
0.0
 40
0.0
 40
0.0
 40
0.0
 40
1.0
 40
1.0
 40
1.0
 40
1.0
 10
-3.427710245061623
 20
-1.4297149342887678
 30
0.0
 10
-3.406860373480529
 20
-1.2582147266930406
 30
0.0
 10
-3.4157990444111497
 20
-0.8495445946409745
 30
0.0
 10
-3.4414344780234947
 20
-0.8016468107862238
 30
0.0
  0
SPLINE
  5
E1
330
17
100
AcDbEntity
  8
0
100
AcDbSpline
 70
0
 71
3
 72
8
 73
4
 74
0
 40
0.0
 40
0.0
 40
0.0
 40
0.0
 40
1.0
 40
1.0
 40
1.0
 40
1.0
 10
-3.300186611902844
 20
-1.735653595951817
 30
0.0
 10
-3.408631242249803
 20
-1.6998567486871252
 30
0.0
 10
-3.44881309789547
 20
-1.603449809617132
 30
0.0
 10
-3.427710245061623
 20
-1.4297149342887678
 30
0.0
  0
SPLINE
  5
E2
330
17
100
AcDbEntity
  8
0
100
AcDbSpline
 70
0
 71
3
 72
8
 73
4
 74
0
 40
0.0
 40
0.0
 40
0.0
 40
0.0
 40
1.0
 40
1.0
 40
1.0
 40
1.0
 10
-2.8996118799388886
 20
-1.7057596445847594
 30
0.0
 10
-2.9464555752403943
 20
-1.7526033398862637
 30
0.0
 10
-3.19307013313284
 20
-1.7710077260239814
 30
0.0
 10
-3.300186611902844
 20
-1.735653595951817
 30
0.0
  0
SPLINE
  5
E3
330
17
100
AcDbEntity
  8
0
100
AcDbSpline
 70
0
 71
3
 72
8
 73
4
 74
0
 40
0.0
 40
0.0
 40
0.0
 40
0.0
 40
1.0
 40
1.0
 40
1.0
 40
1.0
 10
-2.8149896508928745
 20
-1.7026184606963852
 30
0.0
 10
-2.859577596690662
 20
-1.67339912600346
 30
0.0
 10
-2.8675465061523946
 20
-1.6736942707982507
 30
0.0
 10
-2.8996118799388886
 20
-1.7057596445847594
 30
0.0
  0
SPLINE
  5
E4
330
17
100
AcDbEntity
  8
0
100
AcDbSpline
 70
0
 71
3
 72
8
 73
4
 74
0
 40
0.0
 40
0.0
 40
0.0
 40
0.0
 40
1.0
 40
1.0
 40
1.0
 40
1.0
 10
-2.7528616715708507
 20
-1.7140236988414017
 30
0.0
 10
-2.7608094992615206
 20
-1.726883579189689
 30
0.0
 10
-2.7846108187914034
 20
-1.7224985708085114
 30
0.0
 10
-2.8149896508928745
 20
-1.7026184606963852
 30
0.0
  0
SPLINE
  5
E5
330
17
100
AcDbEntity
  8
0
100
AcDbSpline
 70
0
 71
3
 72
8
 73
4
 74
0
 40
0.0
 40
0.0
 40
0.0
 40
0.0
 40
1.0
 40
1.0
 40
1.0
 40
1.0
 10
-2.6500247923265916
 20
-1.6931738272603525
 30
0.0
 10
-2.699503709010945
 20
-1.6931738272603525
 30
0.0
 10
-2.7457781964937547
 20
-1.7025552153831995
 30
0.0
 10
-2.7528616715708507
 20
-1.7140236988414017
 30
0.0
  0
SPLINE
  5
E6
330
17
100
AcDbEntity
  8
0
100
AcDbSpline
 70
0
 71
3
 72
8
 73
4
 74
0
 40
0.0
 40
0.0
 40
0.0
 40
0.0
 40
1.0
 40
1.0
 40
1.0
 40
1.0
 10
-2.509240725169321
 20
-1.6390569209420391
 30
0.0
 10
-2.548410655803974
 20
-1.680756664104365
 30
0.0
 10
-2.5807290108432213
 20
-1.6931738272603525
 30
0.0
 10
-2.6500247923265916
 20
-1.6931738272603525
 30
0.0
  0
SPLINE
  5
E7
330
17
100
AcDbEntity
  8
0
100
AcDbSpline
 70
0
 71
3
 72
8
 73
4
 74
0
 40
0.0
 40
0.0
 40
0.0
 40
0.0
 40
1.0
 40
1.0
 40
1.0
 40
1.0
 10
-2.3921104051444946
 20
-1.5973782595510784
 30
0.0
 10
-2.445447285933338
 20
-1.5873855000672847
 30
0.0
 10
-2.4683631710785834
 20
-1.5955230636975557
 30
0.0
 10
-2.509240725169321
 20
-1.6390569209420391
 30
0.0
  0
SPLINE
  5
E8
330
17
100
AcDbEntity
  8
0
100
AcDbSpline
 70
0
 71
3
 72
8
 73
4
 74
0
 40
0.0
 40
0.0
 40
0.0
 40
0.0
 40
1.0
 40
1.0
 40
1.0
 40
1.0
 10
-2.1654392026774443
 20
-1.5025524533105
 30
0.0
 10
-2.2996879208052508
 20
-1.5923397162669062
 30
0.0
 10
-2.336623183707248
 20
-1.6077926544560341
 30
0.0
 10
-2.3921104051444946
 20
-1.5973782595510784
 30
0.0
  0
SPLINE
  5
E9
330
17
100
AcDbEntity
  8
0
100
AcDbSpline
 70
0
 71
3
 72
8
 73
4
 74
0
 40
0.0
 40
0.0
 40
0.0
 40
0.0
 40
1.0
 40
1.0
 40
1.0
 40
1.0
 10
-1.9820277944312243
 20
-1.4094975158395755
 30
0.0
 10
-1.9946979388399573
 20
-1.401676178775233
 30
0.0
 10
-2.077211990779694
 20
-1.4435445761059782
 30
0.0
 10
-2.1654392026774443
 20
-1.5025524533105
 30
0.0
  0
SPLINE
  5
EA
330
17
100
AcDbEntity
  8
0
100
AcDbSpline
 70
0
 71
3
 72
8
 73
4
 74
0
 40
0.0
 40
0.0
 40
0.0
 40
0.0
 40
1.0
 40
1.0
 40
1.0
 40
1.0
 10
-2.0498056883980746
 20
-1.6283473812422926
 30
0.0
 10
-1.9728572240189144
 20
-1.504534139790394
 30
0.0
 10
-1.9496251123077255
 20
-1.4295251983492108
 30
0.0
 10
-1.9820277944312243
 20
-1.4094975158395755
 30
0.0
  0
SPLINE
  5
EB
330
17
100
AcDbEntity
  8
0
100
AcDbSpline
 70
0
 71
3
 72
8
 73
4
 74
0
 40
0.0
 40
0.0
 40
0.0
 40
0.0
 40
1.0
 40
1.0
 40
1.0
 40
1.0
 10
-2.1047237020166265
 20
-1.8582440946818224
 30
0.0
 10
-2.114864033897826
 20
-1.7463631356517908
 30
0.0
 10
-2.1096779182163803
 20
-1.72466999322819
 30
0.0
 10
-2.0498056883980746
 20
-1.6283473812422926
 30
0.0
  0
SPLINE
  5
EC
330
17
100
AcDbEntity
  8
0
100
AcDbSpline
 70
0
 71
3
 72
8
 73
4
 74
0
 40
0.0
 40
0.0
 40
0.0
 40
0.0
 40
1.0
 40
1.0
 40
1.0
 40
1.0
 10
-2.1046182931613124
 20
-2.0397792253036187
 30
0.0
 10
-2.098525661324167
 20
-2.0078614239143917
 30
0.0
 10
-2.0985678248662927
 20
-1.9261695610462084
 30
0.0
 10
-2.1047237020166265
 20
-1.8582440946818224
 30
0.0
  0
SPLINE
  5
ED
330
17
100
AcDbEntity
  8
0
100
AcDbSpline
 70
0
 71
3
 72
8
 73
4
 74
0
 40
0.0
 40
0.0
 40
0.0
 40
0.0
 40
1.0
 40
1.0
 40
1.0
 40
1.0
 10
-2.3446131749400427
 20
-2.177970234620034
 30
0.0
 10
-2.2220226762099546
 20
-2.1778859075357104
 30
0.0
 10
-2.1197550047843903
 20
-2.11900452095756
 30
0.0
 10
-2.1046182931613124
 20
-2.0397792253036187
 30
0.0
  0
SPLINE
  5
EE
330
17
100
AcDbEntity
  8
0
100
AcDbSpline
 70
0
 71
3
 72
8
 73
4
 74
0
 40
0.0
 40
0.0
 40
0.0
 40
0.0
 40
1.0
 40
1.0
 40
1.0
 40
1.0
 10
-2.4647581882268477
 20
-2.2052922099173884
 30
0.0
 10
-2.45227777975768
 20
-2.1902398253785123
 30
0.0
 10
-2.3985192635475805
 20
-2.178012398162082
 30
0.0
 10
-2.3446131749400427
 20
-2.177970234620034
 30
0.0
  0
SPLINE
  5
EF
330
17
100
AcDbEntity
  8
0
100
AcDbSpline
 70
0
 71
3
 72
8
 73
4
 74
0
 40
0.0
 40
0.0
 40
0.0
 40
0.0
 40
1.0
 40
1.0
 40
1.0
 40
1.0
 10
-2.49370345989605
 20
-2.3784157138850333
 30
0.0
 10
-2.4902038858996276
 20
-2.298178493220121
 30
0.0
 10
-2.47719643315389
 20
-2.220260267371941
 30
0.0
 10
-2.4647581882268477
 20
-2.2052922099173884
 30
0.0
  0
SPLINE
  5
F0
330
17
100
AcDbEntity
  8
0
100
AcDbSpline
 70
0
 71
3
 72
8
 73
4
 74
0
 40
0.0
 40
0.0
 40
0.0
 40
0.0
 40
1.0
 40
1.0
 40
1.0
 40
1.0
 10
-2.563273304403236
 20
-2.5384052744805103
 30
0.0
 10
-2.5012718157075904
 20
-2.5245967144344377
 30
0.0
 10
-2.499901500588509
 20
-2.521434448774926
 30
0.0
 10
-2.49370345989605
 20
-2.3784157138850333
 30
0.0
  0
SPLINE
  5
F1
330
17
100
AcDbEntity
  8
0
100
AcDbSpline
 70
0
 71
3
 72
8
 73
4
 74
0
 40
0.0
 40
0.0
 40
0.0
 40
0.0
 40
1.0
 40
1.0
 40
1.0
 40
1.0
 10
-2.702033521538479
 20
-2.5854387057215718
 30
0.0
 10
-2.660502432544796
 20
-2.567329464378645
 30
0.0
 10
-2.5980582266568284
 20
-2.546163366231667
 30
0.0
 10
-2.563273304403236
 20
-2.5384052744805103
 30
0.0
  0
SPLINE
  5
F2
330
17
100
AcDbEntity
  8
0
100
AcDbSpline
 70
0
 71
3
 72
8
 73
4
 74
0
 40
0.0
 40
0.0
 40
0.0
 40
0.0
 40
1.0
 40
1.0
 40
1.0
 40
1.0
 10
-2.891769461103533
 20
-2.632914854154933
 30
0.0
 10
-2.8289457833364366
 20
-2.624924862922171
 30
0.0
 10
-2.743564610532164
 20
-2.6035479470644987
 30
0.0
 10
-2.702033521538479
 20
-2.5854387057215718
 30
0.0
  0
SPLINE
  5
F3
330
17
100
AcDbEntity
  8
0
100
AcDbSpline
 70
0
 71
3
 72
8
 73
4
 74
0
 40
0.0
 40
0.0
 40
0.0
 40
0.0
 40
1.0
 40
1.0
 40
1.0
 40
1.0
 10
-3.047015623209873
 20
-2.7564751143538615
 30
0.0
 10
-3.06289019682015
 20
-2.671852885307999
 30
0.0
 10
-3.037233681436742
 20
-2.651445730919022
 30
0.0
 10
-2.891769461103533
 20
-2.632914854154933
 30
0.0
  0
SPLINE
  5
F4
330
17
100
AcDbEntity
  8
0
100
AcDbSpline
 70
0
 71
3
 72
8
 73
4
 74
0
 40
0.0
 40
0.0
 40
0.0
 40
0.0
 40
1.0
 40
1.0
 40
1.0
 40
1.0
 10
-3.076424693842456
 20
-2.87476493178724
 30
0.0
 10
-3.0458561258014205
 20
-2.8370707251269778
 30
0.0
 10
-3.037887216339687
 20
-2.805068596653655
 30
0.0
 10
-3.047015623209873
 20
-2.7564751143538615
 30
0.0
  0
SPLINE
  5
F5
330
17
100
AcDbEntity
  8
0
100
AcDbSpline
 70
0
 71
3
 72
8
 73
4
 74
0
 40
0.0
 40
0.0
 40
0.0
 40
0.0
 40
1.0
 40
1.0
 40
1.0
 40
1.0
 10
-3.2658444068415697
 20
-2.926457434433132
 30
0.0
 10
-3.134694709059991
 20
-2.926457434433132
 30
0.0
 10
-3.113655101539334
 20
-2.920723192704145
 30
0.0
 10
-3.076424693842456
 20
-2.87476493178724
 30
0.0
  0
SPLINE
  5
F6
330
17
100
AcDbEntity
  8
0
100
AcDbSpline
 70
0
 71
3
 72
8
 73
4
 74
0
 40
0.0
 40
0.0
 40
0.0
 40
0.0
 40
1.0
 40
1.0
 40
1.0
 40
1.0
 10
-3.4270356283876127
 20
-2.9400340949976
 30
0.0
 10
-3.4195094361182
 20
-2.9325711480412338
 30
0.0
 10
-3.34696706189116
 20
-2.926457434433132
 30
0.0
 10
-3.2658444068415697
 20
-2.926457434433132
 30
0.0
  0
SPLINE
  5
F7
330
17
100
AcDbEntity
  8
0
100
AcDbSpline
 70
0
 71
3
 72
8
 73
4
 74
0
 40
0.0
 40
0.0
 40
0.0
 40
0.0
 40
1.0
 40
1.0
 40
1.0
 40
1.0
 10
-3.6310860905042985
 20
-3.141006618538995
 30
0.0
 10
-3.628556277976764
 20
-3.011606707755618
 30
0.0
 10
-3.4347937201387175
 20
-2.947728941435571
 30
0.0
 10
-3.4270356283876127
 20
-2.9400340949976
 30
0.0
  0
SPLINE
  5
F8
330
17
100
AcDbEntity
  8
0
100
AcDbSpline
 70
0
 71
3
 72
8
 73
4
 74
0
 40
0.0
 40
0.0
 40
0.0
 40
0.0
 40
1.0
 40
1.0
 40
1.0
 40
1.0
 10
-3.5387479332493053
 20
-3.3094288875597613
 30
0.0
 10
-3.582260708722891
 20
-3.203408660884861
 30
0.0
 10
-3.6330256134420735
 20
-3.239964451907781
 30
0.0
 10
-3.6310860905042985
 20
-3.141006618538995
 30
0.0
  0
SPLINE
  5
F9
330
17
100
AcDbEntity
  8
0
100
AcDbSpline
 70
0
 71
3
 72
8
 73
4
 74
0
 40
0.0
 40
0.0
 40
0.0
 40
0.0
 40
1.0
 40
1.0
 40
1.0
 40
1.0
 10
-3.6264902644126114
 20
-3.514702092398011
 30
0.0
 10
-3.6487315328838474
 20
-3.449432929187651
 30
0.0
 10
-3.5185726783422204
 20
-3.358612659449136
 30
0.0
 10
-3.5387479332493053
 20
-3.3094288875597613
 30
0.0
  0
SPLINE
  5
FA
330
17
100
AcDbEntity
  8
0
100
AcDbSpline
 70
0
 71
3
 72
8
 73
4
 74
0
 40
0.0
 40
0.0
 40
0.0
 40
0.0
 40
1.0
 40
1.0
 40
1.0
 40
1.0
 10
-3.4604713172931882
 20
-3.6098441252042903
 30
0.0
 10
-3.5047852000671607
 20
-3.575143530034893
 30
0.0
 10
-3.604839285531132
 20
-3.578200386839171
 30
0.0
 10
-3.6264902644126114
 20
-3.514702092398011
 30
0.0
  0
SPLINE
  5
FB
330
17
100
AcDbEntity
  8
0
100
AcDbSpline
 70
0
 71
3
 72
8
 73
4
 74
0
 40
0.0
 40
0.0
 40
0.0
 40
0.0
 40
1.0
 40
1.0
 40
1.0
 40
1.0
 10
-3.4301978940470317
 20
-3.7138615836281588
 30
0.0
 10
-3.4263399299425426
 20
-3.717571975335204
 30
0.0
 10
-3.4154406543030835
 20
-3.645092846421221
 30
0.0
 10
-3.4604713172931882
 20
-3.6098441252042903
 30
0.0
  0
SPLINE
  5
FC
330
17
100
AcDbEntity
  8
0
100
AcDbSpline
 70
0
 71
3
 72
8
 73
4
 74
0
 40
0.0
 40
0.0
 40
0.0
 40
0.0
 40
1.0
 40
1.0
 40
1.0
 40
1.0
 10
-3.3038548400677676
 20
-3.728808559311574
 30
0.0
 10
-3.383417444058714
 20
-3.7387591552533195
 30
0.0
 10
-3.4481595629925232
 20
-3.696658858440969
 30
0.0
 10
-3.4301978940470317
 20
-3.7138615836281588
 30
0.0
  0
SPLINE
  5
FD
330
17
100
AcDbEntity
  8
0
100
AcDbSpline
 70
0
 71
3
 72
8
 73
4
 74
0
 40
0.0
 40
0.0
 40
0.0
 40
0.0
 40
1.0
 40
1.0
 40
1.0
 40
1.0
 10
-3.1230997349754595
 20
-3.7688639243308444
 30
0.0
 10
-3.1866401929586905
 20
-3.7219991472584297
 30
0.0
 10
-3.2091976879958697
 20
-3.7169816857453952
 30
0.0
 10
-3.3038548400677676
 20
-3.728808559311574
 30
0.0
  0
SPLINE
  5
FE
330
17
100
AcDbEntity
  8
0
100
AcDbSpline
 70
0
 71
3
 72
8
 73
4
 74
0
 40
0.0
 40
0.0
 40
0.0
 40
0.0
 40
1.0
 40
1.0
 40
1.0
 40
1.0
 10
-2.7884687828958934
 20
-3.7697282769445337
 30
0.0
 10
-2.8760635416617593
 20
-3.843430148579955
 30
0.0
 10
-3.022560768777044
 20
-3.843050676700841
 30
0.0
 10
-3.1230997349754595
 20
-3.7688639243308444
 30
0.0
  0
SPLINE
  5
FF
330
17
100
AcDbEntity
  8
0
100
AcDbSpline
 70
0
 71
3
 72
8
 73
4
 74
0
 40
0.0
 40
0.0
 40
0.0
 40
0.0
 40
1.0
 40
1.0
 40
1.0
 40
1.0
 10
-2.4563676433438597
 20
-3.7509655006986122
 30
0.0
 10
-2.6756602259389375
 20
-3.705618611142654
 30
0.0
 10
-2.7149144836578394
 20
-3.7078321971041532
 30
0.0
 10
-2.7884687828958934
 20
-3.7697282769445337
 30
0.0
  0
SPLINE
  5
100
330
17
100
AcDbEntity
  8
0
100
AcDbSpline
 70
0
 71
3
 72
8
 73
4
 74
0
 40
0.0
 40
0.0
 40
0.0
 40
0.0
 40
1.0
 40
1.0
 40
1.0
 40
1.0
 10
-2.0813018543658726
 20
-3.754802383032029
 30
0.0
 10
-2.2512841744450998
 20
-3.781428659884341
 30
0.0
 10
-2.3121050839612303
 20
-3.780796206752484
 30
0.0
 10
-2.4563676433438597
 20
-3.7509655006986122
 30
0.0
  0
SPLINE
  5
101
330
17
100
AcDbEntity
  8
0
100
AcDbSpline
 70
0
 71
3
 72
8
 73
4
 74
0
 40
0.0
 40
0.0
 40
0.0
 40
0.0
 40
1.0
 40
1.0
 40
1.0
 40
1.0
 10
-2.0197220010914814
 20
-3.783073038027169
 30
0.0
 10
-2.0320126736210855
 20
-3.764141607612828
 30
0.0
 10
-2.0597352025686453
 20
-3.751408217890912
 30
0.0
 10
-2.0813018543658726
 20
-3.754802383032029
 30
0.0
  0
SPLINE
  5
102
330
17
100
AcDbEntity
  8
0
100
AcDbSpline
 70
0
 71
3
 72
8
 73
4
 74
0
 40
0.0
 40
0.0
 40
0.0
 40
0.0
 40
1.0
 40
1.0
 40
1.0
 40
1.0
 10
-2.0998116493589976
 20
-3.9622680920608673
 30
0.0
 10
-2.018457094827714
 20
-3.8472881126845095
 30
0.0
 10
-2.0019922316276806
 20
-3.810416095095661
 30
0.0
 10
-2.0197220010914814
 20
-3.783073038027169
 30
0.0
  0
SPLINE
  5
103
330
17
100
AcDbEntity
  8
0
100
AcDbSpline
 70
0
 71
3
 72
8
 73
4
 74
0
 40
0.0
 40
0.0
 40
0.0
 40
0.0
 40
1.0
 40
1.0
 40
1.0
 40
1.0
 10
-2.2344609211369977
 20
-4.126452925097965
 30
0.0
 10
-2.216731151673197
 20
-4.115764467169129
 30
0.0
 10
-2.1561421416387563
 20
-4.0418939413650605
 30
0.0
 10
-2.0998116493589976
 20
-3.9622680920608673
 30
0.0
  0
SPLINE
  5
104
330
17
100
AcDbEntity
  8
0
100
AcDbSpline
 70
0
 71
3
 72
8
 73
4
 74
0
 40
0.0
 40
0.0
 40
0.0
 40
0.0
 40
1.0
 40
1.0
 40
1.0
 40
1.0
 10
-2.3767207122686624
 20
-4.307418847900863
 30
0.0
 10
-2.3643878761969335
 20
-4.245754667542087
 30
0.0
 10
-2.303082085946359
 20
-4.167773196380949
 30
0.0
 10
-2.2344609211369977
 20
-4.126452925097965
 30
0.0
  0
SPLINE
  5
105
330
17
100
AcDbEntity
  8
0
100
AcDbSpline
 70
0
 71
3
 72
8
 73
4
 74
0
 40
0.0
 40
0.0
 40
0.0
 40
0.0
 40
1.0
 40
1.0
 40
1.0
 40
1.0
 10
-2.6271089071813467
 20
-4.454885836484891
 30
0.0
 10
-2.4731908966519605
 20
-4.454885836484891
 30
0.0
 10
-2.3972754390548756
 20
-4.41017140006079
 30
0.0
 10
-2.3767207122686624
 20
-4.307418847900863
 30
0.0
  0
SPLINE
  5
106
330
17
100
AcDbEntity
  8
0
100
AcDbSpline
 70
0
 71
3
 72
8
 73
4
 74
0
 40
0.0
 40
0.0
 40
0.0
 40
0.0
 40
1.0
 40
1.0
 40
1.0
 40
1.0
 10
-2.771287139479724
 20
-4.486824719645028
 30
0.0
 10
-2.7621587326095387
 20
-4.463002318344024
 30
0.0
 10
-2.7255186145024206
 20
-4.454885836484891
 30
0.0
 10
-2.6271089071813467
 20
-4.454885836484891
 30
0.0
  0
SPLINE
  5
107
330
17
100
AcDbEntity
  8
0
100
AcDbSpline
 70
0
 71
3
 72
8
 73
4
 74
0
 40
0.0
 40
0.0
 40
0.0
 40
0.0
 40
1.0
 40
1.0
 40
1.0
 40
1.0
 10
-2.8367882021717925
 20
-4.539002103025496
 30
0.0
 10
-2.807505622165586
 20
-4.52787092790436
 30
0.0
 10
-2.7780333062198146
 20
-4.504385834940422
 30
0.0
 10
-2.771287139479724
 20
-4.486824719645028
 30
0.0
  0
SPLINE
  5
108
330
17
100
AcDbEntity
  8
0
100
AcDbSpline
 70
0
 71
3
 72
8
 73
4
 74
0
 40
0.0
 40
0.0
 40
0.0
 40
0.0
 40
1.0
 40
1.0
 40
1.0
 40
1.0
 10
-2.8900407558763854
 20
-4.597714835435227
 30
0.0
 10
-2.8900407558763854
 20
-4.575979529469578
 30
0.0
 10
-2.866892971249448
 20
-4.55044950471256
 30
0.0
 10
-2.8367882021717925
 20
-4.539002103025496
 30
0.0
  0
SPLINE
  5
109
330
17
100
AcDbEntity
  8
0
100
AcDbSpline
 70
0
 71
3
 72
8
 73
4
 74
0
 40
0.0
 40
0.0
 40
0.0
 40
0.0
 40
1.0
 40
1.0
 40
1.0
 40
1.0
 10
-3.006960258190583
 20
-4.68678531817568
 30
0.0
 10
-2.932225379773015
 20
-4.68678531817568
 30
0.0
 10
-2.8900407558763854
 20
-4.654656699075986
 30
0.0
 10
-2.8900407558763854
 20
-4.597714835435227
 30
0.0
  0
SPLINE
  5
10A
330
17
100
AcDbEntity
  8
0
100
AcDbSpline
 70
0
 71
3
 72
8
 73
4
 74
0
 40
0.0
 40
0.0
 40
0.0
 40
0.0
 40
1.0
 40
1.0
 40
1.0
 40
1.0
 10
-3.1450458586518177
 20
-4.723024882632444
 30
0.0
 10
-3.105580783222286
 20
-4.70310260897827
 30
0.0
 10
-3.043452803900262
 20
-4.68678531817568
 30
0.0
 10
-3.006960258190583
 20
-4.68678531817568
 30
0.0
  0
SPLINE
  5
10B
330
17
100
AcDbEntity
  8
0
100
AcDbSpline
 70
0
 71
3
 72
8
 73
4
 74
0
 40
0.0
 40
0.0
 40
0.0
 40
0.0
 40
1.0
 40
1.0
 40
1.0
 40
1.0
 10
-3.321415955363067
 20
-4.75991798199243
 30
0.0
 10
-3.26388380213273
 20
-4.759559591884226
 30
0.0
 10
-3.1845109340813496
 20
-4.742947156286846
 30
0.0
 10
-3.1450458586518177
 20
-4.723024882632444
 30
0.0
  0
SPLINE
  5
10C
330
17
100
AcDbEntity
  8
0
100
AcDbSpline
 70
0
 71
3
 72
8
 73
4
 74
0
 40
0.0
 40
0.0
 40
0.0
 40
0.0
 40
1.0
 40
1.0
 40
1.0
 40
1.0
 10
-3.446220040054747
 20
-4.830921386931777
 30
0.0
 10
-3.4268669742191116
 20
-4.7634808013019665
 30
0.0
 10
-3.421701940308729
 20
-4.760550435124287
 30
0.0
 10
-3.321415955363067
 20
-4.75991798199243
 30
0.0
  0
SPLINE
  5
10D
330
17
100
AcDbEntity
  8
0
100
AcDbSpline
 70
0
 71
3
 72
8
 73
4
 74
0
 40
0.0
 40
0.0
 40
0.0
 40
0.0
 40
1.0
 40
1.0
 40
1.0
 40
1.0
 10
-3.5747345164534767
 20
-4.952963759614249
 30
0.0
 10
-3.5637298319587045
 20
-4.904370277314683
 30
0.0
 10
-3.4600918454140586
 20
-4.879261887978828
 30
0.0
 10
-3.446220040054747
 20
-4.830921386931777
 30
0.0
  0
SPLINE
  5
10E
330
17
100
AcDbEntity
  8
0
100
AcDbSpline
 70
0
 71
3
 72
8
 73
4
 74
0
 40
0.0
 40
0.0
 40
0.0
 40
0.0
 40
1.0
 40
1.0
 40
1.0
 40
1.0
 10
-3.693024333886756
 20
-5.1069450154568585
 30
0.0
 10
-3.7057998871508033
 20
-5.036447573022997
 30
0.0
 10
-3.58059524880893
 20
-4.978852174479471
 30
0.0
 10
-3.5747345164534767
 20
-4.952963759614249
 30
0.0
  0
SPLINE
  5
10F
330
17
100
AcDbEntity
  8
0
100
AcDbSpline
 70
0
 71
3
 72
8
 73
4
 74
0
 40
0.0
 40
0.0
 40
0.0
 40
0.0
 40
1.0
 40
1.0
 40
1.0
 40
1.0
 10
-3.4764512997587778
 20
-5.2815020798566366
 30
0.0
 10
-3.5168439731150727
 20
-5.288121755970451
 30
0.0
 10
-3.686973865591738
 20
-5.140296377278219
 30
0.0
 10
-3.693024333886756
 20
-5.1069450154568585
 30
0.0
  0
SPLINE
  5
110
330
17
100
AcDbEntity
  8
0
100
AcDbSpline
 70
0
 71
3
 72
8
 73
4
 74
0
 40
0.0
 40
0.0
 40
0.0
 40
0.0
 40
1.0
 40
1.0
 40
1.0
 40
1.0
 10
-3.034619541824956
 20
-5.274123459984821
 30
0.0
 10
-3.0431998226475088
 20
-5.210835983254356
 30
0.0
 10
-3.3435518149789902
 20
-5.259703528577802
 30
0.0
 10
-3.4764512997587778
 20
-5.2815020798566366
 30
0.0
  0
SPLINE
  5
111
330
17
100
AcDbEntity
  8
0
100
AcDbSpline
 70
0
 71
3
 72
8
 73
4
 74
0
 40
0.0
 40
0.0
 40
0.0
 40
0.0
 40
1.0
 40
1.0
 40
1.0
 40
1.0
 10
-2.90121409453966
 20
-5.365997818276355
 30
0.0
 10
-2.821672572319777
 20
-5.335724395030184
 30
0.0
 10
-3.0294334261435116
 20
-5.312365792692617
 30
0.0
 10
-3.034619541824956
 20
-5.274123459984821
 30
0.0
  0
SPLINE
  5
112
330
17
100
AcDbEntity
  8
0
100
AcDbSpline
 70
0
 71
3
 72
8
 73
4
 74
0
 40
0.0
 40
0.0
 40
0.0
 40
0.0
 40
1.0
 40
1.0
 40
1.0
 40
1.0
 10
-3.1876731997407655
 20
-5.388133677892256
 30
0.0
 10
-3.097907018555433
 20
-5.3677686870455545
 30
0.0
 10
-2.952506043535414
 20
-5.385519538280505
 30
0.0
 10
-2.90121409453966
 20
-5.365997818276355
 30
0.0
  0
SPLINE
  5
113
330
17
100
AcDbEntity
  8
0
100
AcDbSpline
 70
0
 71
3
 72
8
 73
4
 74
0
 40
0.0
 40
0.0
 40
0.0
 40
0.0
 40
1.0
 40
1.0
 40
1.0
 40
1.0
 10
-3.428680006530511
 20
-5.522234823622739
 30
0.0
 10
-3.3414014743305867
 20
-5.474674348105054
 30
0.0
 10
-3.2911214503458455
 20
-5.411618770856194
 30
0.0
 10
-3.1876731997407655
 20
-5.388133677892256
 30
0.0
  0
SPLINE
  5
114
330
17
100
AcDbEntity
  8
0
100
AcDbSpline
 70
0
 71
3
 72
8
 73
4
 74
0
 40
0.0
 40
0.0
 40
0.0
 40
0.0
 40
1.0
 40
1.0
 40
1.0
 40
1.0
 10
-3.7804926020262464
 20
-5.671620253373476
 30
0.0
 10
-3.8018273543417838
 20
-5.627728006020789
 30
0.0
 10
-3.5737858367556505
 20
-5.601291465108034
 30
0.0
 10
-3.428680006530511
 20
-5.522234823622739
 30
0.0
  0
SPLINE
  5
115
330
17
100
AcDbEntity
  8
0
100
AcDbSpline
 70
0
 71
3
 72
8
 73
4
 74
0
 40
0.0
 40
0.0
 40
0.0
 40
0.0
 40
1.0
 40
1.0
 40
1.0
 40
1.0
 10
-4.018611206180389
 20
-5.961199460691887
 30
0.0
 10
-4.081708946971301
 20
-5.905965220507369
 30
0.0
 10
-3.765714280511235
 20
-5.701999085475109
 30
0.0
 10
-3.7804926020262464
 20
-5.671620253373476
 30
0.0
  0
SPLINE
  5
116
330
17
100
AcDbEntity
  8
0
100
AcDbSpline
 70
0
 71
3
 72
8
 73
4
 74
0
 40
0.0
 40
0.0
 40
0.0
 40
0.0
 40
1.0
 40
1.0
 40
1.0
 40
1.0
 10
-3.759853548155781
 20
-6.154540383108724
 30
0.0
 10
-3.7879133854403464
 20
-6.135039744875712
 30
0.0
 10
-3.955576710702666
 20
-6.016391537334357
 30
0.0
 10
-4.018611206180389
 20
-5.961199460691887
 30
0.0
  0
SPLINE
  5
117
330
17
100
AcDbEntity
  8
0
100
AcDbSpline
 70
0
 71
3
 72
8
 73
4
 74
0
 40
0.0
 40
0.0
 40
0.0
 40
0.0
 40
1.0
 40
1.0
 40
1.0
 40
1.0
 10
-3.5366397561430265
 20
-6.1995921278698916
 30
0.0
 10
-3.603426806869926
 20
-6.1884609527487555
 30
0.0
 10
-3.729348225427933
 20
-6.175748644797977
 30
0.0
 10
-3.759853548155781
 20
-6.154540383108724
 30
0.0
  0
SPLINE
  5
118
330
17
100
AcDbEntity
  8
0
100
AcDbSpline
 70
0
 71
3
 72
8
 73
4
 74
0
 40
0.0
 40
0.0
 40
0.0
 40
0.0
 40
1.0
 40
1.0
 40
1.0
 40
1.0
 10
-3.2233857199211227
 20
-6.0873316969605185
 30
0.0
 10
-3.2948318420528966
 20
-6.108750776360466
 30
0.0
 10
-3.4304508752997847
 20
-6.217300815562567
 30
0.0
 10
-3.5366397561430265
 20
-6.1995921278698916
 30
0.0
  0
SPLINE
  5
119
330
17
100
AcDbEntity
  8
0
100
AcDbSpline
 70
0
 71
3
 72
8
 73
4
 74
0
 40
0.0
 40
0.0
 40
0.0
 40
0.0
 40
1.0
 40
1.0
 40
1.0
 40
1.0
 10
-3.0498616623033494
 20
-5.917012068544409
 30
0.0
 10
-3.0940912179930686
 20
-5.888024633333089
 30
0.0
 10
-3.1560294613755286
 20
-6.067156442053374
 30
0.0
 10
-3.2233857199211227
 20
-6.0873316969605185
 30
0.0
  0
SPLINE
  5
11A
330
17
100
AcDbEntity
  8
0
100
AcDbSpline
 70
0
 71
3
 72
8
 73
4
 74
0
 40
0.0
 40
0.0
 40
0.0
 40
0.0
 40
1.0
 40
1.0
 40
1.0
 40
1.0
 10
-2.8101830070905596
 20
-5.898987154285578
 30
0.0
 10
-2.926027339080557
 20
-5.9606513346443535
 30
0.0
 10
-2.9773614516184352
 20
-5.9645092987486805
 30
0.0
 10
-3.0498616623033494
 20
-5.917012068544409
 30
0.0
  0
SPLINE
  5
11B
330
17
100
AcDbEntity
  8
0
100
AcDbSpline
 70
0
 71
3
 72
8
 73
4
 74
0
 40
0.0
 40
0.0
 40
0.0
 40
0.0
 40
1.0
 40
1.0
 40
1.0
 40
1.0
 10
-2.656307160103301
 20
-5.846282726628715
 30
0.0
 10
-2.686496256265208
 20
-5.846282726628715
 30
0.0
 10
-2.7557287924353906
 20
-5.869999719074258
 30
0.0
 10
-2.8101830070905596
 20
-5.898987154285578
 30
0.0
  0
SPLINE
  5
11C
330
17
100
AcDbEntity
  8
0
100
AcDbSpline
 70
0
 71
3
 72
8
 73
4
 74
0
 40
0.0
 40
0.0
 40
0.0
 40
0.0
 40
1.0
 40
1.0
 40
1.0
 40
1.0
 10
-2.5636527762823658
 20
-5.804540819924341
 30
0.0
 10
-2.5844183207792075
 20
-5.827498868611656
 30
0.0
 10
-2.626118063941395
 20
-5.846282726628715
 30
0.0
 10
-2.656307160103301
 20
-5.846282726628715
 30
0.0
  0
SPLINE
  5
11D
330
17
100
AcDbEntity
  8
0
100
AcDbSpline
 70
0
 71
3
 72
8
 73
4
 74
0
 40
0.0
 40
0.0
 40
0.0
 40
0.0
 40
1.0
 40
1.0
 40
1.0
 40
1.0
 10
-2.449705803688021
 20
-5.750487158919441
 30
0.0
 10
-2.4915952827897723
 20
-5.757254407430537
 30
0.0
 10
-2.5428661500144605
 20
-5.781561689465889
 30
0.0
 10
-2.5636527762823658
 20
-5.804540819924341
 30
0.0
  0
SPLINE
  5
11E
330
17
100
AcDbEntity
  8
0
100
AcDbSpline
 70
0
 71
3
 72
8
 73
4
 74
0
 40
0.0
 40
0.0
 40
0.0
 40
0.0
 40
1.0
 40
1.0
 40
1.0
 40
1.0
 10
-2.187216672185299
 20
-5.6761949976942105
 30
0.0
 10
-2.2696042334986575
 20
-5.7605642454873305
 30
0.0
 10
-2.307424930785292
 20
-5.7275080284609885
 30
0.0
 10
-2.449705803688021
 20
-5.750487158919441
 30
0.0
  0
SPLINE
  5
11F
330
17
100
AcDbEntity
  8
0
100
AcDbSpline
 70
0
 71
3
 72
8
 73
4
 74
0
 40
0.0
 40
0.0
 40
0.0
 40
0.0
 40
1.0
 40
1.0
 40
1.0
 40
1.0
 10
-2.0108676572451127
 20
-5.7192228924332085
 30
0.0
 10
-1.9896172320138272
 20
-5.6311643347039535
 30
0.0
 10
-2.0877528763110855
 20
-5.574348961689793
 30
0.0
 10
-2.187216672185299
 20
-5.6761949976942105
 30
0.0
  0
SPLINE
  5
120
330
17
100
AcDbEntity
  8
0
100
AcDbSpline
 70
0
 71
3
 72
8
 73
4
 74
0
 40
0.0
 40
0.0
 40
0.0
 40
0.0
 40
1.0
 40
1.0
 40
1.0
 40
1.0
 10
-2.1095514275900036
 20
-5.856380894967742
 30
0.0
 10
-2.032139164247461
 20
-5.7807605821656125
 30
0.0
 10
-2.053579325418313
 20
-5.896141115192222
 30
0.0
 10
-2.0108676572451127
 20
-5.7192228924332085
 30
0.0
  0
SPLINE
  5
121
330
17
100
AcDbEntity
  8
0
100
AcDbSpline
 70
0
 71
3
 72
8
 73
4
 74
0
 40
0.0
 40
0.0
 40
0.0
 40
0.0
 40
1.0
 40
1.0
 40
1.0
 40
1.0
 10
-2.1943423108045206
 20
-6.007431784632672
 30
0.0
 10
-2.1943423108045206
 20
-5.955507382504948
 30
0.0
 10
-2.174040565271058
 20
-5.9193521451322795
 30
0.0
 10
-2.1095514275900036
 20
-5.856380894967742
 30
0.0
  0
SPLINE
  5
122
330
17
100
AcDbEntity
  8
0
100
AcDbSpline
 70
0
 71
3
 72
8
 73
4
 74
0
 40
0.0
 40
0.0
 40
0.0
 40
0.0
 40
1.0
 40
1.0
 40
1.0
 40
1.0
 10
-2.173260539741736
 20
-6.088723093850604
 30
0.0
 10
-2.184855513826268
 20
-6.081555291689256
 30
0.0
 10
-2.1943423108045206
 20
-6.044978418895425
 30
0.0
 10
-2.1943423108045206
 20
-6.007431784632672
 30
0.0
  0
SPLINE
  5
123
330
17
100
AcDbEntity
  8
0
100
AcDbSpline
 70
0
 71
3
 72
8
 73
4
 74
0
 40
0.0
 40
0.0
 40
0.0
 40
0.0
 40
1.0
 40
1.0
 40
1.0
 40
1.0
 10
-2.1725015959834764
 20
-6.308648129577705
 30
0.0
 10
-2.145812073817992
 20
-6.258789741014198
 30
0.0
 10
-2.146339118094562
 20
-6.105356611219349
 30
0.0
 10
-2.173260539741736
 20
-6.088723093850604
 30
0.0
  0
SPLINE
  5
124
330
17
100
AcDbEntity
  8
0
100
AcDbSpline
 70
0
 71
3
 72
8
 73
4
 74
0
 40
0.0
 40
0.0
 40
0.0
 40
0.0
 40
1.0
 40
1.0
 40
1.0
 40
1.0
 10
-2.277910451297395
 20
-6.3602141415972255
 30
0.0
 10
-2.228009899191786
 20
-6.352245232135601
 30
0.0
 10
-2.1844127966339486
 20
-6.330910479819977
 30
0.0
 10
-2.1725015959834764
 20
-6.308648129577705
 30
0.0
  0
SPLINE
  5
125
330
17
100
AcDbEntity
  8
0
100
AcDbSpline
 70
0
 71
3
 72
8
 73
4
 74
0
 40
0.0
 40
0.0
 40
0.0
 40
0.0
 40
1.0
 40
1.0
 40
1.0
 40
1.0
 10
-2.341240091569998
 20
-6.480021846547061
 30
0.0
 10
-2.3824338722266774
 20
-6.403031218625756
 30
0.0
 10
-2.367360405916786
 20
-6.374528664148784
 30
0.0
 10
-2.277910451297395
 20
-6.3602141415972255
 30
0.0
  0
SPLINE
  5
126
330
17
100
AcDbEntity
  8
0
100
AcDbSpline
 70
0
 71
3
 72
8
 73
4
 74
0
 40
0.0
 40
0.0
 40
0.0
 40
0.0
 40
1.0
 40
1.0
 40
1.0
 40
1.0
 10
-2.3886740764612613
 20
-6.562873206823724
 30
0.0
 10
-2.3303408159305388
 20
-6.527329340812003
 30
0.0
 10
-2.3228778689743126
 20
-6.5143008062950685
 30
0.0
 10
-2.341240091569998
 20
-6.480021846547061
 30
0.0
  0
SPLINE
  5
127
330
17
100
AcDbEntity
  8
0
100
AcDbSpline
 70
0
 71
3
 72
8
 73
4
 74
0
 40
0.0
 40
0.0
 40
0.0
 40
0.0
 40
1.0
 40
1.0
 40
1.0
 40
1.0
 10
-2.5443207922177944
 20
-6.605142157804721
 30
0.0
 10
-2.4950737750151304
 20
-6.605099994262446
 30
0.0
 10
-2.428075906577604
 20
-6.586906425835423
 30
0.0
 10
-2.3886740764612613
 20
-6.562873206823724
 30
0.0
  0
SPLINE
  5
128
330
17
100
AcDbEntity
  8
0
100
AcDbSpline
 70
0
 71
3
 72
8
 73
4
 74
0
 40
0.0
 40
0.0
 40
0.0
 40
0.0
 40
1.0
 40
1.0
 40
1.0
 40
1.0
 10
-2.793844634516903
 20
-6.671085937688986
 30
0.0
 10
-2.7579212966259186
 20
-6.638472437854944
 30
0.0
 10
-2.6321263686942884
 20
-6.605226484888817
 30
0.0
 10
-2.5443207922177944
 20
-6.605142157804721
 30
0.0
  0
SPLINE
  5
129
330
17
100
AcDbEntity
  8
0
100
AcDbSpline
 70
0
 71
3
 72
8
 73
4
 74
0
 40
0.0
 40
0.0
 40
0.0
 40
0.0
 40
1.0
 40
1.0
 40
1.0
 40
1.0
 10
-2.8087916102004167
 20
-6.782376607129436
 30
0.0
 10
-2.8114479133543266
 20
-6.73102141282061
 30
0.0
 10
-2.804722828385298
 20
-6.680952206546408
 30
0.0
 10
-2.793844634516903
 20
-6.671085937688986
 30
0.0
  0
SPLINE
  5
12A
330
17
100
AcDbEntity
  8
0
100
AcDbSpline
 70
0
 71
3
 72
8
 73
4
 74
0
 40
0.0
 40
0.0
 40
0.0
 40
0.0
 40
1.0
 40
1.0
 40
1.0
 40
1.0
 10
-2.9188806186902734
 20
-6.922359566986415
 30
0.0
 10
-2.814694506097995
 20
-6.896450070350284
 30
0.0
 10
-2.8036054945189712
 20
-6.882346365509193
 30
0.0
 10
-2.8087916102004167
 20
-6.782376607129436
 30
0.0
  0
SPLINE
  5
12B
330
17
100
AcDbEntity
  8
0
100
AcDbSpline
 70
0
 71
3
 72
8
 73
4
 74
0
 40
0.0
 40
0.0
 40
0.0
 40
0.0
 40
1.0
 40
1.0
 40
1.0
 40
1.0
 10
-3.1535628941611824
 20
-6.981936652009836
 30
0.0
 10
-3.060803101484934
 20
-6.958198577793155
 30
0.0
 10
-2.95520451023145
 20
-6.931403646772196
 30
0.0
 10
-2.9188806186902734
 20
-6.922359566986415
 30
0.0
  0
SPLINE
  5
12C
330
17
100
AcDbEntity
  8
0
100
AcDbSpline
 70
0
 71
3
 72
8
 73
4
 74
0
 40
0.0
 40
0.0
 40
0.0
 40
0.0
 40
1.0
 40
1.0
 40
1.0
 40
1.0
 10
-3.3854623758518034
 20
-7.0312258327546715
 30
0.0
 10
-3.350677453598211
 20
-7.027852749384465
 30
0.0
 10
-3.2463226868374306
 20
-7.0056536444553785
 30
0.0
 10
-3.1535628941611824
 20
-6.981936652009836
 30
0.0
  0
SPLINE
  5
12D
330
17
100
AcDbEntity
  8
0
100
AcDbSpline
 70
0
 71
3
 72
8
 73
4
 74
0
 40
0.0
 40
0.0
 40
0.0
 40
0.0
 40
1.0
 40
1.0
 40
1.0
 40
1.0
 10
-3.5521348578741727
 20
-7.200132982509558
 30
0.0
 10
-3.5587334522168237
 20
-7.154933665351109
 30
0.0
 10
-3.439705772796347
 20
-7.036517357291359
 30
0.0
 10
-3.3854623758518034
 20
-7.0312258327546715
 30
0.0
  0
SPLINE
  5
12E
330
17
100
AcDbEntity
  8
0
100
AcDbSpline
 70
0
 71
3
 72
8
 73
4
 74
0
 40
0.0
 40
0.0
 40
0.0
 40
0.0
 40
1.0
 40
1.0
 40
1.0
 40
1.0
 10
-3.8939336121150863
 20
-7.383270327731907
 30
0.0
 10
-3.92599898590158
 20
-7.293567391859824
 30
0.0
 10
-3.5498580265993915
 20
-7.215649166011872
 30
0.0
 10
-3.5521348578741727
 20
-7.200132982509558
 30
0.0
  0
SPLINE
  5
12F
330
17
100
AcDbEntity
  8
0
100
AcDbSpline
 70
0
 71
3
 72
8
 73
4
 74
0
 40
0.0
 40
0.0
 40
0.0
 40
0.0
 40
1.0
 40
1.0
 40
1.0
 40
1.0
 10
-4.131714907932224
 20
-7.577243703280601
 30
0.0
 10
-4.2196891385772215
 20
-7.506999242099482
 30
0.0
 10
-3.876182760880222
 20
-7.432896816813809
 30
0.0
 10
-3.8939336121150863
 20
-7.383270327731907
 30
0.0
  0
SPLINE
  5
130
330
17
100
AcDbEntity
  8
0
100
AcDbSpline
 70
0
 71
3
 72
8
 73
4
 74
0
 40
0.0
 40
0.0
 40
0.0
 40
0.0
 40
1.0
 40
1.0
 40
1.0
 40
1.0
 10
-4.23891571378648
 20
-7.848165543208552
 30
0.0
 10
-4.239400594520924
 20
-7.798412563500278
 30
0.0
 10
-4.081519211031736
 20
-7.617320150071009
 30
0.0
 10
-4.131714907932224
 20
-7.577243703280601
 30
0.0
  0
SPLINE
  5
131
330
17
100
AcDbEntity
  8
0
100
AcDbSpline
 70
0
 71
3
 72
8
 73
4
 74
0
 40
0.0
 40
0.0
 40
0.0
 40
0.0
 40
1.0
 40
1.0
 40
1.0
 40
1.0
 10
-3.856513468478645
 20
-7.932724526941229
 30
0.0
 10
-4.128932114151937
 20
-7.968373801808411
 30
0.0
 10
-4.2382621788835335
 20
-7.915711537693596
 30
0.0
 10
-4.23891571378648
 20
-7.848165543208552
 30
0.0
  0
SPLINE
  5
132
330
17
100
AcDbEntity
  8
0
100
AcDbSpline
 70
0
 71
3
 72
8
 73
4
 74
0
 40
0.0
 40
0.0
 40
0.0
 40
0.0
 40
1.0
 40
1.0
 40
1.0
 40
1.0
 10
-3.6402144973744828
 20
-8.081772648355127
 30
0.0
 10
-3.669644649778129
 20
-8.007543732443082
 30
0.0
 10
-3.7098686689659206
 20
-7.913519033503235
 30
0.0
 10
-3.856513468478645
 20
-7.932724526941229
 30
0.0
  0
SPLINE
  5
133
330
17
100
AcDbEntity
  8
0
100
AcDbSpline
 70
0
 71
3
 72
8
 73
4
 74
0
 40
0.0
 40
0.0
 40
0.0
 40
0.0
 40
1.0
 40
1.0
 40
1.0
 40
1.0
 10
-3.384281796672288
 20
-8.24252115270906
 30
0.0
 10
-3.40095747758295
 20
-8.230335889034677
 30
0.0
 10
-3.6045441407362526
 20
-8.171686401937905
 30
0.0
 10
-3.6402144973744828
 20
-8.081772648355127
 30
0.0
  0
SPLINE
  5
134
330
17
100
AcDbEntity
  8
0
100
AcDbSpline
 70
0
 71
3
 72
8
 73
4
 74
0
 40
0.0
 40
0.0
 40
0.0
 40
0.0
 40
1.0
 40
1.0
 40
1.0
 40
1.0
 10
-3.2103150218621965
 20
-8.228185548386364
 30
0.0
 10
-3.277207481444409
 20
-8.277622301528481
 30
0.0
 10
-3.330291380980498
 20
-8.282007309909432
 30
0.0
 10
-3.384281796672288
 20
-8.24252115270906
 30
0.0
  0
SPLINE
  5
135
330
17
100
AcDbEntity
  8
0
100
AcDbSpline
 70
0
 71
3
 72
8
 73
4
 74
0
 40
0.0
 40
0.0
 40
0.0
 40
0.0
 40
1.0
 40
1.0
 40
1.0
 40
1.0
 10
-3.00913168061005
 20
-8.172276691527713
 30
0.0
 10
-3.1034304425738823
 20
-8.181067790060979
 30
0.0
 10
-3.172599733430876
 20
-8.20029436527011
 30
0.0
 10
-3.2103150218621965
 20
-8.228185548386364
 30
0.0
  0
SPLINE
  5
136
330
17
100
AcDbEntity
  8
0
100
AcDbSpline
 70
0
 71
3
 72
8
 73
4
 74
0
 40
0.0
 40
0.0
 40
0.0
 40
0.0
 40
1.0
 40
1.0
 40
1.0
 40
1.0
 10
-2.8142307071346147
 20
-8.077746030082153
 30
0.0
 10
-2.863519887879403
 20
-8.155811828327614
 30
0.0
 10
-2.8708141806671263
 20
-8.15935356586624
 30
0.0
 10
-3.00913168061005
 20
-8.172276691527713
 30
0.0
  0
SPLINE
  5
137
330
17
100
AcDbEntity
  8
0
100
AcDbSpline
 70
0
 71
3
 72
8
 73
4
 74
0
 40
0.0
 40
0.0
 40
0.0
 40
0.0
 40
1.0
 40
1.0
 40
1.0
 40
1.0
 10
-2.651648088698426
 20
-8.062693645543504
 30
0.0
 10
-2.7192573284967736
 20
-7.976321629499125
 30
0.0
 10
-2.7521238095836544
 20
-7.979357404532266
 30
0.0
 10
-2.8142307071346147
 20
-8.077746030082153
 30
0.0
  0
SPLINE
  5
138
330
17
100
AcDbEntity
  8
0
100
AcDbSpline
 70
0
 71
3
 72
8
 73
4
 74
0
 40
0.0
 40
0.0
 40
0.0
 40
0.0
 40
1.0
 40
1.0
 40
1.0
 40
1.0
 10
-2.5289100175708983
 20
-8.115334827887182
 30
0.0
 10
-2.591122323977174
 20
-8.127098456140175
 30
0.0
 10
-2.60638552622663
 20
-8.120542025339773
 30
0.0
 10
-2.651648088698426
 20
-8.062693645543504
 30
0.0
  0
SPLINE
  5
139
330
17
100
AcDbEntity
  8
0
100
AcDbSpline
 70
0
 71
3
 72
8
 73
4
 74
0
 40
0.0
 40
0.0
 40
0.0
 40
0.0
 40
1.0
 40
1.0
 40
1.0
 40
1.0
 10
-2.1222215719987365
 20
-7.833239649296047
 30
0.0
 10
-2.2469413296061655
 20
-7.968162984097944
 30
0.0
 10
-2.4330090410062963
 20
-8.097246668315393
 30
0.0
 10
-2.5289100175708983
 20
-8.115334827887182
 30
0.0
  0
SPLINE
  5
13A
330
17
100
AcDbEntity
  8
0
100
AcDbSpline
 70
0
 71
3
 72
8
 73
4
 74
0
 40
0.0
 40
0.0
 40
0.0
 40
0.0
 40
1.0
 40
1.0
 40
1.0
 40
1.0
 10
-1.9330759220234413
 20
-7.755911713037676
 30
0.0
 10
-1.956244788421441
 20
-7.695512438942842
 30
0.0
 10
-2.0184149312855895
 20
-7.720937054844626
 30
0.0
 10
-2.1222215719987365
 20
-7.833239649296047
 30
0.0
  0
SPLINE
  5
13B
330
17
100
AcDbEntity
  8
0
100
AcDbSpline
 70
0
 71
3
 72
8
 73
4
 74
0
 40
0.0
 40
0.0
 40
0.0
 40
0.0
 40
1.0
 40
1.0
 40
1.0
 40
1.0
 10
-1.9342565012029564
 20
-8.83557245447605
 30
0.0
 10
-1.91686404007616
 20
-8.299083544470477
 30
0.0
 10
-1.9163159140285275
 20
-7.799550979137848
 30
0.0
 10
-1.9330759220234413
 20
-7.755911713037676
 30
0.0
  0
LINE
  5
13C
330
17
100
AcDbEntity
  8
0
100
AcDbLine
 10
-1.948107224791205
 20
-9.26340591642429
 30
0.0
 11
-1.934256501202957
 21
-8.83557245447605
 31
0.0
  0
LINE
  5
13D
330
17
100
AcDbEntity
  8
0
100
AcDbLine
 10
-2.0975769816263434
 20
-9.366327122752864
 30
0.0
 11
-1.9481072247912046
 21
-9.26340591642429
 31
0.0
  0
SPLINE
  5
13E
330
17
100
AcDbEntity
  8
0
100
AcDbSpline
 70
0
 71
3
 72
8
 73
4
 74
0
 40
0.0
 40
0.0
 40
0.0
 40
0.0
 40
1.0
 40
1.0
 40
1.0
 40
1.0
 10
-2.3629964793067897
 20
-9.609484270190933
 30
0.0
 10
-2.3629964793067897
 20
-9.555894408149243
 30
0.0
 10
-2.333060364397637
 20
-9.528467023996654
 30
0.0
 10
-2.0975769816263434
 20
-9.366327122752864
 30
0.0
  0
SPLINE
  5
13F
330
17
100
AcDbEntity
  8
0
100
AcDbSpline
 70
0
 71
3
 72
8
 73
4
 74
0
 40
0.0
 40
0.0
 40
0.0
 40
0.0
 40
1.0
 40
1.0
 40
1.0
 40
1.0
 10
-2.0904935065492474
 20
-9.785833285131048
 30
0.0
 10
-2.192550360264183
 20
-9.793190823231953
 30
0.0
 10
-2.3629964793067897
 20
-9.682890997031564
 30
0.0
 10
-2.3629964793067897
 20
-9.609484270190933
 30
0.0
  0
SPLINE
  5
140
330
17
100
AcDbEntity
  8
0
100
AcDbSpline
 70
0
 71
3
 72
8
 73
4
 74
0
 40
0.0
 40
0.0
 40
0.0
 40
0.0
 40
1.0
 40
1.0
 40
1.0
 40
1.0
 10
-1.9624428291138982
 20
-9.931065605982667
 30
0.0
 10
-1.9624428291138982
 20
-9.796606070144207
 30
0.0
 10
-1.9790341829403082
 20
-9.7777800485851
 30
0.0
 10
-2.0904935065492474
 20
-9.785833285131048
 30
0.0
  0
LINE
  5
141
330
17
100
AcDbEntity
  8
0
100
AcDbLine
 10
-1.9624428291138982
 20
-10.049987876547675
 30
0.0
 11
-1.9624428291138982
 21
-9.93106560598244
 31
0.0
  0
LINE
  5
142
330
17
100
AcDbEntity
  8
0
100
AcDbLine
 10
-2.122579962106804
 20
-10.199605205780244
 30
0.0
 11
-1.9624428291138982
 21
-10.049987876547675
 31
0.0
  0
LINE
  5
143
330
17
100
AcDbEntity
  8
0
100
AcDbLine
 10
-2.282738176870772
 20
-10.349201453241903
 30
0.0
 11
-2.122579962106804
 21
-10.199605205780472
 31
0.0
  0
LINE
  5
144
330
17
100
AcDbEntity
  8
0
100
AcDbLine
 10
-2.2014890311948037
 20
-10.422608180082534
 30
0.0
 11
-2.282738176870772
 21
-10.349201453241903
 31
0.0
  0
SPLINE
  5
145
330
17
100
AcDbEntity
  8
0
100
AcDbSpline
 70
0
 71
3
 72
8
 73
4
 74
0
 40
0.0
 40
0.0
 40
0.0
 40
0.0
 40
1.0
 40
1.0
 40
1.0
 40
1.0
 10
-2.055033967621645
 20
-10.522999573883453
 30
0.0
 10
-2.090915141970503
 20
-10.508158007055272
 30
0.0
 10
-2.156816758312765
 20
-10.462979771667733
 30
0.0
 10
-2.2014890311948037
 20
-10.422608180082534
 30
0.0
  0
LINE
  5
146
330
17
100
AcDbEntity
  8
0
100
AcDbLine
 10
-1.9898280497244545
 20
-10.550026404386017
 30
0.0
 11
-2.055033967621645
 21
-10.522999573883453
 31
0.0
  0
LINE
  5
147
330
17
100
AcDbEntity
  8
0
100
AcDbLine
 10
-1.9799406990960082
 20
-11.102157988520275
 30
0.0
 11
-1.9898280497244545
 21
-10.550026404386017
 31
0.0
  0
SPLINE
  5
148
330
17
100
AcDbEntity
  8
0
100
AcDbSpline
 70
0
 71
3
 72
8
 73
4
 74
0
 40
0.0
 40
0.0
 40
0.0
 40
0.0
 40
1.0
 40
1.0
 40
1.0
 40
1.0
 10
-1.9820699579733492
 20
-12.038504850273739
 30
0.0
 10
-1.975450281859636
 20
-11.827202258911484
 30
0.0
 10
-1.9745016021618103
 20
-11.40584090067955
 30
0.0
 10
-1.9799406990960082
 20
-11.102157988520275
 30
0.0
  0
SPLINE
  5
149
330
17
100
AcDbEntity
  8
0
100
AcDbSpline
 70
0
 71
3
 72
8
 73
4
 74
0
 40
0.0
 40
0.0
 40
0.0
 40
0.0
 40
1.0
 40
1.0
 40
1.0
 40
1.0
 10
-2.0399605013117554
 20
-12.468551898183478
 30
0.0
 10
-1.997185587825367
 20
-12.425840230010408
 30
0.0
 10
-1.9932432966366265
 20
-12.39653656823316
 30
0.0
 10
-1.9820699579733492
 20
-12.038504850273739
 30
0.0
  0
LINE
  5
14A
330
17
100
AcDbEntity
  8
0
100
AcDbLine
 10
-2.085855516915434
 20
-12.514404750245149
 30
0.0
 11
-2.0399605013117554
 21
-12.468551898183705
 31
0.0
  0
LINE
  5
14B
330
17
100
AcDbEntity
  8
0
100
AcDbLine
 10
-2.2191555553454174
 20
-12.465094487729175
 30
0.0
 11
-2.085855516915434
 21
-12.514404750244921
 31
0.0
  0
SPLINE
  5
14C
330
17
100
AcDbEntity
  8
0
100
AcDbSpline
 70
0
 71
3
 72
8
 73
4
 74
0
 40
0.0
 40
0.0
 40
0.0
 40
0.0
 40
1.0
 40
1.0
 40
1.0
 40
1.0
 10
-2.41570090696375
 20
-12.373726091943126
 30
0.0
 10
-2.380915984710157
 20
-12.396873876569998
 30
0.0
 10
-2.292477955101778
 20
-12.437983330142515
 30
0.0
 10
-2.2191555553454174
 20
-12.465094487729175
 30
0.0
  0
SPLINE
  5
14D
330
17
100
AcDbEntity
  8
0
100
AcDbSpline
 70
0
 71
3
 72
8
 73
4
 74
0
 40
0.0
 40
0.0
 40
0.0
 40
0.0
 40
1.0
 40
1.0
 40
1.0
 40
1.0
 10
-2.536077819732245
 20
-12.29340454419389
 30
0.0
 10
-2.504644899077634
 20
-12.314465233485635
 30
0.0
 10
-2.4504858292173424
 20
-12.350599389087165
 30
0.0
 10
-2.41570090696375
 20
-12.373726091943126
 30
0.0
  0
SPLINE
  5
14E
330
17
100
AcDbEntity
  8
0
100
AcDbSpline
 70
0
 71
3
 72
8
 73
4
 74
0
 40
0.0
 40
0.0
 40
0.0
 40
0.0
 40
1.0
 40
1.0
 40
1.0
 40
1.0
 10
-2.6459981740535987
 20
-12.255141129714957
 30
0.0
 10
-2.6169474935290835
 20
-12.255141129714957
 30
0.0
 10
-2.5674896586157923
 20
-12.272364936673284
 30
0.0
 10
-2.536077819732245
 20
-12.29340454419389
 30
0.0
  0
SPLINE
  5
14F
330
17
100
AcDbEntity
  8
0
100
AcDbSpline
 70
0
 71
3
 72
8
 73
4
 74
0
 40
0.0
 40
0.0
 40
0.0
 40
0.0
 40
1.0
 40
1.0
 40
1.0
 40
1.0
 10
-2.735089738564924
 20
-12.058848759349303
 30
0.0
 10
-2.7503529408143796
 20
-12.187763789398332
 30
0.0
 10
-2.7197632910022804
 20
-12.255141129714957
 30
0.0
 10
-2.6459981740535987
 20
-12.255141129714957
 30
0.0
  0
SPLINE
  5
150
330
17
100
AcDbEntity
  8
0
100
AcDbSpline
 70
0
 71
3
 72
8
 73
4
 74
0
 40
0.0
 40
0.0
 40
0.0
 40
0.0
 40
1.0
 40
1.0
 40
1.0
 40
1.0
 10
-2.75648773619365
 20
-11.850054898743565
 30
0.0
 10
-2.7338880776143464
 20
-11.919118780745293
 30
0.0
 10
-2.7267624389951246
 20
-11.98866754348137
 30
0.0
 10
-2.735089738564924
 20
-12.058848759349303
 30
0.0
  0
SPLINE
  5
151
330
17
100
AcDbEntity
  8
0
100
AcDbSpline
 70
0
 71
3
 72
8
 73
4
 74
0
 40
0.0
 40
0.0
 40
0.0
 40
0.0
 40
1.0
 40
1.0
 40
1.0
 40
1.0
 10
-2.682891273413471
 20
-11.72997313076985
 30
0.0
 10
-2.779340376025708
 20
-11.696347705924836
 30
0.0
 10
-2.797217717886948
 20
-11.725524877075713
 30
0.0
 10
-2.75648773619365
 20
-11.850054898743565
 30
0.0
  0
SPLINE
  5
152
330
17
100
AcDbEntity
  8
0
100
AcDbSpline
 70
0
 71
3
 72
8
 73
4
 74
0
 40
0.0
 40
0.0
 40
0.0
 40
0.0
 40
1.0
 40
1.0
 40
1.0
 40
1.0
 10
-2.5806025202168446
 20
-11.740113462651152
 30
0.0
 10
-2.599765850112915
 20
-11.747471000752057
 30
0.0
 10
-2.6458084381140354
 20
-11.74289625643155
 30
0.0
 10
-2.682891273413471
 20
-11.72997313076985
 30
0.0
  0
SPLINE
  5
153
330
17
100
AcDbEntity
  8
0
100
AcDbSpline
 70
0
 71
3
 72
8
 73
4
 74
0
 40
0.0
 40
0.0
 40
0.0
 40
0.0
 40
1.0
 40
1.0
 40
1.0
 40
1.0
 10
-2.6163150403972004
 20
-11.653952264317468
 30
0.0
 10
-2.556990936626527
 20
-11.715173727483943
 30
0.0
 10
-2.551298858439576
 20
-11.728876878674782
 30
0.0
 10
-2.5806025202168446
 20
-11.740113462651152
 30
0.0
  0
SPLINE
  5
154
330
17
100
AcDbEntity
  8
0
100
AcDbSpline
 70
0
 71
3
 72
8
 73
4
 74
0
 40
0.0
 40
0.0
 40
0.0
 40
0.0
 40
1.0
 40
1.0
 40
1.0
 40
1.0
 10
-2.670727091510245
 20
-11.56502935397475
 30
0.0
 10
-2.6796235988987407
 20
-11.573904779592112
 30
0.0
 10
-2.6551265809237856
 20
-11.613917981069335
 30
0.0
 10
-2.6163150403972004
 20
-11.653952264317468
 30
0.0
  0
SPLINE
  5
155
330
17
100
AcDbEntity
  8
0
100
AcDbSpline
 70
0
 71
3
 72
8
 73
4
 74
0
 40
0.0
 40
0.0
 40
0.0
 40
0.0
 40
1.0
 40
1.0
 40
1.0
 40
1.0
 10
-2.5269494128620598
 20
-11.548901799111718
 30
0.0
 10
-2.59715171050113
 20
-11.548901799111718
 30
0.0
 10
-2.661851665892813
 20
-11.55615392835739
 30
0.0
 10
-2.670727091510245
 20
-11.56502935397475
 30
0.0
  0
SPLINE
  5
156
330
17
100
AcDbEntity
  8
0
100
AcDbSpline
 70
0
 71
3
 72
8
 73
4
 74
0
 40
0.0
 40
0.0
 40
0.0
 40
0.0
 40
1.0
 40
1.0
 40
1.0
 40
1.0
 10
-2.3763412403895328
 20
-11.51257790757063
 30
0.0
 10
-2.393944519226957
 20
-11.540426927144381
 30
0.0
 10
-2.4290878315886175
 20
-11.548901799111718
 30
0.0
 10
-2.5269494128620598
 20
-11.548901799111718
 30
0.0
  0
SPLINE
  5
157
330
17
100
AcDbEntity
  8
0
100
AcDbSpline
 70
0
 71
3
 72
8
 73
4
 74
0
 40
0.0
 40
0.0
 40
0.0
 40
0.0
 40
1.0
 40
1.0
 40
1.0
 40
1.0
 10
-2.395082934864347
 20
-11.444736768290568
 30
0.0
 10
-2.362153208464278
 20
-11.46961325814459
 30
0.0
 10
-2.3582109172755388
 20
-11.483885617154101
 30
0.0
 10
-2.3763412403895328
 20
-11.51257790757063
 30
0.0
  0
SPLINE
  5
158
330
17
100
AcDbEntity
  8
0
100
AcDbSpline
 70
0
 71
3
 72
8
 73
4
 74
0
 40
0.0
 40
0.0
 40
0.0
 40
0.0
 40
1.0
 40
1.0
 40
1.0
 40
1.0
 10
-2.543435357833158
 20
-11.44281832712386
 30
0.0
 10
-2.4919958364399646
 20
-11.403922459512842
 30
0.0
 10
-2.4483354885689392
 20
-11.404470585560603
 30
0.0
 10
-2.395082934864347
 20
-11.444736768290568
 30
0.0
  0
SPLINE
  5
159
330
17
100
AcDbEntity
  8
0
100
AcDbSpline
 70
0
 71
3
 72
8
 73
4
 74
0
 40
0.0
 40
0.0
 40
0.0
 40
0.0
 40
1.0
 40
1.0
 40
1.0
 40
1.0
 10
-2.7197632910022804
 20
-11.42053489511045
 30
0.0
 10
-2.6465041365591064
 20
-11.482177993698087
 30
0.0
 10
-2.6027805433748936
 20
-11.48770141771638
 30
0.0
 10
-2.543435357833158
 20
-11.44281832712386
 30
0.0
  0
SPLINE
  5
15A
330
17
100
AcDbEntity
  8
0
100
AcDbSpline
 70
0
 71
3
 72
8
 73
4
 74
0
 40
0.0
 40
0.0
 40
0.0
 40
0.0
 40
1.0
 40
1.0
 40
1.0
 40
1.0
 10
-2.784315673996524
 20
-11.267692054905183
 30
0.0
 10
-2.7845897370203394
 20
-11.351745076132602
 30
0.0
 10
-2.775250512439527
 20
-11.373859853977365
 30
0.0
 10
-2.7197632910022804
 20
-11.42053489511045
 30
0.0
  0
SPLINE
  5
15B
330
17
100
AcDbEntity
  8
0
100
AcDbSpline
 70
0
 71
3
 72
8
 73
4
 74
0
 40
0.0
 40
0.0
 40
0.0
 40
0.0
 40
1.0
 40
1.0
 40
1.0
 40
1.0
 10
-2.6989977465054382
 20
-11.118580688178099
 30
0.0
 10
-2.7657847972323366
 20
-11.1159243850243
 30
0.0
 10
-2.783915120346332
 20
-11.147631368702605
 30
0.0
 10
-2.784315673996524
 20
-11.267692054905183
 30
0.0
  0
SPLINE
  5
15C
330
17
100
AcDbEntity
  8
0
100
AcDbSpline
 70
0
 71
3
 72
8
 73
4
 74
0
 40
0.0
 40
0.0
 40
0.0
 40
0.0
 40
1.0
 40
1.0
 40
1.0
 40
1.0
 10
-2.566920450797098
 20
-10.935991469003284
 30
0.0
 10
-2.4624813569520665
 20
-11.032777879952619
 30
0.0
 10
-2.529415980076406
 20
-11.125305773147147
 30
0.0
 10
-2.6989977465054382
 20
-11.118580688178099
 30
0.0
  0
SPLINE
  5
15D
330
17
100
AcDbEntity
  8
0
100
AcDbSpline
 70
0
 71
3
 72
8
 73
4
 74
0
 40
0.0
 40
0.0
 40
0.0
 40
0.0
 40
1.0
 40
1.0
 40
1.0
 40
1.0
 10
-2.5864421708012357
 20
-10.85212818371565
 30
0.0
 10
-2.624536931111686
 20
-10.879977203289627
 30
0.0
 10
-2.623756905582364
 20
-10.883308123117558
 30
0.0
 10
-2.566920450797098
 20
-10.935991469003284
 30
0.0
  0
SPLINE
  5
15E
330
17
100
AcDbEntity
  8
0
100
AcDbSpline
 70
0
 71
3
 72
8
 73
4
 74
0
 40
0.0
 40
0.0
 40
0.0
 40
0.0
 40
1.0
 40
1.0
 40
1.0
 40
1.0
 10
-2.5248623175268445
 20
-10.815804292174562
 30
0.0
 10
-2.536900008803694
 20
-10.819809828676398
 30
0.0
 10
-2.564601455980192
 20
-10.836148201250126
 30
0.0
 10
-2.5864421708012357
 20
-10.85212818371565
 30
0.0
  0
SPLINE
  5
15F
330
17
100
AcDbEntity
  8
0
100
AcDbSpline
 70
0
 71
3
 72
8
 73
4
 74
0
 40
0.0
 40
0.0
 40
0.0
 40
0.0
 40
1.0
 40
1.0
 40
1.0
 40
1.0
 10
-2.6061114632028124
 20
-10.727977633926912
 30
0.0
 10
-2.53217769208563
 20
-10.74184943928617
 30
0.0
 10
-2.478166194622779
 20
-10.8002459451302
 30
0.0
 10
-2.5248623175268445
 20
-10.815804292174562
 30
0.0
  0
SPLINE
  5
160
330
17
100
AcDbEntity
  8
0
100
AcDbSpline
 70
0
 71
3
 72
8
 73
4
 74
0
 40
0.0
 40
0.0
 40
0.0
 40
0.0
 40
1.0
 40
1.0
 40
1.0
 40
1.0
 10
-2.7846319005624656
 20
-10.595689520507904
 30
0.0
 10
-2.7846319005624656
 20
-10.635449740732383
 30
0.0
 10
-2.67795813898478
 20
-10.714506382217678
 30
0.0
 10
-2.6061114632028124
 20
-10.727977633926912
 30
0.0
  0
SPLINE
  5
161
330
17
100
AcDbEntity
  8
0
100
AcDbSpline
 70
0
 71
3
 72
8
 73
4
 74
0
 40
0.0
 40
0.0
 40
0.0
 40
0.0
 40
1.0
 40
1.0
 40
1.0
 40
1.0
 10
-2.6686821597171555
 20
-10.48616971983688
 30
0.0
 10
-2.7324545171820755
 20
-10.537061115182269
 30
0.0
 10
-2.7846319005624656
 20
-10.586329214155967
 30
0.0
 10
-2.7846319005624656
 20
-10.595689520507904
 30
0.0
  0
SPLINE
  5
162
330
17
100
AcDbEntity
  8
0
100
AcDbSpline
 70
0
 71
3
 72
8
 73
4
 74
0
 40
0.0
 40
0.0
 40
0.0
 40
0.0
 40
1.0
 40
1.0
 40
1.0
 40
1.0
 10
-2.5527324188718445
 20
-10.367732330005992
 30
0.0
 10
-2.5527324188718445
 20
-10.381983607244592
 30
0.0
 10
-2.6049098022522346
 20
-10.435278324491264
 30
0.0
 10
-2.6686821597171555
 20
-10.48616971983688
 30
0.0
  0
SPLINE
  5
163
330
17
100
AcDbEntity
  8
0
100
AcDbSpline
 70
0
 71
3
 72
8
 73
4
 74
0
 40
0.0
 40
0.0
 40
0.0
 40
0.0
 40
1.0
 40
1.0
 40
1.0
 40
1.0
 10
-2.6160831409155096
 20
-10.315576028396663
 30
0.0
 10
-2.5812349733487276
 20
-10.33001704157482
 30
0.0
 10
-2.5527324188718445
 20
-10.35348105276762
 30
0.0
 10
-2.5527324188718445
 20
-10.367732330005992
 30
0.0
  0
SPLINE
  5
164
330
17
100
AcDbEntity
  8
0
100
AcDbSpline
 70
0
 71
3
 72
8
 73
4
 74
0
 40
0.0
 40
0.0
 40
0.0
 40
0.0
 40
1.0
 40
1.0
 40
1.0
 40
1.0
 10
-2.80571367162525
 20
-10.114898649650058
 30
0.0
 10
-2.80571367162525
 20
-10.161109891819706
 30
0.0
 10
-2.6878033260711005
 20
-10.285871812969162
 30
0.0
 10
-2.6160831409155096
 20
-10.315576028396663
 30
0.0
  0
SPLINE
  5
165
330
17
100
AcDbEntity
  8
0
100
AcDbSpline
 70
0
 71
3
 72
8
 73
4
 74
0
 40
0.0
 40
0.0
 40
0.0
 40
0.0
 40
1.0
 40
1.0
 40
1.0
 40
1.0
 10
-2.7213865873741145
 20
-10.028505551834769
 30
0.0
 10
-2.767766483712239
 20
-10.059200610502103
 30
0.0
 10
-2.80571367162525
 20
-10.098075396341983
 30
0.0
 10
-2.80571367162525
 20
-10.114898649650058
 30
0.0
  0
SPLINE
  5
166
330
17
100
AcDbEntity
  8
0
100
AcDbSpline
 70
0
 71
3
 72
8
 73
4
 74
0
 40
0.0
 40
0.0
 40
0.0
 40
0.0
 40
1.0
 40
1.0
 40
1.0
 40
1.0
 10
-2.706755838256542
 20
-9.808707006734267
 30
0.0
 10
-2.6149236435070566
 20
-9.91601322144379
 30
0.0
 10
-2.617854009684783
 20
-9.959989795880801
 30
0.0
 10
-2.7213865873741145
 20
-10.028505551834769
 30
0.0
  0
SPLINE
  5
167
330
17
100
AcDbEntity
  8
0
100
AcDbSpline
 70
0
 71
3
 72
8
 73
4
 74
0
 40
0.0
 40
0.0
 40
0.0
 40
0.0
 40
1.0
 40
1.0
 40
1.0
 40
1.0
 10
-2.79881993248772
 20
-9.67886437875859
 30
0.0
 10
-2.7865081781870535
 20
-9.705511737381812
 30
0.0
 10
-2.745103579819747
 20
-9.763929324996752
 30
0.0
 10
-2.706755838256542
 20
-9.808707006734267
 30
0.0
  0
SPLINE
  5
168
330
17
100
AcDbEntity
  8
0
100
AcDbSpline
 70
0
 71
3
 72
8
 73
4
 74
0
 40
0.0
 40
0.0
 40
0.0
 40
0.0
 40
1.0
 40
1.0
 40
1.0
 40
1.0
 10
-2.86925412960848
 20
-9.361372906553015
 30
0.0
 10
-2.868916821271475
 20
-9.43969168605122
 30
0.0
 10
-2.8316231682614106
 20
-9.60779772850583
 30
0.0
 10
-2.79881993248772
 20
-9.67886437875859
 30
0.0
  0
SPLINE
  5
169
330
17
100
AcDbEntity
  8
0
100
AcDbSpline
 70
0
 71
3
 72
8
 73
4
 74
0
 40
0.0
 40
0.0
 40
0.0
 40
0.0
 40
1.0
 40
1.0
 40
1.0
 40
1.0
 10
-2.9218742301811886
 20
-9.198284325611212
 30
0.0
 10
-2.8907364543214578
 20
-9.198284325611212
 30
0.0
 10
-2.8696546832586733
 20
-9.263637815905895
 30
0.0
 10
-2.86925412960848
 20
-9.361372906553015
 30
0.0
  0
SPLINE
  5
16A
330
17
100
AcDbEntity
  8
0
100
AcDbSpline
 70
0
 71
3
 72
8
 73
4
 74
0
 40
0.0
 40
0.0
 40
0.0
 40
0.0
 40
1.0
 40
1.0
 40
1.0
 40
1.0
 10
-2.9743678401275204
 20
-9.363965964393628
 30
0.0
 10
-2.9743678401275204
 20
-9.247215116248071
 30
0.0
 10
-2.9588516566253116
 20
-9.198284325611212
 30
0.0
 10
-2.9218742301811886
 20
-9.198284325611212
 30
0.0
  0
SPLINE
  5
16B
330
17
100
AcDbEntity
  8
0
100
AcDbSpline
 70
0
 71
3
 72
8
 73
4
 74
0
 40
0.0
 40
0.0
 40
0.0
 40
0.0
 40
1.0
 40
1.0
 40
1.0
 40
1.0
 10
-3.00390340138648
 20
-9.505150585201136
 30
0.0
 10
-2.987670437668136
 20
-9.481939555261079
 30
0.0
 10
-2.9743678401275204
 20
-9.418420179049008
 30
0.0
 10
-2.9743678401275204
 20
-9.363965964393628
 30
0.0
  0
SPLINE
  5
16C
330
17
100
AcDbEntity
  8
0
100
AcDbSpline
 70
0
 71
3
 72
8
 73
4
 74
0
 40
0.0
 40
0.0
 40
0.0
 40
0.0
 40
1.0
 40
1.0
 40
1.0
 40
1.0
 10
-3.040796500746352
 20
-9.598711485177773
 30
0.0
 10
-3.0367698824733598
 20
-9.570440830182633
 30
0.0
 10
-3.020157446875887
 20
-9.528340533370283
 30
0.0
 10
-3.00390340138648
 20
-9.505150585201136
 30
0.0
  0
SPLINE
  5
16D
330
17
100
AcDbEntity
  8
0
100
AcDbSpline
 70
0
 71
3
 72
8
 73
4
 74
0
 40
0.0
 40
0.0
 40
0.0
 40
0.0
 40
1.0
 40
1.0
 40
1.0
 40
1.0
 10
-3.231207056985415
 20
-9.746410373243634
 30
0.0
 10
-3.1666125104490463
 20
-9.746410373243634
 30
0.0
 10
-3.0488708190633975
 20
-9.655063059228723
 30
0.0
 10
-3.040796500746352
 20
-9.598711485177773
 30
0.0
  0
SPLINE
  5
16E
330
17
100
AcDbEntity
  8
0
100
AcDbSpline
 70
0
 71
3
 72
8
 73
4
 74
0
 40
0.0
 40
0.0
 40
0.0
 40
0.0
 40
1.0
 40
1.0
 40
1.0
 40
1.0
 10
-3.374057137706838
 20
-9.859514074995559
 30
0.0
 10
-3.3750058174046638
 20
-9.8101405671664
 30
0.0
 10
-3.294515615486954
 20
-9.746410373243634
 30
0.0
 10
-3.231207056985415
 20
-9.746410373243634
 30
0.0
  0
SPLINE
  5
16F
330
17
100
AcDbEntity
  8
0
100
AcDbSpline
 70
0
 71
3
 72
8
 73
4
 74
0
 40
0.0
 40
0.0
 40
0.0
 40
0.0
 40
1.0
 40
1.0
 40
1.0
 40
1.0
 10
-3.312983246937953
 20
-9.974936771564217
 30
0.0
 10
-3.346102709277586
 20
-9.936209558121845
 30
0.0
 10
-3.3735933387434573
 20
-9.88426407422321
 30
0.0
 10
-3.374057137706838
 20
-9.859514074995559
 30
0.0
  0
SPLINE
  5
170
330
17
100
AcDbEntity
  8
0
100
AcDbSpline
 70
0
 71
3
 72
8
 73
4
 74
0
 40
0.0
 40
0.0
 40
0.0
 40
0.0
 40
1.0
 40
1.0
 40
1.0
 40
1.0
 10
-3.1741176209473965
 20
-10.038182084752634
 30
0.0
 10
-3.2415160430351166
 20
-10.044316880131873
 30
0.0
 10
-3.261332907834134
 20
-10.035293882117003
 30
0.0
 10
-3.312983246937953
 20
-9.974936771564217
 30
0.0
  0
SPLINE
  5
171
330
17
100
AcDbEntity
  8
0
100
AcDbSpline
 70
0
 71
3
 72
8
 73
4
 74
0
 40
0.0
 40
0.0
 40
0.0
 40
0.0
 40
1.0
 40
1.0
 40
1.0
 40
1.0
 10
-3.1895283955942912
 20
-10.230279182676668
 30
0.0
 10
-3.0227715864876714
 20
-10.189380546814846
 30
0.0
 10
-3.009447907175992
 20
-10.023171863756033
 30
0.0
 10
-3.1741176209473965
 20
-10.038182084752634
 30
0.0
  0
SPLINE
  5
172
330
17
100
AcDbEntity
  8
0
100
AcDbSpline
 70
0
 71
3
 72
8
 73
4
 74
0
 40
0.0
 40
0.0
 40
0.0
 40
0.0
 40
1.0
 40
1.0
 40
1.0
 40
1.0
 10
-3.392356114989335
 20
-10.333010653065685
 30
0.0
 10
-3.3853148034543645
 20
-10.28384796294722
 30
0.0
 10
-3.3641065417652047
 20
-10.273117341476336
 30
0.0
 10
-3.1895283955942912
 20
-10.230279182676668
 30
0.0
  0
SPLINE
  5
173
330
17
100
AcDbEntity
  8
0
100
AcDbSpline
 70
0
 71
3
 72
8
 73
4
 74
0
 40
0.0
 40
0.0
 40
0.0
 40
0.0
 40
1.0
 40
1.0
 40
1.0
 40
1.0
 10
-3.373635502285582
 20
-10.412025131008932
 30
0.0
 10
-3.3877181253555224
 20
-10.395075387074485
 30
0.0
 10
-3.3961297520095717
 20
-10.359510439291626
 30
0.0
 10
-3.392356114989335
 20
-10.333010653065685
 30
0.0
  0
SPLINE
  5
174
330
17
100
AcDbEntity
  8
0
100
AcDbSpline
 70
0
 71
3
 72
8
 73
4
 74
0
 40
0.0
 40
0.0
 40
0.0
 40
0.0
 40
1.0
 40
1.0
 40
1.0
 40
1.0
 10
-3.1430220086297904
 20
-10.50963373102968
 30
0.0
 10
-3.228403181434065
 20
-10.502381601784009
 30
0.0
 10
-3.3366791576125214
 20
-10.456570913264613
 30
0.0
 10
-3.373635502285582
 20
-10.412025131008932
 30
0.0
  0
SPLINE
  5
175
330
17
100
AcDbEntity
  8
0
100
AcDbSpline
 70
0
 71
3
 72
8
 73
4
 74
0
 40
0.0
 40
0.0
 40
0.0
 40
0.0
 40
1.0
 40
1.0
 40
1.0
 40
1.0
 10
-3.0623420707725173
 20
-10.564488499335084
 30
0.0
 10
-3.067823331248841
 20
-10.525824531205899
 30
0.0
 10
-3.084309276219937
 20
-10.51460902900044
 30
0.0
 10
-3.1430220086297904
 20
-10.50963373102968
 30
0.0
  0
SPLINE
  5
176
330
17
100
AcDbEntity
  8
0
100
AcDbSpline
 70
0
 71
3
 72
8
 73
4
 74
0
 40
0.0
 40
0.0
 40
0.0
 40
0.0
 40
1.0
 40
1.0
 40
1.0
 40
1.0
 10
-3.176014980343047
 20
-10.68619356368049
 30
0.0
 10
-3.090633807538772
 20
-10.670171417672691
 30
0.0
 10
-3.053066091504892
 20
-10.629947398485001
 30
0.0
 10
-3.0623420707725173
 20
-10.564488499335084
 30
0.0
  0
SPLINE
  5
177
330
17
100
AcDbEntity
  8
0
100
AcDbSpline
 70
0
 71
3
 72
8
 73
4
 74
0
 40
0.0
 40
0.0
 40
0.0
 40
0.0
 40
1.0
 40
1.0
 40
1.0
 40
1.0
 10
-3.264242192240797
 20
-10.79371059610071
 30
0.0
 10
-3.308724729183271
 20
-10.749228059158213
 30
0.0
 10
-3.2717262209680853
 20
-10.704155232625908
 30
0.0
 10
-3.176014980343047
 20
-10.68619356368049
 30
0.0
  0
SPLINE
  5
178
330
17
100
AcDbEntity
  8
0
100
AcDbSpline
 70
0
 71
3
 72
8
 73
4
 74
0
 40
0.0
 40
0.0
 40
0.0
 40
0.0
 40
1.0
 40
1.0
 40
1.0
 40
1.0
 10
-3.167223881809867
 20
-10.804736362366612
 30
0.0
 10
-3.218389340179242
 20
-10.822571540685658
 30
0.0
 10
-3.2375526700753126
 20
-10.820400118266207
 30
0.0
 10
-3.264242192240797
 20
-10.79371059610071
 30
0.0
  0
SPLINE
  5
179
330
17
100
AcDbEntity
  8
0
100
AcDbSpline
 70
0
 71
3
 72
8
 73
4
 74
0
 40
0.0
 40
0.0
 40
0.0
 40
0.0
 40
1.0
 40
1.0
 40
1.0
 40
1.0
 10
-3.0833816782931747
 20
-10.897601563897979
 30
0.0
 10
-3.043052250250069
 20
-10.81540373852431
 30
0.0
 10
-3.080114003778444
 20
-10.774378612036116
 30
0.0
 10
-3.167223881809867
 20
-10.804736362366612
 30
0.0
  0
SPLINE
  5
17A
330
17
100
AcDbEntity
  8
0
100
AcDbSpline
 70
0
 71
3
 72
8
 73
4
 74
0
 40
0.0
 40
0.0
 40
0.0
 40
0.0
 40
1.0
 40
1.0
 40
1.0
 40
1.0
 10
-3.227349092880926
 20
-11.012433970877055
 30
0.0
 10
-3.1335352116515383
 20
-10.972968895447593
 30
0.0
 10
-3.111884232770059
 20
-10.95570292494699
 30
0.0
 10
-3.0833816782931747
 20
-10.897601563897979
 30
0.0
  0
SPLINE
  5
17B
330
17
100
AcDbEntity
  8
0
100
AcDbSpline
 70
0
 71
3
 72
8
 73
4
 74
0
 40
0.0
 40
0.0
 40
0.0
 40
0.0
 40
1.0
 40
1.0
 40
1.0
 40
1.0
 10
-3.417569913180425
 20
-11.127835585674802
 30
0.0
 10
-3.389488994124795
 20
-11.094020424890005
 30
0.0
 10
-3.317515827716451
 20
-11.050338995248012
 30
0.0
 10
-3.227349092880926
 20
-11.012433970877055
 30
0.0
  0
SPLINE
  5
17C
330
17
100
AcDbEntity
  8
0
100
AcDbSpline
 70
0
 71
3
 72
8
 73
4
 74
0
 40
0.0
 40
0.0
 40
0.0
 40
0.0
 40
1.0
 40
1.0
 40
1.0
 40
1.0
 10
-3.4172958501566066
 20
-11.211192908456951
 30
0.0
 10
-3.4394106280014687
 20
-11.169872637173967
 30
0.0
 10
-3.4394738733146557
 20
-11.154229963045282
 30
0.0
 10
-3.417569913180425
 20
-11.127835585674802
 30
0.0
  0
SPLINE
  5
17D
330
17
100
AcDbEntity
  8
0
100
AcDbSpline
 70
0
 71
3
 72
8
 73
4
 74
0
 40
0.0
 40
0.0
 40
0.0
 40
0.0
 40
1.0
 40
1.0
 40
1.0
 40
1.0
 10
-3.248156800919894
 20
-11.26305406527149
 30
0.0
 10
-3.361618892779796
 20
-11.283629873828659
 30
0.0
 10
-3.3818573930000677
 20
-11.277431833136234
 30
0.0
 10
-3.4172958501566066
 20
-11.211192908456951
 30
0.0
  0
SPLINE
  5
17E
330
17
100
AcDbEntity
  8
0
100
AcDbSpline
 70
0
 71
3
 72
8
 73
4
 74
0
 40
0.0
 40
0.0
 40
0.0
 40
0.0
 40
1.0
 40
1.0
 40
1.0
 40
1.0
 10
-3.0757079136263226
 20
-11.33808408848381
 30
0.0
 10
-3.0685190296939124
 20
-11.220911604916864
 30
0.0
 10
-3.0530028461917045
 20
-11.22767885342796
 30
0.0
 10
-3.248156800919894
 20
-11.26305406527149
 30
0.0
  0
SPLINE
  5
17F
330
17
100
AcDbEntity
  8
0
100
AcDbSpline
 70
0
 71
3
 72
8
 73
4
 74
0
 40
0.0
 40
0.0
 40
0.0
 40
0.0
 40
1.0
 40
1.0
 40
1.0
 40
1.0
 10
-3.11787145575189
 20
-11.470688428468748
 30
0.0
 10
-3.094723671124953
 20
-11.453064067860396
 30
0.0
 10
-3.079903186067815
 20
-11.406431190269359
 30
0.0
 10
-3.0757079136263226
 20
-11.33808408848381
 30
0.0
  0
SPLINE
  5
180
330
17
100
AcDbEntity
  8
0
100
AcDbSpline
 70
0
 71
3
 72
8
 73
4
 74
0
 40
0.0
 40
0.0
 40
0.0
 40
0.0
 40
1.0
 40
1.0
 40
1.0
 40
1.0
 10
-3.2548397223467953
 20
-11.572660955099536
 30
0.0
 10
-3.1991416831989206
 20
-11.53155150152702
 30
0.0
 10
-3.1374985846113415
 20
-11.4856564859233
 30
0.0
 10
-3.11787145575189
 20
-11.470688428468748
 30
0.0
  0
SPLINE
  5
181
330
17
100
AcDbEntity
  8
0
100
AcDbSpline
 70
0
 71
3
 72
8
 73
4
 74
0
 40
0.0
 40
0.0
 40
0.0
 40
0.0
 40
1.0
 40
1.0
 40
1.0
 40
1.0
 10
-3.348759012431497
 20
-11.669531693132967
 30
0.0
 10
-3.3528067124755525
 20
-11.65738859300086
 30
0.0
 10
-3.3105588432657327
 20
-11.613791490442964
 30
0.0
 10
-3.2548397223467953
 20
-11.572660955099536
 30
0.0
  0
SPLINE
  5
182
330
17
100
AcDbEntity
  8
0
100
AcDbSpline
 70
0
 71
3
 72
8
 73
4
 74
0
 40
0.0
 40
0.0
 40
0.0
 40
0.0
 40
1.0
 40
1.0
 40
1.0
 40
1.0
 10
-3.2081014359006037
 20
-11.696811504888274
 30
0.0
 10
-3.281423835656965
 20
-11.693944384023553
 30
0.0
 10
-3.3447113123874432
 20
-11.681674793265074
 30
0.0
 10
-3.348759012431497
 20
-11.669531693132967
 30
0.0
  0
SPLINE
  5
183
330
17
100
AcDbEntity
  8
0
100
AcDbSpline
 70
0
 71
3
 72
8
 73
4
 74
0
 40
0.0
 40
0.0
 40
0.0
 40
0.0
 40
1.0
 40
1.0
 40
1.0
 40
1.0
 10
-3.0504519518931064
 20
-11.791342166333834
 30
0.0
 10
-3.0261235880866537
 20
-11.729298514095944
 30
0.0
 10
-3.0714072323295145
 20
-11.70214519296701
 30
0.0
 10
-3.2081014359006037
 20
-11.696811504888274
 30
0.0
  0
SPLINE
  5
184
330
17
100
AcDbEntity
  8
0
100
AcDbSpline
 70
0
 71
3
 72
8
 73
4
 74
0
 40
0.0
 40
0.0
 40
0.0
 40
0.0
 40
1.0
 40
1.0
 40
1.0
 40
1.0
 10
-3.0741689443387386
 20
-11.907291907179115
 30
0.0
 10
-3.0679498218752173
 20
-11.86091201084082
 30
0.0
 10
-3.0572613639463855
 20
-11.80873462746058
 30
0.0
 10
-3.0504519518931064
 20
-11.791342166333834
 30
0.0
  0
SPLINE
  5
185
330
17
100
AcDbEntity
  8
0
100
AcDbSpline
 70
0
 71
3
 72
8
 73
4
 74
0
 40
0.0
 40
0.0
 40
0.0
 40
0.0
 40
1.0
 40
1.0
 40
1.0
 40
1.0
 10
-3.2359293737034776
 20
-12.009032534328071
 30
0.0
 10
-3.1069089347992414
 20
-12.072320011058537
 30
0.0
 10
-3.0953561242568357
 20
-12.065067881812865
 30
0.0
 10
-3.0741689443387386
 20
-11.907291907179115
 30
0.0
  0
SPLINE
  5
186
330
17
100
AcDbEntity
  8
0
100
AcDbSpline
 70
0
 71
3
 72
8
 73
4
 74
0
 40
0.0
 40
0.0
 40
0.0
 40
0.0
 40
1.0
 40
1.0
 40
1.0
 40
1.0
 10
-3.412194061559413
 20
-12.478607902980457
 30
0.0
 10
-3.4187083288178144
 20
-11.904572358711903
 30
0.0
 10
-3.4234095637648148
 20
-11.917094930723124
 30
0.0
 10
-3.2359293737034776
 20
-12.009032534328071
 30
0.0
  0
LINE
  5
187
330
17
100
AcDbEntity
  8
0
100
AcDbLine
 10
-3.406544146914588
 20
-12.977170706844163
 30
0.0
 11
-3.412194061559413
 21
-12.478607902980457
 31
0.0
  0
LINE
  5
188
330
17
100
AcDbEntity
  8
0
100
AcDbLine
 10
-3.2589717494751005
 20
-13.027071258949945
 30
0.0
 11
-3.406544146914588
 21
-12.97717070684439
 31
0.0
  0
SPLINE
  5
189
330
17
100
AcDbEntity
  8
0
100
AcDbSpline
 70
0
 71
3
 72
8
 73
4
 74
0
 40
0.0
 40
0.0
 40
0.0
 40
0.0
 40
1.0
 40
1.0
 40
1.0
 40
1.0
 10
-3.016531382253088
 20
-13.077456691789848
 30
0.0
 10
-3.0687087656334784
 20
-13.077182628766195
 30
0.0
 10
-3.177806930883383
 20
-13.054519724873671
 30
0.0
 10
-3.2589717494751005
 20
-13.027071258949945
 30
0.0
  0
SPLINE
  5
18A
330
17
100
AcDbEntity
  8
0
100
AcDbSpline
 70
0
 71
3
 72
8
 73
4
 74
0
 40
0.0
 40
0.0
 40
0.0
 40
0.0
 40
1.0
 40
1.0
 40
1.0
 40
1.0
 10
-2.53165064780906
 20
-13.209533987498162
 30
0.0
 10
-2.691028837043706
 20
-13.142030156555165
 30
0.0
 10
-2.9263014021043734
 20
-13.077941572524423
 30
0.0
 10
-3.016531382253088
 20
-13.077456691789848
 30
0.0
  0
SPLINE
  5
18B
330
17
100
AcDbEntity
  8
0
100
AcDbSpline
 70
0
 71
3
 72
8
 73
4
 74
0
 40
0.0
 40
0.0
 40
0.0
 40
0.0
 40
1.0
 40
1.0
 40
1.0
 40
1.0
 10
-2.3578314453964087
 20
-13.255197103620276
 30
0.0
 10
-2.412854867870274
 20
-13.2472703577007
 30
0.0
 10
-2.4910682385132015
 20
-13.226736712685579
 30
0.0
 10
-2.53165064780906
 20
-13.209533987498162
 30
0.0
  0
SPLINE
  5
18C
330
17
100
AcDbEntity
  8
0
100
AcDbSpline
 70
0
 71
3
 72
8
 73
4
 74
0
 40
0.0
 40
0.0
 40
0.0
 40
0.0
 40
1.0
 40
1.0
 40
1.0
 40
1.0
 10
-2.049046744639815
 20
-13.539210723378119
 30
0.0
 10
-2.1533171843163426
 20
-13.338786325884257
 30
0.0
 10
-2.2230767647630945
 20
-13.274613414768965
 30
0.0
 10
-2.3578314453964087
 20
-13.255197103620276
 30
0.0
  0
SPLINE
  5
18D
330
17
100
AcDbEntity
  8
0
100
AcDbSpline
 70
0
 71
3
 72
8
 73
4
 74
0
 40
0.0
 40
0.0
 40
0.0
 40
0.0
 40
1.0
 40
1.0
 40
1.0
 40
1.0
 10
-1.731492027121103
 20
-13.815192188360925
 30
0.0
 10
-1.8667105067177978
 20
-13.815192188360925
 30
0.0
 10
-1.9374609304045003
 20
-13.753717743941934
 30
0.0
 10
-2.049046744639815
 20
-13.539210723378119
 30
0.0
  0
SPLINE
  5
18E
330
17
100
AcDbEntity
  8
0
100
AcDbSpline
 70
0
 71
3
 72
8
 73
4
 74
0
 40
0.0
 40
0.0
 40
0.0
 40
0.0
 40
1.0
 40
1.0
 40
1.0
 40
1.0
 10
-1.5579258059612036
 20
-13.845423448065048
 30
0.0
 10
-1.5977281897277393
 20
-13.82878993069653
 30
0.0
 10
-1.6758361515153521
 20
-13.815192188360925
 30
0.0
 10
-1.731492027121103
 20
-13.815192188360925
 30
0.0
  0
SPLINE
  5
18F
330
17
100
AcDbEntity
  8
0
100
AcDbSpline
 70
0
 71
3
 72
8
 73
4
 74
0
 40
0.0
 40
0.0
 40
0.0
 40
0.0
 40
1.0
 40
1.0
 40
1.0
 40
1.0
 10
-1.129459890881186
 20
-13.929708368774072
 30
0.0
 10
-1.2006951953023326
 20
-13.943074211627845
 30
0.0
 10
-1.4341336462805367
 20
-13.897158114252989
 30
0.0
 10
-1.5579258059612036
 20
-13.845423448065048
 30
0.0
  0
SPLINE
  5
190
330
17
100
AcDbEntity
  8
0
100
AcDbSpline
 70
0
 71
3
 72
8
 73
4
 74
0
 40
0.0
 40
0.0
 40
0.0
 40
0.0
 40
1.0
 40
1.0
 40
1.0
 40
1.0
 10
-0.9780506111082725
 20
-13.959475829514759
 30
0.0
 10
-1.03558276433861
 20
-13.930130004195235
 30
0.0
 10
-1.0825107867243662
 20
-13.92089618846967
 30
0.0
 10
-1.129459890881186
 20
-13.929708368774072
 30
0.0
  0
SPLINE
  5
191
330
17
100
AcDbEntity
  8
0
100
AcDbSpline
 70
0
 71
3
 72
8
 73
4
 74
0
 40
0.0
 40
0.0
 40
0.0
 40
0.0
 40
1.0
 40
1.0
 40
1.0
 40
1.0
 10
-0.49768137567168136
 20
-14.416781607408666
 30
0.0
 10
-0.5900195329266733
 20
-14.277663000165148
 30
0.0
 10
-0.8621430338050873
 20
-14.018610197345879
 30
0.0
 10
-0.9780506111082725
 20
-13.959475829514759
 30
0.0
  0
SPLINE
  5
192
330
17
100
AcDbEntity
  8
0
100
AcDbSpline
 70
0
 71
3
 72
8
 73
4
 74
0
 40
0.0
 40
0.0
 40
0.0
 40
0.0
 40
1.0
 40
1.0
 40
1.0
 40
1.0
 10
-0.3185284851801442
 20
-14.584444932670976
 30
0.0
 10
-0.3914714130573773
 20
-14.547488587997805
 30
0.0
 10
-0.4428266073663174
 20
-14.499422149974635
 30
0.0
 10
-0.49768137567168136
 20
-14.416781607408666
 30
0.0
  0
SPLINE
  5
193
330
17
100
AcDbEntity
  8
0
100
AcDbSpline
 70
0
 71
3
 72
8
 73
4
 74
0
 40
0.0
 40
0.0
 40
0.0
 40
0.0
 40
1.0
 40
1.0
 40
1.0
 40
1.0
 10
-0.08966477852256372
 20
-14.753478573052234
 30
0.0
 10
-0.15929786834293846
 20
-14.689010517142378
 30
0.0
 10
-0.2622823199846378
 20
-14.612947487147721
 30
0.0
 10
-0.3185284851801442
 20
-14.584444932670976
 30
0.0
  0
LINE
  5
194
330
17
100
AcDbEntity
  8
0
100
AcDbLine
 10
0.03693125670945285
 20
-14.870693220161456
 30
0.0
 11
-0.08966477852256372
 21
-14.753478573052462
 31
0.0
  0
LINE
  5
195
330
17
100
AcDbEntity
  8
0
100
AcDbLine
 10
0.30401621430385983
 20
-14.849000077737855
 30
0.0
 11
0.03693125670945285
 21
-14.870693220161456
 31
0.0
  0
SPLINE
  5
196
330
17
100
AcDbEntity
  8
0
100
AcDbSpline
 70
0
 71
3
 72
8
 73
4
 74
0
 40
0.0
 40
0.0
 40
0.0
 40
0.0
 40
1.0
 40
1.0
 40
1.0
 40
1.0
 10
0.5885357965671911
 20
-14.816513068529957
 30
0.0
 10
0.5789435907336236
 20
-14.82245812796964
 30
0.0
 10
0.45089291329827574
 20
-14.837067795316216
 30
0.0
 10
0.30401621430385983
 20
-14.849000077737855
 30
0.0
  0
SPLINE
  5
197
330
17
100
AcDbEntity
  8
0
100
AcDbSpline
 70
0
 71
3
 72
8
 73
4
 74
0
 40
0.0
 40
0.0
 40
0.0
 40
0.0
 40
1.0
 40
1.0
 40
1.0
 40
1.0
 10
0.9774733909044881
 20
-15.101032650793286
 30
0.0
 10
0.7352860049352277
 20
-14.865739003961608
 30
0.0
 10
0.6316269366195204
 20
-14.789886791677645
 30
0.0
 10
0.5885357965671911
 20
-14.816513068529957
 30
0.0
  0
SPLINE
  5
198
330
17
100
AcDbEntity
  8
0
100
AcDbSpline
 70
0
 71
3
 72
8
 73
4
 74
0
 40
0.0
 40
0.0
 40
0.0
 40
0.0
 40
1.0
 40
1.0
 40
1.0
 40
1.0
 10
1.25579493247536
 20
-15.353613349896477
 30
0.0
 10
1.245991908931165
 20
-15.353908494691495
 30
0.0
 10
1.120745107047167
 20
-15.240256666892037
 30
0.0
 10
0.9774733909044881
 20
-15.101032650793286
 30
0.0
  0
SPLINE
  5
199
330
17
100
AcDbEntity
  8
0
100
AcDbSpline
 70
0
 71
3
 72
8
 73
4
 74
0
 40
0.0
 40
0.0
 40
0.0
 40
0.0
 40
1.0
 40
1.0
 40
1.0
 40
1.0
 10
1.4844267396512496
 20
-15.301204067034405
 30
0.0
 10
1.3684769988059404
 20
-15.329727703282515
 30
0.0
 10
1.2655979560195547
 20
-15.353297123330549
 30
0.0
 10
1.25579493247536
 20
-15.353613349896477
 30
0.0
  0
SPLINE
  5
19A
330
17
100
AcDbEntity
  8
0
100
AcDbSpline
 70
0
 71
3
 72
8
 73
4
 74
0
 40
0.0
 40
0.0
 40
0.0
 40
0.0
 40
1.0
 40
1.0
 40
1.0
 40
1.0
 10
1.7974910399335897
 20
-15.249047765425075
 30
0.0
 10
1.7412448747380829
 20
-15.249216419593722
 30
0.0
 10
1.6003764804965614
 20
-15.272680430786522
 30
0.0
 10
1.4844267396512496
 20
-15.301204067034405
 30
0.0
  0
SPLINE
  5
19B
330
17
100
AcDbEntity
  8
0
100
AcDbSpline
 70
0
 71
3
 72
8
 73
4
 74
0
 40
0.0
 40
0.0
 40
0.0
 40
0.0
 40
1.0
 40
1.0
 40
1.0
 40
1.0
 10
2.098096013517824
 20
-15.468045203225302
 30
0.0
 10
1.9124077739968248
 20
-15.253158710782373
 30
0.0
 10
1.9063362239307429
 20
-15.248731538859147
 30
0.0
 10
1.7974910399335897
 20
-15.249047765425075
 30
0.0
  0
SPLINE
  5
19C
330
17
100
AcDbEntity
  8
0
100
AcDbSpline
 70
0
 71
3
 72
8
 73
4
 74
0
 40
0.0
 40
0.0
 40
0.0
 40
0.0
 40
1.0
 40
1.0
 40
1.0
 40
1.0
 10
2.2523091688420855
 20
-15.543897415509264
 30
0.0
 10
2.1766888560398803
 20
-15.543897415509264
 30
0.0
 10
2.153962706834201
 20
-15.532724076845852
 30
0.0
 10
2.098096013517824
 20
-15.468045203225302
 30
0.0
  0
SPLINE
  5
19D
330
17
100
AcDbEntity
  8
0
100
AcDbSpline
 70
0
 71
3
 72
8
 73
4
 74
0
 40
0.0
 40
0.0
 40
0.0
 40
0.0
 40
1.0
 40
1.0
 40
1.0
 40
1.0
 10
2.478959289538074
 20
-15.645701287971406
 30
0.0
 10
2.395496557900514
 20
-15.562238556333796
 30
0.0
 10
2.3546611673519022
 20
-15.543897415509264
 30
0.0
 10
2.2523091688420855
 20
-15.543897415509264
 30
0.0
  0
SPLINE
  5
19E
330
17
100
AcDbEntity
  8
0
100
AcDbSpline
 70
0
 71
3
 72
8
 73
4
 74
0
 40
0.0
 40
0.0
 40
0.0
 40
0.0
 40
1.0
 40
1.0
 40
1.0
 40
1.0
 10
2.65476017843063
 20
-15.743731523413317
 30
0.0
 10
2.591156475134209
 20
-15.722902733603405
 30
0.0
 10
2.512057670106647
 20
-15.678778586768885
 30
0.0
 10
2.478959289538074
 20
-15.645701287971406
 30
0.0
  0
SPLINE
  5
19F
330
17
100
AcDbEntity
  8
0
100
AcDbSpline
 70
0
 71
3
 72
8
 73
4
 74
0
 40
0.0
 40
0.0
 40
0.0
 40
0.0
 40
1.0
 40
1.0
 40
1.0
 40
1.0
 10
3.118263997016994
 20
-15.928597573862817
 30
0.0
 10
2.9269469246222304
 20
-15.847748981837185
 30
0.0
 10
2.718363881727046
 20
-15.764539231452318
 30
0.0
 10
2.65476017843063
 20
-15.743731523413317
 30
0.0
  0
SPLINE
  5
1A0
330
17
100
AcDbEntity
  8
0
100
AcDbSpline
 70
0
 71
3
 72
8
 73
4
 74
0
 40
0.0
 40
0.0
 40
0.0
 40
0.0
 40
1.0
 40
1.0
 40
1.0
 40
1.0
 10
3.508276761678494
 20
-16.078552211432452
 30
0.0
 10
3.4850868135094313
 20
-16.076949996831672
 30
0.0
 10
3.309581069411758
 20
-16.009467247659813
 30
0.0
 10
3.118263997016994
 20
-15.928597573862817
 30
0.0
  0
SPLINE
  5
1A1
330
17
100
AcDbEntity
  8
0
100
AcDbSpline
 70
0
 71
3
 72
8
 73
4
 74
0
 40
0.0
 40
0.0
 40
0.0
 40
0.0
 40
1.0
 40
1.0
 40
1.0
 40
1.0
 10
3.567600865449166
 20
-15.482739197656201
 30
0.0
 10
3.550967348080631
 20
-16.063120355014462
 30
0.0
 10
3.549154315769231
 20
-16.081398250526036
 30
0.0
 10
3.508276761678494
 20
-16.078552211432452
 30
0.0
  0
SPLINE
  5
1A2
330
17
100
AcDbEntity
  8
0
100
AcDbSpline
 70
0
 71
3
 72
8
 73
4
 74
0
 40
0.0
 40
0.0
 40
0.0
 40
0.0
 40
1.0
 40
1.0
 40
1.0
 40
1.0
 10
3.436240349956961
 20
-14.845184277175349
 30
0.0
 10
3.588134510464319
 20
-14.799668733450744
 30
0.0
 10
3.587291239621809
 20
-14.795578869864585
 30
0.0
 10
3.567600865449166
 20
-15.482739197656201
 30
0.0
  0
SPLINE
  5
1A3
330
17
100
AcDbEntity
  8
0
100
AcDbSpline
 70
0
 71
3
 72
8
 73
4
 74
0
 40
0.0
 40
0.0
 40
0.0
 40
0.0
 40
1.0
 40
1.0
 40
1.0
 40
1.0
 10
3.1876230238135506
 20
-14.80702627155165
 30
0.0
 10
3.3369662900223123
 20
-14.864705997179499
 30
0.0
 10
3.3595237850594906
 20
-14.868163407633801
 30
0.0
 10
3.436240349956961
 20
-14.845184277175349
 30
0.0
  0
SPLINE
  5
1A4
330
17
100
AcDbEntity
  8
0
100
AcDbSpline
 70
0
 71
3
 72
8
 73
4
 74
0
 40
0.0
 40
0.0
 40
0.0
 40
0.0
 40
1.0
 40
1.0
 40
1.0
 40
1.0
 10
2.949609828514724
 20
-14.6935220161497
 30
0.0
 10
2.9901922378105805
 20
-14.72105480915775
 30
0.0
 10
3.097308716580585
 20
-14.772114858671785
 30
0.0
 10
3.1876230238135506
 20
-14.80702627155165
 30
0.0
  0
SPLINE
  5
1A5
330
17
100
AcDbEntity
  8
0
100
AcDbSpline
 70
0
 71
3
 72
8
 73
4
 74
0
 40
0.0
 40
0.0
 40
0.0
 40
0.0
 40
1.0
 40
1.0
 40
1.0
 40
1.0
 10
2.7781096209189773
 20
-14.628948551384383
 30
0.0
 10
2.831847055358013
 20
-14.636917460846234
 30
0.0
 10
2.909027419218865
 20
-14.66598922314165
 30
0.0
 10
2.949609828514724
 20
-14.6935220161497
 30
0.0
  0
SPLINE
  5
1A6
330
17
100
AcDbEntity
  8
0
100
AcDbSpline
 70
0
 71
3
 72
8
 73
4
 74
0
 40
0.0
 40
0.0
 40
0.0
 40
0.0
 40
1.0
 40
1.0
 40
1.0
 40
1.0
 10
2.599589183559324
 20
-13.68967132345324
 30
0.0
 10
2.602055750773671
 20
-14.643220910393893
 30
0.0
 10
2.5941500866251257
 20
-14.601647657858166
 30
0.0
 10
2.7781096209189773
 20
-14.628948551384383
 30
0.0
  0
SPLINE
  5
1A7
330
17
100
AcDbEntity
  8
0
100
AcDbSpline
 70
0
 71
3
 72
8
 73
4
 74
0
 40
0.0
 40
0.0
 40
0.0
 40
0.0
 40
1.0
 40
1.0
 40
1.0
 40
1.0
 10
2.5836935281779843
 20
-12.797237790823374
 30
0.0
 10
2.5912408022184614
 20
-12.82727931458794
 30
0.0
 10
2.598387522608747
 20
-13.228865971562755
 30
0.0
 10
2.599589183559324
 20
-13.68967132345324
 30
0.0
  0
SPLINE
  5
1A8
330
17
100
AcDbEntity
  8
0
100
AcDbSpline
 70
0
 71
3
 72
8
 73
4
 74
0
 40
0.0
 40
0.0
 40
0.0
 40
0.0
 40
1.0
 40
1.0
 40
1.0
 40
1.0
 10
2.788439688739742
 20
-12.882408145916997
 30
0.0
 10
2.6175297707337535
 20
-12.714534002943992
 30
0.0
 10
2.556561288820183
 20
-12.689172632355621
 30
0.0
 10
2.5836935281779843
 20
-12.797237790823374
 30
0.0
  0
SPLINE
  5
1A9
330
17
100
AcDbEntity
  8
0
100
AcDbSpline
 70
0
 71
3
 72
8
 73
4
 74
0
 40
0.0
 40
0.0
 40
0.0
 40
0.0
 40
1.0
 40
1.0
 40
1.0
 40
1.0
 10
3.091426902454068
 20
-13.05163152223804
 30
0.0
 10
3.029931376263928
 20
-13.109248002552476
 30
0.0
 10
3.0054132765179125
 20
-13.095544851361865
 30
0.0
 10
2.788439688739742
 20
-12.882408145916997
 30
0.0
  0
LINE
  5
1AA
330
17
100
AcDbEntity
  8
0
100
AcDbLine
 10
3.1383549248398257
 20
-13.00765494780103
 30
0.0
 11
3.091426902454068
 21
-13.05163152223804
 31
0.0
  0
LINE
  5
1AB
330
17
100
AcDbEntity
  8
0
100
AcDbLine
 10
3.217917528830772
 20
-13.062235653082553
 30
0.0
 11
3.1383549248398257
 21
-13.00765494780103
 31
0.0
  0
SPLINE
  5
1AC
330
17
100
AcDbEntity
  8
0
100
AcDbSpline
 70
0
 71
3
 72
8
 73
4
 74
0
 40
0.0
 40
0.0
 40
0.0
 40
0.0
 40
1.0
 40
1.0
 40
1.0
 40
1.0
 10
3.537158788034507
 20
-13.192499916479619
 30
0.0
 10
3.518670074812447
 20
-13.21098862970166
 30
0.0
 10
3.3115205923495337
 20
-13.126471809510804
 30
0.0
 10
3.217917528830772
 20
-13.062235653082553
 30
0.0
  0
SPLINE
  5
1AD
330
17
100
AcDbEntity
  8
0
100
AcDbSpline
 70
0
 71
3
 72
8
 73
4
 74
0
 40
0.0
 40
0.0
 40
0.0
 40
0.0
 40
1.0
 40
1.0
 40
1.0
 40
1.0
 10
3.683339788583849
 20
-13.13555805283886
 30
0.0
 10
3.558472458578982
 20
-13.140322533099152
 30
0.0
 10
3.53975184587523
 20
-13.189906858638778
 30
0.0
 10
3.537158788034507
 20
-13.192499916479619
 30
0.0
  0
SPLINE
  5
1AE
330
17
100
AcDbEntity
  8
0
100
AcDbSpline
 70
0
 71
3
 72
8
 73
4
 74
0
 40
0.0
 40
0.0
 40
0.0
 40
0.0
 40
1.0
 40
1.0
 40
1.0
 40
1.0
 10
4.046831685248369
 20
-13.149261204029699
 30
0.0
 10
4.008336371287724
 20
-13.173673894920512
 30
0.0
 10
3.793217979363078
 20
-13.131362780397467
 30
0.0
 10
3.683339788583849
 20
-13.13555805283886
 30
0.0
  0
SPLINE
  5
1AF
330
17
100
AcDbEntity
  8
0
100
AcDbSpline
 70
0
 71
3
 72
8
 73
4
 74
0
 40
0.0
 40
0.0
 40
0.0
 40
0.0
 40
1.0
 40
1.0
 40
1.0
 40
1.0
 10
3.819654520275808
 20
-12.9945420862
 30
0.0
 10
3.8253676802338266
 20
-13.044147493510764
 30
0.0
 10
4.09319049981543
 20
-13.119852133397217
 30
0.0
 10
4.046831685248369
 20
-13.149261204029699
 30
0.0
  0
SPLINE
  5
1B0
330
17
100
AcDbEntity
  8
0
100
AcDbSpline
 70
0
 71
3
 72
8
 73
4
 74
0
 40
0.0
 40
0.0
 40
0.0
 40
0.0
 40
1.0
 40
1.0
 40
1.0
 40
1.0
 10
3.491305935972953
 20
-12.763802101917918
 30
0.0
 10
3.490884300551696
 20
-12.835163896965241
 30
0.0
 10
3.81305592593316
 20
-12.937368323077635
 30
0.0
 10
3.819654520275808
 20
-12.9945420862
 30
0.0
  0
SPLINE
  5
1B1
330
17
100
AcDbEntity
  8
0
100
AcDbSpline
 70
0
 71
3
 72
8
 73
4
 74
0
 40
0.0
 40
0.0
 40
0.0
 40
0.0
 40
1.0
 40
1.0
 40
1.0
 40
1.0
 10
3.8767439563138275
 20
-12.821608318171911
 30
0.0
 10
3.7981721955628327
 20
-12.831284851089777
 30
0.0
 10
3.491980552646961
 20
-12.646735027206205
 30
0.0
 10
3.491305935972953
 20
-12.763802101917918
 30
0.0
  0
SPLINE
  5
1B2
330
17
100
AcDbEntity
  8
0
100
AcDbSpline
 70
0
 71
3
 72
8
 73
4
 74
0
 40
0.0
 40
0.0
 40
0.0
 40
0.0
 40
1.0
 40
1.0
 40
1.0
 40
1.0
 10
4.138157917492347
 20
-12.738335322473858
 30
0.0
 10
4.067913456311153
 20
-12.768924972285959
 30
0.0
 10
4.0241687813558755
 20
-12.803435831515799
 30
0.0
 10
3.8767439563138275
 20
-12.821608318171911
 30
0.0
  0
SPLINE
  5
1B3
330
17
100
AcDbEntity
  8
0
100
AcDbSpline
 70
0
 71
3
 72
8
 73
4
 74
0
 40
0.0
 40
0.0
 40
0.0
 40
0.0
 40
1.0
 40
1.0
 40
1.0
 40
1.0
 10
3.940790376802566
 20
-12.640136432863528
 30
0.0
 10
3.9750482547795887
 20
-12.643087880812345
 30
0.0
 10
4.235935171681538
 20
-12.695771226698298
 30
0.0
 10
4.138157917492347
 20
-12.738335322473858
 30
0.0
  0
SPLINE
  5
1B4
330
17
100
AcDbEntity
  8
0
100
AcDbSpline
 70
0
 71
3
 72
8
 73
4
 74
0
 40
0.0
 40
0.0
 40
0.0
 40
0.0
 40
1.0
 40
1.0
 40
1.0
 40
1.0
 10
3.5569756528335246
 20
-12.468383244015058
 30
0.0
 10
3.5444530808222305
 20
-12.504327663677032
 30
0.0
 10
3.792311463207378
 20
-12.627403043141612
 30
0.0
 10
3.940790376802566
 20
-12.640136432863528
 30
0.0
  0
SPLINE
  5
1B5
330
17
100
AcDbEntity
  8
0
100
AcDbSpline
 70
0
 71
3
 72
8
 73
4
 74
0
 40
0.0
 40
0.0
 40
0.0
 40
0.0
 40
1.0
 40
1.0
 40
1.0
 40
1.0
 10
3.4681370695749534
 20
-12.372461185679413
 30
0.0
 10
3.548880252745416
 20
-12.352201603687945
 30
0.0
 10
3.584192219275578
 20
-12.390317445769597
 30
0.0
 10
3.5569756528335246
 20
-12.468383244015058
 30
0.0
  0
SPLINE
  5
1B6
330
17
100
AcDbEntity
  8
0
100
AcDbSpline
 70
0
 71
3
 72
8
 73
4
 74
0
 40
0.0
 40
0.0
 40
0.0
 40
0.0
 40
1.0
 40
1.0
 40
1.0
 40
1.0
 10
3.244754623393696
 20
-12.192949905079786
 30
0.0
 10
3.244754623393696
 20
-12.317753989771518
 30
0.0
 10
3.349805088599548
 20
-12.402165401106913
 30
0.0
 10
3.4681370695749534
 20
-12.372461185679413
 30
0.0
  0
SPLINE
  5
1B7
330
17
100
AcDbEntity
  8
0
100
AcDbSpline
 70
0
 71
3
 72
8
 73
4
 74
0
 40
0.0
 40
0.0
 40
0.0
 40
0.0
 40
1.0
 40
1.0
 40
1.0
 40
1.0
 10
3.1742360991886844
 20
-12.149732274401003
 30
0.0
 10
3.2312622899135137
 20
-12.149732274401003
 30
0.0
 10
3.244754623393696
 20
-12.157996328657646
 30
0.0
 10
3.244754623393696
 20
-12.192949905079786
 30
0.0
  0
SPLINE
  5
1B8
330
17
100
AcDbEntity
  8
0
100
AcDbSpline
 70
0
 71
3
 72
8
 73
4
 74
0
 40
0.0
 40
0.0
 40
0.0
 40
0.0
 40
1.0
 40
1.0
 40
1.0
 40
1.0
 10
3.0511396379530895
 20
-12.012785089577164
 30
0.0
 10
3.0182942386372744
 20
-12.084905828382944
 30
0.0
 10
3.076564253854807
 20
-12.149732274401003
 30
0.0
 10
3.1742360991886844
 20
-12.149732274401003
 30
0.0
  0
SPLINE
  5
1B9
330
17
100
AcDbEntity
  8
0
100
AcDbSpline
 70
0
 71
3
 72
8
 73
4
 74
0
 40
0.0
 40
0.0
 40
0.0
 40
0.0
 40
1.0
 40
1.0
 40
1.0
 40
1.0
 10
2.9965167691294177
 20
-11.91991988804557
 30
0.0
 10
3.0692067157538956
 20
-11.957318949911041
 30
0.0
 10
3.0732754975690133
 20
-11.964212689048509
 30
0.0
 10
3.0511396379530895
 20
-12.012785089577164
 30
0.0
  0
SPLINE
  5
1BA
330
17
100
AcDbEntity
  8
0
100
AcDbSpline
 70
0
 71
3
 72
8
 73
4
 74
0
 40
0.0
 40
0.0
 40
0.0
 40
0.0
 40
1.0
 40
1.0
 40
1.0
 40
1.0
 10
2.8619096608935424
 20
-11.819633903099884
 30
0.0
 10
2.892752291958396
 20
-11.852563629500082
 30
0.0
 10
2.9533202202217748
 20
-11.897699701345573
 30
0.0
 10
2.9965167691294177
 20
-11.91991988804557
 30
0.0
  0
SPLINE
  5
1BB
330
17
100
AcDbEntity
  8
0
100
AcDbSpline
 70
0
 71
3
 72
8
 73
4
 74
0
 40
0.0
 40
0.0
 40
0.0
 40
0.0
 40
1.0
 40
1.0
 40
1.0
 40
1.0
 10
2.7118496144686484
 20
-11.447119008420486
 30
0.0
 10
2.664752937914389
 20
-11.476211852487268
 30
0.0
 10
2.7586722279990905
 20
-11.709355158670633
 30
0.0
 10
2.8619096608935424
 20
-11.819633903099884
 30
0.0
  0
SPLINE
  5
1BC
330
17
100
AcDbEntity
  8
0
100
AcDbSpline
 70
0
 71
3
 72
8
 73
4
 74
0
 40
0.0
 40
0.0
 40
0.0
 40
0.0
 40
1.0
 40
1.0
 40
1.0
 40
1.0
 10
2.9623432182366463
 20
-11.552148391855326
 30
0.0
 10
2.8352833840412472
 20
-11.487764663029566
 30
0.0
 10
2.7225591541685423
 20
-11.4404993323069
 30
0.0
 10
2.7118496144686484
 20
-11.447119008420486
 30
0.0
  0
SPLINE
  5
1BD
330
17
100
AcDbEntity
  8
0
100
AcDbSpline
 70
0
 71
3
 72
8
 73
4
 74
0
 40
0.0
 40
0.0
 40
0.0
 40
0.0
 40
1.0
 40
1.0
 40
1.0
 40
1.0
 10
3.290291248889308
 20
-11.77643735419224
 30
0.0
 10
3.1122978558062258
 20
-11.769227388488844
 30
0.0
 10
3.1827742164691095
 20
-11.663860696717165
 30
0.0
 10
2.9623432182366463
 20
-11.552148391855326
 30
0.0
  0
LINE
  5
1BE
330
17
100
AcDbEntity
  8
0
100
AcDbLine
 10
3.48219861087383
 20
-11.77205234581129
 30
0.0
 11
3.290291248889308
 21
-11.77643735419224
 31
0.0
  0
SPLINE
  5
1BF
330
17
100
AcDbEntity
  8
0
100
AcDbSpline
 70
0
 71
3
 72
8
 73
4
 74
0
 40
0.0
 40
0.0
 40
0.0
 40
0.0
 40
1.0
 40
1.0
 40
1.0
 40
1.0
 10
3.648997583522574
 20
-11.750844084122036
 30
0.0
 10
3.63101483280602
 20
-11.735812781354298
 30
0.0
 10
3.6155829763880645
 20
-11.906322145710192
 30
0.0
 10
3.48219861087383
 20
-11.77205234581129
 30
0.0
  0
SPLINE
  5
1C0
330
17
100
AcDbEntity
  8
0
100
AcDbSpline
 70
0
 71
3
 72
8
 73
4
 74
0
 40
0.0
 40
0.0
 40
0.0
 40
0.0
 40
1.0
 40
1.0
 40
1.0
 40
1.0
 10
3.7614899139135893
 20
-11.82869906465703
 30
0.0
 10
3.7134445576615054
 20
-11.830238033944624
 30
0.0
 10
3.7000787148077006
 20
-11.793513588753285
 30
0.0
 10
3.648997583522574
 20
-11.750844084122036
 30
0.0
  0
SPLINE
  5
1C1
330
17
100
AcDbEntity
  8
0
100
AcDbSpline
 70
0
 71
3
 72
8
 73
4
 74
0
 40
0.0
 40
0.0
 40
0.0
 40
0.0
 40
1.0
 40
1.0
 40
1.0
 40
1.0
 10
4.022693057381479
 20
-11.736529561570478
 30
0.0
 10
3.984218825191901
 20
-11.746037440319697
 30
0.0
 10
3.817714997338035
 20
-11.826864950574418
 30
0.0
 10
3.7614899139135893
 20
-11.82869906465703
 30
0.0
  0
SPLINE
  5
1C2
330
17
100
AcDbEntity
  8
0
100
AcDbSpline
 70
0
 71
3
 72
8
 73
4
 74
0
 40
0.0
 40
0.0
 40
0.0
 40
0.0
 40
1.0
 40
1.0
 40
1.0
 40
1.0
 10
4.073415798558539
 20
-11.567032122225783
 30
0.0
 10
4.065257153157241
 20
-11.61937815977467
 30
0.0
 10
4.104827637442087
 20
-11.716227816036962
 30
0.0
 10
4.022693057381479
 20
-11.736529561570478
 30
0.0
  0
SPLINE
  5
1C3
330
17
100
AcDbEntity
  8
0
100
AcDbSpline
 70
0
 71
3
 72
8
 73
4
 74
0
 40
0.0
 40
0.0
 40
0.0
 40
0.0
 40
1.0
 40
1.0
 40
1.0
 40
1.0
 10
3.8382486423531876
 20
-11.409635619470919
 30
0.0
 10
3.8288461724591834
 20
-11.442902654207955
 30
0.0
 10
4.066522059421009
 20
-11.5166888529277
 30
0.0
 10
4.073415798558539
 20
-11.567032122225783
 30
0.0
  0
SPLINE
  5
1C4
330
17
100
AcDbEntity
  8
0
100
AcDbSpline
 70
0
 71
3
 72
8
 73
4
 74
0
 40
0.0
 40
0.0
 40
0.0
 40
0.0
 40
1.0
 40
1.0
 40
1.0
 40
1.0
 10
3.940642804405128
 20
-11.220110497616588
 30
0.0
 10
3.95034041909401
 20
-11.30951828869388
 30
0.0
 10
3.8476721940182514
 20
-11.376347502962744
 30
0.0
 10
3.8382486423531876
 20
-11.409635619470919
 30
0.0
  0
SPLINE
  5
1C5
330
17
100
AcDbEntity
  8
0
100
AcDbSpline
 70
0
 71
3
 72
8
 73
4
 74
0
 40
0.0
 40
0.0
 40
0.0
 40
0.0
 40
1.0
 40
1.0
 40
1.0
 40
1.0
 10
3.560390899745695
 20
-11.002293638995752
 30
0.0
 10
3.548289963155658
 20
-11.034190358613841
 30
0.0
 10
3.9299965100184213
 20
-11.121953771548306
 30
0.0
 10
3.940642804405128
 20
-11.220110497616588
 30
0.0
  0
SPLINE
  5
1C6
330
17
100
AcDbEntity
  8
0
100
AcDbSpline
 70
0
 71
3
 72
8
 73
4
 74
0
 40
0.0
 40
0.0
 40
0.0
 40
0.0
 40
1.0
 40
1.0
 40
1.0
 40
1.0
 10
3.474440519122725
 20
-10.896062594610385
 30
0.0
 10
3.5360203723971173
 20
-10.876519792835325
 30
0.0
 10
3.5851408989734024
 20
-10.937235293496087
 30
0.0
 10
3.560390899745695
 20
-11.002293638995752
 30
0.0
  0
SPLINE
  5
1C7
330
17
100
AcDbEntity
  8
0
100
AcDbSpline
 70
0
 71
3
 72
8
 73
4
 74
0
 40
0.0
 40
0.0
 40
0.0
 40
0.0
 40
1.0
 40
1.0
 40
1.0
 40
1.0
 10
3.311900064228661
 20
-10.804167154547713
 30
0.0
 10
3.350795931839497
 20
-10.885395218452686
 30
0.0
 10
3.407337241829884
 20
-10.917376265154871
 30
0.0
 10
3.474440519122725
 20
-10.896062594610385
 30
0.0
  0
SPLINE
  5
1C8
330
17
100
AcDbEntity
  8
0
100
AcDbSpline
 70
0
 71
3
 72
8
 73
4
 74
0
 40
0.0
 40
0.0
 40
0.0
 40
0.0
 40
1.0
 40
1.0
 40
1.0
 40
1.0
 10
3.1944324358668332
 20
-10.731603698549634
 30
0.0
 10
3.268092143960197
 20
-10.727113281313223
 30
0.0
 10
3.2779162492754548
 20
-10.733184831379504
 30
0.0
 10
3.311900064228661
 20
-10.804167154547713
 30
0.0
  0
SPLINE
  5
1C9
330
17
100
AcDbEntity
  8
0
100
AcDbSpline
 70
0
 71
3
 72
8
 73
4
 74
0
 40
0.0
 40
0.0
 40
0.0
 40
0.0
 40
1.0
 40
1.0
 40
1.0
 40
1.0
 10
3.033936912765859
 20
-10.64586413563734
 30
0.0
 10
3.033936912765859
 20
-10.706685045153563
 30
0.0
 10
3.09218584621233
 20
-10.737801739242059
 30
0.0
 10
3.1944324358668332
 20
-10.731603698549634
 30
0.0
  0
SPLINE
  5
1CA
330
17
100
AcDbEntity
  8
0
100
AcDbSpline
 70
0
 71
3
 72
8
 73
4
 74
0
 40
0.0
 40
0.0
 40
0.0
 40
0.0
 40
1.0
 40
1.0
 40
1.0
 40
1.0
 10
2.910988023927702
 20
-10.5475176736295
 30
0.0
 10
2.9950199633839594
 20
-10.5475176736295
 30
0.0
 10
3.033936912765859
 20
-10.578655449489133
 30
0.0
 10
3.033936912765859
 20
-10.64586413563734
 30
0.0
  0
SPLINE
  5
1CB
330
17
100
AcDbEntity
  8
0
100
AcDbSpline
 70
0
 71
3
 72
8
 73
4
 74
0
 40
0.0
 40
0.0
 40
0.0
 40
0.0
 40
1.0
 40
1.0
 40
1.0
 40
1.0
 10
2.6868887975303126
 20
-10.426065590536837
 30
0.0
 10
2.7081392227615995
 20
-10.481447403118636
 30
0.0
 10
2.8300551048176743
 20
-10.5475176736295
 30
0.0
 10
2.910988023927702
 20
-10.5475176736295
 30
0.0
  0
SPLINE
  5
1CC
330
17
100
AcDbEntity
  8
0
100
AcDbSpline
 70
0
 71
3
 72
8
 73
4
 74
0
 40
0.0
 40
0.0
 40
0.0
 40
0.0
 40
1.0
 40
1.0
 40
1.0
 40
1.0
 10
2.748047015383448
 20
-10.32959540615343
 30
0.0
 10
2.694667971052481
 20
-10.37241248318196
 30
0.0
 10
2.6770014469018664
 20
-10.400282584527076
 30
0.0
 10
2.6868887975303126
 20
-10.426065590536837
 30
0.0
  0
SPLINE
  5
1CD
330
17
100
AcDbEntity
  8
0
100
AcDbSpline
 70
0
 71
3
 72
8
 73
4
 74
0
 40
0.0
 40
0.0
 40
0.0
 40
0.0
 40
1.0
 40
1.0
 40
1.0
 40
1.0
 10
2.747161580998812
 20
-10.081125652407536
 30
0.0
 10
2.8440112372612383
 20
-10.197033229710769
 30
0.0
 10
2.844200973200806
 20
-10.252457205834844
 30
0.0
 10
2.748047015383448
 20
-10.32959540615343
 30
0.0
  0
SPLINE
  5
1CE
330
17
100
AcDbEntity
  8
0
100
AcDbSpline
 70
0
 71
3
 72
8
 73
4
 74
0
 40
0.0
 40
0.0
 40
0.0
 40
0.0
 40
1.0
 40
1.0
 40
1.0
 40
1.0
 10
2.68195566310162
 20
-9.910236816172528
 30
0.0
 10
2.672700765605059
 20
-9.97923745286107
 30
0.0
 10
2.6816605183067397
 20
-10.002722545825009
 30
0.0
 10
2.747161580998812
 20
-10.081125652407536
 30
0.0
  0
SPLINE
  5
1CF
330
17
100
AcDbEntity
  8
0
100
AcDbSpline
 70
0
 71
3
 72
8
 73
4
 74
0
 40
0.0
 40
0.0
 40
0.0
 40
0.0
 40
1.0
 40
1.0
 40
1.0
 40
1.0
 10
2.6632772139399945
 20
-9.71980517816246
 30
0.0
 10
2.679446932345149
 20
-9.78054176059436
 30
0.0
 10
2.6878585589991983
 20
-9.866239159964607
 30
0.0
 10
2.68195566310162
 20
-9.910236816172528
 30
0.0
  0
SPLINE
  5
1D0
330
17
100
AcDbEntity
  8
0
100
AcDbSpline
 70
0
 71
3
 72
8
 73
4
 74
0
 40
0.0
 40
0.0
 40
0.0
 40
0.0
 40
1.0
 40
1.0
 40
1.0
 40
1.0
 10
2.6637620946744374
 20
-9.472347349427537
 30
0.0
 10
2.6244656734134084
 20
-9.472347349427537
 30
0.0
 10
2.6242759374738434
 20
-9.573265787505079
 30
0.0
 10
2.6632772139399945
 20
-9.71980517816246
 30
0.0
  0
SPLINE
  5
1D1
330
17
100
AcDbEntity
  8
0
100
AcDbSpline
 70
0
 71
3
 72
8
 73
4
 74
0
 40
0.0
 40
0.0
 40
0.0
 40
0.0
 40
1.0
 40
1.0
 40
1.0
 40
1.0
 10
2.7084554493275412
 20
-9.495495134054408
 30
0.0
 10
2.700570866950059
 20
-9.482761744332493
 30
0.0
 10
2.680479939127225
 20
-9.472347349427537
 30
0.0
 10
2.6637620946744374
 20
-9.472347349427537
 30
0.0
  0
SPLINE
  5
1D2
330
17
100
AcDbEntity
  8
0
100
AcDbSpline
 70
0
 71
3
 72
8
 73
4
 74
0
 40
0.0
 40
0.0
 40
0.0
 40
0.0
 40
1.0
 40
1.0
 40
1.0
 40
1.0
 10
2.8810519090185522
 20
-9.621985760431244
 30
0.0
 10
2.794005276300317
 20
-9.565170387416856
 30
0.0
 10
2.7163189499339566
 20
-9.508249605547462
 30
0.0
 10
2.7084554493275412
 20
-9.495495134054408
 30
0.0
  0
SPLINE
  5
1D3
330
17
100
AcDbEntity
  8
0
100
AcDbSpline
 70
0
 71
3
 72
8
 73
4
 74
0
 40
0.0
 40
0.0
 40
0.0
 40
0.0
 40
1.0
 40
1.0
 40
1.0
 40
1.0
 10
3.1212576085079107
 20
-9.72532860218098
 30
0.0
 10
3.058771239077818
 20
-9.72532860218098
 30
0.0
 10
3.0018082936661763
 20
-9.700831584205844
 30
0.0
 10
2.8810519090185522
 20
-9.621985760431244
 30
0.0
  0
SPLINE
  5
1D4
330
17
100
AcDbEntity
  8
0
100
AcDbSpline
 70
0
 71
3
 72
8
 73
4
 74
0
 40
0.0
 40
0.0
 40
0.0
 40
0.0
 40
1.0
 40
1.0
 40
1.0
 40
1.0
 10
3.2445859692251924
 20
-9.751195935274836
 30
0.0
 10
3.2217965747063246
 20
-9.736965739807601
 30
0.0
 10
3.166309353269078
 20
-9.72532860218098
 30
0.0
 10
3.1212576085079107
 20
-9.72532860218098
 30
0.0
  0
SPLINE
  5
1D5
330
17
100
AcDbEntity
  8
0
100
AcDbSpline
 70
0
 71
3
 72
8
 73
4
 74
0
 40
0.0
 40
0.0
 40
0.0
 40
0.0
 40
1.0
 40
1.0
 40
1.0
 40
1.0
 10
3.354991204280994
 20
-9.748265569097157
 30
0.0
 10
3.299925618265001
 20
-9.771265781326747
 30
0.0
 10
3.2776632680227014
 20
-9.771856070916556
 30
0.0
 10
3.2445859692251924
 20
-9.751195935274836
 30
0.0
  0
SPLINE
  5
1D6
330
17
100
AcDbEntity
  8
0
100
AcDbSpline
 70
0
 71
3
 72
8
 73
4
 74
0
 40
0.0
 40
0.0
 40
0.0
 40
0.0
 40
1.0
 40
1.0
 40
1.0
 40
1.0
 10
3.4827256551504
 20
-9.721597128702797
 30
0.0
 10
3.450407300111153
 20
-9.72041654952318
 30
0.0
 10
3.3929173104229413
 20
-9.732412077258005
 30
0.0
 10
3.354991204280994
 20
-9.748265569097157
 30
0.0
  0
SPLINE
  5
1D7
330
17
100
AcDbEntity
  8
0
100
AcDbSpline
 70
0
 71
3
 72
8
 73
4
 74
0
 40
0.0
 40
0.0
 40
0.0
 40
0.0
 40
1.0
 40
1.0
 40
1.0
 40
1.0
 10
3.6146342966902374
 20
-9.647937420609423
 30
0.0
 10
3.569877696723948
 20
-9.585535378263558
 30
0.0
 10
3.5563642814727023
 20
-9.724295595398871
 30
0.0
 10
3.4827256551504
 20
-9.721597128702797
 30
0.0
  0
SPLINE
  5
1D8
330
17
100
AcDbEntity
  8
0
100
AcDbSpline
 70
0
 71
3
 72
8
 73
4
 74
0
 40
0.0
 40
0.0
 40
0.0
 40
0.0
 40
1.0
 40
1.0
 40
1.0
 40
1.0
 10
3.8989430612429388
 20
-9.596055182023974
 30
0.0
 10
3.9093363743768936
 20
-9.776388651695015
 30
0.0
 10
3.715911124875852
 20
-9.789079877874883
 30
0.0
 10
3.6146342966902374
 20
-9.647937420609423
 30
0.0
  0
SPLINE
  5
1D9
330
17
100
AcDbEntity
  8
0
100
AcDbSpline
 70
0
 71
3
 72
8
 73
4
 74
0
 40
0.0
 40
0.0
 40
0.0
 40
0.0
 40
1.0
 40
1.0
 40
1.0
 40
1.0
 10
3.9135316468183845
 20
-9.396895690793826
 30
0.0
 10
3.886652388713337
 20
-9.44114632825449
 30
0.0
 10
3.894283989838062
 20
-9.515354162395624
 30
0.0
 10
3.8989430612429388
 20
-9.596055182023974
 30
0.0
  0
SPLINE
  5
1DA
330
17
100
AcDbEntity
  8
0
100
AcDbSpline
 70
0
 71
3
 72
8
 73
4
 74
0
 40
0.0
 40
0.0
 40
0.0
 40
0.0
 40
1.0
 40
1.0
 40
1.0
 40
1.0
 10
3.749114914299735
 20
-9.181250254592669
 30
0.0
 10
3.759128755554558
 20
-9.204756429327517
 30
0.0
 10
3.9579087749055475
 20
-9.323805190519124
 30
0.0
 10
3.9135316468183845
 20
-9.396895690793826
 30
0.0
  0
SPLINE
  5
1DB
330
17
100
AcDbEntity
  8
0
100
AcDbSpline
 70
0
 71
3
 72
8
 73
4
 74
0
 40
0.0
 40
0.0
 40
0.0
 40
0.0
 40
1.0
 40
1.0
 40
1.0
 40
1.0
 10
3.546856402723388
 20
-9.007705115203862
 30
0.0
 10
3.5712480118430268
 20
-9.056593742298446
 30
0.0
 10
3.6780482640470904
 20
-9.014345873088587
 30
0.0
 10
3.749114914299735
 20
-9.181250254592669
 30
0.0
  0
SPLINE
  5
1DC
330
17
100
AcDbEntity
  8
0
100
AcDbSpline
 70
0
 71
3
 72
8
 73
4
 74
0
 40
0.0
 40
0.0
 40
0.0
 40
0.0
 40
1.0
 40
1.0
 40
1.0
 40
1.0
 10
3.5389085750327185
 20
-8.866288594914522
 30
0.0
 10
3.5166883883325433
 20
-8.92776303933374
 30
0.0
 10
3.517911131054185
 20
-8.949688081238946
 30
0.0
 10
3.546856402723388
 20
-9.007705115203862
 30
0.0
  0
SPLINE
  5
1DD
330
17
100
AcDbEntity
  8
0
100
AcDbSpline
 70
0
 71
3
 72
8
 73
4
 74
0
 40
0.0
 40
0.0
 40
0.0
 40
0.0
 40
1.0
 40
1.0
 40
1.0
 40
1.0
 10
3.4656915841316707
 20
-8.773001757961765
 30
0.0
 10
3.544727143846047
 20
-8.736994092986606
 30
0.0
 10
3.572765899359549
 20
-8.772706613166974
 30
0.0
 10
3.5389085750327185
 20
-8.866288594914522
 30
0.0
  0
SPLINE
  5
1DE
330
17
100
AcDbEntity
  8
0
100
AcDbSpline
 70
0
 71
3
 72
8
 73
4
 74
0
 40
0.0
 40
0.0
 40
0.0
 40
0.0
 40
1.0
 40
1.0
 40
1.0
 40
1.0
 10
3.188866848306258
 20
-8.705666581187188
 30
0.0
 10
3.316791035115229
 20
-8.801188085872809
 30
0.0
 10
3.373564244587306
 20
-8.814975564147744
 30
0.0
 10
3.4656915841316707
 20
-8.773001757961765
 30
0.0
  0
SPLINE
  5
1DF
330
17
100
AcDbEntity
  8
0
100
AcDbSpline
 70
0
 71
3
 72
8
 73
4
 74
0
 40
0.0
 40
0.0
 40
0.0
 40
0.0
 40
1.0
 40
1.0
 40
1.0
 40
1.0
 10
2.9227727339518
 20
-8.548017097179809
 30
0.0
 10
3.0013023311606704
 20
-8.584088007468154
 30
0.0
 10
3.12104679079728
 20
-8.655049248865453
 30
0.0
 10
3.188866848306258
 20
-8.705666581187188
 30
0.0
  0
SPLINE
  5
1E0
330
17
100
AcDbEntity
  8
0
100
AcDbSpline
 70
0
 71
3
 72
8
 73
4
 74
0
 40
0.0
 40
0.0
 40
0.0
 40
0.0
 40
1.0
 40
1.0
 40
1.0
 40
1.0
 10
2.76752657184546
 20
-8.44996577996676
 30
0.0
 10
2.7743781474408653
 20
-8.467800958285807
 30
0.0
 10
2.8442431367429277
 20
-8.511925105120326
 30
0.0
 10
2.9227727339518
 20
-8.548017097179809
 30
0.0
  0
SPLINE
  5
1E1
330
17
100
AcDbEntity
  8
0
100
AcDbSpline
 70
0
 71
3
 72
8
 73
4
 74
0
 40
0.0
 40
0.0
 40
0.0
 40
0.0
 40
1.0
 40
1.0
 40
1.0
 40
1.0
 10
2.7806183516754484
 20
-8.355835672171452
 30
0.0
 10
2.7665568103765716
 20
-8.389756241811483
 30
0.0
 10
2.7606749962500547
 20
-8.432109519876576
 30
0.0
 10
2.76752657184546
 20
-8.44996577996676
 30
0.0
  0
SPLINE
  5
1E2
330
17
100
AcDbEntity
  8
0
100
AcDbSpline
 70
0
 71
3
 72
8
 73
4
 74
0
 40
0.0
 40
0.0
 40
0.0
 40
0.0
 40
1.0
 40
1.0
 40
1.0
 40
1.0
 10
2.730317245919645
 20
-8.142572476100213
 30
0.0
 10
2.798580020620941
 20
-8.279013698418566
 30
0.0
 10
2.803597482133881
 20
-8.300327368963053
 30
0.0
 10
2.7806183516754484
 20
-8.355835672171452
 30
0.0
  0
SPLINE
  5
1E3
330
17
100
AcDbEntity
  8
0
100
AcDbSpline
 70
0
 71
3
 72
8
 73
4
 74
0
 40
0.0
 40
0.0
 40
0.0
 40
0.0
 40
1.0
 40
1.0
 40
1.0
 40
1.0
 10
2.665701617612214
 20
-7.891214519718687
 30
0.0
 10
2.63310919954915
 20
-7.891214519718687
 30
0.0
 10
2.6632772139399945
 20
-8.008597820996329
 30
0.0
 10
2.730317245919645
 20
-8.142572476100213
 30
0.0
  0
SPLINE
  5
1E4
330
17
100
AcDbEntity
  8
0
100
AcDbSpline
 70
0
 71
3
 72
8
 73
4
 74
0
 40
0.0
 40
0.0
 40
0.0
 40
0.0
 40
1.0
 40
1.0
 40
1.0
 40
1.0
 10
2.780955660012453
 20
-7.943918947375778
 30
0.0
 10
2.723760815119123
 20
-7.914931512164458
 30
0.0
 10
2.671899658304672
 20
-7.891214519718687
 30
0.0
 10
2.665701617612214
 20
-7.891214519718687
 30
0.0
  0
SPLINE
  5
1E5
330
17
100
AcDbEntity
  8
0
100
AcDbSpline
 70
0
 71
3
 72
8
 73
4
 74
0
 40
0.0
 40
0.0
 40
0.0
 40
0.0
 40
1.0
 40
1.0
 40
1.0
 40
1.0
 10
3.024639851727171
 20
-7.965675335112564
 30
0.0
 10
2.96601144640157
 20
-8.010010299657552
 30
0.0
 10
2.8997092764091157
 20
-8.00408632198878
 30
0.0
 10
2.780955660012453
 20
-7.943918947375778
 30
0.0
  0
SPLINE
  5
1E6
330
17
100
AcDbEntity
  8
0
100
AcDbSpline
 70
0
 71
3
 72
8
 73
4
 74
0
 40
0.0
 40
0.0
 40
0.0
 40
0.0
 40
1.0
 40
1.0
 40
1.0
 40
1.0
 10
3.175037206489071
 20
-7.979378486303176
 30
0.0
 10
3.1181796699327426
 20
-7.925957278430133
 30
0.0
 10
3.0815606335966876
 20
-7.922626358602201
 30
0.0
 10
3.024639851727171
 20
-7.965675335112564
 30
0.0
  0
SPLINE
  5
1E7
330
17
100
AcDbEntity
  8
0
100
AcDbSpline
 70
0
 71
3
 72
8
 73
4
 74
0
 40
0.0
 40
0.0
 40
0.0
 40
0.0
 40
1.0
 40
1.0
 40
1.0
 40
1.0
 10
3.3000731906624416
 20
-7.989076100992179
 30
0.0
 10
3.225949683605692
 20
-8.024430231064343
 30
0.0
 10
3.222745254404149
 20
-8.0241772498116
 30
0.0
 10
3.175037206489071
 20
-7.979378486303176
 30
0.0
  0
SPLINE
  5
1E8
330
17
100
AcDbEntity
  8
0
100
AcDbSpline
 70
0
 71
3
 72
8
 73
4
 74
0
 40
0.0
 40
0.0
 40
0.0
 40
0.0
 40
1.0
 40
1.0
 40
1.0
 40
1.0
 10
3.4470763802832316
 20
-7.976216220643892
 30
0.0
 10
3.389101509860577
 20
-7.957073972518856
 30
0.0
 10
3.3622433335265898
 20
-7.959435130877864
 30
0.0
 10
3.3000731906624416
 20
-7.989076100992179
 30
0.0
  0
SPLINE
  5
1E9
330
17
100
AcDbEntity
  8
0
100
AcDbSpline
 70
0
 71
3
 72
8
 73
4
 74
0
 40
0.0
 40
0.0
 40
0.0
 40
0.0
 40
1.0
 40
1.0
 40
1.0
 40
1.0
 10
3.5472780381446434
 20
-7.881411496174451
 30
0.0
 10
3.562225013828156
 20
-7.990446416111354
 30
0.0
 10
3.543588728208656
 20
-8.008070776719705
 30
0.0
 10
3.4470763802832316
 20
-7.976216220643892
 30
0.0
  0
SPLINE
  5
1EA
330
17
100
AcDbEntity
  8
0
100
AcDbSpline
 70
0
 71
3
 72
8
 73
4
 74
0
 40
0.0
 40
0.0
 40
0.0
 40
0.0
 40
1.0
 40
1.0
 40
1.0
 40
1.0
 10
3.6632910243031427
 20
-7.785805664404734
 30
0.0
 10
3.6515484778211746
 20
-7.819473252792022
 30
0.0
 10
3.5403210536939245
 20
-7.830646591455434
 30
0.0
 10
3.5472780381446434
 20
-7.881411496174451
 30
0.0
  0
SPLINE
  5
1EB
330
17
100
AcDbEntity
  8
0
100
AcDbSpline
 70
0
 71
3
 72
8
 73
4
 74
0
 40
0.0
 40
0.0
 40
0.0
 40
0.0
 40
1.0
 40
1.0
 40
1.0
 40
1.0
 10
3.636496093282344
 20
-7.614980073483139
 30
0.0
 10
3.651527396050108
 20
-7.641838249817056
 30
0.0
 10
3.6778585281075253
 20
-7.744000512387402
 30
0.0
 10
3.6632910243031427
 20
-7.785805664404734
 30
0.0
  0
SPLINE
  5
1EC
330
17
100
AcDbEntity
  8
0
100
AcDbSpline
 70
0
 71
3
 72
8
 73
4
 74
0
 40
0.0
 40
0.0
 40
0.0
 40
0.0
 40
1.0
 40
1.0
 40
1.0
 40
1.0
 10
3.5363576807341204
 20
-7.510098262445808
 30
0.0
 10
3.534671139049097
 20
-7.552957503016387
 30
0.0
 10
3.624395156692307
 20
-7.593371258143634
 30
0.0
 10
3.636496093282344
 20
-7.614980073483139
 30
0.0
  0
SPLINE
  5
1ED
330
17
100
AcDbEntity
  8
0
100
AcDbSpline
 70
0
 71
3
 72
8
 73
4
 74
0
 40
0.0
 40
0.0
 40
0.0
 40
0.0
 40
1.0
 40
1.0
 40
1.0
 40
1.0
 10
3.421757173236827
 20
-7.425370624544485
 30
0.0
 10
3.495585535498699
 20
-7.367290345266383
 30
0.0
 10
3.5406372802598662
 20
-7.400599543545695
 30
0.0
 10
3.5363576807341204
 20
-7.510098262445808
 30
0.0
  0
SPLINE
  5
1EE
330
17
100
AcDbEntity
  8
0
100
AcDbSpline
 70
0
 71
3
 72
8
 73
4
 74
0
 40
0.0
 40
0.0
 40
0.0
 40
0.0
 40
1.0
 40
1.0
 40
1.0
 40
1.0
 10
3.319637074208705
 20
-7.4695790984631
 30
0.0
 10
3.3448930359419187
 20
-7.4695790984631
 30
0.0
 10
3.390851296858786
 20
-7.449677906579836
 30
0.0
 10
3.421757173236827
 20
-7.425370624544485
 30
0.0
  0
SPLINE
  5
1EF
330
17
100
AcDbEntity
  8
0
100
AcDbSpline
 70
0
 71
3
 72
8
 73
4
 74
0
 40
0.0
 40
0.0
 40
0.0
 40
0.0
 40
1.0
 40
1.0
 40
1.0
 40
1.0
 10
3.1411798821622385
 20
-7.306195372726506
 30
0.0
 10
3.183575323769497
 20
-7.38860401581087
 30
0.0
 10
3.2720133533778766
 20
-7.4695790984631
 30
0.0
 10
3.319637074208705
 20
-7.4695790984631
 30
0.0
  0
SPLINE
  5
1F0
330
17
100
AcDbEntity
  8
0
100
AcDbSpline
 70
0
 71
3
 72
8
 73
4
 74
0
 40
0.0
 40
0.0
 40
0.0
 40
0.0
 40
1.0
 40
1.0
 40
1.0
 40
1.0
 10
3.0637043735065106
 20
-7.293525228317776
 30
0.0
 10
3.114490359996755
 20
-7.260258193580739
 30
0.0
 10
3.1178212798246765
 20
-7.260806319628273
 30
0.0
 10
3.1411798821622385
 20
-7.306195372726506
 30
0.0
  0
SPLINE
  5
1F1
330
17
100
AcDbEntity
  8
0
100
AcDbSpline
 70
0
 71
3
 72
8
 73
4
 74
0
 40
0.0
 40
0.0
 40
0.0
 40
0.0
 40
1.0
 40
1.0
 40
1.0
 40
1.0
 10
2.9493568472619707
 20
-7.282984342786449
 30
0.0
 10
3.0073527994556883
 20
-7.325864665127938
 30
0.0
 10
3.013487594834957
 20
-7.326433872946836
 30
0.0
 10
3.0637043735065106
 20
-7.293525228317776
 30
0.0
  0
SPLINE
  5
1F2
330
17
100
AcDbEntity
  8
0
100
AcDbSpline
 70
0
 71
3
 72
8
 73
4
 74
0
 40
0.0
 40
0.0
 40
0.0
 40
0.0
 40
1.0
 40
1.0
 40
1.0
 40
1.0
 10
2.8702791240054673
 20
-7.237679616772311
 30
0.0
 10
2.8800610657786
 20
-7.237679616772311
 30
0.0
 10
2.915647095332578
 20
-7.2580656893901505
 30
0.0
 10
2.9493568472619707
 20
-7.282984342786449
 30
0.0
  0
SPLINE
  5
1F3
330
17
100
AcDbEntity
  8
0
100
AcDbSpline
 70
0
 71
3
 72
8
 73
4
 74
0
 40
0.0
 40
0.0
 40
0.0
 40
0.0
 40
1.0
 40
1.0
 40
1.0
 40
1.0
 10
2.764638369209859
 20
-7.173063988464946
 30
0.0
 10
2.8129577884857593
 20
-7.208607854476895
 30
0.0
 10
2.8605182640034004
 20
-7.237679616772311
 30
0.0
 10
2.8702791240054673
 20
-7.237679616772311
 30
0.0
  0
SPLINE
  5
1F4
330
17
100
AcDbEntity
  8
0
100
AcDbSpline
 70
0
 71
3
 72
8
 73
4
 74
0
 40
0.0
 40
0.0
 40
0.0
 40
0.0
 40
1.0
 40
1.0
 40
1.0
 40
1.0
 10
2.731265925617472
 20
-6.92259146646802
 30
0.0
 10
2.5955414835152704
 20
-6.871004372677362
 30
0.0
 10
2.6218093702594993
 20
-7.0680135232591965
 30
0.0
 10
2.764638369209859
 20
-7.173063988464946
 30
0.0
  0
SPLINE
  5
1F5
330
17
100
AcDbEntity
  8
0
100
AcDbSpline
 70
0
 71
3
 72
8
 73
4
 74
0
 40
0.0
 40
0.0
 40
0.0
 40
0.0
 40
1.0
 40
1.0
 40
1.0
 40
1.0
 10
3.021013787104372
 20
-6.922359566986415
 30
0.0
 10
2.9530672389690196
 20
-6.948184736538224
 30
0.0
 10
2.798917328957944
 20
-6.948311227164595
 30
0.0
 10
2.731265925617472
 20
-6.92259146646802
 30
0.0
  0
SPLINE
  5
1F6
330
17
100
AcDbEntity
  8
0
100
AcDbSpline
 70
0
 71
3
 72
8
 73
4
 74
0
 40
0.0
 40
0.0
 40
0.0
 40
0.0
 40
1.0
 40
1.0
 40
1.0
 40
1.0
 10
3.1194445761965106
 20
-6.669673459027763
 30
0.0
 10
3.165782308992508
 20
-6.7428904499288365
 30
0.0
 10
3.1088826088940547
 20
-6.8889449598518695
 30
0.0
 10
3.021013787104372
 20
-6.922359566986415
 30
0.0
  0
SPLINE
  5
1F7
330
17
100
AcDbEntity
  8
0
100
AcDbSpline
 70
0
 71
3
 72
8
 73
4
 74
0
 40
0.0
 40
0.0
 40
0.0
 40
0.0
 40
1.0
 40
1.0
 40
1.0
 40
1.0
 10
3.0479773722936745
 20
-6.663032701143038
 30
0.0
 10
3.089613870142669
 20
-6.64408018895756
 30
0.0
 10
3.104097046862802
 20
-6.645429422305597
 30
0.0
 10
3.1194445761965106
 20
-6.669673459027763
 30
0.0
  0
SPLINE
  5
1F8
330
17
100
AcDbEntity
  8
0
100
AcDbSpline
 70
0
 71
3
 72
8
 73
4
 74
0
 40
0.0
 40
0.0
 40
0.0
 40
0.0
 40
1.0
 40
1.0
 40
1.0
 40
1.0
 10
2.900847692046505
 20
-6.626666646059675
 30
0.0
 10
2.982075755951409
 20
-6.678169412766238
 30
0.0
 10
3.0032840176405715
 20
-6.6833976919897395
 30
0.0
 10
3.0479773722936745
 20
-6.663032701143038
 30
0.0
  0
SPLINE
  5
1F9
330
17
100
AcDbEntity
  8
0
100
AcDbSpline
 70
0
 71
3
 72
8
 73
4
 74
0
 40
0.0
 40
0.0
 40
0.0
 40
0.0
 40
1.0
 40
1.0
 40
1.0
 40
1.0
 10
2.79252955232592
 20
-6.524145993381353
 30
0.0
 10
2.7999081721978953
 20
-6.5474202686348235
 30
0.0
 10
2.8486703086661143
 20
-6.593568265491285
 30
0.0
 10
2.900847692046505
 20
-6.626666646059675
 30
0.0
  0
SPLINE
  5
1FA
330
17
100
AcDbEntity
  8
0
100
AcDbSpline
 70
0
 71
3
 72
8
 73
4
 74
0
 40
0.0
 40
0.0
 40
0.0
 40
0.0
 40
1.0
 40
1.0
 40
1.0
 40
1.0
 10
2.706241863365948
 20
-6.43880698411931
 30
0.0
 10
2.7462972283852363
 20
-6.462460731251667
 30
0.0
 10
2.7851298506828837
 20
-6.500850636356972
 30
0.0
 10
2.79252955232592
 20
-6.524145993381353
 30
0.0
  0
SPLINE
  5
1FB
330
17
100
AcDbEntity
  8
0
100
AcDbSpline
 70
0
 71
3
 72
8
 73
4
 74
0
 40
0.0
 40
0.0
 40
0.0
 40
0.0
 40
1.0
 40
1.0
 40
1.0
 40
1.0
 10
2.6333832625729663
 20
-6.374444337064688
 30
0.0
 10
2.6333832625729663
 20
-6.386207965317681
 30
0.0
 10
2.6661654165755957
 20
-6.415174318757863
 30
0.0
 10
2.706241863365948
 20
-6.43880698411931
 30
0.0
  0
SPLINE
  5
1FC
330
17
100
AcDbEntity
  8
0
100
AcDbSpline
 70
0
 71
3
 72
8
 73
4
 74
0
 40
0.0
 40
0.0
 40
0.0
 40
0.0
 40
1.0
 40
1.0
 40
1.0
 40
1.0
 10
2.939068942983331
 20
-6.3556183155055805
 30
0.0
 10
2.7454750393137886
 20
-6.322646425563335
 30
0.0
 10
2.6333832625729663
 20
-6.32956124647194
 30
0.0
 10
2.6333832625729663
 20
-6.374444337064688
 30
0.0
  0
SPLINE
  5
1FD
330
17
100
AcDbEntity
  8
0
100
AcDbSpline
 70
0
 71
3
 72
8
 73
4
 74
0
 40
0.0
 40
0.0
 40
0.0
 40
0.0
 40
1.0
 40
1.0
 40
1.0
 40
1.0
 10
2.9879786518489917
 20
-6.310081690009838
 30
0.0
 10
2.9829190267939234
 20
-6.349546765439527
 30
0.0
 10
2.970607272493255
 20
-6.360973085355454
 30
0.0
 10
2.939068942983331
 20
-6.3556183155055805
 30
0.0
  0
SPLINE
  5
1FE
330
17
100
AcDbEntity
  8
0
100
AcDbSpline
 70
0
 71
3
 72
8
 73
4
 74
0
 40
0.0
 40
0.0
 40
0.0
 40
0.0
 40
1.0
 40
1.0
 40
1.0
 40
1.0
 10
3.1392403592244644
 20
-6.204672834696112
 30
0.0
 10
3.0470497743669087
 20
-6.204672834696112
 30
0.0
 10
2.9970438134059876
 20
-6.239521002262791
 30
0.0
 10
2.9879786518489917
 20
-6.310081690009838
 30
0.0
  0
SPLINE
  5
1FF
330
17
100
AcDbEntity
  8
0
100
AcDbSpline
 70
0
 71
3
 72
8
 73
4
 74
0
 40
0.0
 40
0.0
 40
0.0
 40
0.0
 40
1.0
 40
1.0
 40
1.0
 40
1.0
 10
3.282786138390959
 20
-6.135145153730946
 30
0.0
 10
3.2310514722028882
 20
-6.188524198061941
 30
0.0
 10
3.197721192152625
 20
-6.204672834696112
 30
0.0
 10
3.1392403592244644
 20
-6.204672834696112
 30
0.0
  0
SPLINE
  5
200
330
17
100
AcDbEntity
  8
0
100
AcDbSpline
 70
0
 71
3
 72
8
 73
4
 74
0
 40
0.0
 40
0.0
 40
0.0
 40
0.0
 40
1.0
 40
1.0
 40
1.0
 40
1.0
 10
3.350163478707614
 20
-6.049806144468903
 30
0.0
 10
3.350163478707614
 20
-6.058512915917845
 30
0.0
 10
3.3198478919193315
 20
-6.09692390279406
 30
0.0
 10
3.282786138390959
 20
-6.135145153730946
 30
0.0
  0
SPLINE
  5
201
330
17
100
AcDbEntity
  8
0
100
AcDbSpline
 70
0
 71
3
 72
8
 73
4
 74
0
 40
0.0
 40
0.0
 40
0.0
 40
0.0
 40
1.0
 40
1.0
 40
1.0
 40
1.0
 10
3.111665402674342
 20
-5.952155380906106
 30
0.0
 10
3.1759015591026456
 20
-5.952661343411592
 30
0.0
 10
3.350163478707614
 20
-6.024002056688005
 30
0.0
 10
3.350163478707614
 20
-6.049806144468903
 30
0.0
  0
SPLINE
  5
202
330
17
100
AcDbEntity
  8
0
100
AcDbSpline
 70
0
 71
3
 72
8
 73
4
 74
0
 40
0.0
 40
0.0
 40
0.0
 40
0.0
 40
1.0
 40
1.0
 40
1.0
 40
1.0
 10
2.719966096327819
 20
-5.747472465657438
 30
0.0
 10
2.8447490992484363
 20
-5.856612794449347
 30
0.0
 10
3.0262842298700674
 20
-5.951480764231974
 30
0.0
 10
3.111665402674342
 20
-5.952155380906106
 30
0.0
  0
SPLINE
  5
203
330
17
100
AcDbEntity
  8
0
100
AcDbSpline
 70
0
 71
3
 72
8
 73
4
 74
0
 40
0.0
 40
0.0
 40
0.0
 40
0.0
 40
1.0
 40
1.0
 40
1.0
 40
1.0
 10
2.7581451837225206
 20
-5.593301473875272
 30
0.0
 10
2.5769895249800223
 20
-5.593301473875272
 30
0.0
 10
2.5710655473113775
 20
-5.617208202260599
 30
0.0
 10
2.719966096327819
 20
-5.747472465657438
 30
0.0
  0
SPLINE
  5
204
330
17
100
AcDbEntity
  8
0
100
AcDbSpline
 70
0
 71
3
 72
8
 73
4
 74
0
 40
0.0
 40
0.0
 40
0.0
 40
0.0
 40
1.0
 40
1.0
 40
1.0
 40
1.0
 10
2.970691599577507
 20
-5.544960972828221
 30
0.0
 10
2.970691599577507
 20
-5.580736738321775
 30
0.0
 10
2.915457359393013
 20
-5.593301473875272
 30
0.0
 10
2.7581451837225206
 20
-5.593301473875272
 30
0.0
  0
SPLINE
  5
205
330
17
100
AcDbEntity
  8
0
100
AcDbSpline
 70
0
 71
3
 72
8
 73
4
 74
0
 40
0.0
 40
0.0
 40
0.0
 40
0.0
 40
1.0
 40
1.0
 40
1.0
 40
1.0
 10
3.0154271177727328
 20
-5.474611102791869
 30
0.0
 10
2.990824690942466
 20
-5.500794662451881
 30
0.0
 10
2.970691599577507
 20
-5.532459482588138
 30
0.0
 10
2.970691599577507
 20
-5.544960972828221
 30
0.0
  0
SPLINE
  5
206
330
17
100
AcDbEntity
  8
0
100
AcDbSpline
 70
0
 71
3
 72
8
 73
4
 74
0
 40
0.0
 40
0.0
 40
0.0
 40
0.0
 40
1.0
 40
1.0
 40
1.0
 40
1.0
 10
3.046628138945654
 20
-5.372975884498146
 30
0.0
 10
3.056431162489848
 20
-5.412061488048494
 30
0.0
 10
3.0478087181251707
 20
-5.4401424071040765
 30
0.0
 10
3.0154271177727328
 20
-5.474611102791869
 30
0.0
  0
SPLINE
  5
207
330
17
100
AcDbEntity
  8
0
100
AcDbSpline
 70
0
 71
3
 72
8
 73
4
 74
0
 40
0.0
 40
0.0
 40
0.0
 40
0.0
 40
1.0
 40
1.0
 40
1.0
 40
1.0
 10
2.92127592820634
 20
-5.332119412178372
 30
0.0
 10
3.0283080798920956
 20
-5.319533594853965
 30
0.0
 10
3.0336417679709786
 20
-5.321262300081116
 30
0.0
 10
3.046628138945654
 20
-5.372975884498146
 30
0.0
  0
SPLINE
  5
208
330
17
100
AcDbEntity
  8
0
100
AcDbSpline
 70
0
 71
3
 72
8
 73
4
 74
0
 40
0.0
 40
0.0
 40
0.0
 40
0.0
 40
1.0
 40
1.0
 40
1.0
 40
1.0
 10
2.7372320668282404
 20
-5.30869756452762
 30
0.0
 10
2.7917284450255364
 20
-5.336272521077717
 30
0.0
 10
2.836948843955205
 20
-5.34202784457807
 30
0.0
 10
2.92127592820634
 20
-5.332119412178372
 30
0.0
  0
SPLINE
  5
209
330
17
100
AcDbEntity
  8
0
100
AcDbSpline
 70
0
 71
3
 72
8
 73
4
 74
0
 40
0.0
 40
0.0
 40
0.0
 40
0.0
 40
1.0
 40
1.0
 40
1.0
 40
1.0
 10
2.5701379493846144
 20
-5.148813412787604
 30
0.0
 10
2.5701379493846144
 20
-5.193000804935082
 30
0.0
 10
2.639201831386293
 20
-5.259092157217083
 30
0.0
 10
2.7372320668282404
 20
-5.30869756452762
 30
0.0
  0
SPLINE
  5
20A
330
17
100
AcDbEntity
  8
0
100
AcDbSpline
 70
0
 71
3
 72
8
 73
4
 74
0
 40
0.0
 40
0.0
 40
0.0
 40
0.0
 40
1.0
 40
1.0
 40
1.0
 40
1.0
 10
2.665364309275211
 20
-5.113670100425907
 30
0.0
 10
2.588479090209237
 20
-5.1125106030174265
 30
0.0
 10
2.5701379493846144
 20
-5.119277851528523
 30
0.0
 10
2.5701379493846144
 20
-5.148813412787604
 30
0.0
  0
SPLINE
  5
20B
330
17
100
AcDbEntity
  8
0
100
AcDbSpline
 70
0
 71
3
 72
8
 73
4
 74
0
 40
0.0
 40
0.0
 40
0.0
 40
0.0
 40
1.0
 40
1.0
 40
1.0
 40
1.0
 10
2.812936706714698
 20
-5.065919888968665
 30
0.0
 10
2.7733240588877255
 20
-5.1031292148945795
 30
0.0
 10
2.7373796392256784
 20
-5.114766352521201
 30
0.0
 10
2.665364309275211
 20
-5.113670100425907
 30
0.0
  0
SPLINE
  5
20C
330
17
100
AcDbEntity
  8
0
100
AcDbSpline
 70
0
 71
3
 72
8
 73
4
 74
0
 40
0.0
 40
0.0
 40
0.0
 40
0.0
 40
1.0
 40
1.0
 40
1.0
 40
1.0
 10
2.7484897325757665
 20
-4.888790848499184
 30
0.0
 10
2.876350674071549
 20
-4.916091742025401
 30
0.0
 10
2.900826610275442
 20
-4.983342591715655
 30
0.0
 10
2.812936706714698
 20
-5.065919888968665
 30
0.0
  0
SPLINE
  5
20D
330
17
100
AcDbEntity
  8
0
100
AcDbSpline
 70
0
 71
3
 72
8
 73
4
 74
0
 40
0.0
 40
0.0
 40
0.0
 40
0.0
 40
1.0
 40
1.0
 40
1.0
 40
1.0
 10
2.52595055723702
 20
-4.734219303066766
 30
0.0
 10
2.550405411669849
 20
-4.798497623037292
 30
0.0
 10
2.6502065158810675
 20
-4.867814486291763
 30
0.0
 10
2.7484897325757665
 20
-4.888790848499184
 30
0.0
  0
SPLINE
  5
20E
330
17
100
AcDbEntity
  8
0
100
AcDbSpline
 70
0
 71
3
 72
8
 73
4
 74
0
 40
0.0
 40
0.0
 40
0.0
 40
0.0
 40
1.0
 40
1.0
 40
1.0
 40
1.0
 10
2.5841573271413667
 20
-4.608824928785452
 30
0.0
 10
2.5108770909271305
 20
-4.670383700288767
 30
0.0
 10
2.5057963841009974
 20
-4.681282975928298
 30
0.0
 10
2.52595055723702
 20
-4.734219303066766
 30
0.0
  0
LINE
  5
20F
330
17
100
AcDbEntity
  8
0
100
AcDbLine
 10
2.6644367113484453
 20
-4.5413843431556415
 30
0.0
 11
2.5841573271413667
 21
-4.608824928785452
 31
0.0
  0
LINE
  5
210
330
17
100
AcDbEntity
  8
0
100
AcDbLine
 10
2.6085700180320686
 20
-4.482334302408617
 30
0.0
 11
2.6644367113484453
 21
-4.541384343155414
 31
0.0
  0
SPLINE
  5
211
330
17
100
AcDbEntity
  8
0
100
AcDbSpline
 70
0
 71
3
 72
8
 73
4
 74
0
 40
0.0
 40
0.0
 40
0.0
 40
0.0
 40
1.0
 40
1.0
 40
1.0
 40
1.0
 10
2.497363675675885
 20
-4.054332186291958
 30
0.0
 10
2.515030199826497
 20
-4.313743379219659
 30
0.0
 10
2.5400120985358967
 20
-4.409834091723724
 30
0.0
 10
2.6085700180320686
 20
-4.482334302408617
 30
0.0
  0
SPLINE
  5
212
330
17
100
AcDbEntity
  8
0
100
AcDbSpline
 70
0
 71
3
 72
8
 73
4
 74
0
 40
0.0
 40
0.0
 40
0.0
 40
0.0
 40
1.0
 40
1.0
 40
1.0
 40
1.0
 10
2.4719390597741677
 20
-3.8066213763042924
 30
0.0
 10
2.478432245261507
 20
-3.832699527109071
 30
0.0
 10
2.489858565177536
 20
-3.944179932489078
 30
0.0
 10
2.497363675675885
 20
-4.054332186291958
 30
0.0
  0
SPLINE
  5
213
330
17
100
AcDbEntity
  8
0
100
AcDbSpline
 70
0
 71
3
 72
8
 73
4
 74
0
 40
0.0
 40
0.0
 40
0.0
 40
0.0
 40
1.0
 40
1.0
 40
1.0
 40
1.0
 10
2.3897412344003737
 20
-3.8382440328985012
 30
0.0
 10
2.4049201095655786
 20
-3.7503752111088033
 30
0.0
 10
2.4533449376967944
 20
-3.7317389254892532
 30
0.0
 10
2.4719390597741677
 20
-3.8066213763042924
 30
0.0
  0
SPLINE
  5
214
330
17
100
AcDbEntity
  8
0
100
AcDbSpline
 70
0
 71
3
 72
8
 73
4
 74
0
 40
0.0
 40
0.0
 40
0.0
 40
0.0
 40
1.0
 40
1.0
 40
1.0
 40
1.0
 10
2.2535529933347904
 20
-4.3494769811709375
 30
0.0
 10
2.2906990739474153
 20
-4.303307902543565
 30
0.0
 10
2.343909464109883
 20
-4.103537039952698
 30
0.0
 10
2.3897412344003737
 20
-3.8382440328985012
 30
0.0
  0
SPLINE
  5
215
330
17
100
AcDbEntity
  8
0
100
AcDbSpline
 70
0
 71
3
 72
8
 73
4
 74
0
 40
0.0
 40
0.0
 40
0.0
 40
0.0
 40
1.0
 40
1.0
 40
1.0
 40
1.0
 10
2.219379442442019
 20
-4.6046085745729215
 30
0.0
 10
2.1561973745668555
 20
-4.492221653037177
 30
0.0
 10
2.1596969485632753
 20
-4.466122420461488
 30
0.0
 10
2.2535529933347904
 20
-4.3494769811709375
 30
0.0
  0
SPLINE
  5
216
330
17
100
AcDbEntity
  8
0
100
AcDbSpline
 70
0
 71
3
 72
8
 73
4
 74
0
 40
0.0
 40
0.0
 40
0.0
 40
0.0
 40
1.0
 40
1.0
 40
1.0
 40
1.0
 10
2.265400948672074
 20
-4.747058101644143
 30
0.0
 10
2.272568750833421
 20
-4.724458443064805
 30
0.0
 10
2.2534054209373506
 20
-4.665155421065265
 30
0.0
 10
2.219379442442019
 20
-4.6046085745729215
 30
0.0
  0
SPLINE
  5
217
330
17
100
AcDbEntity
  8
0
100
AcDbSpline
 70
0
 71
3
 72
8
 73
4
 74
0
 40
0.0
 40
0.0
 40
0.0
 40
0.0
 40
1.0
 40
1.0
 40
1.0
 40
1.0
 10
2.1126002720090193
 20
-4.83435771561517
 30
0.0
 10
2.1706594695159254
 20
-4.83435771561517
 30
0.0
 10
2.252541068323775
 20
-4.787577265626851
 30
0.0
 10
2.265400948672074
 20
-4.747058101644143
 30
0.0
  0
SPLINE
  5
218
330
17
100
AcDbEntity
  8
0
100
AcDbSpline
 70
0
 71
3
 72
8
 73
4
 74
0
 40
0.0
 40
0.0
 40
0.0
 40
0.0
 40
1.0
 40
1.0
 40
1.0
 40
1.0
 10
1.9376848175011014
 20
-4.9702297301146245
 30
0.0
 10
1.9376848175011014
 20
-4.934791272958137
 30
0.0
 10
2.066979319429155
 20
-4.83435771561517
 30
0.0
 10
2.1126002720090193
 20
-4.83435771561517
 30
0.0
  0
SPLINE
  5
219
330
17
100
AcDbEntity
  8
0
100
AcDbSpline
 70
0
 71
3
 72
8
 73
4
 74
0
 40
0.0
 40
0.0
 40
0.0
 40
0.0
 40
1.0
 40
1.0
 40
1.0
 40
1.0
 10
1.998758708269988
 20
-5.063938202488771
 30
0.0
 10
1.9651754469669722
 20
-5.02797270105566
 30
0.0
 10
1.9376848175011014
 20
-4.985809158930124
 30
0.0
 10
1.9376848175011014
 20
-4.9702297301146245
 30
0.0
  0
SPLINE
  5
21A
330
17
100
AcDbEntity
  8
0
100
AcDbSpline
 70
0
 71
3
 72
8
 73
4
 74
0
 40
0.0
 40
0.0
 40
0.0
 40
0.0
 40
1.0
 40
1.0
 40
1.0
 40
1.0
 10
2.125249334646689
 20
-5.11624207649561
 30
0.0
 10
2.070415648112389
 20
-5.127204597448099
 30
0.0
 10
2.0499663301814888
 20
-5.118750807252127
 30
0.0
 10
1.998758708269988
 20
-5.063938202488771
 30
0.0
  0
SPLINE
  5
21B
330
17
100
AcDbEntity
  8
0
100
AcDbSpline
 70
0
 71
3
 72
8
 73
4
 74
0
 40
0.0
 40
0.0
 40
0.0
 40
0.0
 40
1.0
 40
1.0
 40
1.0
 40
1.0
 10
2.1906660702545073
 20
-5.147400934126381
 30
0.0
 10
2.1906660702545073
 20
-5.109158601418358
 30
0.0
 10
2.181790644637074
 20
-5.1049211654349165
 30
0.0
 10
2.125249334646689
 20
-5.11624207649561
 30
0.0
  0
SPLINE
  5
21C
330
17
100
AcDbEntity
  8
0
100
AcDbSpline
 70
0
 71
3
 72
8
 73
4
 74
0
 40
0.0
 40
0.0
 40
0.0
 40
0.0
 40
1.0
 40
1.0
 40
1.0
 40
1.0
 10
2.0027009994587264
 20
-5.255993136870757
 30
0.0
 10
2.09465968483459
 20
-5.255993136870757
 30
0.0
 10
2.1906660702545073
 20
-5.200548078975544
 30
0.0
 10
2.1906660702545073
 20
-5.147400934126381
 30
0.0
  0
SPLINE
  5
21D
330
17
100
AcDbEntity
  8
0
100
AcDbSpline
 70
0
 71
3
 72
8
 73
4
 74
0
 40
0.0
 40
0.0
 40
0.0
 40
0.0
 40
1.0
 40
1.0
 40
1.0
 40
1.0
 10
1.7901124200616145
 20
-5.36095927499241
 30
0.0
 10
1.7901124200616145
 20
-5.3188378964089225
 30
0.0
 10
1.917404153738703
 20
-5.255993136870757
 30
0.0
 10
2.0027009994587264
 20
-5.255993136870757
 30
0.0
  0
SPLINE
  5
21E
330
17
100
AcDbEntity
  8
0
100
AcDbSpline
 70
0
 71
3
 72
8
 73
4
 74
0
 40
0.0
 40
0.0
 40
0.0
 40
0.0
 40
1.0
 40
1.0
 40
1.0
 40
1.0
 10
1.8752195298420729
 20
-5.475538700718516
 30
0.0
 10
1.8284179980826947
 20
-5.431161572631481
 30
0.0
 10
1.7901124200616145
 20
-5.379616642382871
 30
0.0
 10
1.7901124200616145
 20
-5.36095927499241
 30
0.0
  0
SPLINE
  5
21F
330
17
100
AcDbEntity
  8
0
100
AcDbSpline
 70
0
 71
3
 72
8
 73
4
 74
0
 40
0.0
 40
0.0
 40
0.0
 40
0.0
 40
1.0
 40
1.0
 40
1.0
 40
1.0
 10
2.0527491239617746
 20
-5.530309141939597
 30
0.0
 10
1.9607693568148497
 20
-5.556049984407309
 30
0.0
 10
1.959926085972338
 20
-5.5557970031545665
 30
0.0
 10
1.8752195298420729
 20
-5.475538700718516
 30
0.0
  0
SPLINE
  5
220
330
17
100
AcDbEntity
  8
0
100
AcDbSpline
 70
0
 71
3
 72
8
 73
4
 74
0
 40
0.0
 40
0.0
 40
0.0
 40
0.0
 40
1.0
 40
1.0
 40
1.0
 40
1.0
 10
2.167918839277765
 20
-5.518482268373418
 30
0.0
 10
2.155417349037532
 20
-5.510745258393399
 30
0.0
 10
2.103577273994148
 20
-5.516078946472362
 30
0.0
 10
2.0527491239617746
 20
-5.530309141939597
 30
0.0
  0
SPLINE
  5
221
330
17
100
AcDbEntity
  8
0
100
AcDbSpline
 70
0
 71
3
 72
8
 73
4
 74
0
 40
0.0
 40
0.0
 40
0.0
 40
0.0
 40
1.0
 40
1.0
 40
1.0
 40
1.0
 10
2.143232085363243
 20
-5.650812545334475
 30
0.0
 10
2.1937440088296727
 20
-5.604200749514803
 30
0.0
 10
2.205402228227392
 20
-5.541651134771428
 30
0.0
 10
2.167918839277765
 20
-5.518482268373418
 30
0.0
  0
SPLINE
  5
222
330
17
100
AcDbEntity
  8
0
100
AcDbSpline
 70
0
 71
3
 72
8
 73
4
 74
0
 40
0.0
 40
0.0
 40
0.0
 40
0.0
 40
1.0
 40
1.0
 40
1.0
 40
1.0
 10
1.5806650245528582
 20
-5.976715644194201
 30
0.0
 10
1.7123628483820683
 20
-5.920258661288017
 30
0.0
 10
2.08551019619334
 20
-5.704086180810236
 30
0.0
 10
2.143232085363243
 20
-5.650812545334475
 30
0.0
  0
SPLINE
  5
223
330
17
100
AcDbEntity
  8
0
100
AcDbSpline
 70
0
 71
3
 72
8
 73
4
 74
0
 40
0.0
 40
0.0
 40
0.0
 40
0.0
 40
1.0
 40
1.0
 40
1.0
 40
1.0
 10
1.4709133244000059
 20
-6.040846391767218
 30
0.0
 10
1.478797906777487
 20
-6.028049756732116
 30
0.0
 10
1.5281924963775895
 20
-5.9991888121471675
 30
0.0
 10
1.5806650245528582
 20
-5.976715644194201
 30
0.0
  0
SPLINE
  5
224
330
17
100
AcDbEntity
  8
0
100
AcDbSpline
 70
0
 71
3
 72
8
 73
4
 74
0
 40
0.0
 40
0.0
 40
0.0
 40
0.0
 40
1.0
 40
1.0
 40
1.0
 40
1.0
 10
1.532914813095653
 20
-6.155467981035372
 30
0.0
 10
1.4909199251385878
 20
-6.10520903882184
 30
0.0
 10
1.4630076602514617
 20
-6.053621945031182
 30
0.0
 10
1.4709133244000059
 20
-6.040846391767218
 30
0.0
  0
SPLINE
  5
225
330
17
100
AcDbEntity
  8
0
100
AcDbSpline
 70
0
 71
3
 72
8
 73
4
 74
0
 40
0.0
 40
0.0
 40
0.0
 40
0.0
 40
1.0
 40
1.0
 40
1.0
 40
1.0
 10
1.6859052256982752
 20
-6.246836376821648
 30
0.0
 10
1.621352842704031
 20
-6.246836376821648
 30
0.0
 10
1.5972774601503321
 20
-6.2324586089566765
 30
0.0
 10
1.532914813095653
 20
-6.155467981035372
 30
0.0
  0
SPLINE
  5
226
330
17
100
AcDbEntity
  8
0
100
AcDbSpline
 70
0
 71
3
 72
8
 73
4
 74
0
 40
0.0
 40
0.0
 40
0.0
 40
0.0
 40
1.0
 40
1.0
 40
1.0
 40
1.0
 10
1.8006533055930074
 20
-6.288999918947184
 30
0.0
 10
1.7758400610521097
 20
-6.261572534794368
 30
0.0
 10
1.7357214507196321
 20
-6.246836376821648
 30
0.0
 10
1.6859052256982752
 20
-6.246836376821648
 30
0.0
  0
SPLINE
  5
227
330
17
100
AcDbEntity
  8
0
100
AcDbSpline
 70
0
 71
3
 72
8
 73
4
 74
0
 40
0.0
 40
0.0
 40
0.0
 40
0.0
 40
1.0
 40
1.0
 40
1.0
 40
1.0
 10
1.9491533009592557
 20
-6.287966912165075
 30
0.0
 10
1.899758711359154
 20
-6.3425476174465985
 30
0.0
 10
1.8494365238322867
 20
-6.342906007554802
 30
0.0
 10
1.8006533055930074
 20
-6.288999918947184
 30
0.0
  0
SPLINE
  5
228
330
17
100
AcDbEntity
  8
0
100
AcDbSpline
 70
0
 71
3
 72
8
 73
4
 74
0
 40
0.0
 40
0.0
 40
0.0
 40
0.0
 40
1.0
 40
1.0
 40
1.0
 40
1.0
 10
2.0631002735536024
 20
-6.251073812805316
 30
0.0
 10
2.0088990401511877
 20
-6.246520150255719
 30
0.0
 10
1.9774450377255102
 20
-6.25670264567907
 30
0.0
 10
1.9491533009592557
 20
-6.287966912165075
 30
0.0
  0
SPLINE
  5
229
330
17
100
AcDbEntity
  8
0
100
AcDbSpline
 70
0
 71
3
 72
8
 73
4
 74
0
 40
0.0
 40
0.0
 40
0.0
 40
0.0
 40
1.0
 40
1.0
 40
1.0
 40
1.0
 10
2.083950145134696
 20
-6.443950936258716
 30
0.0
 10
2.1680031663620145
 20
-6.310988206165575
 30
0.0
 10
2.1624375788014385
 20
-6.259443275917192
 30
0.0
 10
2.0631002735536024
 20
-6.251073812805316
 30
0.0
  0
SPLINE
  5
22A
330
17
100
AcDbEntity
  8
0
100
AcDbSpline
 70
0
 71
3
 72
8
 73
4
 74
0
 40
0.0
 40
0.0
 40
0.0
 40
0.0
 40
1.0
 40
1.0
 40
1.0
 40
1.0
 10
1.9747044074873497
 20
-6.534518224744261
 30
0.0
 10
2.010606663607269
 20
-6.5439206946382455
 30
0.0
 10
2.0319203341517467
 20
-6.5262541704876185
 30
0.0
 10
2.083950145134696
 20
-6.443950936258716
 30
0.0
  0
SPLINE
  5
22B
330
17
100
AcDbEntity
  8
0
100
AcDbSpline
 70
0
 71
3
 72
8
 73
4
 74
0
 40
0.0
 40
0.0
 40
0.0
 40
0.0
 40
1.0
 40
1.0
 40
1.0
 40
1.0
 10
1.8494997691454778
 20
-6.595676442597551
 30
0.0
 10
1.906547041641371
 20
-6.544110430577803
 30
0.0
 10
1.9431028326642368
 20
-6.526275252258756
 30
0.0
 10
1.9747044074873497
 20
-6.534518224744261
 30
0.0
  0
SPLINE
  5
22C
330
17
100
AcDbEntity
  8
0
100
AcDbSpline
 70
0
 71
3
 72
8
 73
4
 74
0
 40
0.0
 40
0.0
 40
0.0
 40
0.0
 40
1.0
 40
1.0
 40
1.0
 40
1.0
 10
1.7320743043257698
 20
-6.6686826157879295
 30
0.0
 10
1.752333886317107
 20
-6.668556125161558
 30
0.0
 10
1.8051648046004427
 20
-6.6357107258456836
 30
0.0
 10
1.8494997691454778
 20
-6.595676442597551
 30
0.0
  0
SPLINE
  5
22D
330
17
100
AcDbEntity
  8
0
100
AcDbSpline
 70
0
 71
3
 72
8
 73
4
 74
0
 40
0.0
 40
0.0
 40
0.0
 40
0.0
 40
1.0
 40
1.0
 40
1.0
 40
1.0
 10
1.4738858541198585
 20
-6.80299457922888
 30
0.0
 10
1.4738858541198585
 20
-6.770402161165748
 30
0.0
 10
1.668723582282107
 20
-6.669041005895906
 30
0.0
 10
1.7320743043257698
 20
-6.6686826157879295
 30
0.0
  0
SPLINE
  5
22E
330
17
100
AcDbEntity
  8
0
100
AcDbSpline
 70
0
 71
3
 72
8
 73
4
 74
0
 40
0.0
 40
0.0
 40
0.0
 40
0.0
 40
1.0
 40
1.0
 40
1.0
 40
1.0
 10
1.6230604661601165
 20
-6.921453050830678
 30
0.0
 10
1.573138832283445
 20
-6.921453050830678
 30
0.0
 10
1.4738858541198585
 20
-6.842628308826988
 30
0.0
 10
1.4738858541198585
 20
-6.80299457922888
 30
0.0
  0
SPLINE
  5
22F
330
17
100
AcDbEntity
  8
0
100
AcDbSpline
 70
0
 71
3
 72
8
 73
4
 74
0
 40
0.0
 40
0.0
 40
0.0
 40
0.0
 40
1.0
 40
1.0
 40
1.0
 40
1.0
 10
1.6741626792163045
 20
-6.94253482189356
 30
0.0
 10
1.6669948770549583
 20
-6.930939847808986
 30
0.0
 10
1.6439946648254606
 20
-6.921453050830678
 30
0.0
 10
1.6230604661601165
 20
-6.921453050830678
 30
0.0
  0
SPLINE
  5
230
330
17
100
AcDbEntity
  8
0
100
AcDbSpline
 70
0
 71
3
 72
8
 73
4
 74
0
 40
0.0
 40
0.0
 40
0.0
 40
0.0
 40
1.0
 40
1.0
 40
1.0
 40
1.0
 10
1.8200063714286427
 20
-6.9478052646591095
 30
0.0
 10
1.7967953414885187
 20
-6.970974131057119
 30
0.0
 10
1.6893415543815085
 20
-6.967095085181654
 30
0.0
 10
1.6741626792163045
 20
-6.94253482189356
 30
0.0
  0
SPLINE
  5
231
330
17
100
AcDbEntity
  8
0
100
AcDbSpline
 70
0
 71
3
 72
8
 73
4
 74
0
 40
0.0
 40
0.0
 40
0.0
 40
0.0
 40
1.0
 40
1.0
 40
1.0
 40
1.0
 10
1.95206258536592
 20
-6.931993936362005
 30
0.0
 10
1.88814265550356
 20
-6.931993936362005
 30
0.0
 10
1.8287131428775725
 20
-6.939119574981305
 30
0.0
 10
1.8200063714286427
 20
-6.9478052646591095
 30
0.0
  0
LINE
  5
232
330
17
100
AcDbEntity
  8
0
100
AcDbLine
 10
2.0683074710061113
 20
-6.931993936362005
 30
0.0
 11
1.95206258536592
 21
-6.931993936362005
 31
0.0
  0
LINE
  5
233
330
17
100
AcDbEntity
  8
0
100
AcDbLine
 10
2.057492522450902
 20
-7.012694955990355
 30
0.0
 11
2.0683074710061113
 21
-6.931993936362005
 31
0.0
  0
SPLINE
  5
234
330
17
100
AcDbEntity
  8
0
100
AcDbSpline
 70
0
 71
3
 72
8
 73
4
 74
0
 40
0.0
 40
0.0
 40
0.0
 40
0.0
 40
1.0
 40
1.0
 40
1.0
 40
1.0
 10
1.9325197835907195
 20
-7.174434303584121
 30
0.0
 10
1.991717396735015
 20
-7.174434303584121
 30
0.0
 10
2.0450542775238576
 20
-7.105370421582393
 30
0.0
 10
2.057492522450902
 20
-7.012694955990355
 30
0.0
  0
SPLINE
  5
235
330
17
100
AcDbEntity
  8
0
100
AcDbSpline
 70
0
 71
3
 72
8
 73
4
 74
0
 40
0.0
 40
0.0
 40
0.0
 40
0.0
 40
1.0
 40
1.0
 40
1.0
 40
1.0
 10
1.853315569707842
 20
-7.221868288475434
 30
0.0
 10
1.8744395043127495
 20
-7.195790137670656
 30
0.0
 10
1.9100887791799188
 20
-7.174434303584121
 30
0.0
 10
1.9325197835907195
 20
-7.174434303584121
 30
0.0
  0
SPLINE
  5
236
330
17
100
AcDbEntity
  8
0
100
AcDbSpline
 70
0
 71
3
 72
8
 73
4
 74
0
 40
0.0
 40
0.0
 40
0.0
 40
0.0
 40
1.0
 40
1.0
 40
1.0
 40
1.0
 10
1.687676094467549
 20
-7.26930227336652
 30
0.0
 10
1.794160120105671
 20
-7.26930227336652
 30
0.0
 10
1.8211447870660322
 20
-7.261565263386501
 30
0.0
 10
1.853315569707842
 20
-7.221868288475434
 30
0.0
  0
SPLINE
  5
237
330
17
100
AcDbEntity
  8
0
100
AcDbSpline
 70
0
 71
3
 72
8
 73
4
 74
0
 40
0.0
 40
0.0
 40
0.0
 40
0.0
 40
1.0
 40
1.0
 40
1.0
 40
1.0
 10
1.5064571904118598
 20
-7.379939407904203
 30
0.0
 10
1.5078696690730666
 20
-7.292724121017272
 30
0.0
 10
1.5462174106362694
 20
-7.26930227336652
 30
0.0
 10
1.687676094467549
 20
-7.26930227336652
 30
0.0
  0
SPLINE
  5
238
330
17
100
AcDbEntity
  8
0
100
AcDbSpline
 70
0
 71
3
 72
8
 73
4
 74
0
 40
0.0
 40
0.0
 40
0.0
 40
0.0
 40
1.0
 40
1.0
 40
1.0
 40
1.0
 10
1.4211814264628995
 20
-7.477864234490653
 30
0.0
 10
1.4886430938638062
 20
-7.445672370077773
 30
0.0
 10
1.5056982466535995
 20
-7.4260874047604375
 30
0.0
 10
1.5064571904118598
 20
-7.379939407904203
 30
0.0
  0
SPLINE
  5
239
330
17
100
AcDbEntity
  8
0
100
AcDbSpline
 70
0
 71
3
 72
8
 73
4
 74
0
 40
0.0
 40
0.0
 40
0.0
 40
0.0
 40
1.0
 40
1.0
 40
1.0
 40
1.0
 10
1.131307074349622
 20
-7.604586760349093
 30
0.0
 10
1.1714046029110357
 20
-7.592380414903801
 30
0.0
 10
1.2880289604303572
 20
-7.541404692473861
 30
0.0
 10
1.4211814264628995
 20
-7.477864234490653
 30
0.0
  0
SPLINE
  5
23A
330
17
100
AcDbEntity
  8
0
100
AcDbSpline
 70
0
 71
3
 72
8
 73
4
 74
0
 40
0.0
 40
0.0
 40
0.0
 40
0.0
 40
1.0
 40
1.0
 40
1.0
 40
1.0
 10
1.1408781984121257
 20
-7.744949192085187
 30
0.0
 10
1.0848850144693722
 20
-7.669202388656458
 30
0.0
 10
1.0815119310993264
 20
-7.619765635514341
 30
0.0
 10
1.131307074349622
 20
-7.604586760349093
 30
0.0
  0
SPLINE
  5
23B
330
17
100
AcDbEntity
  8
0
100
AcDbSpline
 70
0
 71
3
 72
8
 73
4
 74
0
 40
0.0
 40
0.0
 40
0.0
 40
0.0
 40
1.0
 40
1.0
 40
1.0
 40
1.0
 10
1.4290027635271914
 20
-7.886724102482276
 30
0.0
 10
1.3157936529200418
 20
-7.893765414017253
 30
0.0
 10
1.2137789627472317
 20
-7.843548635345769
 30
0.0
 10
1.1408781984121257
 20
-7.744949192085187
 30
0.0
  0
LINE
  5
23C
330
17
100
AcDbEntity
  8
0
100
AcDbLine
 10
1.5265902817768175
 20
-7.88067363418736
 30
0.0
 11
1.4290027635271914
 21
-7.886724102482276
 31
0.0
  0
LINE
  5
23D
330
17
100
AcDbEntity
  8
0
100
AcDbLine
 10
1.5197597879524762
 20
-7.958929168372379
 30
0.0
 11
1.5265902817768175
 21
-7.88067363418736
 31
0.0
  0
SPLINE
  5
23E
330
17
100
AcDbEntity
  8
0
100
AcDbSpline
 70
0
 71
3
 72
8
 73
4
 74
0
 40
0.0
 40
0.0
 40
0.0
 40
0.0
 40
1.0
 40
1.0
 40
1.0
 40
1.0
 10
1.5624292925835501
 20
-8.049622947484522
 30
0.0
 10
1.519865196807789
 20
-8.038934489555686
 30
0.0
 10
1.5138990555970224
 20
-8.026243263375818
 30
0.0
 10
1.5197597879524762
 20
-7.958929168372379
 30
0.0
  0
SPLINE
  5
23F
330
17
100
AcDbEntity
  8
0
100
AcDbSpline
 70
0
 71
3
 72
8
 73
4
 74
0
 40
0.0
 40
0.0
 40
0.0
 40
0.0
 40
1.0
 40
1.0
 40
1.0
 40
1.0
 10
1.9687382662765804
 20
-7.899120183867353
 30
0.0
 10
1.8766109267322157
 20
-7.963356340295604
 30
0.0
 10
1.6108752024858264
 20
-8.061787129387767
 30
0.0
 10
1.5624292925835501
 20
-8.049622947484522
 30
0.0
  0
SPLINE
  5
240
330
17
100
AcDbEntity
  8
0
100
AcDbSpline
 70
0
 71
3
 72
8
 73
4
 74
0
 40
0.0
 40
0.0
 40
0.0
 40
0.0
 40
1.0
 40
1.0
 40
1.0
 40
1.0
 10
2.0534237406357843
 20
-8.010916815813289
 30
0.0
 10
2.1033242927413927
 20
-7.8915096645137055
 30
0.0
 10
2.0605704610260673
 20
-7.83509484514957
 30
0.0
 10
1.9687382662765804
 20
-7.899120183867353
 30
0.0
  0
SPLINE
  5
241
330
17
100
AcDbEntity
  8
0
100
AcDbSpline
 70
0
 71
3
 72
8
 73
4
 74
0
 40
0.0
 40
0.0
 40
0.0
 40
0.0
 40
1.0
 40
1.0
 40
1.0
 40
1.0
 10
2.0220119017522373
 20
-8.21821387067348
 30
0.0
 10
2.0220119017522373
 20
-8.145545005820168
 30
0.0
 10
2.0361577701353655
 20
-8.05225816886741
 30
0.0
 10
2.0534237406357843
 20
-8.010916815813289
 30
0.0
  0
SPLINE
  5
242
330
17
100
AcDbEntity
  8
0
100
AcDbSpline
 70
0
 71
3
 72
8
 73
4
 74
0
 40
0.0
 40
0.0
 40
0.0
 40
0.0
 40
1.0
 40
1.0
 40
1.0
 40
1.0
 10
1.8264995569159792
 20
-8.444990481996001
 30
0.0
 10
1.9816403101670064
 20
-8.451589076338678
 30
0.0
 10
2.0220119017522373
 20
-8.404766462808084
 30
0.0
 10
2.0220119017522373
 20
-8.21821387067348
 30
0.0
  0
SPLINE
  5
243
330
17
100
AcDbEntity
  8
0
100
AcDbSpline
 70
0
 71
3
 72
8
 73
4
 74
0
 40
0.0
 40
0.0
 40
0.0
 40
0.0
 40
1.0
 40
1.0
 40
1.0
 40
1.0
 10
1.6741837609873667
 20
-8.481483027705508
 30
0.0
 10
1.7039723034990795
 20
-8.448574383076675
 30
0.0
 10
1.7350889975877495
 20
-8.441111436120309
 30
0.0
 10
1.8264995569159792
 20
-8.444990481996001
 30
0.0
  0
SPLINE
  5
244
330
17
100
AcDbEntity
  8
0
100
AcDbSpline
 70
0
 71
3
 72
8
 73
4
 74
0
 40
0.0
 40
0.0
 40
0.0
 40
0.0
 40
1.0
 40
1.0
 40
1.0
 40
1.0
 10
1.5605951785010879
 20
-8.536569695492744
 30
0.0
 10
1.6024846576028402
 20
-8.529022421452282
 30
0.0
 10
1.6535868706590282
 20
-8.504230258682355
 30
0.0
 10
1.6741837609873667
 20
-8.481483027705508
 30
0.0
  0
SPLINE
  5
245
330
17
100
AcDbEntity
  8
0
100
AcDbSpline
 70
0
 71
3
 72
8
 73
4
 74
0
 40
0.0
 40
0.0
 40
0.0
 40
0.0
 40
1.0
 40
1.0
 40
1.0
 40
1.0
 10
1.4208441181258937
 20
-8.66921619901973
 30
0.0
 10
1.4057917335870673
 20
-8.580187879821551
 30
0.0
 10
1.4262410515179669
 20
-8.560792650443773
 30
0.0
 10
1.5605951785010879
 20
-8.536569695492744
 30
0.0
  0
SPLINE
  5
246
330
17
100
AcDbEntity
  8
0
100
AcDbSpline
 70
0
 71
3
 72
8
 73
4
 74
0
 40
0.0
 40
0.0
 40
0.0
 40
0.0
 40
1.0
 40
1.0
 40
1.0
 40
1.0
 10
1.2964195053133443
 20
-8.794758145698552
 30
0.0
 10
1.4011537439532544
 20
-8.803781143713422
 30
0.0
 10
1.4373933084101793
 20
-8.767225352690502
 30
0.0
 10
1.4208441181258937
 20
-8.66921619901973
 30
0.0
  0
SPLINE
  5
247
330
17
100
AcDbEntity
  8
0
100
AcDbSpline
 70
0
 71
3
 72
8
 73
4
 74
0
 40
0.0
 40
0.0
 40
0.0
 40
0.0
 40
1.0
 40
1.0
 40
1.0
 40
1.0
 10
1.1535061792787324
 20
-8.858656993789964
 30
0.0
 10
1.2098155897874285
 20
-8.801061595246438
 30
0.0
 10
1.23564075933934
 20
-8.789508784703912
 30
0.0
 10
1.2964195053133443
 20
-8.794758145698552
 30
0.0
  0
SPLINE
  5
248
330
17
100
AcDbEntity
  8
0
100
AcDbSpline
 70
0
 71
3
 72
8
 73
4
 74
0
 40
0.0
 40
0.0
 40
0.0
 40
0.0
 40
1.0
 40
1.0
 40
1.0
 40
1.0
 10
0.9843882118130818
 20
-8.917053499633766
 30
0.0
 10
1.0774853128263349
 20
-8.928079265899669
 30
0.0
 10
1.0897759853559377
 20
-8.923841829916
 30
0.0
 10
1.1535061792787324
 20
-8.858656993789964
 30
0.0
  0
SPLINE
  5
249
330
17
100
AcDbEntity
  8
0
100
AcDbSpline
 70
0
 71
3
 72
8
 73
4
 74
0
 40
0.0
 40
0.0
 40
0.0
 40
0.0
 40
1.0
 40
1.0
 40
1.0
 40
1.0
 10
0.8160713516478166
 20
-8.967207032992064
 30
0.0
 10
0.8769765882481977
 20
-8.911572239157522
 30
0.0
 10
0.8943268858328697
 20
-8.906386123476068
 30
0.0
 10
0.9843882118130818
 20
-8.917053499633766
 30
0.0
  0
LINE
  5
24A
330
17
100
AcDbEntity
  8
0
100
AcDbLine
 10
0.7481458852835265
 20
-9.029229603458816
 30
0.0
 11
0.8160713516478166
 21
-8.967207032992064
 31
0.0
  0
LINE
  5
24B
330
17
100
AcDbEntity
  8
0
100
AcDbLine
 10
0.8307021007653876
 20
-9.113746423649445
 30
0.0
 11
0.7481458852835265
 21
-9.029229603458816
 31
0.0
  0
SPLINE
  5
24C
330
17
100
AcDbEntity
  8
0
100
AcDbSpline
 70
0
 71
3
 72
8
 73
4
 74
0
 40
0.0
 40
0.0
 40
0.0
 40
0.0
 40
1.0
 40
1.0
 40
1.0
 40
1.0
 10
0.9569608276604002
 20
-9.198284325611212
 30
0.0
 10
0.9329065268777637
 20
-9.198284325611212
 30
0.0
 10
0.8760911538635616
 20
-9.16025281061411
 30
0.0
 10
0.8307021007653876
 20
-9.113746423649445
 30
0.0
  0
SPLINE
  5
24D
330
17
100
AcDbEntity
  8
0
100
AcDbSpline
 70
0
 71
3
 72
8
 73
4
 74
0
 40
0.0
 40
0.0
 40
0.0
 40
0.0
 40
1.0
 40
1.0
 40
1.0
 40
1.0
 10
1.0944139749897497
 20
-9.302048802782338
 30
0.0
 10
1.0944139749897497
 20
-9.256217032491804
 30
0.0
 10
1.017655246550154
 20
-9.198284325611212
 30
0.0
 10
0.9569608276604002
 20
-9.198284325611212
 30
0.0
  0
SPLINE
  5
24E
330
17
100
AcDbEntity
  8
0
100
AcDbSpline
 70
0
 71
3
 72
8
 73
4
 74
0
 40
0.0
 40
0.0
 40
0.0
 40
0.0
 40
1.0
 40
1.0
 40
1.0
 40
1.0
 10
0.946546432755385
 20
-9.451265578364655
 30
0.0
 10
1.012658866808275
 20
-9.451265578364655
 30
0.0
 10
1.0944139749897497
 20
-9.368751526425058
 30
0.0
 10
1.0944139749897497
 20
-9.302048802782338
 30
0.0
  0
SPLINE
  5
24F
330
17
100
AcDbEntity
  8
0
100
AcDbSpline
 70
0
 71
3
 72
8
 73
4
 74
0
 40
0.0
 40
0.0
 40
0.0
 40
0.0
 40
1.0
 40
1.0
 40
1.0
 40
1.0
 10
0.8725283345539516
 20
-9.473211702040999
 30
0.0
 10
0.8799912815101765
 20
-9.461131847222077
 30
0.0
 10
0.913300479789374
 20
-9.451265578364655
 30
0.0
 10
0.946546432755385
 20
-9.451265578364655
 30
0.0
  0
SPLINE
  5
250
330
17
100
AcDbEntity
  8
0
100
AcDbSpline
 70
0
 71
3
 72
8
 73
4
 74
0
 40
0.0
 40
0.0
 40
0.0
 40
0.0
 40
1.0
 40
1.0
 40
1.0
 40
1.0
 10
0.7764165402787198
 20
-9.547250882013486
 30
0.0
 10
0.8218266751479559
 20
-9.518579673368095
 30
0.0
 10
0.865065387597725
 20
-9.48527047508901
 30
0.0
 10
0.8725283345539516
 20
-9.473211702040999
 30
0.0
  0
SPLINE
  5
251
330
17
100
AcDbEntity
  8
0
100
AcDbSpline
 70
0
 71
3
 72
8
 73
4
 74
0
 40
0.0
 40
0.0
 40
0.0
 40
0.0
 40
1.0
 40
1.0
 40
1.0
 40
1.0
 10
0.6938603247968587
 20
-9.621142489588692
 30
0.0
 10
0.6938603247968587
 20
-9.609168043625004
 30
0.0
 10
0.7310064054094827
 20
-9.575922090658878
 30
0.0
 10
0.7764165402787198
 20
-9.547250882013486
 30
0.0
  0
SPLINE
  5
252
330
17
100
AcDbEntity
  8
0
100
AcDbSpline
 70
0
 71
3
 72
8
 73
4
 74
0
 40
0.0
 40
0.0
 40
0.0
 40
0.0
 40
1.0
 40
1.0
 40
1.0
 40
1.0
 10
0.8384812742875551
 20
-9.736818167410092
 30
0.0
 10
0.7992902618818389
 20
-9.749256412337218
 30
0.0
 10
0.6938603247968587
 20
-9.664929328086146
 30
0.0
 10
0.6938603247968587
 20
-9.621142489588692
 30
0.0
  0
SPLINE
  5
253
330
17
100
AcDbEntity
  8
0
100
AcDbSpline
 70
0
 71
3
 72
8
 73
4
 74
0
 40
0.0
 40
0.0
 40
0.0
 40
0.0
 40
1.0
 40
1.0
 40
1.0
 40
1.0
 10
0.9277204111963195
 20
-9.763971488539028
 30
0.0
 10
0.8989227119245564
 20
-9.741624811212432
 30
0.0
 10
0.8603219891085994
 20
-9.729882264730577
 30
0.0
 10
0.8384812742875551
 20
-9.736818167410092
 30
0.0
  0
SPLINE
  5
254
330
17
100
AcDbEntity
  8
0
100
AcDbSpline
 70
0
 71
3
 72
8
 73
4
 74
0
 40
0.0
 40
0.0
 40
0.0
 40
0.0
 40
1.0
 40
1.0
 40
1.0
 40
1.0
 10
1.1886916551825184
 20
-9.753514930091796
 30
0.0
 10
1.0347103993399465
 20
-9.827216801727445
 30
0.0
 10
1.0104663626177448
 20
-9.828186563196141
 30
0.0
 10
0.9277204111963195
 20
-9.763971488539028
 30
0.0
  0
SPLINE
  5
255
330
17
100
AcDbEntity
  8
0
100
AcDbSpline
 70
0
 71
3
 72
8
 73
4
 74
0
 40
0.0
 40
0.0
 40
0.0
 40
0.0
 40
1.0
 40
1.0
 40
1.0
 40
1.0
 10
1.5512348721492115
 20
-9.708399940017443
 30
0.0
 10
1.437667371433995
 20
-9.667332649987202
 30
0.0
 10
1.3445070251075544
 20
-9.678927624071775
 30
0.0
 10
1.1886916551825184
 20
-9.753514930091796
 30
0.0
  0
SPLINE
  5
256
330
17
100
AcDbEntity
  8
0
100
AcDbSpline
 70
0
 71
3
 72
8
 73
4
 74
0
 40
0.0
 40
0.0
 40
0.0
 40
0.0
 40
1.0
 40
1.0
 40
1.0
 40
1.0
 10
1.679981248029634
 20
-9.677156755302349
 30
0.0
 10
1.6257800146272148
 20
-9.729081157430073
 30
0.0
 10
1.6153867014932635
 20
-9.731610969957728
 30
0.0
 10
1.5512348721492115
 20
-9.708399940017443
 30
0.0
  0
SPLINE
  5
257
330
17
100
AcDbEntity
  8
0
100
AcDbSpline
 70
0
 71
3
 72
8
 73
4
 74
0
 40
0.0
 40
0.0
 40
0.0
 40
0.0
 40
1.0
 40
1.0
 40
1.0
 40
1.0
 10
1.8119531348826579
 20
-9.606553904013253
 30
0.0
 10
1.771792361008056
 20
-9.614311995764183
 30
0.0
 10
1.7124050119241927
 20
-9.6460822247559
 30
0.0
 10
1.679981248029634
 20
-9.677156755302349
 30
0.0
  0
SPLINE
  5
258
330
17
100
AcDbEntity
  8
0
100
AcDbSpline
 70
0
 71
3
 72
8
 73
4
 74
0
 40
0.0
 40
0.0
 40
0.0
 40
0.0
 40
1.0
 40
1.0
 40
1.0
 40
1.0
 10
1.972828129862764
 20
-9.530069238597434
 30
0.0
 10
1.9245087105868617
 20
-9.564390361887718
 30
0.0
 10
1.8521139087572642
 20
-9.598795812262097
 30
0.0
 10
1.8119531348826579
 20
-9.606553904013253
 30
0.0
  0
SPLINE
  5
259
330
17
100
AcDbEntity
  8
0
100
AcDbSpline
 70
0
 71
3
 72
8
 73
4
 74
0
 40
0.0
 40
0.0
 40
0.0
 40
0.0
 40
1.0
 40
1.0
 40
1.0
 40
1.0
 10
2.0835074279423775
 20
-9.481813064634707
 30
0.0
 10
2.0709637741600204
 20
-9.47405497288355
 30
0.0
 10
2.0211475491386617
 20
-9.495769197078289
 30
0.0
 10
1.972828129862764
 20
-9.530069238597434
 30
0.0
  0
SPLINE
  5
25A
330
17
100
AcDbEntity
  8
0
100
AcDbSpline
 70
0
 71
3
 72
8
 73
4
 74
0
 40
0.0
 40
0.0
 40
0.0
 40
0.0
 40
1.0
 40
1.0
 40
1.0
 40
1.0
 10
2.0641754438778035
 20
-9.735869487712307
 30
0.0
 10
2.110913730323996
 20
-9.600018554983762
 30
0.0
 10
2.118271268424908
 20
-9.503295389347613
 30
0.0
 10
2.0835074279423775
 20
-9.481813064634707
 30
0.0
  0
SPLINE
  5
25B
330
17
100
AcDbEntity
  8
0
100
AcDbSpline
 70
0
 71
3
 72
8
 73
4
 74
0
 40
0.0
 40
0.0
 40
0.0
 40
0.0
 40
1.0
 40
1.0
 40
1.0
 40
1.0
 10
2.0220119017522373
 20
-9.924214030387247
 30
0.0
 10
2.0220119017522373
 20
-9.888037711243442
 30
0.0
 10
2.0409854957087425
 20
-9.80326790980007
 30
0.0
 10
2.0641754438778035
 20
-9.735869487712307
 30
0.0
  0
SPLINE
  5
25C
330
17
100
AcDbEntity
  8
0
100
AcDbSpline
 70
0
 71
3
 72
8
 73
4
 74
0
 40
0.0
 40
0.0
 40
0.0
 40
0.0
 40
1.0
 40
1.0
 40
1.0
 40
1.0
 10
1.8995900571906503
 20
-10.084034936814078
 30
0.0
 10
1.9692863923242143
 20
-10.083655464934964
 30
0.0
 10
2.0220119017522373
 20
-10.01480240064393
 30
0.0
 10
2.0220119017522373
 20
-9.924214030387247
 30
0.0
  0
SPLINE
  5
25D
330
17
100
AcDbEntity
  8
0
100
AcDbSpline
 70
0
 71
3
 72
8
 73
4
 74
0
 40
0.0
 40
0.0
 40
0.0
 40
0.0
 40
1.0
 40
1.0
 40
1.0
 40
1.0
 10
1.7817429569496905
 20
-10.17603578573221
 30
0.0
 10
1.7994938081845548
 20
-10.103535575047317
 30
0.0
 10
1.8239275808463198
 20
-10.084477654006605
 30
0.0
 10
1.8995900571906503
 20
-10.084034936814078
 30
0.0
  0
SPLINE
  5
25E
330
17
100
AcDbEntity
  8
0
100
AcDbSpline
 70
0
 71
3
 72
8
 73
4
 74
0
 40
0.0
 40
0.0
 40
0.0
 40
0.0
 40
1.0
 40
1.0
 40
1.0
 40
1.0
 10
1.6750902771430667
 20
-10.224144387297429
 30
0.0
 10
1.7627904447642457
 20
-10.236160996803164
 30
0.0
 10
1.7675338432533731
 20
-10.234031737925989
 30
0.0
 10
1.7817429569496905
 20
-10.17603578573221
 30
0.0
  0
SPLINE
  5
25F
330
17
100
AcDbEntity
  8
0
100
AcDbSpline
 70
0
 71
3
 72
8
 73
4
 74
0
 40
0.0
 40
0.0
 40
0.0
 40
0.0
 40
1.0
 40
1.0
 40
1.0
 40
1.0
 10
1.556168006577904
 20
-10.244298560433435
 30
0.0
 10
1.57651191565349
 20
-10.219780460687389
 30
0.0
 10
1.606363703478391
 20
-10.214720835632306
 30
0.0
 10
1.6750902771430667
 20
-10.224144387297429
 30
0.0
  0
SPLINE
  5
260
330
17
100
AcDbEntity
  8
0
100
AcDbSpline
 70
0
 71
3
 72
8
 73
4
 74
0
 40
0.0
 40
0.0
 40
0.0
 40
0.0
 40
1.0
 40
1.0
 40
1.0
 40
1.0
 10
1.4645466295390461
 20
-10.267425263289397
 30
0.0
 10
1.506646926351424
 20
-10.273707631066145
 30
0.0
 10
1.5384171553430388
 20
-10.265696558062245
 30
0.0
 10
1.556168006577904
 20
-10.244298560433435
 30
0.0
  0
SPLINE
  5
261
330
17
100
AcDbEntity
  8
0
100
AcDbSpline
 70
0
 71
3
 72
8
 73
4
 74
0
 40
0.0
 40
0.0
 40
0.0
 40
0.0
 40
1.0
 40
1.0
 40
1.0
 40
1.0
 10
1.33084603745887
 20
-10.318337740405923
 30
0.0
 10
1.3838456099107086
 20
-10.272021089381042
 30
0.0
 10
1.4152363670231942
 20
-10.260067725188492
 30
0.0
 10
1.4645466295390461
 20
-10.267425263289397
 30
0.0
  0
SPLINE
  5
262
330
17
100
AcDbEntity
  8
0
100
AcDbSpline
 70
0
 71
3
 72
8
 73
4
 74
0
 40
0.0
 40
0.0
 40
0.0
 40
0.0
 40
1.0
 40
1.0
 40
1.0
 40
1.0
 10
1.2307076249106474
 20
-10.378863505127129
 30
0.0
 10
1.2476995323872515
 20
-10.378863505127129
 30
0.0
 10
1.2927723589194828
 20
-10.351625856914097
 30
0.0
 10
1.33084603745887
 20
-10.318337740405923
 30
0.0
  0
SPLINE
  5
263
330
17
100
AcDbEntity
  8
0
100
AcDbSpline
 70
0
 71
3
 72
8
 73
4
 74
0
 40
0.0
 40
0.0
 40
0.0
 40
0.0
 40
1.0
 40
1.0
 40
1.0
 40
1.0
 10
1.2300119264655756
 20
-10.483070699490554
 30
0.0
 10
1.19058901457817
 20
-10.450372872572188
 30
0.0
 10
1.1910738953126145
 20
-10.378863505127129
 30
0.0
 10
1.2307076249106474
 20
-10.378863505127129
 30
0.0
  0
SPLINE
  5
264
330
17
100
AcDbEntity
  8
0
100
AcDbSpline
 70
0
 71
3
 72
8
 73
4
 74
0
 40
0.0
 40
0.0
 40
0.0
 40
0.0
 40
1.0
 40
1.0
 40
1.0
 40
1.0
 10
1.3398479537026793
 20
-10.486148638065742
 30
0.0
 10
1.281177384834951
 20
-10.502339438241961
 30
0.0
 10
1.252253194936813
 20
-10.501538330941457
 30
0.0
 10
1.2300119264655756
 20
-10.483070699490554
 30
0.0
  0
SPLINE
  5
265
330
17
100
AcDbEntity
  8
0
100
AcDbSpline
 70
0
 71
3
 72
8
 73
4
 74
0
 40
0.0
 40
0.0
 40
0.0
 40
0.0
 40
1.0
 40
1.0
 40
1.0
 40
1.0
 10
1.4675613228010231
 20
-10.509317504463752
 30
0.0
 10
1.42535561713333
 20
-10.469662693094506
 30
0.0
 10
1.4097340247758074
 20
-10.466837735772287
 30
0.0
 10
1.3398479537026793
 20
-10.486148638065742
 30
0.0
  0
SPLINE
  5
266
330
17
100
AcDbEntity
  8
0
100
AcDbSpline
 70
0
 71
3
 72
8
 73
4
 74
0
 40
0.0
 40
0.0
 40
0.0
 40
0.0
 40
1.0
 40
1.0
 40
1.0
 40
1.0
 10
1.5685430061917582
 20
-10.530357111984358
 30
0.0
 10
1.5235755885148405
 20
-10.550869675228569
 30
0.0
 10
1.5084177951206978
 20
-10.547707409569057
 30
0.0
 10
1.4675613228010231
 20
-10.509317504463752
 30
0.0
  0
SPLINE
  5
267
330
17
100
AcDbEntity
  8
0
100
AcDbSpline
 70
0
 71
3
 72
8
 73
4
 74
0
 40
0.0
 40
0.0
 40
0.0
 40
0.0
 40
1.0
 40
1.0
 40
1.0
 40
1.0
 10
1.562619028523116
 20
-10.596005747073832
 30
0.0
 10
1.635688447026725
 20
-10.525993185374318
 30
0.0
 10
1.6381550142410681
 20
-10.498650128306053
 30
0.0
 10
1.5685430061917582
 20
-10.530357111984358
 30
0.0
  0
SPLINE
  5
268
330
17
100
AcDbEntity
  8
0
100
AcDbSpline
 70
0
 71
3
 72
8
 73
4
 74
0
 40
0.0
 40
0.0
 40
0.0
 40
0.0
 40
1.0
 40
1.0
 40
1.0
 40
1.0
 10
1.3992353027865407
 20
-10.650670779439679
 30
0.0
 10
1.4851646016384485
 20
-10.652062176329764
 30
0.0
 10
1.5142574457050895
 20
-10.642322398098713
 30
0.0
 10
1.562619028523116
 20
-10.596005747073832
 30
0.0
  0
SPLINE
  5
269
330
17
100
AcDbEntity
  8
0
100
AcDbSpline
 70
0
 71
3
 72
8
 73
4
 74
0
 40
0.0
 40
0.0
 40
0.0
 40
0.0
 40
1.0
 40
1.0
 40
1.0
 40
1.0
 10
1.1728592451143696
 20
-10.70367035189156
 30
0.0
 10
1.2545300262115937
 20
-10.667009152013406
 30
0.0
 10
1.3291594957738475
 20
-10.649553445573247
 30
0.0
 10
1.3992353027865407
 20
-10.650670779439679
 30
0.0
  0
SPLINE
  5
26A
330
17
100
AcDbEntity
  8
0
100
AcDbSpline
 70
0
 71
3
 72
8
 73
4
 74
0
 40
0.0
 40
0.0
 40
0.0
 40
0.0
 40
1.0
 40
1.0
 40
1.0
 40
1.0
 10
0.9936641910807058
 20
-10.759094328015635
 30
0.0
 10
1.0252236023616943
 20
-10.758672692594246
 30
0.0
 10
1.1058613766768417
 20
-10.733732957427037
 30
0.0
 10
1.1728592451143696
 20
-10.70367035189156
 30
0.0
  0
SPLINE
  5
26B
330
17
100
AcDbEntity
  8
0
100
AcDbSpline
 70
0
 71
3
 72
8
 73
4
 74
0
 40
0.0
 40
0.0
 40
0.0
 40
0.0
 40
1.0
 40
1.0
 40
1.0
 40
1.0
 10
0.6644934177064012
 20
-10.842388405484598
 30
0.0
 10
0.6916256570642032
 20
-10.81540373852431
 30
0.0
 10
0.9098430693350785
 20
-10.76019058011093
 30
0.0
 10
0.9936641910807058
 20
-10.759094328015635
 30
0.0
  0
SPLINE
  5
26C
330
17
100
AcDbEntity
  8
0
100
AcDbSpline
 70
0
 71
3
 72
8
 73
4
 74
0
 40
0.0
 40
0.0
 40
0.0
 40
0.0
 40
1.0
 40
1.0
 40
1.0
 40
1.0
 10
0.6182610937657156
 20
-10.933187593451976
 30
0.0
 10
0.6308469110901989
 20
-10.896020431068337
 30
0.0
 10
0.6516546191291654
 20
-10.85516395874879
 30
0.0
 10
0.6644934177064012
 20
-10.842388405484598
 30
0.0
  0
SPLINE
  5
26D
330
17
100
AcDbEntity
  8
0
100
AcDbSpline
 70
0
 71
3
 72
8
 73
4
 74
0
 40
0.0
 40
0.0
 40
0.0
 40
0.0
 40
1.0
 40
1.0
 40
1.0
 40
1.0
 10
0.777913346024178
 20
-11.074330050717435
 30
0.0
 10
0.7084910739144314
 20
-11.059340911491745
 30
0.0
 10
0.6182610937657156
 20
-10.933187593451976
 30
0.0
 10
0.6182610937657156
 20
-10.933187593451976
 30
0.0
  0
SPLINE
  5
26E
330
17
100
AcDbEntity
  8
0
100
AcDbSpline
 70
0
 71
3
 72
8
 73
4
 74
0
 40
0.0
 40
0.0
 40
0.0
 40
0.0
 40
1.0
 40
1.0
 40
1.0
 40
1.0
 10
1.0431009442229335
 20
-11.02489329757509
 30
0.0
 10
0.9299972424710994
 20
-10.97478192775884
 30
0.0
 10
0.8487270150240676
 20
-11.089614334737917
 30
0.0
 10
0.777913346024178
 20
-11.074330050717435
 30
0.0
  0
SPLINE
  5
26F
330
17
100
AcDbEntity
  8
0
100
AcDbSpline
 70
0
 71
3
 72
8
 73
4
 74
0
 40
0.0
 40
0.0
 40
0.0
 40
0.0
 40
1.0
 40
1.0
 40
1.0
 40
1.0
 10
1.0681250064744585
 20
-11.123998703341385
 30
0.0
 10
1.1789518769515128
 20
-11.107027877635801
 30
0.0
 10
1.1994855219666647
 20
-11.094210160829562
 30
0.0
 10
1.0431009442229335
 20
-11.02489329757509
 30
0.0
  0
SPLINE
  5
270
330
17
100
AcDbEntity
  8
0
100
AcDbSpline
 70
0
 71
3
 72
8
 73
4
 74
0
 40
0.0
 40
0.0
 40
0.0
 40
0.0
 40
1.0
 40
1.0
 40
1.0
 40
1.0
 10
0.8298588299228769
 20
-11.237397549888101
 30
0.0
 10
0.8365206695787171
 20
-11.193336648366767
 30
0.0
 10
1.018519599163728
 20
-11.131567059152758
 30
0.0
 10
1.0681250064744585
 20
-11.123998703341385
 30
0.0
  0
SPLINE
  5
271
330
17
100
AcDbEntity
  8
0
100
AcDbSpline
 70
0
 71
3
 72
8
 73
4
 74
0
 40
0.0
 40
0.0
 40
0.0
 40
0.0
 40
1.0
 40
1.0
 40
1.0
 40
1.0
 10
0.7462906894300021
 20
-11.402994861586194
 30
0.0
 10
0.7355811497301072
 20
-11.298281704717283
 30
0.0
 10
0.8248413684099347
 20
-11.270453766914443
 30
0.0
 10
0.8298588299228769
 20
-11.237397549888101
 30
0.0
  0
SPLINE
  5
272
330
17
100
AcDbEntity
  8
0
100
AcDbSpline
 70
0
 71
3
 72
8
 73
4
 74
0
 40
0.0
 40
0.0
 40
0.0
 40
0.0
 40
1.0
 40
1.0
 40
1.0
 40
1.0
 10
0.9998833135442284
 20
-11.669278711880224
 30
0.0
 10
0.8163664964426944
 20
-11.676067042162458
 30
0.0
 10
0.7737602371248089
 20
-11.67138688898649
 30
0.0
 10
0.7462906894300021
 20
-11.402994861586194
 30
0.0
  0
SPLINE
  5
273
330
17
100
AcDbEntity
  8
0
100
AcDbSpline
 70
0
 71
3
 72
8
 73
4
 74
0
 40
0.0
 40
0.0
 40
0.0
 40
0.0
 40
1.0
 40
1.0
 40
1.0
 40
1.0
 10
1.2219165263774672
 20
-11.535852182823874
 30
0.0
 10
1.1303583946517968
 20
-11.511186510680318
 30
0.0
 10
1.122726793527069
 20
-11.664725049330627
 30
0.0
 10
0.9998833135442284
 20
-11.669278711880224
 30
0.0
  0
SPLINE
  5
274
330
17
100
AcDbEntity
  8
0
100
AcDbSpline
 70
0
 71
3
 72
8
 73
4
 74
0
 40
0.0
 40
0.0
 40
0.0
 40
0.0
 40
1.0
 40
1.0
 40
1.0
 40
1.0
 10
1.18506559055972
 20
-11.632027222412262
 30
0.0
 10
1.1608637173796446
 20
-11.58339157657042
 30
0.0
 10
1.244199958390829
 20
-11.541860487576741
 30
0.0
 10
1.2219165263774672
 20
-11.535852182823874
 30
0.0
  0
SPLINE
  5
275
330
17
100
AcDbEntity
  8
0
100
AcDbSpline
 70
0
 71
3
 72
8
 73
4
 74
0
 40
0.0
 40
0.0
 40
0.0
 40
0.0
 40
1.0
 40
1.0
 40
1.0
 40
1.0
 10
1.5308277177604372
 20
-11.594122198041305
 30
0.0
 10
1.3729041707291234
 20
-11.672061505660395
 30
0.0
 10
1.2194710409341845
 20
-11.701196513269224
 30
0.0
 10
1.18506559055972
 20
-11.632027222412262
 30
0.0
  0
SPLINE
  5
276
330
17
100
AcDbEntity
  8
0
100
AcDbSpline
 70
0
 71
3
 72
8
 73
4
 74
0
 40
0.0
 40
0.0
 40
0.0
 40
0.0
 40
1.0
 40
1.0
 40
1.0
 40
1.0
 10
1.8111941911243976
 20
-11.459241026781683
 30
0.0
 10
1.7358268595749458
 20
-11.49453191154089
 30
0.0
 10
1.6096524597641855
 20
-11.555226330430514
 30
0.0
 10
1.5308277177604372
 20
-11.594122198041305
 30
0.0
  0
SPLINE
  5
277
330
17
100
AcDbEntity
  8
0
100
AcDbSpline
 70
0
 71
3
 72
8
 73
4
 74
0
 40
0.0
 40
0.0
 40
0.0
 40
0.0
 40
1.0
 40
1.0
 40
1.0
 40
1.0
 10
1.9669884792783714
 20
-11.412755721588155
 30
0.0
 10
1.9566584114576075
 20
-11.403037025128242
 30
0.0
 10
1.886561522673853
 20
-11.423971223793615
 30
0.0
 10
1.8111941911243976
 20
-11.459241026781683
 30
0.0
  0
SPLINE
  5
278
330
17
100
AcDbEntity
  8
0
100
AcDbSpline
 70
0
 71
3
 72
8
 73
4
 74
0
 40
0.0
 40
0.0
 40
0.0
 40
0.0
 40
1.0
 40
1.0
 40
1.0
 40
1.0
 10
1.9118174844070666
 20
-11.586068961495357
 30
0.0
 10
1.9541918442432609
 20
-11.496850906357622
 30
0.0
 10
1.9777401825203906
 20
-11.42287497169832
 30
0.0
 10
1.9669884792783714
 20
-11.412755721588155
 30
0.0
  0
SPLINE
  5
279
330
17
100
AcDbEntity
  8
0
100
AcDbSpline
 70
0
 71
3
 72
8
 73
4
 74
0
 40
0.0
 40
0.0
 40
0.0
 40
0.0
 40
1.0
 40
1.0
 40
1.0
 40
1.0
 10
1.7665640817844874
 20
-11.771040420800318
 30
0.0
 10
1.8246232792913917
 20
-11.747196937728177
 30
0.0
 10
1.85165010979388
 20
-11.71277040558266
 30
0.0
 10
1.9118174844070666
 20
-11.586068961495357
 30
0.0
  0
SPLINE
  5
27A
330
17
100
AcDbEntity
  8
0
100
AcDbSpline
 70
0
 71
3
 72
8
 73
4
 74
0
 40
0.0
 40
0.0
 40
0.0
 40
0.0
 40
1.0
 40
1.0
 40
1.0
 40
1.0
 10
1.6317250740669218
 20
-11.86729978747303
 30
0.0
 10
1.6666575687179526
 20
-11.830491015197367
 30
0.0
 10
1.7273309058366468
 20
-11.787167975663351
 30
0.0
 10
1.7665640817844874
 20
-11.771040420800318
 30
0.0
  0
SPLINE
  5
27B
330
17
100
AcDbEntity
  8
0
100
AcDbSpline
 70
0
 71
3
 72
8
 73
4
 74
0
 40
0.0
 40
0.0
 40
0.0
 40
0.0
 40
1.0
 40
1.0
 40
1.0
 40
1.0
 10
1.342441011543401
 20
-11.99098653829833
 30
0.0
 10
1.5050868752927782
 20
-11.95763517647697
 30
0.0
 10
1.5739188578127674
 20
-11.92820502407335
 30
0.0
 10
1.6317250740669218
 20
-11.86729978747303
 30
0.0
  0
SPLINE
  5
27C
330
17
100
AcDbEntity
  8
0
100
AcDbSpline
 70
0
 71
3
 72
8
 73
4
 74
0
 40
0.0
 40
0.0
 40
0.0
 40
0.0
 40
1.0
 40
1.0
 40
1.0
 40
1.0
 10
1.2726814310966494
 20
-12.060450973950083
 30
0.0
 10
1.281367120774517
 20
-12.019067457353913
 30
0.0
 10
1.3010574949471572
 20
-11.99946141026544
 30
0.0
 10
1.342441011543401
 20
-11.99098653829833
 30
0.0
  0
SPLINE
  5
27D
330
17
100
AcDbEntity
  8
0
100
AcDbSpline
 70
0
 71
3
 72
8
 73
4
 74
0
 40
0.0
 40
0.0
 40
0.0
 40
0.0
 40
1.0
 40
1.0
 40
1.0
 40
1.0
 10
0.9405170462314292
 20
-12.267073412136597
 30
0.0
 10
1.2589993616769046
 20
-12.171594070993251
 30
0.0
 10
1.2478681865557535
 20
-12.178508891901856
 30
0.0
 10
1.2726814310966494
 20
-12.060450973950083
 30
0.0
  0
SPLINE
  5
27E
330
17
100
AcDbEntity
  8
0
100
AcDbSpline
 70
0
 71
3
 72
8
 73
4
 74
0
 40
0.0
 40
0.0
 40
0.0
 40
0.0
 40
1.0
 40
1.0
 40
1.0
 40
1.0
 10
0.9347406409602259
 20
-12.347753349993809
 30
0.0
 10
0.95029898800456
 20
-12.325533163293585
 30
0.0
 10
0.8732661965411479
 20
-12.287248667043514
 30
0.0
 10
0.9405170462314292
 20
-12.267073412136597
 30
0.0
  0
LINE
  5
27F
330
17
100
AcDbEntity
  8
0
100
AcDbLine
 10
0.9373758623430737
 20
-12.34119691919318
 30
0.0
 11
0.9347406409602259
 21
-12.347753349993809
 31
0.0
  0
SPLINE
  5
280
330
17
100
AcDbEntity
  8
0
100
AcDbSpline
 70
0
 71
3
 72
8
 73
4
 74
0
 40
0.0
 40
0.0
 40
0.0
 40
0.0
 40
1.0
 40
1.0
 40
1.0
 40
1.0
 10
0.8771452424167014
 20
-12.479556582678242
 30
0.0
 10
0.861692304227681
 20
-12.439269318177367
 30
0.0
 10
0.929765342989409
 20
-12.424259097180538
 30
0.0
 10
0.9373758623430737
 20
-12.34119691919318
 30
0.0
  0
SPLINE
  5
281
330
17
100
AcDbEntity
  8
0
100
AcDbSpline
 70
0
 71
3
 72
8
 73
4
 74
0
 40
0.0
 40
0.0
 40
0.0
 40
0.0
 40
1.0
 40
1.0
 40
1.0
 40
1.0
 10
0.7688903480093057
 20
-12.571831494620028
 30
0.0
 10
0.8332108315218587
 20
-12.571135796174985
 30
0.0
 10
0.8927879165452861
 20
-12.52034980968483
 30
0.0
 10
0.8771452424167014
 20
-12.479556582678242
 30
0.0
  0
SPLINE
  5
282
330
17
100
AcDbEntity
  8
0
100
AcDbSpline
 70
0
 71
3
 72
8
 73
4
 74
0
 40
0.0
 40
0.0
 40
0.0
 40
0.0
 40
1.0
 40
1.0
 40
1.0
 40
1.0
 10
0.6732423526974562
 20
-12.61243498568706
 30
0.0
 10
0.7019768066560301
 20
-12.590362371384344
 30
0.0
 10
0.745004701395171
 20
-12.57208447587277
 30
0.0
 10
0.7688903480093057
 20
-12.571831494620028
 30
0.0
  0
SPLINE
  5
283
330
17
100
AcDbEntity
  8
0
100
AcDbSpline
 70
0
 71
3
 72
8
 73
4
 74
0
 40
0.0
 40
0.0
 40
0.0
 40
0.0
 40
1.0
 40
1.0
 40
1.0
 40
1.0
 10
0.5224233625143002
 20
-12.640895376621756
 30
0.0
 10
0.5994772357487754
 20
-12.65002378349186
 30
0.0
 10
0.6324280439199059
 20
-12.643804661028526
 30
0.0
 10
0.6732423526974562
 20
-12.61243498568706
 30
0.0
  0
SPLINE
  5
284
330
17
100
AcDbEntity
  8
0
100
AcDbSpline
 70
0
 71
3
 72
8
 73
4
 74
0
 40
0.0
 40
0.0
 40
0.0
 40
0.0
 40
1.0
 40
1.0
 40
1.0
 40
1.0
 10
0.23564803074725305
 20
-12.682974591663196
 30
0.0
 10
0.2249174092762951
 20
-12.650782727250316
 30
0.0
 10
0.39511054706614956
 20
-12.62582191031197
 30
0.0
 10
0.5224233625143002
 20
-12.640895376621756
 30
0.0
  0
SPLINE
  5
285
330
17
100
AcDbEntity
  8
0
100
AcDbSpline
 70
0
 71
3
 72
8
 73
4
 74
0
 40
0.0
 40
0.0
 40
0.0
 40
0.0
 40
1.0
 40
1.0
 40
1.0
 40
1.0
 10
0.36865292438235553
 20
-12.806640260717359
 30
0.0
 10
0.2999474324887439
 20
-12.75199631012265
 30
0.0
 10
0.2400962844415
 20
-12.69634043451697
 30
0.0
 10
0.23564803074725305
 20
-12.682974591663196
 30
0.0
  0
SPLINE
  5
286
330
17
100
AcDbEntity
  8
0
100
AcDbSpline
 70
0
 71
3
 72
8
 73
4
 74
0
 40
0.0
 40
0.0
 40
0.0
 40
0.0
 40
1.0
 40
1.0
 40
1.0
 40
1.0
 10
0.5598435061507416
 20
-12.907326799313296
 30
0.0
 10
0.5138641634628103
 20
-12.90639920138642
 30
0.0
 10
0.4553622487635858
 20
-12.875598733863853
 30
0.0
 10
0.36865292438235553
 20
-12.806640260717359
 30
0.0
  0
SPLINE
  5
287
330
17
100
AcDbEntity
  8
0
100
AcDbSpline
 70
0
 71
3
 72
8
 73
4
 74
0
 40
0.0
 40
0.0
 40
0.0
 40
0.0
 40
1.0
 40
1.0
 40
1.0
 40
1.0
 10
0.6385839210702393
 20
-12.941184123640141
 30
0.0
 10
0.6311842194272028
 20
-12.921915384888734
 30
0.0
 10
0.5991399274117706
 20
-12.908127906613572
 30
0.0
 10
0.5598435061507416
 20
-12.907326799313296
 30
0.0
  0
SPLINE
  5
288
330
17
100
AcDbEntity
  8
0
100
AcDbSpline
 70
0
 71
3
 72
8
 73
4
 74
0
 40
0.0
 40
0.0
 40
0.0
 40
0.0
 40
1.0
 40
1.0
 40
1.0
 40
1.0
 10
0.8846503529150525
 20
-13.055784631137385
 30
0.0
 10
0.8121712240012018
 20
-13.055152178005528
 30
0.0
 10
0.6540579410303229
 20
-12.981513551683292
 30
0.0
 10
0.6385839210702393
 20
-12.941184123640141
 30
0.0
  0
SPLINE
  5
289
330
17
100
AcDbEntity
  8
0
100
AcDbSpline
 70
0
 71
3
 72
8
 73
4
 74
0
 40
0.0
 40
0.0
 40
0.0
 40
0.0
 40
1.0
 40
1.0
 40
1.0
 40
1.0
 10
0.9603971563436335
 20
-13.034260142882204
 30
0.0
 10
0.9483173015246589
 20
-13.046339997701125
 30
0.0
 10
0.9142280777161362
 20
-13.056037612390128
 30
0.0
 10
0.8846503529150525
 20
-13.055784631137385
 30
0.0
  0
SPLINE
  5
28A
330
17
100
AcDbEntity
  8
0
100
AcDbSpline
 70
0
 71
3
 72
8
 73
4
 74
0
 40
0.0
 40
0.0
 40
0.0
 40
0.0
 40
1.0
 40
1.0
 40
1.0
 40
1.0
 10
1.048561122928195
 20
-13.050071471179308
 30
0.0
 10
1.0026239437823898
 20
-13.0238035844352
 30
0.0
 10
0.975681440364152
 20
-13.018975858861722
 30
0.0
 10
0.9603971563436335
 20
-13.034260142882204
 30
0.0
  0
SPLINE
  5
28B
330
17
100
AcDbEntity
  8
0
100
AcDbSpline
 70
0
 71
3
 72
8
 73
4
 74
0
 40
0.0
 40
0.0
 40
0.0
 40
0.0
 40
1.0
 40
1.0
 40
1.0
 40
1.0
 10
1.214516824734429
 20
-13.035166659037941
 30
0.0
 10
1.1164022622082346
 20
-13.086985652310204
 30
0.0
 10
1.1136194684279461
 20
-13.087238633562947
 30
0.0
 10
1.048561122928195
 20
-13.050071471179308
 30
0.0
  0
SPLINE
  5
28C
330
17
100
AcDbEntity
  8
0
100
AcDbSpline
 70
0
 71
3
 72
8
 73
4
 74
0
 40
0.0
 40
0.0
 40
0.0
 40
0.0
 40
1.0
 40
1.0
 40
1.0
 40
1.0
 10
1.3655466326282122
 20
-12.935028246489765
 30
0.0
 10
1.3373813864883326
 20
-12.961127479065453
 30
0.0
 10
1.2694137565819181
 20
-13.00617922382662
 30
0.0
 10
1.214516824734429
 20
-13.035166659037941
 30
0.0
  0
SPLINE
  5
28D
330
17
100
AcDbEntity
  8
0
100
AcDbSpline
 70
0
 71
3
 72
8
 73
4
 74
0
 40
0.0
 40
0.0
 40
0.0
 40
0.0
 40
1.0
 40
1.0
 40
1.0
 40
1.0
 10
1.4949676251826425
 20
-12.909350649335238
 30
0.0
 10
1.4949676251826425
 20
-12.870918580687885
 30
0.0
 10
1.418398632682611
 20
-12.886118537624043
 30
0.0
 10
1.3655466326282122
 20
-12.935028246489765
 30
0.0
  0
SPLINE
  5
28E
330
17
100
AcDbEntity
  8
0
100
AcDbSpline
 70
0
 71
3
 72
8
 73
4
 74
0
 40
0.0
 40
0.0
 40
0.0
 40
0.0
 40
1.0
 40
1.0
 40
1.0
 40
1.0
 10
1.542401610073906
 20
-12.948942215391071
 30
0.0
 10
1.5163234592692412
 20
-12.939139191847062
 30
0.0
 10
1.4949676251826425
 20
-12.921325095298926
 30
0.0
 10
1.4949676251826425
 20
-12.909350649335238
 30
0.0
  0
SPLINE
  5
28F
330
17
100
AcDbEntity
  8
0
100
AcDbSpline
 70
0
 71
3
 72
8
 73
4
 74
0
 40
0.0
 40
0.0
 40
0.0
 40
0.0
 40
1.0
 40
1.0
 40
1.0
 40
1.0
 10
1.8797099470784477
 20
-12.750056787184803
 30
0.0
 10
1.727120088126016
 20
-12.908528460263824
 30
0.0
 10
1.6133628514712353
 20
-12.975610655785658
 30
0.0
 10
1.542401610073906
 20
-12.948942215391071
 30
0.0
  0
SPLINE
  5
290
330
17
100
AcDbEntity
  8
0
100
AcDbSpline
 70
0
 71
3
 72
8
 73
4
 74
0
 40
0.0
 40
0.0
 40
0.0
 40
0.0
 40
1.0
 40
1.0
 40
1.0
 40
1.0
 10
2.0394043628790346
 20
-12.613531237782354
 30
0.0
 10
2.0238670976057618
 20
-12.613531237782354
 30
0.0
 10
1.9519993400527316
 20
-12.674963518659297
 30
0.0
 10
1.8797099470784477
 20
-12.750056787184803
 30
0.0
  0
SPLINE
  5
291
330
17
100
AcDbEntity
  8
0
100
AcDbSpline
 70
0
 71
3
 72
8
 73
4
 74
0
 40
0.0
 40
0.0
 40
0.0
 40
0.0
 40
1.0
 40
1.0
 40
1.0
 40
1.0
 10
2.022876254365812
 20
-14.26743834119975
 30
0.0
 10
2.066979319429155
 20
-14.214312278121497
 30
0.0
 10
2.0829803836658076
 20
-12.613531237782354
 30
0.0
 10
2.0394043628790346
 20
-12.613531237782354
 30
0.0
  0
SPLINE
  5
292
330
17
100
AcDbEntity
  8
0
100
AcDbSpline
 70
0
 71
3
 72
8
 73
4
 74
0
 40
0.0
 40
0.0
 40
0.0
 40
0.0
 40
1.0
 40
1.0
 40
1.0
 40
1.0
 10
1.8246021975203277
 20
-14.310550563023298
 30
0.0
 10
1.8994635665642736
 20
-14.34609442903502
 30
0.0
 10
1.9703615626484154
 20
-14.33066257261703
 30
0.0
 10
2.022876254365812
 20
-14.26743834119975
 30
0.0
  0
SPLINE
  5
293
330
17
100
AcDbEntity
  8
0
100
AcDbSpline
 70
0
 71
3
 72
8
 73
4
 74
0
 40
0.0
 40
0.0
 40
0.0
 40
0.0
 40
1.0
 40
1.0
 40
1.0
 40
1.0
 10
1.6513311211553088
 20
-14.283186424183668
 30
0.0
 10
1.7117303952501848
 20
-14.280572284571917
 30
0.0
 10
1.7861701288728735
 20
-14.292314831053773
 30
0.0
 10
1.8246021975203277
 20
-14.310550563023298
 30
0.0
  0
SPLINE
  5
294
330
17
100
AcDbEntity
  8
0
100
AcDbSpline
 70
0
 71
3
 72
8
 73
4
 74
0
 40
0.0
 40
0.0
 40
0.0
 40
0.0
 40
1.0
 40
1.0
 40
1.0
 40
1.0
 10
1.4777648999954112
 20
-14.239589321625772
 30
0.0
 10
1.529879038062612
 20
-14.276693238696453
 30
0.0
 10
1.5698500759976515
 20
-14.286728161722294
 30
0.0
 10
1.6513311211553088
 20
-14.283186424183668
 30
0.0
  0
SPLINE
  5
295
330
17
100
AcDbEntity
  8
0
100
AcDbSpline
 70
0
 71
3
 72
8
 73
4
 74
0
 40
0.0
 40
0.0
 40
0.0
 40
0.0
 40
1.0
 40
1.0
 40
1.0
 40
1.0
 10
1.2759912691535078
 20
-14.205731997298926
 30
0.0
 10
1.3950189485739841
 20
-14.1929775258061
 30
0.0
 10
1.4176396889243517
 20
-14.196772244597241
 30
0.0
 10
1.4777648999954112
 20
-14.239589321625772
 30
0.0
  0
SPLINE
  5
296
330
17
100
AcDbEntity
  8
0
100
AcDbSpline
 70
0
 71
3
 72
8
 73
4
 74
0
 40
0.0
 40
0.0
 40
0.0
 40
0.0
 40
1.0
 40
1.0
 40
1.0
 40
1.0
 10
0.9236516293812009
 20
-14.053753509707349
 30
0.0
 10
1.0836622717477313
 20
-14.209674288487804
 30
0.0
 10
1.1146103116678985
 20
-14.22301904957044
 30
0.0
 10
1.2759912691535078
 20
-14.205731997298926
 30
0.0
  0
LINE
  5
297
330
17
100
AcDbEntity
  8
0
100
AcDbLine
 10
0.8056147932006743
 20
-13.938731366788943
 30
0.0
 11
0.9236516293812009
 21
-14.053753509707576
 31
0.0
  0
LINE
  5
298
330
17
100
AcDbEntity
  8
0
100
AcDbLine
 10
0.649588605565012
 20
-13.934936647997574
 30
0.0
 11
0.8056147932006743
 21
-13.938731366788943
 31
0.0
  0
SPLINE
  5
299
330
17
100
AcDbEntity
  8
0
100
AcDbSpline
 70
0
 71
3
 72
8
 73
4
 74
0
 40
0.0
 40
0.0
 40
0.0
 40
0.0
 40
1.0
 40
1.0
 40
1.0
 40
1.0
 10
0.3723633160894062
 20
-13.874326556192045
 30
0.0
 10
0.4654814988737215
 20
-13.917986904063127
 30
0.0
 10
0.5297387370730862
 20
-13.932027363590805
 30
0.0
 10
0.649588605565012
 20
-13.934936647997574
 30
0.0
  0
SPLINE
  5
29A
330
17
100
AcDbEntity
  8
0
100
AcDbSpline
 70
0
 71
3
 72
8
 73
4
 74
0
 40
0.0
 40
0.0
 40
0.0
 40
0.0
 40
1.0
 40
1.0
 40
1.0
 40
1.0
 10
0.2511431324783997
 20
-13.744104456337254
 30
0.0
 10
0.2511431324783997
 20
-13.812852111773054
 30
0.0
 10
0.2588590606873771
 20
-13.821137247800607
 30
0.0
 10
0.3723633160894062
 20
-13.874326556192045
 30
0.0
  0
SPLINE
  5
29B
330
17
100
AcDbEntity
  8
0
100
AcDbSpline
 70
0
 71
3
 72
8
 73
4
 74
0
 40
0.0
 40
0.0
 40
0.0
 40
0.0
 40
1.0
 40
1.0
 40
1.0
 40
1.0
 10
0.12682392852116298
 20
-13.59516174377859
 30
0.0
 10
0.24028602038106506
 20
-13.664078053383037
 30
0.0
 10
0.2511431324783997
 20
-13.677085506128606
 30
0.0
 10
0.2511431324783997
 20
-13.744104456337254
 30
0.0
  0
SPLINE
  5
29C
330
17
100
AcDbEntity
  8
0
100
AcDbSpline
 70
0
 71
3
 72
8
 73
4
 74
0
 40
0.0
 40
0.0
 40
0.0
 40
0.0
 40
1.0
 40
1.0
 40
1.0
 40
1.0
 10
-0.004937140621235514
 20
-13.49348436194282
 30
0.0
 10
-0.0008261952639934123
 20
-13.5078832115787
 30
0.0
 10
0.0584557449645553
 20
-13.55363065478491
 30
0.0
 10
0.12682392852116298
 20
-13.59516174377859
 30
0.0
  0
SPLINE
  5
29D
330
17
100
AcDbEntity
  8
0
100
AcDbSpline
 70
0
 71
3
 72
8
 73
4
 74
0
 40
0.0
 40
0.0
 40
0.0
 40
0.0
 40
1.0
 40
1.0
 40
1.0
 40
1.0
 10
-0.005780411463747193
 20
-12.935028246489765
 30
0.0
 10
-0.009406476086544657
 20
-13.227790801238598
 30
0.0
 10
-0.009027004207416311
 20
-13.479106594078075
 30
0.0
 10
-0.004937140621235514
 20
-13.49348436194282
 30
0.0
  0
SPLINE
  5
29E
330
17
100
AcDbEntity
  8
0
100
AcDbSpline
 70
0
 71
3
 72
8
 73
4
 74
0
 40
0.0
 40
0.0
 40
0.0
 40
0.0
 40
1.0
 40
1.0
 40
1.0
 40
1.0
 10
0.017746845042318604
 20
-12.402713527154447
 30
0.0
 10
0.008449784003632388
 20
-12.402713527154447
 30
0.0
 10
-0.002133265069884871
 20
-12.642244609969794
 30
0.0
 10
-0.005780411463747193
 20
-12.935028246489765
 30
0.0
  0
SPLINE
  5
29F
330
17
100
AcDbEntity
  8
0
100
AcDbSpline
 70
0
 71
3
 72
8
 73
4
 74
0
 40
0.0
 40
0.0
 40
0.0
 40
0.0
 40
1.0
 40
1.0
 40
1.0
 40
1.0
 10
0.08853943227114769
 20
-12.445108968761815
 30
0.0
 10
0.05889846215687289
 20
-12.421792529966297
 30
0.0
 10
0.027022824309944404
 20
-12.402713527154447
 30
0.0
 10
0.017746845042318604
 20
-12.402713527154447
 30
0.0
  0
SPLINE
  5
2A0
330
17
100
AcDbEntity
  8
0
100
AcDbSpline
 70
0
 71
3
 72
8
 73
4
 74
0
 40
0.0
 40
0.0
 40
0.0
 40
0.0
 40
1.0
 40
1.0
 40
1.0
 40
1.0
 10
0.24791762150579277
 20
-12.507511011107454
 30
0.0
 10
0.18990058754101202
 20
-12.496506326612689
 30
0.0
 10
0.1181804023854216
 20
-12.468425407557106
 30
0.0
 10
0.08853943227114769
 20
-12.445108968761815
 30
0.0
  0
SPLINE
  5
2A1
330
17
100
AcDbEntity
  8
0
100
AcDbSpline
 70
0
 71
3
 72
8
 73
4
 74
0
 40
0.0
 40
0.0
 40
0.0
 40
0.0
 40
1.0
 40
1.0
 40
1.0
 40
1.0
 10
0.7548077249393668
 20
-12.449662631311185
 30
0.0
 10
0.6547747212464579
 20
-12.488980134343365
 30
0.0
 10
0.3616959399316375
 20
-12.529077662904683
 30
0.0
 10
0.24791762150579277
 20
-12.507511011107454
 30
0.0
  0
LINE
  5
2A2
330
17
100
AcDbEntity
  8
0
100
AcDbLine
 10
0.7558618134925048
 20
-12.442789973944855
 30
0.0
 11
0.7548077249393668
 21
-12.449662631311412
 31
0.0
  0
SPLINE
  5
2A3
330
17
100
AcDbEntity
  8
0
100
AcDbSpline
 70
0
 71
3
 72
8
 73
4
 74
0
 40
0.0
 40
0.0
 40
0.0
 40
0.0
 40
1.0
 40
1.0
 40
1.0
 40
1.0
 10
0.5538352013978489
 20
-12.369994618464943
 30
0.0
 10
0.7440138581552223
 20
-12.38327613423462
 30
0.0
 10
0.738406107052521
 20
-12.341998026493684
 30
0.0
 10
0.7558618134925048
 20
-12.442789973944855
 30
0.0
  0
SPLINE
  5
2A4
330
17
100
AcDbEntity
  8
0
100
AcDbSpline
 70
0
 71
3
 72
8
 73
4
 74
0
 40
0.0
 40
0.0
 40
0.0
 40
0.0
 40
1.0
 40
1.0
 40
1.0
 40
1.0
 10
0.2802781400871659
 20
-12.31583554860481
 30
0.0
 10
0.3263418098593496
 20
-12.343600241094464
 30
0.0
 10
0.40822340866720186
 20
-12.359812123041593
 30
0.0
 10
0.5538352013978489
 20
-12.369994618464943
 30
0.0
  0
SPLINE
  5
2A5
330
17
100
AcDbEntity
  8
0
100
AcDbSpline
 70
0
 71
3
 72
8
 73
4
 74
0
 40
0.0
 40
0.0
 40
0.0
 40
0.0
 40
1.0
 40
1.0
 40
1.0
 40
1.0
 10
0.18380795570386788
 20
-12.276222900777839
 30
0.0
 10
0.2007155360962205
 20
-12.276222900777839
 30
0.0
 10
0.24412290271449155
 20
-12.294058079096885
 30
0.0
 10
0.2802781400871659
 20
-12.31583554860481
 30
0.0
  0
SPLINE
  5
2A6
330
17
100
AcDbEntity
  8
0
100
AcDbSpline
 70
0
 71
3
 72
8
 73
4
 74
0
 40
0.0
 40
0.0
 40
0.0
 40
0.0
 40
1.0
 40
1.0
 40
1.0
 40
1.0
 10
0.06406349606725481
 20
-12.16113751254602
 30
0.0
 10
0.04780945057784969
 20
-12.177370476264286
 30
0.0
 10
0.15064632982210924
 20
-12.276222900777839
 30
0.0
 10
0.18380795570386788
 20
-12.276222900777839
 30
0.0
  0
SPLINE
  5
2A7
330
17
100
AcDbEntity
  8
0
100
AcDbSpline
 70
0
 71
3
 72
8
 73
4
 74
0
 40
0.0
 40
0.0
 40
0.0
 40
0.0
 40
1.0
 40
1.0
 40
1.0
 40
1.0
 10
0.17642933583189357
 20
-12.182134956524578
 30
0.0
 10
0.12003559823894694
 20
-12.165164130818994
 30
0.0
 10
0.06948151123039015
 20
-12.155719497382961
 30
0.0
 10
0.06406349606725481
 20
-12.16113751254602
 30
0.0
  0
SPLINE
  5
2A8
330
17
100
AcDbEntity
  8
0
100
AcDbSpline
 70
0
 71
3
 72
8
 73
4
 74
0
 40
0.0
 40
0.0
 40
0.0
 40
0.0
 40
1.0
 40
1.0
 40
1.0
 40
1.0
 10
0.6833194392654667
 20
-12.19394074831962
 30
0.0
 10
0.5657464020483207
 20
-12.220061062666446
 30
0.0
 10
0.28036246717141733
 20
-12.213420304781721
 30
0.0
 10
0.17642933583189357
 20
-12.182134956524578
 30
0.0
  0
SPLINE
  5
2A9
330
17
100
AcDbEntity
  8
0
100
AcDbSpline
 70
0
 71
3
 72
8
 73
4
 74
0
 40
0.0
 40
0.0
 40
0.0
 40
0.0
 40
1.0
 40
1.0
 40
1.0
 40
1.0
 10
0.7415262091698134
 20
-12.114378144328839
 30
0.0
 10
0.745932299321935
 20
-12.171615152764161
 30
0.0
 10
0.7385958429920851
 20
-12.181650075790003
 30
0.0
 10
0.6833194392654667
 20
-12.19394074831962
 30
0.0
  0
SPLINE
  5
2AA
330
17
100
AcDbEntity
  8
0
100
AcDbSpline
 70
0
 71
3
 72
8
 73
4
 74
0
 40
0.0
 40
0.0
 40
0.0
 40
0.0
 40
1.0
 40
1.0
 40
1.0
 40
1.0
 10
0.7903726727222828
 20
-12.01356511510653
 30
0.0
 10
0.7490945649813527
 20
-12.040613027380004
 30
0.0
 10
0.737668245065322
 20
-12.064203529199403
 30
0.0
 10
0.7415262091698134
 20
-12.114378144328839
 30
0.0
  0
SPLINE
  5
2AB
330
17
100
AcDbEntity
  8
0
100
AcDbSpline
 70
0
 71
3
 72
8
 73
4
 74
0
 40
0.0
 40
0.0
 40
0.0
 40
0.0
 40
1.0
 40
1.0
 40
1.0
 40
1.0
 10
0.6877255294175884
 20
-11.897404556550555
 30
0.0
 10
0.8295847668990595
 20
-11.927825552194236
 30
0.0
 10
0.8631891099731375
 20
-11.965857067191337
 30
0.0
 10
0.7903726727222828
 20
-12.01356511510653
 30
0.0
  0
SPLINE
  5
2AC
330
17
100
AcDbEntity
  8
0
100
AcDbSpline
 70
0
 71
3
 72
8
 73
4
 74
0
 40
0.0
 40
0.0
 40
0.0
 40
0.0
 40
1.0
 40
1.0
 40
1.0
 40
1.0
 10
0.5351778340072855
 20
-11.832978664182747
 30
0.0
 10
0.5592321347899212
 20
-11.855578322762085
 30
0.0
 10
0.6278954631414075
 20
-11.884565757973405
 30
0.0
 10
0.6877255294175884
 20
-11.897404556550555
 30
0.0
  0
SPLINE
  5
2AD
330
17
100
AcDbEntity
  8
0
100
AcDbSpline
 70
0
 71
3
 72
8
 73
4
 74
0
 40
0.0
 40
0.0
 40
0.0
 40
0.0
 40
1.0
 40
1.0
 40
1.0
 40
1.0
 10
0.42232711350820296
 20
-11.811707157180308
 30
0.0
 10
0.47933222246197094
 20
-11.79534770283567
 30
0.0
 10
0.4991069237188617
 20
-11.799079176313853
 30
0.0
 10
0.5351778340072855
 20
-11.832978664182747
 30
0.0
  0
SPLINE
  5
2AE
330
17
100
AcDbEntity
  8
0
100
AcDbSpline
 70
0
 71
3
 72
8
 73
4
 74
0
 40
0.0
 40
0.0
 40
0.0
 40
0.0
 40
1.0
 40
1.0
 40
1.0
 40
1.0
 10
0.2563292481598429
 20
-11.785080880327996
 30
0.0
 10
0.3343739646342687
 20
-11.822479942193468
 30
0.0
 10
0.36667123790245526
 20
-11.827666057874922
 30
0.0
 10
0.42232711350820296
 20
-11.811707157180308
 30
0.0
  0
SPLINE
  5
2AF
330
17
100
AcDbEntity
  8
0
100
AcDbSpline
 70
0
 71
3
 72
8
 73
4
 74
0
 40
0.0
 40
0.0
 40
0.0
 40
0.0
 40
1.0
 40
1.0
 40
1.0
 40
1.0
 10
0.19247256361067144
 20
-11.68593331101988
 30
0.0
 10
0.11624087944764483
 20
-11.68593331101988
 30
0.0
 10
0.1460505037304216
 20
-11.732228880273624
 30
0.0
 10
0.2563292481598429
 20
-11.785080880327996
 30
0.0
  0
SPLINE
  5
2B0
330
17
100
AcDbEntity
  8
0
100
AcDbSpline
 70
0
 71
3
 72
8
 73
4
 74
0
 40
0.0
 40
0.0
 40
0.0
 40
0.0
 40
1.0
 40
1.0
 40
1.0
 40
1.0
 10
0.26273810656292973
 20
-11.666327263931407
 30
0.0
 10
0.251712340297094
 20
-11.677100048944567
 30
0.0
 10
0.22008968370291804
 20
-11.68593331101988
 30
0.0
 10
0.19247256361067144
 20
-11.68593331101988
 30
0.0
  0
SPLINE
  5
2B1
330
17
100
AcDbEntity
  8
0
100
AcDbSpline
 70
0
 71
3
 72
8
 73
4
 74
0
 40
0.0
 40
0.0
 40
0.0
 40
0.0
 40
1.0
 40
1.0
 40
1.0
 40
1.0
 10
0.4265434677207596
 20
-11.613580672732269
 30
0.0
 10
0.3474657444642588
 20
-11.631795322930657
 30
0.0
 10
0.27376387282876546
 20
-11.655533397147337
 30
0.0
 10
0.26273810656292973
 20
-11.666327263931407
 30
0.0
  0
SPLINE
  5
2B2
330
17
100
AcDbEntity
  8
0
100
AcDbSpline
 70
0
 71
3
 72
8
 73
4
 74
0
 40
0.0
 40
0.0
 40
0.0
 40
0.0
 40
1.0
 40
1.0
 40
1.0
 40
1.0
 10
0.6176497224048942
 20
-11.50808749033422
 30
0.0
 10
0.6208119880643137
 20
-11.585837062013752
 30
0.0
 10
0.557587756647024
 20
-11.583370494799283
 30
0.0
 10
0.4265434677207596
 20
-11.613580672732269
 30
0.0
  0
LINE
  5
2B3
330
17
100
AcDbEntity
  8
0
100
AcDbLine
 10
0.5882617335433737
 20
-11.418806189883298
 30
0.0
 11
0.6176497224048942
 21
-11.50808749033422
 31
0.0
  0
SPLINE
  5
2B4
330
17
100
AcDbEntity
  8
0
100
AcDbSpline
 70
0
 71
3
 72
8
 73
4
 74
0
 40
0.0
 40
0.0
 40
0.0
 40
0.0
 40
1.0
 40
1.0
 40
1.0
 40
1.0
 10
0.32239951867060856
 20
-11.42766053372975
 30
0.0
 10
0.38326259172886523
 20
-11.416592603921572
 30
0.0
 10
0.5235406963806275
 20
-11.34944716308678
 30
0.0
 10
0.5882617335433737
 20
-11.418806189883298
 30
0.0
  0
SPLINE
  5
2B5
330
17
100
AcDbEntity
  8
0
100
AcDbSpline
 70
0
 71
3
 72
8
 73
4
 74
0
 40
0.0
 40
0.0
 40
0.0
 40
0.0
 40
1.0
 40
1.0
 40
1.0
 40
1.0
 10
0.04032542185056176
 20
-11.311542138715822
 30
0.0
 10
0.04032542185056176
 20
-11.405798737137502
 30
0.0
 10
0.1635694554835947
 20
-11.456521478314698
 30
0.0
 10
0.32239951867060856
 20
-11.42766053372975
 30
0.0
  0
SPLINE
  5
2B6
330
17
100
AcDbEntity
  8
0
100
AcDbSpline
 70
0
 71
3
 72
8
 73
4
 74
0
 40
0.0
 40
0.0
 40
0.0
 40
0.0
 40
1.0
 40
1.0
 40
1.0
 40
1.0
 10
0.16249428515939357
 20
-11.336777018678049
 30
0.0
 10
0.11740037685609828
 20
-11.294170759359986
 30
0.0
 10
0.04032542185056176
 20
-11.278254022207648
 30
0.0
 10
0.04032542185056176
 20
-11.311542138715822
 30
0.0
  0
SPLINE
  5
2B7
330
17
100
AcDbEntity
  8
0
100
AcDbSpline
 70
0
 71
3
 72
8
 73
4
 74
0
 40
0.0
 40
0.0
 40
0.0
 40
0.0
 40
1.0
 40
1.0
 40
1.0
 40
1.0
 10
0.2995257970674876
 20
-11.32467608208799
 30
0.0
 10
0.21273214560200682
 20
-11.354654360539143
 30
0.0
 10
0.18410310049874656
 20
-11.357184173066798
 30
0.0
 10
0.16249428515939357
 20
-11.336777018678049
 30
0.0
  0
SPLINE
  5
2B8
330
17
100
AcDbEntity
  8
0
100
AcDbSpline
 70
0
 71
3
 72
8
 73
4
 74
0
 40
0.0
 40
0.0
 40
0.0
 40
0.0
 40
1.0
 40
1.0
 40
1.0
 40
1.0
 10
0.4529800086334914
 20
-11.28607535927199
 30
0.0
 10
0.42892570785085393
 20
-11.286454831151104
 30
0.0
 10
0.35988290762023833
 20
-11.30382621050694
 30
0.0
 10
0.2995257970674876
 20
-11.32467608208799
 30
0.0
  0
SPLINE
  5
2B9
330
17
100
AcDbEntity
  8
0
100
AcDbSpline
 70
0
 71
3
 72
8
 73
4
 74
0
 40
0.0
 40
0.0
 40
0.0
 40
0.0
 40
1.0
 40
1.0
 40
1.0
 40
1.0
 10
0.60048916075979
 20
-11.211593462107203
 30
0.0
 10
0.5433997247217706
 20
-11.252175871403097
 30
0.0
 10
0.4770343094161271
 20
-11.285695887392876
 30
0.0
 10
0.4529800086334914
 20
-11.28607535927199
 30
0.0
  0
SPLINE
  5
2BA
330
17
100
AcDbEntity
  8
0
100
AcDbSpline
 70
0
 71
3
 72
8
 73
4
 74
0
 40
0.0
 40
0.0
 40
0.0
 40
0.0
 40
1.0
 40
1.0
 40
1.0
 40
1.0
 10
0.529359265193956
 20
-11.071821319960918
 30
0.0
 10
0.509879708731944
 20
-11.083437375816402
 30
0.0
 10
0.6337351137257992
 20
-11.187939714974618
 30
0.0
 10
0.60048916075979
 20
-11.211593462107203
 30
0.0
  0
LINE
  5
2BB
330
17
100
AcDbEntity
  8
0
100
AcDbLine
 10
0.5276516417378705
 20
-11.083121149250474
 30
0.0
 11
0.529359265193956
 21
-11.071821319960918
 31
0.0
  0
LINE
  5
2BC
330
17
100
AcDbEntity
  8
0
100
AcDbLine
 10
0.4285251542006616
 20
-11.006805138003301
 30
0.0
 11
0.5276516417378705
 21
-11.083121149250474
 31
0.0
  0
SPLINE
  5
2BD
330
17
100
AcDbEntity
  8
0
100
AcDbSpline
 70
0
 71
3
 72
8
 73
4
 74
0
 40
0.0
 40
0.0
 40
0.0
 40
0.0
 40
1.0
 40
1.0
 40
1.0
 40
1.0
 10
0.14691485634399548
 20
-10.95410071034621
 30
0.0
 10
0.24852899286661323
 20
-11.006088357787121
 30
0.0
 10
0.2808051843637358
 20
-11.012138826082264
 30
0.0
 10
0.4285251542006616
 20
-11.006805138003301
 30
0.0
  0
SPLINE
  5
2BE
330
17
100
AcDbEntity
  8
0
100
AcDbSpline
 70
0
 71
3
 72
8
 73
4
 74
0
 40
0.0
 40
0.0
 40
0.0
 40
0.0
 40
1.0
 40
1.0
 40
1.0
 40
1.0
 10
0.09102708125655479
 20
-10.823731038094138
 30
0.0
 10
-0.06624293087181066
 20
-10.766852419766565
 30
0.0
 10
-0.023320444987984246
 20
-10.86696975054383
 30
0.0
 10
0.14691485634399548
 20
-10.95410071034621
 30
0.0
  0
SPLINE
  5
2BF
330
17
100
AcDbEntity
  8
0
100
AcDbSpline
 70
0
 71
3
 72
8
 73
4
 74
0
 40
0.0
 40
0.0
 40
0.0
 40
0.0
 40
1.0
 40
1.0
 40
1.0
 40
1.0
 10
0.21517763104528953
 20
-10.804588789969102
 30
0.0
 10
0.17021021336837183
 20
-10.846836659178962
 30
0.0
 10
0.15947959189741479
 20
-10.84848103732179
 30
0.0
 10
0.09102708125655479
 20
-10.823731038094138
 30
0.0
  0
SPLINE
  5
2C0
330
17
100
AcDbEntity
  8
0
100
AcDbSpline
 70
0
 71
3
 72
8
 73
4
 74
0
 40
0.0
 40
0.0
 40
0.0
 40
0.0
 40
1.0
 40
1.0
 40
1.0
 40
1.0
 10
0.2975019470454612
 20
-10.758335384257407
 30
0.0
 10
0.2793083786182784
 20
-10.758335384257407
 30
0.0
 10
0.24224662508990402
 20
-10.77914309229618
 30
0.0
 10
0.21517763104528953
 20
-10.804588789969102
 30
0.0
  0
SPLINE
  5
2C1
330
17
100
AcDbEntity
  8
0
100
AcDbSpline
 70
0
 71
3
 72
8
 73
4
 74
0
 40
0.0
 40
0.0
 40
0.0
 40
0.0
 40
1.0
 40
1.0
 40
1.0
 40
1.0
 10
0.3987155299178857
 20
-10.62617376146477
 30
0.0
 10
0.3987155299178857
 20
-10.672595821344885
 30
0.0
 10
0.33306689482837637
 20
-10.758335384257407
 30
0.0
 10
0.2975019470454612
 20
-10.758335384257407
 30
0.0
  0
SPLINE
  5
2C2
330
17
100
AcDbEntity
  8
0
100
AcDbSpline
 70
0
 71
3
 72
8
 73
4
 74
0
 40
0.0
 40
0.0
 40
0.0
 40
0.0
 40
1.0
 40
1.0
 40
1.0
 40
1.0
 10
0.235289640639186
 20
-10.463190589378428
 30
0.0
 10
0.26952643684514666
 20
-10.463190589378428
 30
0.0
 10
0.3987155299178857
 20
-10.592021292342906
 30
0.0
 10
0.3987155299178857
 20
-10.62617376146477
 30
0.0
  0
SPLINE
  5
2C3
330
17
100
AcDbEntity
  8
0
100
AcDbSpline
 70
0
 71
3
 72
8
 73
4
 74
0
 40
0.0
 40
0.0
 40
0.0
 40
0.0
 40
1.0
 40
1.0
 40
1.0
 40
1.0
 10
-0.022919891337790155
 20
-10.19250064893231
 30
0.0
 10
-0.022919891337790155
 20
-10.24031410570251
 30
0.0
 10
0.1896686880593208
 20
-10.463190589378428
 30
0.0
 10
0.235289640639186
 20
-10.463190589378428
 30
0.0
  0
SPLINE
  5
2C4
330
17
100
AcDbEntity
  8
0
100
AcDbSpline
 70
0
 71
3
 72
8
 73
4
 74
0
 40
0.0
 40
0.0
 40
0.0
 40
0.0
 40
1.0
 40
1.0
 40
1.0
 40
1.0
 10
0.05875088975943488
 20
-10.159528758990064
 30
0.0
 10
-0.01514071781562265
 20
-10.147701885423885
 30
0.0
 10
-0.022919891337790155
 20
-10.150843069312032
 30
0.0
 10
-0.022919891337790155
 20
-10.19250064893231
 30
0.0
  0
SPLINE
  5
2C5
330
17
100
AcDbEntity
  8
0
100
AcDbSpline
 70
0
 71
3
 72
8
 73
4
 74
0
 40
0.0
 40
0.0
 40
0.0
 40
0.0
 40
1.0
 40
1.0
 40
1.0
 40
1.0
 10
0.15363994131302405
 20
-10.151243622962284
 30
0.0
 10
0.14602942195935942
 20
-10.163555377263037
 30
0.0
 10
0.10584756631369352
 20
-10.167054951259388
 30
0.0
 10
0.05875088975943488
 20
-10.159528758990064
 30
0.0
  0
SPLINE
  5
2C6
330
17
100
AcDbEntity
  8
0
100
AcDbSpline
 70
0
 71
3
 72
8
 73
4
 74
0
 40
0.0
 40
0.0
 40
0.0
 40
0.0
 40
1.0
 40
1.0
 40
1.0
 40
1.0
 10
0.24930901839593744
 20
-10.1409557186837
 30
0.0
 10
0.20375131112926148
 20
-10.134842005075598
 30
0.0
 10
0.16091315232968473
 20
-10.139458912938153
 30
0.0
 10
0.15363994131302405
 20
-10.151243622962284
 30
0.0
  0
SPLINE
  5
2C7
330
17
100
AcDbEntity
  8
0
100
AcDbSpline
 70
0
 71
3
 72
8
 73
4
 74
0
 40
0.0
 40
0.0
 40
0.0
 40
0.0
 40
1.0
 40
1.0
 40
1.0
 40
1.0
 10
0.36658691081820294
 20
-10.08470955348821
 30
0.0
 10
0.33447937348958323
 20
-10.146795369268148
 30
0.0
 10
0.3253720483904612
 20
-10.151159295878188
 30
0.0
 10
0.24930901839593744
 20
-10.1409557186837
 30
0.0
  0
SPLINE
  5
2C8
330
17
100
AcDbEntity
  8
0
100
AcDbSpline
 70
0
 71
3
 72
8
 73
4
 74
0
 40
0.0
 40
0.0
 40
0.0
 40
0.0
 40
1.0
 40
1.0
 40
1.0
 40
1.0
 10
0.3462640835136792
 20
-9.94514822905262
 30
0.0
 10
0.3998539455552752
 20
-10.015413772004877
 30
0.0
 10
0.4004231533739713
 20
-10.019271736109204
 30
0.0
 10
0.36658691081820294
 20
-10.08470955348821
 30
0.0
  0
SPLINE
  5
2C9
330
17
100
AcDbEntity
  8
0
100
AcDbSpline
 70
0
 71
3
 72
8
 73
4
 74
0
 40
0.0
 40
0.0
 40
0.0
 40
0.0
 40
1.0
 40
1.0
 40
1.0
 40
1.0
 10
0.2466527152420248
 20
-9.87290099962047
 30
0.0
 10
0.27256221187818763
 20
-9.87290099962047
 30
0.0
 10
0.3141776279561226
 20
-9.903090095782318
 30
0.0
 10
0.3462640835136792
 20
-9.94514822905262
 30
0.0
  0
SPLINE
  5
2CA
330
17
100
AcDbEntity
  8
0
100
AcDbSpline
 70
0
 71
3
 72
8
 73
4
 74
0
 40
0.0
 40
0.0
 40
0.0
 40
0.0
 40
1.0
 40
1.0
 40
1.0
 40
1.0
 10
0.016650592947055287
 20
-9.740254496093257
 30
0.0
 10
0.020129085172413852
 20
-9.774449128757169
 30
0.0
 10
0.19082818546777425
 20
-9.87290099962047
 30
0.0
 10
0.2466527152420248
 20
-9.87290099962047
 30
0.0
  0
SPLINE
  5
2CB
330
17
100
AcDbEntity
  8
0
100
AcDbSpline
 70
0
 71
3
 72
8
 73
4
 74
0
 40
0.0
 40
0.0
 40
0.0
 40
0.0
 40
1.0
 40
1.0
 40
1.0
 40
1.0
 10
0.009756853809524735
 20
-9.598837975804145
 30
0.0
 10
0.012118012168556014
 20
-9.662610333269186
 30
0.0
 10
0.015238114285848425
 20
-9.726256200107628
 30
0.0
 10
0.016650592947055287
 20
-9.740254496093257
 30
0.0
  0
SPLINE
  5
2CC
330
17
100
AcDbEntity
  8
0
100
AcDbSpline
 70
0
 71
3
 72
8
 73
4
 74
0
 40
0.0
 40
0.0
 40
0.0
 40
0.0
 40
1.0
 40
1.0
 40
1.0
 40
1.0
 10
-0.021528494447646374
 20
-9.388020265176465
 30
0.0
 10
-0.006686927619446337
 20
-9.440197648556705
 30
0.0
 10
0.007395695450492568
 20
-9.535065618339331
 30
0.0
 10
0.009756853809524735
 20
-9.598837975804145
 30
0.0
  0
SPLINE
  5
2CD
330
17
100
AcDbEntity
  8
0
100
AcDbSpline
 70
0
 71
3
 72
8
 73
4
 74
0
 40
0.0
 40
0.0
 40
0.0
 40
0.0
 40
1.0
 40
1.0
 40
1.0
 40
1.0
 10
-0.06816137203852524
 20
-9.214095653908316
 30
0.0
 10
-0.05736750525437895
 20
-9.257566265839841
 30
0.0
 10
-0.03637006127584641
 20
-9.335842881795998
 30
0.0
 10
-0.021528494447646374
 20
-9.388020265176465
 30
0.0
  0
SPLINE
  5
2CE
330
17
100
AcDbEntity
  8
0
100
AcDbSpline
 70
0
 71
3
 72
8
 73
4
 74
0
 40
0.0
 40
0.0
 40
0.0
 40
0.0
 40
1.0
 40
1.0
 40
1.0
 40
1.0
 10
-0.15988815793269673
 20
-9.214095653908316
 30
0.0
 10
-0.1436551942143529
 20
-9.110520912676975
 30
0.0
 10
-0.09388113273512033
 20
-9.110520912676975
 30
0.0
 10
-0.06816137203852524
 20
-9.214095653908316
 30
0.0
  0
SPLINE
  5
2CF
330
17
100
AcDbEntity
  8
0
100
AcDbSpline
 70
0
 71
3
 72
8
 73
4
 74
0
 40
0.0
 40
0.0
 40
0.0
 40
0.0
 40
1.0
 40
1.0
 40
1.0
 40
1.0
 10
-0.1818131998379915
 20
-9.353235342922744
 30
0.0
 10
-0.17656383884335813
 20
-9.320179125896402
 30
0.0
 10
-0.16667648821491365
 20
-9.257566265839841
 30
0.0
 10
-0.15988815793269673
 20
-9.214095653908316
 30
0.0
  0
SPLINE
  5
2D0
330
17
100
AcDbEntity
  8
0
100
AcDbSpline
 70
0
 71
3
 72
8
 73
4
 74
0
 40
0.0
 40
0.0
 40
0.0
 40
0.0
 40
1.0
 40
1.0
 40
1.0
 40
1.0
 10
-0.24417307864170557
 20
-9.476057741134582
 30
0.0
 10
-0.21512239811718992
 20
-9.441546881904742
 30
0.0
 10
-0.18706256083262485
 20
-9.386270478178176
 30
0.0
 10
-0.1818131998379915
 20
-9.353235342922744
 30
0.0
  0
SPLINE
  5
2D1
330
17
100
AcDbEntity
  8
0
100
AcDbSpline
 70
0
 71
3
 72
8
 73
4
 74
0
 40
0.0
 40
0.0
 40
0.0
 40
0.0
 40
1.0
 40
1.0
 40
1.0
 40
1.0
 10
-0.26536025855980405
 20
-9.655674430589443
 30
0.0
 10
-0.31001144967077954
 20
-9.59192315489554
 30
0.0
 10
-0.30484641576039717
 20
-9.548178479940361
 30
0.0
 10
-0.24417307864170557
 20
-9.476057741134582
 30
0.0
  0
SPLINE
  5
2D2
330
17
100
AcDbEntity
  8
0
100
AcDbSpline
 70
0
 71
3
 72
8
 73
4
 74
0
 40
0.0
 40
0.0
 40
0.0
 40
0.0
 40
1.0
 40
1.0
 40
1.0
 40
1.0
 10
-0.32204914094763026
 20
-9.790218293512226
 30
0.0
 10
-0.2423600463303064
 20
-9.757225321798842
 30
0.0
 10
-0.2242929685295012
 20
-9.714323917686215
 30
0.0
 10
-0.26536025855980405
 20
-9.655674430589443
 30
0.0
  0
SPLINE
  5
2D3
330
17
100
AcDbEntity
  8
0
100
AcDbSpline
 70
0
 71
3
 72
8
 73
4
 74
0
 40
0.0
 40
0.0
 40
0.0
 40
0.0
 40
1.0
 40
1.0
 40
1.0
 40
1.0
 10
-0.5220308212491962
 20
-9.987016626383138
 30
0.0
 10
-0.4752503712608802
 20
-9.898789414485464
 30
0.0
 10
-0.39610940269118844
 20
-9.820892270408422
 30
0.0
 10
-0.32204914094763026
 20
-9.790218293512226
 30
0.0
  0
SPLINE
  5
2D4
330
17
100
AcDbEntity
  8
0
100
AcDbSpline
 70
0
 71
3
 72
8
 73
4
 74
0
 40
0.0
 40
0.0
 40
0.0
 40
0.0
 40
1.0
 40
1.0
 40
1.0
 40
1.0
 10
-0.504849177833028
 20
-10.086986384762895
 30
0.0
 10
-0.5521777538689778
 20
-10.050304103113831
 30
0.0
 10
-0.5530210247114882
 20
-10.045434213998305
 30
0.0
 10
-0.5220308212491962
 20
-9.987016626383138
 30
0.0
  0
SPLINE
  5
2D5
330
17
100
AcDbEntity
  8
0
100
AcDbSpline
 70
0
 71
3
 72
8
 73
4
 74
0
 40
0.0
 40
0.0
 40
0.0
 40
0.0
 40
1.0
 40
1.0
 40
1.0
 40
1.0
 10
-0.36956745292314386
 20
-10.113380762133602
 30
0.0
 10
-0.43380360935144635
 20
-10.122509169003706
 30
0.0
 10
-0.4674711977387114
 20
-10.115931656432167
 30
0.0
 10
-0.504849177833028
 20
-10.086986384762895
 30
0.0
  0
SPLINE
  5
2D6
330
17
100
AcDbEntity
  8
0
100
AcDbSpline
 70
0
 71
3
 72
8
 73
4
 74
0
 40
0.0
 40
0.0
 40
0.0
 40
0.0
 40
1.0
 40
1.0
 40
1.0
 40
1.0
 10
-0.25713836784531896
 20
-10.133619262353932
 30
0.0
 10
-0.27680766024689607
 20
-10.1099233516793
 30
0.0
 10
-0.3069967564088021
 20
-10.10450533651624
 30
0.0
 10
-0.36956745292314386
 20
-10.113380762133602
 30
0.0
  0
SPLINE
  5
2D7
330
17
100
AcDbEntity
  8
0
100
AcDbSpline
 70
0
 71
3
 72
8
 73
4
 74
0
 40
0.0
 40
0.0
 40
0.0
 40
0.0
 40
1.0
 40
1.0
 40
1.0
 40
1.0
 10
-0.4827133182171046
 20
-10.347261930304057
 30
0.0
 10
-0.3214799331289333
 20
-10.337648642699378
 30
0.0
 10
-0.19064646191329881
 20
-10.213751074163383
 30
0.0
 10
-0.25713836784531896
 20
-10.133619262353932
 30
0.0
  0
SPLINE
  5
2D8
330
17
100
AcDbEntity
  8
0
100
AcDbSpline
 70
0
 71
3
 72
8
 73
4
 74
0
 40
0.0
 40
0.0
 40
0.0
 40
0.0
 40
1.0
 40
1.0
 40
1.0
 40
1.0
 10
-0.6711843515183924
 20
-10.466626918061593
 30
0.0
 10
-0.7320895881187748
 20
-10.391343913596302
 30
0.0
 10
-0.6811560292310892
 20
-10.359088803870236
 30
0.0
 10
-0.4827133182171046
 20
-10.347261930304057
 30
0.0
  0
SPLINE
  5
2D9
330
17
100
AcDbEntity
  8
0
100
AcDbSpline
 70
0
 71
3
 72
8
 73
4
 74
0
 40
0.0
 40
0.0
 40
0.0
 40
0.0
 40
1.0
 40
1.0
 40
1.0
 40
1.0
 10
-0.5022772017633677
 20
-10.544566225680683
 30
0.0
 10
-0.5455369959842011
 20
-10.567714010307554
 30
0.0
 10
-0.615507394141579
 20
-10.53541673703944
 30
0.0
 10
-0.6711843515183924
 20
-10.466626918061593
 30
0.0
  0
SPLINE
  5
2DA
330
17
100
AcDbEntity
  8
0
100
AcDbSpline
 70
0
 71
3
 72
8
 73
4
 74
0
 40
0.0
 40
0.0
 40
0.0
 40
0.0
 40
1.0
 40
1.0
 40
1.0
 40
1.0
 10
-0.43814645419038056
 20
-10.545493823607558
 30
0.0
 10
-0.4542950908244725
 20
-10.529345186973387
 30
0.0
 10
-0.4733319300941661
 20
-10.529071123949507
 30
0.0
 10
-0.5022772017633677
 20
-10.544566225680683
 30
0.0
  0
SPLINE
  5
2DB
330
17
100
AcDbEntity
  8
0
100
AcDbSpline
 70
0
 71
3
 72
8
 73
4
 74
0
 40
0.0
 40
0.0
 40
0.0
 40
0.0
 40
1.0
 40
1.0
 40
1.0
 40
1.0
 10
-0.585508033919238
 20
-10.66523828324398
 30
0.0
 10
-0.46167371069644636
 20
-10.616771291570785
 30
0.0
 10
-0.4093698366896805
 20
-10.574270441108183
 30
0.0
 10
-0.43814645419038056
 20
-10.545493823607558
 30
0.0
  0
SPLINE
  5
2DC
330
17
100
AcDbEntity
  8
0
100
AcDbSpline
 70
0
 71
3
 72
8
 73
4
 74
0
 40
0.0
 40
0.0
 40
0.0
 40
0.0
 40
1.0
 40
1.0
 40
1.0
 40
1.0
 10
-0.6617397180822655
 20
-10.800056209190643
 30
0.0
 10
-0.7063487456511157
 20
-10.736368178809926
 30
0.0
 10
-0.6890406116085694
 20
-10.705778528997826
 30
0.0
 10
-0.585508033919238
 20
-10.66523828324398
 30
0.0
  0
SPLINE
  5
2DD
330
17
100
AcDbEntity
  8
0
100
AcDbSpline
 70
0
 71
3
 72
8
 73
4
 74
0
 40
0.0
 40
0.0
 40
0.0
 40
0.0
 40
1.0
 40
1.0
 40
1.0
 40
1.0
 10
-0.4076622132335941
 20
-10.809838150963742
 30
0.0
 10
-0.5991901033389846
 20
-10.849324308164341
 30
0.0
 10
-0.6280088843818108
 20
-10.848228056069047
 30
0.0
 10
-0.6617397180822655
 20
-10.800056209190643
 30
0.0
  0
SPLINE
  5
2DE
330
17
100
AcDbEntity
  8
0
100
AcDbSpline
 70
0
 71
3
 72
8
 73
4
 74
0
 40
0.0
 40
0.0
 40
0.0
 40
0.0
 40
1.0
 40
1.0
 40
1.0
 40
1.0
 10
-0.3391464572795466
 20
-10.828200373559412
 30
0.0
 10
-0.3391464572795466
 20
-10.802712512344442
 30
0.0
 10
-0.3538826152524335
 20
-10.798749139384654
 30
0.0
 10
-0.4076622132335941
 20
-10.809838150963742
 30
0.0
  0
SPLINE
  5
2DF
330
17
100
AcDbEntity
  8
0
100
AcDbSpline
 70
0
 71
3
 72
8
 73
4
 74
0
 40
0.0
 40
0.0
 40
0.0
 40
0.0
 40
1.0
 40
1.0
 40
1.0
 40
1.0
 10
-0.6961873319988525
 20
-10.969005522487805
 30
0.0
 10
-0.4350685156152134
 20
-10.940734867492438
 30
0.0
 10
-0.3391464572795466
 20
-10.902893088434894
 30
0.0
 10
-0.3391464572795466
 20
-10.828200373559412
 30
0.0
  0
SPLINE
  5
2E0
330
17
100
AcDbEntity
  8
0
100
AcDbSpline
 70
0
 71
3
 72
8
 73
4
 74
0
 40
0.0
 40
0.0
 40
0.0
 40
0.0
 40
1.0
 40
1.0
 40
1.0
 40
1.0
 10
-0.9167237390866343
 20
-11.106564078672363
 30
0.0
 10
-0.9820139840680766
 20
-11.006889465087625
 30
0.0
 10
-0.968584895901083
 20
-10.99849892020461
 30
0.0
 10
-0.6961873319988525
 20
-10.969005522487805
 30
0.0
  0
SPLINE
  5
2E1
330
17
100
AcDbEntity
  8
0
100
AcDbSpline
 70
0
 71
3
 72
8
 73
4
 74
0
 40
0.0
 40
0.0
 40
0.0
 40
0.0
 40
1.0
 40
1.0
 40
1.0
 40
1.0
 10
-0.5141040753295889
 20
-11.22795291645184
 30
0.0
 10
-0.6134413805774277
 20
-11.293053425493781
 30
0.0
 10
-0.8391006580334639
 20
-11.225001468503024
 30
0.0
 10
-0.9167237390866343
 20
-11.106564078672363
 30
0.0
  0
SPLINE
  5
2E2
330
17
100
AcDbEntity
  8
0
100
AcDbSpline
 70
0
 71
3
 72
8
 73
4
 74
0
 40
0.0
 40
0.0
 40
0.0
 40
0.0
 40
1.0
 40
1.0
 40
1.0
 40
1.0
 10
-0.4418357641263668
 20
-11.216421187680453
 30
0.0
 10
-0.4566351674124407
 20
-11.201621784394547
 30
0.0
 10
-0.479487807244499
 20
-11.205290012559317
 30
0.0
 10
-0.5141040753295889
 20
-11.22795291645184
 30
0.0
  0
SPLINE
  5
2E3
330
17
100
AcDbEntity
  8
0
100
AcDbSpline
 70
0
 71
3
 72
8
 73
4
 74
0
 40
0.0
 40
0.0
 40
0.0
 40
0.0
 40
1.0
 40
1.0
 40
1.0
 40
1.0
 10
-0.6089720451121168
 20
-11.39475188910069
 30
0.0
 10
-0.5387908292441099
 20
-11.386656489012466
 30
0.0
 10
-0.4095174090871194
 20
-11.248739542719704
 30
0.0
 10
-0.4418357641263668
 20
-11.216421187680453
 30
0.0
  0
SPLINE
  5
2E4
330
17
100
AcDbEntity
  8
0
100
AcDbSpline
 70
0
 71
3
 72
8
 73
4
 74
0
 40
0.0
 40
0.0
 40
0.0
 40
0.0
 40
1.0
 40
1.0
 40
1.0
 40
1.0
 10
-0.6726389937217245
 20
-11.448721223021266
 30
0.0
 10
-0.667853431690471
 20
-11.415053634634205
 30
0.0
 10
-0.6494279637815987
 20
-11.399432042276658
 30
0.0
 10
-0.6089720451121168
 20
-11.39475188910069
 30
0.0
  0
SPLINE
  5
2E5
330
17
100
AcDbEntity
  8
0
100
AcDbSpline
 70
0
 71
3
 72
8
 73
4
 74
0
 40
0.0
 40
0.0
 40
0.0
 40
0.0
 40
1.0
 40
1.0
 40
1.0
 40
1.0
 10
-0.49588942513134393
 20
-11.53836091358039
 30
0.0
 10
-0.612492700879602
 20
-11.53836091358039
 30
0.0
 10
-0.6804814125570791
 20
-11.503892217892599
 30
0.0
 10
-0.6726389937217245
 20
-11.448721223021266
 30
0.0
  0
SPLINE
  5
2E6
330
17
100
AcDbEntity
  8
0
100
AcDbSpline
 70
0
 71
3
 72
8
 73
4
 74
0
 40
0.0
 40
0.0
 40
0.0
 40
0.0
 40
1.0
 40
1.0
 40
1.0
 40
1.0
 10
-0.42347354153068206
 20
-11.577256781191181
 30
0.0
 10
-0.42347354153068206
 20
-11.547004439716147
 30
0.0
 10
-0.43955893285158565
 20
-11.53836091358039
 30
0.0
 10
-0.49588942513134393
 20
-11.53836091358039
 30
0.0
  0
SPLINE
  5
2E7
330
17
100
AcDbEntity
  8
0
100
AcDbSpline
 70
0
 71
3
 72
8
 73
4
 74
0
 40
0.0
 40
0.0
 40
0.0
 40
0.0
 40
1.0
 40
1.0
 40
1.0
 40
1.0
 10
-0.46483597635586404
 20
-11.653593874209491
 30
0.0
 10
-0.44208874537912024
 20
-11.632996983881185
 30
0.0
 10
-0.42347354153068206
 20
-11.598654778819764
 30
0.0
 10
-0.42347354153068206
 20
-11.577256781191181
 30
0.0
  0
SPLINE
  5
2E8
330
17
100
AcDbEntity
  8
0
100
AcDbSpline
 70
0
 71
3
 72
8
 73
4
 74
0
 40
0.0
 40
0.0
 40
0.0
 40
0.0
 40
1.0
 40
1.0
 40
1.0
 40
1.0
 10
-0.6658928269816333
 20
-11.676067042162458
 30
0.0
 10
-0.5290299692420404
 20
-11.688905840739608
 30
0.0
 10
-0.5003165970545287
 20
-11.685680329767138
 30
0.0
 10
-0.46483597635586404
 20
-11.653593874209491
 30
0.0
  0
SPLINE
  5
2E9
330
17
100
AcDbEntity
  8
0
100
AcDbSpline
 70
0
 71
3
 72
8
 73
4
 74
0
 40
0.0
 40
0.0
 40
0.0
 40
0.0
 40
1.0
 40
1.0
 40
1.0
 40
1.0
 10
-0.8678772755341639
 20
-11.714899664460063
 30
0.0
 10
-0.8269786396723635
 20
-11.662912017019153
 30
0.0
 10
-0.820190309390147
 20
-11.661604947213391
 30
0.0
 10
-0.6658928269816333
 20
-11.676067042162458
 30
0.0
  0
SPLINE
  5
2EA
330
17
100
AcDbEntity
  8
0
100
AcDbSpline
 70
0
 71
3
 72
8
 73
4
 74
0
 40
0.0
 40
0.0
 40
0.0
 40
0.0
 40
1.0
 40
1.0
 40
1.0
 40
1.0
 10
-0.9883174336158485
 20
-11.781222916223669
 30
0.0
 10
-0.9399769325688845
 20
-11.773464824472512
 30
0.0
 10
-0.8940397534230797
 20
-11.7481666991971
 30
0.0
 10
-0.8678772755341639
 20
-11.714899664460063
 30
0.0
  0
SPLINE
  5
2EB
330
17
100
AcDbEntity
  8
0
100
AcDbSpline
 70
0
 71
3
 72
8
 73
4
 74
0
 40
0.0
 40
0.0
 40
0.0
 40
0.0
 40
1.0
 40
1.0
 40
1.0
 40
1.0
 10
-1.161335528728114
 20
-11.842570870016289
 30
0.0
 10
-1.161335528728114
 20
-11.81343586240746
 30
0.0
 10
-1.1384618071249948
 20
-11.805319380548326
 30
0.0
 10
-0.9883174336158485
 20
-11.781222916223669
 30
0.0
  0
SPLINE
  5
2EC
330
17
100
AcDbEntity
  8
0
100
AcDbSpline
 70
0
 71
3
 72
8
 73
4
 74
0
 40
0.0
 40
0.0
 40
0.0
 40
0.0
 40
1.0
 40
1.0
 40
1.0
 40
1.0
 10
-0.9712201172839308
 20
-11.98107810589886
 30
0.0
 10
-1.0369319976866276
 20
-11.98107810589886
 30
0.0
 10
-1.161335528728114
 20
-11.890447572099902
 30
0.0
 10
-1.161335528728114
 20
-11.842570870016289
 30
0.0
  0
SPLINE
  5
2ED
330
17
100
AcDbEntity
  8
0
100
AcDbSpline
 70
0
 71
3
 72
8
 73
4
 74
0
 40
0.0
 40
0.0
 40
0.0
 40
0.0
 40
1.0
 40
1.0
 40
1.0
 40
1.0
 10
-0.897813390443317
 20
-12.002159876961514
 30
0.0
 10
-0.9049811926046636
 20
-11.99056490287694
 30
0.0
 10
-0.938016327860046
 20
-11.98107810589886
 30
0.0
 10
-0.9712201172839308
 20
-11.98107810589886
 30
0.0
  0
SPLINE
  5
2EE
330
17
100
AcDbEntity
  8
0
100
AcDbSpline
 70
0
 71
3
 72
8
 73
4
 74
0
 40
0.0
 40
0.0
 40
0.0
 40
0.0
 40
1.0
 40
1.0
 40
1.0
 40
1.0
 10
-0.6823998537237927
 20
-11.977304468878629
 30
0.0
 10
-0.8021232315893423
 20
-12.026930957960303
 30
0.0
 10
-0.8771532548017884
 20
-12.035595565867197
 30
0.0
 10
-0.897813390443317
 20
-12.002159876961514
 30
0.0
  0
SPLINE
  5
2EF
330
17
100
AcDbEntity
  8
0
100
AcDbSpline
 70
0
 71
3
 72
8
 73
4
 74
0
 40
0.0
 40
0.0
 40
0.0
 40
0.0
 40
1.0
 40
1.0
 40
1.0
 40
1.0
 10
-0.5583547127903739
 20
-11.944585560189125
 30
0.0
 10
-0.5656279238070336
 20
-11.937312349172544
 30
0.0
 10
-0.621431371810222
 20
-11.952048507145264
 30
0.0
 10
-0.6823998537237927
 20
-11.977304468878629
 30
0.0
  0
SPLINE
  5
2F0
330
17
100
AcDbEntity
  8
0
100
AcDbSpline
 70
0
 71
3
 72
8
 73
4
 74
0
 40
0.0
 40
0.0
 40
0.0
 40
0.0
 40
1.0
 40
1.0
 40
1.0
 40
1.0
 10
-0.8265570042511081
 20
-12.235113447205322
 30
0.0
 10
-0.7587791102842583
 20
-12.207032528149739
 30
0.0
 10
-0.5365772432825171
 20
-11.966341947925912
 30
0.0
 10
-0.5583547127903739
 20
-11.944585560189125
 30
0.0
  0
SPLINE
  5
2F1
330
17
100
AcDbEntity
  8
0
100
AcDbSpline
 70
0
 71
3
 72
8
 73
4
 74
0
 40
0.0
 40
0.0
 40
0.0
 40
0.0
 40
1.0
 40
1.0
 40
1.0
 40
1.0
 10
-0.6717957228792115
 20
-12.406128774066701
 30
0.0
 10
-0.8165853265384113
 20
-12.449768040166646
 30
0.0
 10
-0.9606159864393495
 20
-12.29064283218463
 30
0.0
 10
-0.8265570042511081
 20
-12.235113447205322
 30
0.0
  0
SPLINE
  5
2F2
330
17
100
AcDbEntity
  8
0
100
AcDbSpline
 70
0
 71
3
 72
8
 73
4
 74
0
 40
0.0
 40
0.0
 40
0.0
 40
0.0
 40
1.0
 40
1.0
 40
1.0
 40
1.0
 10
-0.39731106364176716
 20
-12.35749312822486
 30
0.0
 10
-0.41246885703590985
 20
-12.34263047962554
 30
0.0
 10
-0.5306743473849376
 20
-12.363564678290913
 30
0.0
 10
-0.6717957228792115
 20
-12.406128774066701
 30
0.0
  0
SPLINE
  5
2F3
330
17
100
AcDbEntity
  8
0
100
AcDbSpline
 70
0
 71
3
 72
8
 73
4
 74
0
 40
0.0
 40
0.0
 40
0.0
 40
0.0
 40
1.0
 40
1.0
 40
1.0
 40
1.0
 10
-0.4014220089990106
 20
-12.551150277207398
 30
0.0
 10
-0.3905648969016773
 20
-12.453056796452302
 30
0.0
 10
-0.38873078281921414
 20
-12.365925836649922
 30
0.0
 10
-0.39731106364176716
 20
-12.35749312822486
 30
0.0
  0
SPLINE
  5
2F4
330
17
100
AcDbEntity
  8
0
100
AcDbSpline
 70
0
 71
3
 72
8
 73
4
 74
0
 40
0.0
 40
0.0
 40
0.0
 40
0.0
 40
1.0
 40
1.0
 40
1.0
 40
1.0
 10
-0.4439439412326456
 20
-12.979616192287494
 30
0.0
 10
-0.43140028745028847
 20
-12.842036554331798
 30
0.0
 10
-0.4122791210963439
 20
-12.649222676191584
 30
0.0
 10
-0.4014220089990106
 20
-12.551150277207398
 30
0.0
  0
SPLINE
  5
2F5
330
17
100
AcDbEntity
  8
0
100
AcDbSpline
 70
0
 71
3
 72
8
 73
4
 74
0
 40
0.0
 40
0.0
 40
0.0
 40
0.0
 40
1.0
 40
1.0
 40
1.0
 40
1.0
 10
-0.5376524136067196
 20
-13.309229682854266
 30
0.0
 10
-0.48806808806705204
 20
-13.309229682854266
 30
0.0
 10
-0.467344707112336
 20
-13.236307836747983
 30
0.0
 10
-0.4439439412326456
 20
-12.979616192287494
 30
0.0
  0
SPLINE
  5
2F6
330
17
100
AcDbEntity
  8
0
100
AcDbSpline
 70
0
 71
3
 72
8
 73
4
 74
0
 40
0.0
 40
0.0
 40
0.0
 40
0.0
 40
1.0
 40
1.0
 40
1.0
 40
1.0
 10
-1.248909205722919
 20
-13.000613636266053
 30
0.0
 10
-1.2063451099471578
 20
-13.039108950226819
 30
0.0
 10
-0.5838425740052786
 20
-13.309229682854266
 30
0.0
 10
-0.5376524136067196
 20
-13.309229682854266
 30
0.0
  0
SPLINE
  5
2F7
330
17
100
AcDbEntity
  8
0
100
AcDbSpline
 70
0
 71
3
 72
8
 73
4
 74
0
 40
0.0
 40
0.0
 40
0.0
 40
0.0
 40
1.0
 40
1.0
 40
1.0
 40
1.0
 10
-1.308697108456974
 20
-12.888374287127817
 30
0.0
 10
-1.2973129520830695
 20
-12.930643238108587
 30
0.0
 10
-1.270412612206958
 20
-12.981155161575089
 30
0.0
 10
-1.248909205722919
 20
-13.000613636266053
 30
0.0
  0
SPLINE
  5
2F8
330
17
100
AcDbEntity
  8
0
100
AcDbSpline
 70
0
 71
3
 72
8
 73
4
 74
0
 40
0.0
 40
0.0
 40
0.0
 40
0.0
 40
1.0
 40
1.0
 40
1.0
 40
1.0
 10
-1.3347120139484483
 20
-10.262913764281848
 30
0.0
 10
-1.3550559230240355
 20
-10.768623288535991
 30
0.0
 10
-1.33502824051439
 20
-12.79059703293865
 30
0.0
 10
-1.308697108456974
 20
-12.888374287127817
 30
0.0
  0
LINE
  5
2F9
330
17
100
AcDbEntity
  8
0
100
AcDbLine
 10
-1.3194488116989929
 20
-9.883441885151797
 30
0.0
 11
-1.3347120139484483
 21
-10.262913764281848
 31
0.0
  0
LINE
  5
2FA
330
17
100
AcDbEntity
  8
0
100
AcDbLine
 10
-1.1792128705893563
 20
-9.883441885151797
 30
0.0
 11
-1.3194488116989929
 21
-9.883441885151797
 31
0.0
  0
SPLINE
  5
2FB
330
17
100
AcDbEntity
  8
0
100
AcDbSpline
 70
0
 71
3
 72
8
 73
4
 74
0
 40
0.0
 40
0.0
 40
0.0
 40
0.0
 40
1.0
 40
1.0
 40
1.0
 40
1.0
 10
-0.9525838316644304
 20
-9.80354197282395
 30
0.0
 10
-1.0345497575565323
 20
-9.879352021565637
 30
0.0
 10
-1.0461447316410637
 20
-9.883441885151797
 30
0.0
 10
-1.1792128705893563
 20
-9.883441885151797
 30
0.0
  0
SPLINE
  5
2FC
330
17
100
AcDbEntity
  8
0
100
AcDbSpline
 70
0
 71
3
 72
8
 73
4
 74
0
 40
0.0
 40
0.0
 40
0.0
 40
0.0
 40
1.0
 40
1.0
 40
1.0
 40
1.0
 10
-0.8661907338491424
 20
-9.703108415480756
 30
0.0
 10
-0.8661907338491424
 20
-9.714387162999401
 30
0.0
 10
-0.9050655196889146
 20
-9.75958648015785
 30
0.0
 10
-0.9525838316644304
 20
-9.80354197282395
 30
0.0
  0
SPLINE
  5
2FD
330
17
100
AcDbEntity
  8
0
100
AcDbSpline
 70
0
 71
3
 72
8
 73
4
 74
0
 40
0.0
 40
0.0
 40
0.0
 40
0.0
 40
1.0
 40
1.0
 40
1.0
 40
1.0
 10
-1.108631101071155
 20
-9.432144412010757
 30
0.0
 10
-0.9763008241100621
 20
-9.524271751555034
 30
0.0
 10
-0.8661907338491424
 20
-9.647326049248704
 30
0.0
 10
-0.8661907338491424
 20
-9.703108415480756
 30
0.0
  0
SPLINE
  5
2FE
330
17
100
AcDbEntity
  8
0
100
AcDbSpline
 70
0
 71
3
 72
8
 73
4
 74
0
 40
0.0
 40
0.0
 40
0.0
 40
0.0
 40
1.0
 40
1.0
 40
1.0
 40
1.0
 10
-1.3426809234101809
 20
-8.541840138258294
 30
0.0
 10
-1.3402143561958355
 20
-9.339721927671462
 30
0.0
 10
-1.3623502158117589
 20
-9.255500252275624
 30
0.0
 10
-1.108631101071155
 20
-9.432144412010757
 30
0.0
  0
SPLINE
  5
2FF
330
17
100
AcDbEntity
  8
0
100
AcDbSpline
 70
0
 71
3
 72
8
 73
4
 74
0
 40
0.0
 40
0.0
 40
0.0
 40
0.0
 40
1.0
 40
1.0
 40
1.0
 40
1.0
 10
-1.3267641862577784
 20
-7.8365073238107925
 30
0.0
 10
-1.3366937004283495
 20
-7.842642119190032
 30
0.0
 10
-1.3438404208186339
 20
-8.160049264311283
 30
0.0
 10
-1.3426809234101809
 20
-8.541840138258294
 30
0.0
  0
SPLINE
  5
300
330
17
100
AcDbEntity
  8
0
100
AcDbSpline
 70
0
 71
3
 72
8
 73
4
 74
0
 40
0.0
 40
0.0
 40
0.0
 40
0.0
 40
1.0
 40
1.0
 40
1.0
 40
1.0
 10
-1.0913229670286086
 20
-8.034170009295394
 30
0.0
 10
-1.210877690725657
 20
-7.919316520545408
 30
0.0
 10
-1.3168346720872077
 20
-7.830372528431553
 30
0.0
 10
-1.3267641862577784
 20
-7.8365073238107925
 30
0.0
  0
SPLINE
  5
301
330
17
100
AcDbEntity
  8
0
100
AcDbSpline
 70
0
 71
3
 72
8
 73
4
 74
0
 40
0.0
 40
0.0
 40
0.0
 40
0.0
 40
1.0
 40
1.0
 40
1.0
 40
1.0
 10
-0.7714492546929907
 20
-8.277917446323272
 30
0.0
 10
-0.8493463987699776
 20
-8.251375496555283
 30
0.0
 10
-0.9261472907516985
 20
-8.19285250008511
 30
0.0
 10
-1.0913229670286086
 20
-8.034170009295394
 30
0.0
  0
SPLINE
  5
302
330
17
100
AcDbEntity
  8
0
100
AcDbSpline
 70
0
 71
3
 72
8
 73
4
 74
0
 40
0.0
 40
0.0
 40
0.0
 40
0.0
 40
1.0
 40
1.0
 40
1.0
 40
1.0
 10
-0.5671668930946154
 20
-8.255064806491191
 30
0.0
 10
-0.5751990478695372
 20
-8.324634650998405
 30
0.0
 10
-0.6197448301251991
 20
-8.329609948969392
 30
0.0
 10
-0.7714492546929907
 20
-8.277917446323272
 30
0.0
  0
SPLINE
  5
303
330
17
100
AcDbEntity
  8
0
100
AcDbSpline
 70
0
 71
3
 72
8
 73
4
 74
0
 40
0.0
 40
0.0
 40
0.0
 40
0.0
 40
1.0
 40
1.0
 40
1.0
 40
1.0
 10
-0.4073881502097785
 20
-8.238262634954253
 30
0.0
 10
-0.5075476445290641
 20
-8.171981546732923
 30
0.0
 10
-0.5582071403929336
 20
-8.177294153040748
 30
0.0
 10
-0.5671668930946154
 20
-8.255064806491191
 30
0.0
  0
SPLINE
  5
304
330
17
100
AcDbEntity
  8
0
100
AcDbSpline
 70
0
 71
3
 72
8
 73
4
 74
0
 40
0.0
 40
0.0
 40
0.0
 40
0.0
 40
1.0
 40
1.0
 40
1.0
 40
1.0
 10
-0.15004297084637663
 20
-8.366545211871198
 30
0.0
 10
-0.24634450106117267
 20
-8.325920639033257
 30
0.0
 10
-0.36214666950904384
 20
-8.268198749863359
 30
0.0
 10
-0.4073881502097785
 20
-8.238262634954253
 30
0.0
  0
SPLINE
  5
305
330
17
100
AcDbEntity
  8
0
100
AcDbSpline
 70
0
 71
3
 72
8
 73
4
 74
0
 40
0.0
 40
0.0
 40
0.0
 40
0.0
 40
1.0
 40
1.0
 40
1.0
 40
1.0
 10
0.0748573628514011
 20
-8.407760074298949
 30
0.0
 10
0.02828773057371059
 20
-8.438265397026953
 30
0.0
 10
0.013678063227201775
 20
-8.435588012102016
 30
0.0
 10
-0.15004297084637663
 20
-8.366545211871198
 30
0.0
  0
SPLINE
  5
306
330
17
100
AcDbEntity
  8
0
100
AcDbSpline
 70
0
 71
3
 72
8
 73
4
 74
0
 40
0.0
 40
0.0
 40
0.0
 40
0.0
 40
1.0
 40
1.0
 40
1.0
 40
1.0
 10
0.12480007849913566
 20
-8.317635503005704
 30
0.0
 10
0.12469466964382114
 20
-8.35469725653411
 30
0.0
 10
0.1069649001800208
 20
-8.386720466778343
 30
0.0
 10
0.0748573628514011
 20
-8.407760074298949
 30
0.0
  0
SPLINE
  5
307
330
17
100
AcDbEntity
  8
0
100
AcDbSpline
 70
0
 71
3
 72
8
 73
4
 74
0
 40
0.0
 40
0.0
 40
0.0
 40
0.0
 40
1.0
 40
1.0
 40
1.0
 40
1.0
 10
0.1671111930221434
 20
-8.196900200128994
 30
0.0
 10
0.14390016308201758
 20
-8.231685122382714
 30
0.0
 10
0.12486332381232401
 20
-8.286012846411495
 30
0.0
 10
0.12480007849913566
 20
-8.317635503005704
 30
0.0
  0
SPLINE
  5
308
330
17
100
AcDbEntity
  8
0
100
AcDbSpline
 70
0
 71
3
 72
8
 73
4
 74
0
 40
0.0
 40
0.0
 40
0.0
 40
0.0
 40
1.0
 40
1.0
 40
1.0
 40
1.0
 10
0.1962040370887852
 20
-8.044057359923954
 30
0.0
 10
0.20638653251210926
 20
-8.113795858599588
 30
0.0
 10
0.19993551056689718
 20
-8.14767426469757
 30
0.0
 10
0.1671111930221434
 20
-8.196900200128994
 30
0.0
  0
SPLINE
  5
309
330
17
100
AcDbEntity
  8
0
100
AcDbSpline
 70
0
 71
3
 72
8
 73
4
 74
0
 40
0.0
 40
0.0
 40
0.0
 40
0.0
 40
1.0
 40
1.0
 40
1.0
 40
1.0
 10
0.3380843563413203
 20
-7.987494968162537
 30
0.0
 10
0.19299960788724135
 20
-7.935528402492764
 30
0.0
 10
0.1810462436946434
 20
-7.9402928827528285
 30
0.0
 10
0.1962040370887852
 20
-8.044057359923954
 30
0.0
  0
SPLINE
  5
30A
330
17
100
AcDbEntity
  8
0
100
AcDbSpline
 70
0
 71
3
 72
8
 73
4
 74
0
 40
0.0
 40
0.0
 40
0.0
 40
0.0
 40
1.0
 40
1.0
 40
1.0
 40
1.0
 10
0.5851205496550191
 20
-7.9935032729154045
 30
0.0
 10
0.4510826492378399
 20
-8.016925120566157
 30
0.0
 10
0.41798426866926874
 20
-8.016124013265653
 30
0.0
 10
0.3380843563413203
 20
-7.987494968162537
 30
0.0
  0
SPLINE
  5
30B
330
17
100
AcDbEntity
  8
0
100
AcDbSpline
 70
0
 71
3
 72
8
 73
4
 74
0
 40
0.0
 40
0.0
 40
0.0
 40
0.0
 40
1.0
 40
1.0
 40
1.0
 40
1.0
 10
0.8414327222363447
 20
-7.77623454034233
 30
0.0
 10
0.8414327222363447
 20
-7.897201742700645
 30
0.0
 10
0.7648637297363141
 20
-7.9620914340318905
 30
0.0
 10
0.5851205496550191
 20
-7.9935032729154045
 30
0.0
  0
SPLINE
  5
30C
330
17
100
AcDbEntity
  8
0
100
AcDbSpline
 70
0
 71
3
 72
8
 73
4
 74
0
 40
0.0
 40
0.0
 40
0.0
 40
0.0
 40
1.0
 40
1.0
 40
1.0
 40
1.0
 10
0.7173032542186748
 20
-7.666229858936731
 30
0.0
 10
0.7972031665466242
 20
-7.650249876471207
 30
0.0
 10
0.8414327222363447
 20
-7.6894408888767884
 30
0.0
 10
0.8414327222363447
 20
-7.77623454034233
 30
0.0
  0
SPLINE
  5
30D
330
17
100
AcDbEntity
  8
0
100
AcDbSpline
 70
0
 71
3
 72
8
 73
4
 74
0
 40
0.0
 40
0.0
 40
0.0
 40
0.0
 40
1.0
 40
1.0
 40
1.0
 40
1.0
 10
0.5645236593266798
 20
-7.631950899188496
 30
0.0
 10
0.6258083678061919
 20
-7.662877857337662
 30
0.0
 10
0.6768262537781293
 20
-7.674325259024727
 30
0.0
 10
0.7173032542186748
 20
-7.666229858936731
 30
0.0
  0
SPLINE
  5
30E
330
17
100
AcDbEntity
  8
0
100
AcDbSpline
 70
0
 71
3
 72
8
 73
4
 74
0
 40
0.0
 40
0.0
 40
0.0
 40
0.0
 40
1.0
 40
1.0
 40
1.0
 40
1.0
 10
0.42778729221346445
 20
-7.459038212931546
 30
0.0
 10
0.4670626317034312
 20
-7.570139146432439
 30
0.0
 10
0.48369614907196734
 20
-7.5911787539532725
 30
0.0
 10
0.5645236593266798
 20
-7.631950899188496
 30
0.0
  0
LINE
  5
30F
330
17
100
AcDbEntity
  8
0
100
AcDbLine
 10
0.38307285578930017
 20
-7.332547586554938
 30
0.0
 11
0.42778729221346445
 21
-7.459038212931546
 31
0.0
  0
LINE
  5
310
330
17
100
AcDbEntity
  8
0
100
AcDbLine
 10
0.19656242719685135
 20
-7.326391709404561
 30
0.0
 11
0.38307285578930017
 21
-7.332547586554938
 31
0.0
  0
SPLINE
  5
311
330
17
100
AcDbEntity
  8
0
100
AcDbSpline
 70
0
 71
3
 72
8
 73
4
 74
0
 40
0.0
 40
0.0
 40
0.0
 40
0.0
 40
1.0
 40
1.0
 40
1.0
 40
1.0
 10
-0.06917329704953801
 20
-7.188790989677727
 30
0.0
 10
-0.05867457506027218
 20
-7.295738814279275
 30
0.0
 10
-0.012821722998716645
 20
-7.319476888495956
 30
0.0
 10
0.19656242719685135
 20
-7.326391709404561
 30
0.0
  0
SPLINE
  5
312
330
17
100
AcDbEntity
  8
0
100
AcDbSpline
 70
0
 71
3
 72
8
 73
4
 74
0
 40
0.0
 40
0.0
 40
0.0
 40
0.0
 40
1.0
 40
1.0
 40
1.0
 40
1.0
 10
-0.15653615633371398
 20
-7.092552704776153
 30
0.0
 10
-0.08953828789618701
 20
-7.1179562389068
 30
0.0
 10
-0.0745069851284228
 20
-7.134484347420084
 30
0.0
 10
-0.06917329704953801
 20
-7.188790989677727
 30
0.0
  0
SPLINE
  5
313
330
17
100
AcDbEntity
  8
0
100
AcDbSpline
 70
0
 71
3
 72
8
 73
4
 74
0
 40
0.0
 40
0.0
 40
0.0
 40
0.0
 40
1.0
 40
1.0
 40
1.0
 40
1.0
 10
-0.30912601528614303
 20
-7.087809306286999
 30
0.0
 10
-0.25045544641841655
 20
-7.066601044597974
 30
0.0
 10
-0.22275399924191763
 20
-7.067465397211436
 30
0.0
 10
-0.15653615633371398
 20
-7.092552704776153
 30
0.0
  0
SPLINE
  5
314
330
17
100
AcDbEntity
  8
0
100
AcDbSpline
 70
0
 71
3
 72
8
 73
4
 74
0
 40
0.0
 40
0.0
 40
0.0
 40
0.0
 40
1.0
 40
1.0
 40
1.0
 40
1.0
 10
-0.5391070558100517
 20
-6.980081456156313
 30
0.0
 10
-0.4825446640486022
 20
-7.085405984385943
 30
0.0
 10
-0.4040993939239841
 20
-7.12215151134842
 30
0.0
 10
-0.30912601528614303
 20
-7.087809306286999
 30
0.0
  0
SPLINE
  5
315
330
17
100
AcDbEntity
  8
0
100
AcDbSpline
 70
0
 71
3
 72
8
 73
4
 74
0
 40
0.0
 40
0.0
 40
0.0
 40
0.0
 40
1.0
 40
1.0
 40
1.0
 40
1.0
 10
-0.5549605476492654
 20
-6.833289084246189
 30
0.0
 10
-0.5775180426864432
 20
-6.893034823438029
 30
0.0
 10
-0.575430947351228
 20
-6.912472216357855
 30
0.0
 10
-0.5391070558100517
 20
-6.980081456156313
 30
0.0
  0
SPLINE
  5
316
330
17
100
AcDbEntity
  8
0
100
AcDbSpline
 70
0
 71
3
 72
8
 73
4
 74
0
 40
0.0
 40
0.0
 40
0.0
 40
0.0
 40
1.0
 40
1.0
 40
1.0
 40
1.0
 10
-0.5716783921020521
 20
-6.721724351781859
 30
0.0
 10
-0.5337522859601043
 20
-6.759650457923726
 30
0.0
 10
-0.5318760083355167
 20
-6.772109784621989
 30
0.0
 10
-0.5549605476492654
 20
-6.833289084246189
 30
0.0
  0
SPLINE
  5
317
330
17
100
AcDbEntity
  8
0
100
AcDbSpline
 70
0
 71
3
 72
8
 73
4
 74
0
 40
0.0
 40
0.0
 40
0.0
 40
0.0
 40
1.0
 40
1.0
 40
1.0
 40
1.0
 10
-0.780893888129119
 20
-6.678401312247843
 30
0.0
 10
-0.6422812433913156
 20
-6.678907274753328
 30
0.0
 10
-0.6072222581139055
 20
-6.6861594039989996
 30
0.0
 10
-0.5716783921020521
 20
-6.721724351781859
 30
0.0
  0
SPLINE
  5
318
330
17
100
AcDbEntity
  8
0
100
AcDbSpline
 70
0
 71
3
 72
8
 73
4
 74
0
 40
0.0
 40
0.0
 40
0.0
 40
0.0
 40
1.0
 40
1.0
 40
1.0
 40
1.0
 10
-1.0219850220031135
 20
-6.526464988198313
 30
0.0
 10
-1.043551673800342
 20
-6.641508212887857
 30
0.0
 10
-0.9861881747385071
 20
-6.677663450260525
 30
0.0
 10
-0.780893888129119
 20
-6.678401312247843
 30
0.0
  0
SPLINE
  5
319
330
17
100
AcDbEntity
  8
0
100
AcDbSpline
 70
0
 71
3
 72
8
 73
4
 74
0
 40
0.0
 40
0.0
 40
0.0
 40
0.0
 40
1.0
 40
1.0
 40
1.0
 40
1.0
 10
-1.0524903447309613
 20
-6.423965417291129
 30
0.0
 10
-1.0169043151769834
 20
-6.4488840706872
 30
0.0
 10
-1.0110857463636544
 20
-6.468426872462487
 30
0.0
 10
-1.0219850220031135
 20
-6.526464988198313
 30
0.0
  0
SPLINE
  5
31A
330
17
100
AcDbEntity
  8
0
100
AcDbSpline
 70
0
 71
3
 72
8
 73
4
 74
0
 40
0.0
 40
0.0
 40
0.0
 40
0.0
 40
1.0
 40
1.0
 40
1.0
 40
1.0
 10
-1.117211381893708
 20
-6.042490769910046
 30
0.0
 10
-1.1732888929207133
 20
-6.098568280937116
 30
0.0
 10
-1.1269300783536513
 20
-6.371830197452937
 30
0.0
 10
-1.0524903447309613
 20
-6.423965417291129
 30
0.0
  0
SPLINE
  5
31B
330
17
100
AcDbEntity
  8
0
100
AcDbSpline
 70
0
 71
3
 72
8
 73
4
 74
0
 40
0.0
 40
0.0
 40
0.0
 40
0.0
 40
1.0
 40
1.0
 40
1.0
 40
1.0
 10
-1.117211381893708
 20
-5.9764204993991825
 30
0.0
 10
-1.1005567827541096
 20
-6.0075582752590435
 30
0.0
 10
-1.1005567827541096
 20
-6.02583617077039
 30
0.0
 10
-1.117211381893708
 20
-6.042490769910046
 30
0.0
  0
SPLINE
  5
31C
330
17
100
AcDbEntity
  8
0
100
AcDbSpline
 70
0
 71
3
 72
8
 73
4
 74
0
 40
0.0
 40
0.0
 40
0.0
 40
0.0
 40
1.0
 40
1.0
 40
1.0
 40
1.0
 10
-1.124294856970804
 20
-5.804119184503179
 30
0.0
 10
-1.1484545666087542
 20
-5.804119184503179
 30
0.0
 10
-1.143394941553686
 20
-5.927510790533688
 30
0.0
 10
-1.117211381893708
 20
-5.9764204993991825
 30
0.0
  0
SPLINE
  5
31D
330
17
100
AcDbEntity
  8
0
100
AcDbSpline
 70
0
 71
3
 72
8
 73
4
 74
0
 40
0.0
 40
0.0
 40
0.0
 40
0.0
 40
1.0
 40
1.0
 40
1.0
 40
1.0
 10
-0.9744877917986612
 20
-5.920848950877826
 30
0.0
 10
-1.04808425457884
 20
-5.856654957991623
 30
0.0
 10
-1.1155037584376237
 20
-5.804119184503179
 30
0.0
 10
-1.124294856970804
 20
-5.804119184503179
 30
0.0
  0
SPLINE
  5
31E
330
17
100
AcDbEntity
  8
0
100
AcDbSpline
 70
0
 71
3
 72
8
 73
4
 74
0
 40
0.0
 40
0.0
 40
0.0
 40
0.0
 40
1.0
 40
1.0
 40
1.0
 40
1.0
 10
-0.5490154882095588
 20
-6.128293578135526
 30
0.0
 10
-0.659125578470479
 20
-6.145896856972968
 30
0.0
 10
-0.7890736153014783
 20
-6.082546134929316
 30
0.0
 10
-0.9744877917986612
 20
-5.920848950877826
 30
0.0
  0
SPLINE
  5
31F
330
17
100
AcDbEntity
  8
0
100
AcDbSpline
 70
0
 71
3
 72
8
 73
4
 74
0
 40
0.0
 40
0.0
 40
0.0
 40
0.0
 40
1.0
 40
1.0
 40
1.0
 40
1.0
 10
-0.405785935609007
 20
-6.169803585358068
 30
0.0
 10
-0.4554756700039877
 20
-6.122200946298335
 30
0.0
 10
-0.47516604417662833
 20
-6.116487786340485
 30
0.0
 10
-0.5490154882095588
 20
-6.128293578135526
 30
0.0
  0
SPLINE
  5
320
330
17
100
AcDbEntity
  8
0
100
AcDbSpline
 70
0
 71
3
 72
8
 73
4
 74
0
 40
0.0
 40
0.0
 40
0.0
 40
0.0
 40
1.0
 40
1.0
 40
1.0
 40
1.0
 10
-0.17856660709432326
 20
-6.207561037331516
 30
0.0
 10
-0.21946524295612324
 20
-6.265957543175546
 30
0.0
 10
-0.32346161960883535
 20
-6.248670490904033
 30
0.0
 10
-0.405785935609007
 20
-6.169803585358068
 30
0.0
  0
SPLINE
  5
321
330
17
100
AcDbEntity
  8
0
100
AcDbSpline
 70
0
 71
3
 72
8
 73
4
 74
0
 40
0.0
 40
0.0
 40
0.0
 40
0.0
 40
1.0
 40
1.0
 40
1.0
 40
1.0
 10
-0.0650834334633581
 20
-6.18359106363323
 30
0.0
 10
-0.0650834334633581
 20
-6.144758441335625
 30
0.0
 10
-0.14664880570526861
 20
-6.161982248293953
 30
0.0
 10
-0.17856660709432326
 20
-6.207561037331516
 30
0.0
  0
SPLINE
  5
322
330
17
100
AcDbEntity
  8
0
100
AcDbSpline
 70
0
 71
3
 72
8
 73
4
 74
0
 40
0.0
 40
0.0
 40
0.0
 40
0.0
 40
1.0
 40
1.0
 40
1.0
 40
1.0
 10
0.0792212894613975
 20
-6.288999918947184
 30
0.0
 10
0.020930192472800258
 20
-6.288999918947184
 30
0.0
 10
-0.0650834334633581
 20
-6.226155159409018
 30
0.0
 10
-0.0650834334633581
 20
-6.18359106363323
 30
0.0
  0
SPLINE
  5
323
330
17
100
AcDbEntity
  8
0
100
AcDbSpline
 70
0
 71
3
 72
8
 73
4
 74
0
 40
0.0
 40
0.0
 40
0.0
 40
0.0
 40
1.0
 40
1.0
 40
1.0
 40
1.0
 10
0.17537524727875375
 20
-6.249007799241099
 30
0.0
 10
0.1554740553954863
 20
-6.271017168230628
 30
0.0
 10
0.11221426117465505
 20
-6.288999918947184
 30
0.0
 10
0.0792212894613975
 20
-6.288999918947184
 30
0.0
  0
SPLINE
  5
324
330
17
100
AcDbEntity
  8
0
100
AcDbSpline
 70
0
 71
3
 72
8
 73
4
 74
0
 40
0.0
 40
0.0
 40
0.0
 40
0.0
 40
1.0
 40
1.0
 40
1.0
 40
1.0
 10
0.2942131907596668
 20
-6.220125772885012
 30
0.0
 10
0.23033542443943045
 20
-6.2115454920624416
 30
0.0
 10
0.20335075747906828
 20
-6.21810192286307
 30
0.0
 10
0.17537524727875375
 20
-6.249007799241099
 30
0.0
  0
SPLINE
  5
325
330
17
100
AcDbEntity
  8
0
100
AcDbSpline
 70
0
 71
3
 72
8
 73
4
 74
0
 40
0.0
 40
0.0
 40
0.0
 40
0.0
 40
1.0
 40
1.0
 40
1.0
 40
1.0
 10
0.3909996017089066
 20
-6.191581054865992
 30
0.0
 10
0.37940462762437566
 20
-6.22406806407389
 30
0.0
 10
0.3619910847265153
 20
-6.229212016213069
 30
0.0
 10
0.2942131907596668
 20
-6.220125772885012
 30
0.0
  0
SPLINE
  5
326
330
17
100
AcDbEntity
  8
0
100
AcDbSpline
 70
0
 71
3
 72
8
 73
4
 74
0
 40
0.0
 40
0.0
 40
0.0
 40
0.0
 40
1.0
 40
1.0
 40
1.0
 40
1.0
 10
0.5467938898628795
 20
-6.0781822083192765
 30
0.0
 10
0.46729453118512065
 20
-6.0781822083192765
 30
0.0
 10
0.41886970305390747
 20
-6.113409847765297
 30
0.0
 10
0.3909996017089066
 20
-6.191581054865992
 30
0.0
  0
SPLINE
  5
327
330
17
100
AcDbEntity
  8
0
100
AcDbSpline
 70
0
 71
3
 72
8
 73
4
 74
0
 40
0.0
 40
0.0
 40
0.0
 40
0.0
 40
1.0
 40
1.0
 40
1.0
 40
1.0
 10
0.7332621549132021
 20
-5.9920631735278675
 30
0.0
 10
0.650495121720712
 20
-6.057964789870084
 30
0.0
 10
0.606729364994373
 20
-6.0781822083192765
 30
0.0
 10
0.5467938898628795
 20
-6.0781822083192765
 30
0.0
  0
SPLINE
  5
328
330
17
100
AcDbEntity
  8
0
100
AcDbSpline
 70
0
 71
3
 72
8
 73
4
 74
0
 40
0.0
 40
0.0
 40
0.0
 40
0.0
 40
1.0
 40
1.0
 40
1.0
 40
1.0
 10
0.8414327222363447
 20
-5.878664326981152
 30
0.0
 10
0.8414327222363447
 20
-5.893674547977753
 30
0.0
 10
0.7927549128523772
 20
-5.94469243394974
 30
0.0
 10
0.7332621549132021
 20
-5.9920631735278675
 30
0.0
  0
SPLINE
  5
329
330
17
100
AcDbEntity
  8
0
100
AcDbSpline
 70
0
 71
3
 72
8
 73
4
 74
0
 40
0.0
 40
0.0
 40
0.0
 40
0.0
 40
1.0
 40
1.0
 40
1.0
 40
1.0
 10
0.5252061562945878
 20
-5.751014203196064
 30
0.0
 10
0.7881380049896274
 20
-5.824378766494419
 30
0.0
 10
0.8414327222363447
 20
-5.845903254749601
 30
0.0
 10
0.8414327222363447
 20
-5.878664326981152
 30
0.0
  0
SPLINE
  5
32A
330
17
100
AcDbEntity
  8
0
100
AcDbSpline
 70
0
 71
3
 72
8
 73
4
 74
0
 40
0.0
 40
0.0
 40
0.0
 40
0.0
 40
1.0
 40
1.0
 40
1.0
 40
1.0
 10
-0.21265583090284412
 20
-5.329294454856154
 30
0.0
 10
-0.21265583090284412
 20
-5.419608762088956
 30
0.0
 10
0.2164425373090566
 20
-5.66485300486238
 30
0.0
 10
0.5252061562945878
 20
-5.751014203196064
 30
0.0
  0
SPLINE
  5
32B
330
17
100
AcDbEntity
  8
0
100
AcDbSpline
 70
0
 71
3
 72
8
 73
4
 74
0
 40
0.0
 40
0.0
 40
0.0
 40
0.0
 40
1.0
 40
1.0
 40
1.0
 40
1.0
 10
0.04814675891485365
 20
-5.332962683020924
 30
0.0
 10
-0.2278768696101734
 20
-5.29075697735334
 30
0.0
 10
-0.21265583090284412
 20
-5.290967795063807
 30
0.0
 10
-0.21265583090284412
 20
-5.329294454856154
 30
0.0
  0
SPLINE
  5
32C
330
17
100
AcDbEntity
  8
0
100
AcDbSpline
 70
0
 71
3
 72
8
 73
4
 74
0
 40
0.0
 40
0.0
 40
0.0
 40
0.0
 40
1.0
 40
1.0
 40
1.0
 40
1.0
 10
0.3432915537938266
 20
-5.345316600863725
 30
0.0
 10
0.2932434292907784
 20
-5.362540407822053
 30
0.0
 10
0.22198704309856954
 20
-5.359567878102098
 30
0.0
 10
0.04814675891485365
 20
-5.332962683020924
 30
0.0
  0
SPLINE
  5
32D
330
17
100
AcDbEntity
  8
0
100
AcDbSpline
 70
0
 71
3
 72
8
 73
4
 74
0
 40
0.0
 40
0.0
 40
0.0
 40
0.0
 40
1.0
 40
1.0
 40
1.0
 40
1.0
 10
0.5247845208733324
 20
-5.307727803058924
 30
0.0
 10
0.46124406289010267
 20
-5.315907530231243
 30
0.0
 10
0.37957328179287764
 20
-5.332815110623642
 30
0.0
 10
0.3432915537938266
 20
-5.345316600863725
 30
0.0
  0
SPLINE
  5
32E
330
17
100
AcDbEntity
  8
0
100
AcDbSpline
 70
0
 71
3
 72
8
 73
4
 74
0
 40
0.0
 40
0.0
 40
0.0
 40
0.0
 40
1.0
 40
1.0
 40
1.0
 40
1.0
 10
0.7039795749069953
 20
-5.226035940190513
 30
0.0
 10
0.653551978524817
 20
-5.278972267329209
 30
0.0
 10
0.6163004890568775
 20
-5.295964174805704
 30
0.0
 10
0.5247845208733324
 20
-5.307727803058924
 30
0.0
  0
SPLINE
  5
32F
330
17
100
AcDbEntity
  8
0
100
AcDbSpline
 70
0
 71
3
 72
8
 73
4
 74
0
 40
0.0
 40
0.0
 40
0.0
 40
0.0
 40
1.0
 40
1.0
 40
1.0
 40
1.0
 10
0.8256213939392563
 20
-5.134266990754213
 30
0.0
 10
0.7937246743212665
 20
-5.14799122371619
 30
0.0
 10
0.7389963966422792
 20
-5.189269331457126
 30
0.0
 10
0.7039795749069953
 20
-5.226035940190513
 30
0.0
  0
SPLINE
  5
330
330
17
100
AcDbEntity
  8
0
100
AcDbSpline
 70
0
 71
3
 72
8
 73
4
 74
0
 40
0.0
 40
0.0
 40
0.0
 40
0.0
 40
1.0
 40
1.0
 40
1.0
 40
1.0
 10
0.8375958399029182
 20
-5.000966952324234
 30
0.0
 10
0.9023590406077888
 20
-5.035604302180445
 30
0.0
 10
0.8962242452285203
 20
-5.103888158652808
 30
0.0
 10
0.8256213939392563
 20
-5.134266990754213
 30
0.0
  0
SPLINE
  5
331
330
17
100
AcDbEntity
  8
0
100
AcDbSpline
 70
0
 71
3
 72
8
 73
4
 74
0
 40
0.0
 40
0.0
 40
0.0
 40
0.0
 40
1.0
 40
1.0
 40
1.0
 40
1.0
 10
0.6771846438861964
 20
-4.949738248641779
 30
0.0
 10
0.7401137305086056
 20
-4.964368997759266
 30
0.0
 10
0.8122977146275776
 20
-4.9874324553020415
 30
0.0
 10
0.8375958399029182
 20
-5.000966952324234
 30
0.0
  0
SPLINE
  5
332
330
17
100
AcDbEntity
  8
0
100
AcDbSpline
 70
0
 71
3
 72
8
 73
4
 74
0
 40
0.0
 40
0.0
 40
0.0
 40
0.0
 40
1.0
 40
1.0
 40
1.0
 40
1.0
 10
0.4499020700583243
 20
-4.9552405908891615
 30
0.0
 10
0.54506518463573
 20
-4.92817159684455
 30
0.0
 10
0.5806933777318353
 20
-4.927328326001998
 30
0.0
 10
0.6771846438861964
 20
-4.949738248641779
 30
0.0
  0
LINE
  5
333
330
17
100
AcDbEntity
  8
0
100
AcDbLine
 10
0.33707243133030573
 20
-4.987348128217718
 30
0.0
 11
0.4499020700583243
 21
-4.9552405908891615
 31
0.0
  0
LINE
  5
334
330
17
100
AcDbEntity
  8
0
100
AcDbLine
 10
0.23427771562817146
 20
-4.921404348333226
 30
0.0
 11
0.33707243133030573
 21
-4.987348128217718
 31
0.0
  0
SPLINE
  5
335
330
17
100
AcDbEntity
  8
0
100
AcDbSpline
 70
0
 71
3
 72
8
 73
4
 74
0
 40
0.0
 40
0.0
 40
0.0
 40
0.0
 40
1.0
 40
1.0
 40
1.0
 40
1.0
 10
-0.022919891337790155
 20
-4.887062143272033
 30
0.0
 10
0.057970864230110664
 20
-4.840829819331248
 30
0.0
 10
0.12205944826097426
 20
-4.84936793661177
 30
0.0
 10
0.23427771562817146
 20
-4.921404348333226
 30
0.0
  0
SPLINE
  5
336
330
17
100
AcDbEntity
  8
0
100
AcDbSpline
 70
0
 71
3
 72
8
 73
4
 74
0
 40
0.0
 40
0.0
 40
0.0
 40
0.0
 40
1.0
 40
1.0
 40
1.0
 40
1.0
 10
-0.24562772084503948
 20
-4.875024451995159
 30
0.0
 10
-0.19937431513329074
 20
-4.92612666505147
 30
0.0
 10
-0.1006062177041489
 20
-4.931481434901343
 30
0.0
 10
-0.022919891337790155
 20
-4.887062143272033
 30
0.0
  0
SPLINE
  5
337
330
17
100
AcDbEntity
  8
0
100
AcDbSpline
 70
0
 71
3
 72
8
 73
4
 74
0
 40
0.0
 40
0.0
 40
0.0
 40
0.0
 40
1.0
 40
1.0
 40
1.0
 40
1.0
 10
-0.34026379114587524
 20
-4.701099840727238
 30
0.0
 10
-0.30994820435759207
 20
-4.77275678056958
 30
0.0
 10
-0.2673630268107692
 20
-4.851012314754598
 30
0.0
 10
-0.24562772084503948
 20
-4.875024451995159
 30
0.0
  0
SPLINE
  5
338
330
17
100
AcDbEntity
  8
0
100
AcDbSpline
 70
0
 71
3
 72
8
 73
4
 74
0
 40
0.0
 40
0.0
 40
0.0
 40
0.0
 40
1.0
 40
1.0
 40
1.0
 40
1.0
 10
-0.472067023830399
 20
-4.551461429723531
 30
0.0
 10
-0.40382533090016715
 20
-4.568706318452996
 30
0.0
 10
-0.3893210724089724
 20
-4.585171181652868
 30
0.0
 10
-0.34026379114587524
 20
-4.701099840727238
 30
0.0
  0
SPLINE
  5
339
330
17
100
AcDbEntity
  8
0
100
AcDbSpline
 70
0
 71
3
 72
8
 73
4
 74
0
 40
0.0
 40
0.0
 40
0.0
 40
0.0
 40
1.0
 40
1.0
 40
1.0
 40
1.0
 10
-0.632604710473498
 20
-4.559746565751311
 30
0.0
 10
-0.5739130598347075
 20
-4.540372418144443
 30
0.0
 10
-0.5257622947273086
 20
-4.537884769159064
 30
0.0
 10
-0.472067023830399
 20
-4.551461429723531
 30
0.0
  0
SPLINE
  5
33A
330
17
100
AcDbEntity
  8
0
100
AcDbSpline
 70
0
 71
3
 72
8
 73
4
 74
0
 40
0.0
 40
0.0
 40
0.0
 40
0.0
 40
1.0
 40
1.0
 40
1.0
 40
1.0
 10
-1.013763131288628
 20
-4.416242950126843
 30
0.0
 10
-1.013763131288628
 20
-4.536999334774464
 30
0.0
 10
-0.8035357102505487
 20
-4.616140303344309
 30
0.0
 10
-0.632604710473498
 20
-4.559746565751311
 30
0.0
  0
SPLINE
  5
33B
330
17
100
AcDbEntity
  8
0
100
AcDbSpline
 70
0
 71
3
 72
8
 73
4
 74
0
 40
0.0
 40
0.0
 40
0.0
 40
0.0
 40
1.0
 40
1.0
 40
1.0
 40
1.0
 10
-1.0559266734141959
 20
-4.3438270665262735
 30
0.0
 10
-1.0327367252451327
 20
-4.363686094867262
 30
0.0
 10
-1.013763131288628
 20
-4.396257431159256
 30
0.0
 10
-1.013763131288628
 20
-4.416242950126843
 30
0.0
  0
SPLINE
  5
33C
330
17
100
AcDbEntity
  8
0
100
AcDbSpline
 70
0
 71
3
 72
8
 73
4
 74
0
 40
0.0
 40
0.0
 40
0.0
 40
0.0
 40
1.0
 40
1.0
 40
1.0
 40
1.0
 10
-1.0980902155397634
 20
-4.235361354408269
 30
0.0
 10
-1.0980902155397634
 20
-4.281635841891102
 30
0.0
 10
-1.0828902586034959
 20
-4.32074252721236
 30
0.0
 10
-1.0559266734141959
 20
-4.3438270665262735
 30
0.0
  0
SPLINE
  5
33D
330
17
100
AcDbEntity
  8
0
100
AcDbSpline
 70
0
 71
3
 72
8
 73
4
 74
0
 40
0.0
 40
0.0
 40
0.0
 40
0.0
 40
1.0
 40
1.0
 40
1.0
 40
1.0
 10
-1.163928586568837
 20
-4.097149263320489
 30
0.0
 10
-1.1157778214614393
 20
-4.145300028427982
 30
0.0
 10
-1.0980902155397634
 20
-4.1824250272695735
 30
0.0
 10
-1.0980902155397634
 20
-4.235361354408269
 30
0.0
  0
SPLINE
  5
33E
330
17
100
AcDbEntity
  8
0
100
AcDbSpline
 70
0
 71
3
 72
8
 73
4
 74
0
 40
0.0
 40
0.0
 40
0.0
 40
0.0
 40
1.0
 40
1.0
 40
1.0
 40
1.0
 10
-1.2152626991067157
 20
-3.9219808275599917
 30
0.0
 10
-1.2289236867554
 20
-4.025070688056985
 30
0.0
 10
-1.2259933205776723
 20
-4.035084529311689
 30
0.0
 10
-1.163928586568837
 20
-4.097149263320489
 30
0.0
  0
SPLINE
  5
33F
330
17
100
AcDbEntity
  8
0
100
AcDbSpline
 70
0
 71
3
 72
8
 73
4
 74
0
 40
0.0
 40
0.0
 40
0.0
 40
0.0
 40
1.0
 40
1.0
 40
1.0
 40
1.0
 10
-1.1907024358185723
 20
-3.8026158398024563
 30
0.0
 10
-1.1962258598370208
 20
-3.8081392638209763
 30
0.0
 10
-1.20727270787392
 20
-3.8618556164888105
 30
0.0
 10
-1.2152626991067157
 20
-3.9219808275599917
 30
0.0
  0
SPLINE
  5
340
330
17
100
AcDbEntity
  8
0
100
AcDbSpline
 70
0
 71
3
 72
8
 73
4
 74
0
 40
0.0
 40
0.0
 40
0.0
 40
0.0
 40
1.0
 40
1.0
 40
1.0
 40
1.0
 10
-1.0603327635663171
 20
-3.857238708626028
 30
0.0
 10
-1.126508442932396
 20
-3.8216737608431686
 30
0.0
 10
-1.1851790118001229
 20
-3.7970924157839363
 30
0.0
 10
-1.1907024358185723
 20
-3.8026158398024563
 30
0.0
  0
SPLINE
  5
341
330
17
100
AcDbEntity
  8
0
100
AcDbSpline
 70
0
 71
3
 72
8
 73
4
 74
0
 40
0.0
 40
0.0
 40
0.0
 40
0.0
 40
1.0
 40
1.0
 40
1.0
 40
1.0
 10
-0.6716270687107104
 20
-3.9431047621649213
 30
0.0
 10
-0.7565444425516028
 20
-3.9826541646787064
 30
0.0
 10
-0.8759937573933354
 20
-3.956280869079137
 30
0.0
 10
-1.0603327635663171
 20
-3.857238708626028
 30
0.0
  0
SPLINE
  5
342
330
17
100
AcDbEntity
  8
0
100
AcDbSpline
 70
0
 71
3
 72
8
 73
4
 74
0
 40
0.0
 40
0.0
 40
0.0
 40
0.0
 40
1.0
 40
1.0
 40
1.0
 40
1.0
 10
-0.4907876365341499
 20
-3.922191645270459
 30
0.0
 10
-0.5673777108052449
 20
-3.9145178806036256
 30
0.0
 10
-0.6244249833011373
 20
-3.9210953931751646
 30
0.0
 10
-0.6716270687107104
 20
-3.9431047621649213
 30
0.0
  0
SPLINE
  5
343
330
17
100
AcDbEntity
  8
0
100
AcDbSpline
 70
0
 71
3
 72
8
 73
4
 74
0
 40
0.0
 40
0.0
 40
0.0
 40
0.0
 40
1.0
 40
1.0
 40
1.0
 40
1.0
 10
-0.3204047628047322
 20
-3.8773928817620344
 30
0.0
 10
-0.37287729098000133
 20
-3.9276518239757934
 30
0.0
 10
-0.3904594880463632
 20
-3.932268731838576
 30
0.0
 10
-0.4907876365341499
 20
-3.922191645270459
 30
0.0
  0
SPLINE
  5
344
330
17
100
AcDbEntity
  8
0
100
AcDbSpline
 70
0
 71
3
 72
8
 73
4
 74
0
 40
0.0
 40
0.0
 40
0.0
 40
0.0
 40
1.0
 40
1.0
 40
1.0
 40
1.0
 10
-0.21092712567569638
 20
-3.86113883627263
 30
0.0
 10
-0.26152337622637667
 20
-3.8216315973011206
 30
0.0
 10
-0.2623244835267631
 20
-3.8217370061563543
 30
0.0
 10
-0.3204047628047322
 20
-3.8773928817620344
 30
0.0
  0
SPLINE
  5
345
330
17
100
AcDbEntity
  8
0
100
AcDbSpline
 70
0
 71
3
 72
8
 73
4
 74
0
 40
0.0
 40
0.0
 40
0.0
 40
0.0
 40
1.0
 40
1.0
 40
1.0
 40
1.0
 10
0.031133769667188282
 20
-3.8966194569713934
 30
0.0
 10
-0.0810844977000107
 20
-3.930666517237796
 30
0.0
 10
-0.13134343991368613
 20
-3.9232878973657535
 30
0.0
 10
-0.21092712567569638
 20
-3.86113883627263
 30
0.0
  0
SPLINE
  5
346
330
17
100
AcDbEntity
  8
0
100
AcDbSpline
 70
0
 71
3
 72
8
 73
4
 74
0
 40
0.0
 40
0.0
 40
0.0
 40
0.0
 40
1.0
 40
1.0
 40
1.0
 40
1.0
 10
0.2258450072030591
 20
-3.8648281462087652
 30
0.0
 10
0.1759866186395742
 20
-3.8649546368351366
 30
0.0
 10
0.08837077810264482
 20
-3.879248077615557
 30
0.0
 10
0.031133769667188282
 20
-3.8966194569713934
 30
0.0
  0
SPLINE
  5
347
330
17
100
AcDbEntity
  8
0
100
AcDbSpline
 70
0
 71
3
 72
8
 73
4
 74
0
 40
0.0
 40
0.0
 40
0.0
 40
0.0
 40
1.0
 40
1.0
 40
1.0
 40
1.0
 10
0.37883541980568136
 20
-3.832362218772005
 30
0.0
 10
0.34453537828653147
 20
-3.8500919882358176
 30
0.0
 10
0.27568231399547916
 20
-3.864701655582394
 30
0.0
 10
0.2258450072030591
 20
-3.8648281462087652
 30
0.0
  0
SPLINE
  5
348
330
17
100
AcDbEntity
  8
0
100
AcDbSpline
 70
0
 71
3
 72
8
 73
4
 74
0
 40
0.0
 40
0.0
 40
0.0
 40
0.0
 40
1.0
 40
1.0
 40
1.0
 40
1.0
 10
0.4280191916951539
 20
-3.717824956587947
 30
0.0
 10
0.44012012828519254
 20
-3.7934452693900766
 30
0.0
 10
0.43613567355432625
 20
-3.80272124865769
 30
0.0
 10
0.37883541980568136
 20
-3.832362218772005
 30
0.0
  0
SPLINE
  5
349
330
17
100
AcDbEntity
  8
0
100
AcDbSpline
 70
0
 71
3
 72
8
 73
4
 74
0
 40
0.0
 40
0.0
 40
0.0
 40
0.0
 40
1.0
 40
1.0
 40
1.0
 40
1.0
 10
0.49638737525176246
 20
-3.6219239800232117
 30
0.0
 10
0.4150117389494179
 20
-3.6355006405876793
 30
0.0
 10
0.4148852483230412
 20
-3.6356903765272364
 30
0.0
 10
0.4280191916951539
 20
-3.717824956587947
 30
0.0
  0
SPLINE
  5
34A
330
17
100
AcDbEntity
  8
0
100
AcDbSpline
 70
0
 71
3
 72
8
 73
4
 74
0
 40
0.0
 40
0.0
 40
0.0
 40
0.0
 40
1.0
 40
1.0
 40
1.0
 40
1.0
 10
0.6203903526430565
 20
-3.52867930661273
 30
0.0
 10
0.6352319194712566
 20
-3.5962885464109604
 30
0.0
 10
0.6310155652587
 20
-3.5994718938413826
 30
0.0
 10
0.49638737525176246
 20
-3.6219239800232117
 30
0.0
  0
SPLINE
  5
34B
330
17
100
AcDbEntity
  8
0
100
AcDbSpline
 70
0
 71
3
 72
8
 73
4
 74
0
 40
0.0
 40
0.0
 40
0.0
 40
0.0
 40
1.0
 40
1.0
 40
1.0
 40
1.0
 10
0.660867353083602
 20
-3.43138693315791
 30
0.0
 10
0.6161318348883738
 20
-3.4606905949351585
 30
0.0
 10
0.6091326868955296
 20
-3.4774927664720963
 30
0.0
 10
0.6203903526430565
 20
-3.52867930661273
 30
0.0
  0
SPLINE
  5
34C
330
17
100
AcDbEntity
  8
0
100
AcDbSpline
 70
0
 71
3
 72
8
 73
4
 74
0
 40
0.0
 40
0.0
 40
0.0
 40
0.0
 40
1.0
 40
1.0
 40
1.0
 40
1.0
 10
0.5146652707631967
 20
-3.2005837035624154
 30
0.0
 10
0.7228899235503121
 20
-3.2933013326967284
 30
0.0
 10
0.7665081078792113
 20
-3.362154396987762
 30
0.0
 10
0.660867353083602
 20
-3.43138693315791
 30
0.0
  0
SPLINE
  5
34D
330
17
100
AcDbEntity
  8
0
100
AcDbSpline
 70
0
 71
3
 72
8
 73
4
 74
0
 40
0.0
 40
0.0
 40
0.0
 40
0.0
 40
1.0
 40
1.0
 40
1.0
 40
1.0
 10
0.2790343155944619
 20
-3.1565860473544944
 30
0.0
 10
0.36888482386404586
 20
-3.1464457154731917
 30
0.0
 10
0.4105213217130439
 20
-3.1542248889954863
 30
0.0
 10
0.5146652707631967
 20
-3.2005837035624154
 30
0.0
  0
SPLINE
  5
34E
330
17
100
AcDbEntity
  8
0
100
AcDbSpline
 70
0
 71
3
 72
8
 73
4
 74
0
 40
0.0
 40
0.0
 40
0.0
 40
0.0
 40
1.0
 40
1.0
 40
1.0
 40
1.0
 10
0.12619147538927944
 20
-3.1133473349048018
 30
0.0
 10
0.16620467686644336
 20
-3.16423873025019
 30
0.0
 10
0.17906455721474135
 20
-3.1678647948731395
 30
0.0
 10
0.2790343155944619
 20
-3.1565860473544944
 30
0.0
  0
SPLINE
  5
34F
330
17
100
AcDbEntity
  8
0
100
AcDbSpline
 70
0
 71
3
 72
8
 73
4
 74
0
 40
0.0
 40
0.0
 40
0.0
 40
0.0
 40
1.0
 40
1.0
 40
1.0
 40
1.0
 10
0.08248896397612882
 20
-3.0231806000692814
 30
0.0
 10
0.08248896397612882
 20
-3.042217439338856
 30
0.0
 10
0.10215825637770592
 20
-3.0827998486347497
 30
0.0
 10
0.12619147538927944
 20
-3.1133473349048018
 30
0.0
  0
SPLINE
  5
350
330
17
100
AcDbEntity
  8
0
100
AcDbSpline
 70
0
 71
3
 72
8
 73
4
 74
0
 40
0.0
 40
0.0
 40
0.0
 40
0.0
 40
1.0
 40
1.0
 40
1.0
 40
1.0
 10
-0.01965221682305973
 20
-2.8948347778389234
 30
0.0
 10
0.021752381544249744
 20
-2.8948347778389234
 30
0.0
 10
0.08248896397612882
 20
-2.9711297073151854
 30
0.0
 10
0.08248896397612882
 20
-3.0231806000692814
 30
0.0
  0
SPLINE
  5
351
330
17
100
AcDbEntity
  8
0
100
AcDbSpline
 70
0
 71
3
 72
8
 73
4
 74
0
 40
0.0
 40
0.0
 40
0.0
 40
0.0
 40
1.0
 40
1.0
 40
1.0
 40
1.0
 10
-0.1396918212545497
 20
-2.8516171471603684
 30
0.0
 10
-0.09375464210874362
 20
-2.8753763031479593
 30
0.0
 10
-0.03974314464589135
 20
-2.8948347778389234
 30
0.0
 10
-0.01965221682305973
 20
-2.8948347778389234
 30
0.0
  0
SPLINE
  5
352
330
17
100
AcDbEntity
  8
0
100
AcDbSpline
 70
0
 71
3
 72
8
 73
4
 74
0
 40
0.0
 40
0.0
 40
0.0
 40
0.0
 40
1.0
 40
1.0
 40
1.0
 40
1.0
 10
-0.304741006905084
 20
-2.8347095667679696
 30
0.0
 10
-0.23243053215973486
 20
-2.8113720462013134
 30
0.0
 10
-0.21373100122704614
 20
-2.813290487368022
 30
0.0
 10
-0.1396918212545497
 20
-2.8516171471603684
 30
0.0
  0
SPLINE
  5
353
330
17
100
AcDbEntity
  8
0
100
AcDbSpline
 70
0
 71
3
 72
8
 73
4
 74
0
 40
0.0
 40
0.0
 40
0.0
 40
0.0
 40
1.0
 40
1.0
 40
1.0
 40
1.0
 10
-0.41542030498469895
 20
-2.8212172332878254
 30
0.0
 10
-0.3892367453247205
 20
-2.8570351623234274
 30
0.0
 10
-0.37802124311932017
 20
-2.8583843956714645
 30
0.0
 10
-0.304741006905084
 20
-2.8347095667679696
 30
0.0
  0
SPLINE
  5
354
330
17
100
AcDbEntity
  8
0
100
AcDbSpline
 70
0
 71
3
 72
8
 73
4
 74
0
 40
0.0
 40
0.0
 40
0.0
 40
0.0
 40
1.0
 40
1.0
 40
1.0
 40
1.0
 10
-0.4445553125934665
 20
-2.711613105532251
 30
0.0
 10
-0.4445553125934665
 20
-2.749981928866646
 30
0.0
 10
-0.4314424509924142
 20
-2.799292191382392
 30
0.0
 10
-0.41542030498469895
 20
-2.8212172332878254
 30
0.0
  0
SPLINE
  5
355
330
17
100
AcDbEntity
  8
0
100
AcDbSpline
 70
0
 71
3
 72
8
 73
4
 74
0
 40
0.0
 40
0.0
 40
0.0
 40
0.0
 40
1.0
 40
1.0
 40
1.0
 40
1.0
 10
-0.4888059500542492
 20
-2.5976028876248165
 30
0.0
 10
-0.46169479246750855
 20
-2.6247140452114763
 30
0.0
 10
-0.4445553125934665
 20
-2.6688592738169064
 30
0.0
 10
-0.4445553125934665
 20
-2.711613105532251
 30
0.0
  0
SPLINE
  5
356
330
17
100
AcDbEntity
  8
0
100
AcDbSpline
 70
0
 71
3
 72
8
 73
4
 74
0
 40
0.0
 40
0.0
 40
0.0
 40
0.0
 40
1.0
 40
1.0
 40
1.0
 40
1.0
 10
-0.6279034755264963
 20
-2.5675824456313876
 30
0.0
 10
-0.5481511355959849
 20
-2.5556290814388376
 30
0.0
 10
-0.5259941942089994
 20
-2.5604146434700397
 30
0.0
 10
-0.4888059500542492
 20
-2.5976028876248165
 30
0.0
  0
SPLINE
  5
357
330
17
100
AcDbEntity
  8
0
100
AcDbSpline
 70
0
 71
3
 72
8
 73
4
 74
0
 40
0.0
 40
0.0
 40
0.0
 40
0.0
 40
1.0
 40
1.0
 40
1.0
 40
1.0
 10
-0.9685638141300195
 20
-2.5081529330054764
 30
0.0
 10
-0.9173561922185187
 20
-2.5489250782407
 30
0.0
 10
-0.7260602015948185
 20
-2.5822975218331976
 30
0.0
 10
-0.6279034755264963
 20
-2.5675824456313876
 30
0.0
  0
SPLINE
  5
358
330
17
100
AcDbEntity
  8
0
100
AcDbSpline
 70
0
 71
3
 72
8
 73
4
 74
0
 40
0.0
 40
0.0
 40
0.0
 40
0.0
 40
1.0
 40
1.0
 40
1.0
 40
1.0
 10
-0.9868838731835798
 20
-2.3941216333266766
 30
0.0
 10
-0.9938619394053605
 20
-2.456123122022518
 30
0.0
 10
-0.9880012070499067
 20
-2.4926999948163484
 30
0.0
 10
-0.9685638141300195
 20
-2.5081529330054764
 30
0.0
  0
SPLINE
  5
359
330
17
100
AcDbEntity
  8
0
100
AcDbSpline
 70
0
 71
3
 72
8
 73
4
 74
0
 40
0.0
 40
0.0
 40
0.0
 40
0.0
 40
1.0
 40
1.0
 40
1.0
 40
1.0
 10
-1.058540813025981
 20
-2.2610534943785296
 30
0.0
 10
-0.9790836178903488
 20
-2.3015726583612377
 30
0.0
 10
-0.9768911136998195
 20
-2.3056414401762595
 30
0.0
 10
-0.9868838731835798
 20
-2.3941216333266766
 30
0.0
  0
SPLINE
  5
35A
330
17
100
AcDbEntity
  8
0
100
AcDbSpline
 70
0
 71
3
 72
8
 73
4
 74
0
 40
0.0
 40
0.0
 40
0.0
 40
0.0
 40
1.0
 40
1.0
 40
1.0
 40
1.0
 10
-1.2244754330611518
 20
-1.9547564426072768
 30
0.0
 10
-1.226942000275498
 20
-2.0800664898044943
 30
0.0
 10
-1.1557699411675397
 20
-2.2114480870677653
 30
0.0
 10
-1.058540813025981
 20
-2.2610534943785296
 30
0.0
  0
SPLINE
  5
35B
330
17
100
AcDbEntity
  8
0
100
AcDbSpline
 70
0
 71
3
 72
8
 73
4
 74
0
 40
0.0
 40
0.0
 40
0.0
 40
0.0
 40
1.0
 40
1.0
 40
1.0
 40
1.0
 10
-1.2365552878801265
 20
-1.7933122398085288
 30
0.0
 10
-1.2290290956107133
 20
-1.836782851740054
 30
0.0
 10
-1.2235899986765144
 20
-1.9094517165933667
 30
0.0
 10
-1.2244754330611518
 20
-1.9547564426072768
 30
0.0
  0
SPLINE
  5
35C
330
17
100
AcDbEntity
  8
0
100
AcDbSpline
 70
0
 71
3
 72
8
 73
4
 74
0
 40
0.0
 40
0.0
 40
0.0
 40
0.0
 40
1.0
 40
1.0
 40
1.0
 40
1.0
 10
-1.2349741550504185
 20
-1.7142555983230068
 30
0.0
 10
-1.2433857817044691
 20
-1.7142555983230068
 30
0.0
 10
-1.244102561920604
 20
-1.7498205461060934
 30
0.0
 10
-1.2365552878801265
 20
-1.7933122398085288
 30
0.0
  0
SPLINE
  5
35D
330
17
100
AcDbEntity
  8
0
100
AcDbSpline
 70
0
 71
3
 72
8
 73
4
 74
0
 40
0.0
 40
0.0
 40
0.0
 40
0.0
 40
1.0
 40
1.0
 40
1.0
 40
1.0
 10
-1.1196147037948658
 20
-1.7877255704768231
 30
0.0
 10
-1.1746592080397948
 20
-1.7473118153495761
 30
0.0
 10
-1.226562528396367
 20
-1.7142555983230068
 30
0.0
 10
-1.2349741550504185
 20
-1.7142555983230068
 30
0.0
  0
SPLINE
  5
35E
330
17
100
AcDbEntity
  8
0
100
AcDbSpline
 70
0
 71
3
 72
8
 73
4
 74
0
 40
0.0
 40
0.0
 40
0.0
 40
0.0
 40
1.0
 40
1.0
 40
1.0
 40
1.0
 10
-0.6112277946158344
 20
-1.9765549938861113
 30
0.0
 10
-0.6479522398072044
 20
-1.999238979549773
 30
0.0
 10
-1.0194130459334532
 20
-1.8612587879438252
 30
0.0
 10
-1.1196147037948658
 20
-1.7877255704768231
 30
0.0
  0
SPLINE
  5
35F
330
17
100
AcDbEntity
  8
0
100
AcDbSpline
 70
0
 71
3
 72
8
 73
4
 74
0
 40
0.0
 40
0.0
 40
0.0
 40
0.0
 40
1.0
 40
1.0
 40
1.0
 40
1.0
 10
-0.5921277100329521
 20
-1.934370369989665
 30
0.0
 10
-0.5921277100329521
 20
-1.9510882144422794
 30
0.0
 10
-0.6007290726265686
 20
-1.9700618083988957
 30
0.0
 10
-0.6112277946158344
 20
-1.9765549938861113
 30
0.0
  0
SPLINE
  5
360
330
17
100
AcDbEntity
  8
0
100
AcDbSpline
 70
0
 71
3
 72
8
 73
4
 74
0
 40
0.0
 40
0.0
 40
0.0
 40
0.0
 40
1.0
 40
1.0
 40
1.0
 40
1.0
 10
-0.4451877657253491
 20
-1.9593944322411971
 30
0.0
 10
-0.5169922779651905
 20
-1.8989740763752252
 30
0.0
 10
-0.5921277100329521
 20
-1.8861774413401236
 30
0.0
 10
-0.5921277100329521
 20
-1.934370369989665
 30
0.0
  0
SPLINE
  5
361
330
17
100
AcDbEntity
  8
0
100
AcDbSpline
 70
0
 71
3
 72
8
 73
4
 74
0
 40
0.0
 40
0.0
 40
0.0
 40
0.0
 40
1.0
 40
1.0
 40
1.0
 40
1.0
 10
-0.07092308404774883
 20
-1.9891408112107456
 30
0.0
 10
-0.22488325811925858
 20
-2.048169770186405
 30
0.0
 10
-0.351647947519778
 20
-2.0380926836185154
 30
0.0
 10
-0.4451877657253491
 20
-1.9593944322411971
 30
0.0
  0
SPLINE
  5
362
330
17
100
AcDbEntity
  8
0
100
AcDbSpline
 70
0
 71
3
 72
8
 73
4
 74
0
 40
0.0
 40
0.0
 40
0.0
 40
0.0
 40
1.0
 40
1.0
 40
1.0
 40
1.0
 10
0.2036037387318217
 20
-1.8609636431490344
 30
0.0
 10
0.1280045077006795
 20
-1.9110328494230089
 30
0.0
 10
0.10591081162688099
 20
-1.921341835472731
 30
0.0
 10
-0.07092308404774883
 20
-1.9891408112107456
 30
0.0
  0
SPLINE
  5
363
330
17
100
AcDbEntity
  8
0
100
AcDbSpline
 70
0
 71
3
 72
8
 73
4
 74
0
 40
0.0
 40
0.0
 40
0.0
 40
0.0
 40
1.0
 40
1.0
 40
1.0
 40
1.0
 10
0.31748746601297917
 20
-1.7238056406145006
 30
0.0
 10
0.25493785126970003
 20
-1.8890023986625692
 30
0.0
 10
0.2671652784861145
 20
-1.8188633463366841
 30
0.0
 10
0.2036037387318217
 20
-1.8609636431490344
 30
0.0
  0
CIRCLE
  5
364
330
17
100
AcDbEntity
  8
0
100
AcDbCircle
 10
3.75
 20
-19.875
 30
0.0
 40
0.0625
  0
CIRCLE
  5
365
330
17
100
AcDbEntity
  8
0
100
AcDbCircle
 10
3.75
 20
-13.25
 30
0.0
 40
0.0625
  0
CIRCLE
  5
366
330
17
100
AcDbEntity
  8
0
100
AcDbCircle
 10
3.75
 20
-6.625
 30
0.0
 40
0.0625
  0
SPLINE
  5
367
330
17
100
AcDbEntity
  8
0
100
AcDbSpline
 70
0
 71
3
 72
8
 73
4
 74
0
 40
0.0
 40
0.0
 40
0.0
 40
0.0
 40
1.0
 40
1.0
 40
1.0
 40
1.0
 10
0.27490228846615583
 20
-1.9844184944927292
 30
0.0
 10
0.288879502680782
 20
-1.9321567840279386
 30
0.0
 10
0.38178686775447
 20
-1.8432549554563593
 30
0.0
 10
0.3740076942323016
 20
-1.822974291693754
 30
0.0
  0
SPLINE
  5
368
330
17
100
AcDbEntity
  8
0
100
AcDbSpline
 70
0
 71
3
 72
8
 73
4
 74
0
 40
0.0
 40
0.0
 40
0.0
 40
0.0
 40
1.0
 40
1.0
 40
1.0
 40
1.0
 10
0.39306561527306005
 20
-2.02725665329217
 30
0.0
 10
0.2717611045778021
 20
-2.1407187451520713
 30
0.0
 10
0.23651238336082692
 20
-2.1279431918881073
 30
0.0
 10
0.27490228846615583
 20
-1.9844184944927292
 30
0.0
  0
SPLINE
  5
369
330
17
100
AcDbEntity
  8
0
100
AcDbSpline
 70
0
 71
3
 72
8
 73
4
 74
0
 40
0.0
 40
0.0
 40
0.0
 40
0.0
 40
1.0
 40
1.0
 40
1.0
 40
1.0
 10
0.5922672700453031
 20
-1.8751938386162692
 30
0.0
 10
0.5383400996667023
 20
-1.9067954134395677
 30
0.0
 10
0.4486793273366825
 20
-1.9752268423092119
 30
0.0
 10
0.39306561527306005
 20
-2.02725665329217
 30
0.0
  0
SPLINE
  5
36A
330
17
100
AcDbEntity
  8
0
100
AcDbSpline
 70
0
 71
3
 72
8
 73
4
 74
0
 40
0.0
 40
0.0
 40
0.0
 40
0.0
 40
1.0
 40
1.0
 40
1.0
 40
1.0
 10
0.7469653061040109
 20
-1.7434749330161594
 30
0.0
 10
0.7158275302442778
 20
-1.784310323564796
 30
0.0
 10
0.646215522194967
 20
-1.843592263793198
 30
0.0
 10
0.5922672700453031
 20
-1.8751938386162692
 30
0.0
  0
SPLINE
  5
36B
330
17
100
AcDbEntity
  8
0
100
AcDbSpline
 70
0
 71
3
 72
8
 73
4
 74
0
 40
0.0
 40
0.0
 40
0.0
 40
0.0
 40
1.0
 40
1.0
 40
1.0
 40
1.0
 10
0.8910381295470753
 20
-1.6059585403736492
 30
0.0
 10
0.8429506097528652
 20
-1.6407434626271424
 30
0.0
 10
0.7781241637348053
 20
-1.7026184606963852
 30
0.0
 10
0.7469653061040109
 20
-1.7434749330161594
 30
0.0
  0
SPLINE
  5
36C
330
17
100
AcDbEntity
  8
0
100
AcDbSpline
 70
0
 71
3
 72
8
 73
4
 74
0
 40
0.0
 40
0.0
 40
0.0
 40
0.0
 40
1.0
 40
1.0
 40
1.0
 40
1.0
 10
1.1510396120643875
 20
-1.3754926191152208
 30
0.0
 10
1.0561294787397353
 20
-1.4674513044910782
 30
0.0
 10
0.9391256493412854
 20
-1.5711736181199285
 30
0.0
 10
0.8910381295470753
 20
-1.6059585403736492
 30
0.0
  0
SPLINE
  5
36D
330
17
100
AcDbEntity
  8
0
100
AcDbSpline
 70
0
 71
3
 72
8
 73
4
 74
0
 40
0.0
 40
0.0
 40
0.0
 40
0.0
 40
1.0
 40
1.0
 40
1.0
 40
1.0
 10
1.4738858541198585
 20
-1.2504566349418837
 30
0.0
 10
1.395883301187558
 20
-1.172454082009608
 30
0.0
 10
1.3370862416934548
 20
-1.1952223947573657
 30
0.0
 10
1.1510396120643875
 20
-1.3754926191152208
 30
0.0
  0
SPLINE
  5
36E
330
17
100
AcDbEntity
  8
0
100
AcDbSpline
 70
0
 71
3
 72
8
 73
4
 74
0
 40
0.0
 40
0.0
 40
0.0
 40
0.0
 40
1.0
 40
1.0
 40
1.0
 40
1.0
 10
1.5160493962454256
 20
-1.3103077829891845
 30
0.0
 10
1.5160493962454256
 20
-1.300589086529044
 30
0.0
 10
1.4970758022889212
 20
-1.2736465831108035
 30
0.0
 10
1.4738858541198585
 20
-1.2504566349418837
 30
0.0
  0
SPLINE
  5
36F
330
17
100
AcDbEntity
  8
0
100
AcDbSpline
 70
0
 71
3
 72
8
 73
4
 74
0
 40
0.0
 40
0.0
 40
0.0
 40
0.0
 40
1.0
 40
1.0
 40
1.0
 40
1.0
 10
1.5667721374224843
 20
-1.3511220917666833
 30
0.0
 10
1.5388809543064212
 20
-1.3384097838156777
 30
0.0
 10
1.5160493962454256
 20
-1.320047561220008
 30
0.0
 10
1.5160493962454256
 20
-1.3103077829891845
 30
0.0
  0
SPLINE
  5
370
330
17
100
AcDbEntity
  8
0
100
AcDbSpline
 70
0
 71
3
 72
8
 73
4
 74
0
 40
0.0
 40
0.0
 40
0.0
 40
0.0
 40
1.0
 40
1.0
 40
1.0
 40
1.0
 10
1.6324629360541172
 20
-1.4441137839246494
 30
0.0
 10
1.6229550573048037
 20
-1.3996523287530636
 30
0.0
 10
1.5990694106906682
 20
-1.3658371679684933
 30
0.0
 10
1.5667721374224843
 20
-1.3511220917666833
 30
0.0
  0
SPLINE
  5
371
330
17
100
AcDbEntity
  8
0
100
AcDbSpline
 70
0
 71
3
 72
8
 73
4
 74
0
 40
0.0
 40
0.0
 40
0.0
 40
0.0
 40
1.0
 40
1.0
 40
1.0
 40
1.0
 10
1.7608087582843472
 20
-1.5666832008835172
 30
0.0
 10
1.679264467813499
 20
-1.5666832008835172
 30
0.0
 10
1.6533971347194623
 20
-1.5419753651979136
 30
0.0
 10
1.6324629360541172
 20
-1.4441137839246494
 30
0.0
  0
SPLINE
  5
372
330
17
100
AcDbEntity
  8
0
100
AcDbSpline
 70
0
 71
3
 72
8
 73
4
 74
0
 40
0.0
 40
0.0
 40
0.0
 40
0.0
 40
1.0
 40
1.0
 40
1.0
 40
1.0
 10
1.886877749239794
 20
-1.654024978396592
 30
0.0
 10
1.84005513570935
 20
-1.579859307797733
 30
0.0
 10
1.8210604599817808
 20
-1.5666832008835172
 30
0.0
 10
1.7608087582843472
 20
-1.5666832008835172
 30
0.0
  0
SPLINE
  5
373
330
17
100
AcDbEntity
  8
0
100
AcDbSpline
 70
0
 71
3
 72
8
 73
4
 74
0
 40
0.0
 40
0.0
 40
0.0
 40
0.0
 40
1.0
 40
1.0
 40
1.0
 40
1.0
 10
1.9606007026463486
 20
-1.7119998488194597
 30
0.0
 10
1.9464337524921564
 20
-1.7343886896881031
 30
0.0
 10
1.9289148007389816
 20
-1.7206222931840784
 30
0.0
 10
1.886877749239794
 20
-1.654024978396592
 30
0.0
  0
SPLINE
  5
374
330
17
100
AcDbEntity
  8
0
100
AcDbSpline
 70
0
 71
3
 72
8
 73
4
 74
0
 40
0.0
 40
0.0
 40
0.0
 40
0.0
 40
1.0
 40
1.0
 40
1.0
 40
1.0
 10
1.9795321330607267
 20
-1.6472788116566335
 30
0.0
 10
1.9793423971211617
 20
-1.6667162045764599
 30
0.0
 10
1.970846443382861
 20
-1.6958512121852891
 30
0.0
 10
1.9606007026463486
 20
-1.7119998488194597
 30
0.0
  0
SPLINE
  5
375
330
17
100
AcDbEntity
  8
0
100
AcDbSpline
 70
0
 71
3
 72
8
 73
4
 74
0
 40
0.0
 40
0.0
 40
0.0
 40
0.0
 40
1.0
 40
1.0
 40
1.0
 40
1.0
 10
2.037823230049325
 20
-1.5664513014019121
 30
0.0
 10
2.0059265104313324
 20
-1.5914542818823065
 30
0.0
 10
1.9797007872292305
 20
-1.6278203369656694
 30
0.0
 10
1.9795321330607267
 20
-1.6472788116566335
 30
0.0
  0
SPLINE
  5
376
330
17
100
AcDbEntity
  8
0
100
AcDbSpline
 70
0
 71
3
 72
8
 73
4
 74
0
 40
0.0
 40
0.0
 40
0.0
 40
0.0
 40
1.0
 40
1.0
 40
1.0
 40
1.0
 10
2.119704828857177
 20
-1.4767062019875539
 30
0.0
 10
2.1065498037140005
 20
-1.501055647565181
 30
0.0
 10
2.069719949667318
 20
-1.54142723915038
 30
0.0
 10
2.037823230049325
 20
-1.5664513014019121
 30
0.0
  0
SPLINE
  5
377
330
17
100
AcDbEntity
  8
0
100
AcDbSpline
 70
0
 71
3
 72
8
 73
4
 74
0
 40
0.0
 40
0.0
 40
0.0
 40
0.0
 40
1.0
 40
1.0
 40
1.0
 40
1.0
 10
2.0525804697932752
 20
-1.2959721786664886
 30
0.0
 10
2.1185664132197877
 20
-1.3260347842019655
 30
0.0
 10
2.152170756293863
 20
-1.416538827374552
 30
0.0
 10
2.119704828857177
 20
-1.4767062019875539
 30
0.0
  0
SPLINE
  5
378
330
17
100
AcDbEntity
  8
0
100
AcDbSpline
 70
0
 71
3
 72
8
 73
4
 74
0
 40
0.0
 40
0.0
 40
0.0
 40
0.0
 40
1.0
 40
1.0
 40
1.0
 40
1.0
 10
2.0009301306894542
 20
-1.2498663453520749
 30
0.0
 10
2.0009301306894542
 20
-1.2622835085080624
 30
0.0
 10
2.0241833241717027
 20
-1.283027971233878
 30
0.0
 10
2.0525804697932752
 20
-1.2959721786664886
 30
0.0
  0
SPLINE
  5
379
330
17
100
AcDbEntity
  8
0
100
AcDbSpline
 70
0
 71
3
 72
8
 73
4
 74
0
 40
0.0
 40
0.0
 40
0.0
 40
0.0
 40
1.0
 40
1.0
 40
1.0
 40
1.0
 10
2.2559563152359488
 20
-0.908763289556191
 30
0.0
 10
2.0790591742481306
 20
-1.0892232498536032
 30
0.0
 10
2.0009301306894542
 20
-1.1937255890118195
 30
0.0
 10
2.0009301306894542
 20
-1.2498663453520749
 30
0.0
  0
SPLINE
  5
37A
330
17
100
AcDbEntity
  8
0
100
AcDbSpline
 70
0
 71
3
 72
8
 73
4
 74
0
 40
0.0
 40
0.0
 40
0.0
 40
0.0
 40
1.0
 40
1.0
 40
1.0
 40
1.0
 10
2.4771251754556136
 20
-0.6419313132146272
 30
0.0
 10
2.4606181487134515
 20
-0.6814174704152265
 30
0.0
 10
2.3611121892971134
 20
-0.8014992383887147
 30
0.0
 10
2.2559563152359488
 20
-0.908763289556191
 30
0.0
  0
SPLINE
  5
37B
330
17
100
AcDbEntity
  8
0
100
AcDbSpline
 70
0
 71
3
 72
8
 73
4
 74
0
 40
0.0
 40
0.0
 40
0.0
 40
0.0
 40
1.0
 40
1.0
 40
1.0
 40
1.0
 10
2.609877087837962
 20
-0.4306919671655578
 30
0.0
 10
2.5533568596186385
 20
-0.5073874502918443
 30
0.0
 10
2.493611120426709
 20
-0.6024662377849381
 30
0.0
 10
2.4771251754556136
 20
-0.6419313132146272
 30
0.0
  0
SPLINE
  5
37C
330
17
100
AcDbEntity
  8
0
100
AcDbSpline
 70
0
 71
3
 72
8
 73
4
 74
0
 40
0.0
 40
0.0
 40
0.0
 40
0.0
 40
1.0
 40
1.0
 40
1.0
 40
1.0
 10
2.7656081306787472
 20
-0.18582719627124789
 30
0.0
 10
2.7364942048410423
 20
-0.24380206669388826
 30
0.0
 10
2.666418397828349
 20
-0.35399648403904393
 30
0.0
 10
2.609877087837962
 20
-0.4306919671655578
 30
0.0
  0
SPLINE
  5
37D
330
17
100
AcDbEntity
  8
0
100
AcDbSpline
 70
0
 71
3
 72
8
 73
4
 74
0
 40
0.0
 40
0.0
 40
0.0
 40
0.0
 40
1.0
 40
1.0
 40
1.0
 40
1.0
 10
2.85975932024514
 20
-0.04320901503160712
 30
0.0
 10
2.8370964163526473
 20
-0.06367941473354222
 30
0.0
 10
2.7947431382875134
 20
-0.1278523258486075
 30
0.0
 10
2.7656081306787472
 20
-0.18582719627124789
 30
0.0
  0
SPLINE
  5
37E
330
17
100
AcDbEntity
  8
0
100
AcDbSpline
 70
0
 71
3
 72
8
 73
4
 74
0
 40
0.0
 40
0.0
 40
0.0
 40
0.0
 40
1.0
 40
1.0
 40
1.0
 40
1.0
 10
2.957494410892205
 20
-0.05046114427705106
 30
0.0
 10
2.903293177489788
 20
-0.007833803188077582
 30
0.0
 10
2.899224395674671
 20
-0.007538658393286823
 30
0.0
 10
2.85975932024514
 20
-0.04320901503160712
 30
0.0
  0
SPLINE
  5
37F
330
17
100
AcDbEntity
  8
0
100
AcDbSpline
 70
0
 71
3
 72
8
 73
4
 74
0
 40
0.0
 40
0.0
 40
0.0
 40
0.0
 40
1.0
 40
1.0
 40
1.0
 40
1.0
 10
3.058370685427625
 20
-0.18255952175650236
 30
0.0
 10
3.0339790763079835
 20
-0.13436659310696086
 30
0.0
 10
2.9885900232098113
 20
-0.07493708048104963
 30
0.0
 10
2.957494410892205
 20
-0.05046114427705106
 30
0.0
  0
SPLINE
  5
380
330
17
100
AcDbEntity
  8
0
100
AcDbSpline
 70
0
 71
3
 72
8
 73
4
 74
0
 40
0.0
 40
0.0
 40
0.0
 40
0.0
 40
1.0
 40
1.0
 40
1.0
 40
1.0
 10
3.253883030263882
 20
-0.42892109839613113
 30
0.0
 10
3.1707365251922637
 20
-0.3416004026541941
 30
0.0
 10
3.0827622945472655
 20
-0.23073136863490618
 30
0.0
 10
3.058370685427625
 20
-0.18255952175650236
 30
0.0
  0
SPLINE
  5
381
330
17
100
AcDbEntity
  8
0
100
AcDbSpline
 70
0
 71
3
 72
8
 73
4
 74
0
 40
0.0
 40
0.0
 40
0.0
 40
0.0
 40
1.0
 40
1.0
 40
1.0
 40
1.0
 10
3.460400059594912
 20
-0.6987888497708354
 30
0.0
 10
3.42995798218025
 20
-0.6376938772309586
 30
0.0
 10
3.3370295353355006
 20
-0.5162628759094332
 30
0.0
 10
3.253883030263882
 20
-0.42892109839613113
 30
0.0
  0
SPLINE
  5
382
330
17
100
AcDbEntity
  8
0
100
AcDbSpline
 70
0
 71
3
 72
8
 73
4
 74
0
 40
0.0
 40
0.0
 40
0.0
 40
0.0
 40
1.0
 40
1.0
 40
1.0
 40
1.0
 10
3.5787320405703174
 20
-0.856248597838885
 30
0.0
 10
3.5440946907141617
 20
-0.8307396548527777
 30
0.0
 10
3.4908421370095715
 20
-0.7598838223109396
 30
0.0
 10
3.460400059594912
 20
-0.6987888497708354
 30
0.0
  0
SPLINE
  5
383
330
17
100
AcDbEntity
  8
0
100
AcDbSpline
 70
0
 71
3
 72
8
 73
4
 74
0
 40
0.0
 40
0.0
 40
0.0
 40
0.0
 40
1.0
 40
1.0
 40
1.0
 40
1.0
 10
3.99672031543213
 20
-1.231989003490753
 30
0.0
 10
3.828614272977493
 20
-1.0511706530853644
 30
0.0
 10
3.7613212597450882
 20
-0.9906870519062068
 30
0.0
 10
3.5787320405703174
 20
-0.856248597838885
 30
0.0
  0
SPLINE
  5
384
330
17
100
AcDbEntity
  8
0
100
AcDbSpline
 70
0
 71
3
 72
8
 73
4
 74
0
 40
0.0
 40
0.0
 40
0.0
 40
0.0
 40
1.0
 40
1.0
 40
1.0
 40
1.0
 10
4.248563152548147
 20
-1.4553503679010191
 30
0.0
 10
4.230179848181399
 20
-1.4737336722678265
 30
0.0
 10
4.180532277328545
 20
-1.4296938525176301
 30
0.0
 10
3.99672031543213
 20
-1.231989003490753
 30
0.0
  0
SPLINE
  5
385
330
17
100
AcDbEntity
  8
0
100
AcDbSpline
 70
0
 71
3
 72
8
 73
4
 74
0
 40
0.0
 40
0.0
 40
0.0
 40
0.0
 40
1.0
 40
1.0
 40
1.0
 40
1.0
 10
4.225921330426717
 20
-1.290027119226579
 30
0.0
 10
4.243756508745831
 20
-1.3755558644284065
 30
0.0
 10
4.2539390041691565
 20
-1.4499534345088705
 30
0.0
 10
4.248563152548147
 20
-1.4553503679010191
 30
0.0
  0
SPLINE
  5
386
330
17
100
AcDbEntity
  8
0
100
AcDbSpline
 70
0
 71
3
 72
8
 73
4
 74
0
 40
0.0
 40
0.0
 40
0.0
 40
0.0
 40
1.0
 40
1.0
 40
1.0
 40
1.0
 10
4.193455402990029
 20
-1.0165543850002905
 30
0.0
 10
4.193455402990029
 20
-1.0814229945603984
 30
0.0
 10
4.208065070336538
 20
-1.204498374024979
 30
0.0
 10
4.225921330426717
 20
-1.290027119226579
 30
0.0
  0
SPLINE
  5
387
330
17
100
AcDbEntity
  8
0
100
AcDbSpline
 70
0
 71
3
 72
8
 73
4
 74
0
 40
0.0
 40
0.0
 40
0.0
 40
0.0
 40
1.0
 40
1.0
 40
1.0
 40
1.0
 10
4.148719884794801
 20
-0.8584411020294738
 30
0.0
 10
4.184158341951342
 20
-0.89027457633415
 30
0.0
 10
4.193434321218966
 20
-0.9230567303368389
 30
0.0
 10
4.193455402990029
 20
-1.0165543850002905
 30
0.0
  0
SPLINE
  5
388
330
17
100
AcDbEntity
  8
0
100
AcDbSpline
 70
0
 71
3
 72
8
 73
4
 74
0
 40
0.0
 40
0.0
 40
0.0
 40
0.0
 40
1.0
 40
1.0
 40
1.0
 40
1.0
 10
3.9916606903770617
 20
-0.6693376155963051
 30
0.0
 10
4.053451361362082
 20
-0.7512402961751832
 30
0.0
 10
4.124138539735595
 20
-0.8363474059556211
 30
0.0
 10
4.148719884794801
 20
-0.8584411020294738
 30
0.0
  0
SPLINE
  5
389
330
17
100
AcDbEntity
  8
0
100
AcDbSpline
 70
0
 71
3
 72
8
 73
4
 74
0
 40
0.0
 40
0.0
 40
0.0
 40
0.0
 40
1.0
 40
1.0
 40
1.0
 40
1.0
 10
3.7317224531729405
 20
-0.3818876671550697
 30
0.0
 10
3.8129083535357218
 20
-0.4580561060049604
 30
0.0
 10
3.929891101163106
 20
-0.5873927714751517
 30
0.0
 10
3.9916606903770617
 20
-0.6693376155963051
 30
0.0
  0
SPLINE
  5
38A
330
17
100
AcDbEntity
  8
0
100
AcDbSpline
 70
0
 71
3
 72
8
 73
4
 74
0
 40
0.0
 40
0.0
 40
0.0
 40
0.0
 40
1.0
 40
1.0
 40
1.0
 40
1.0
 10
3.520377698268531
 20
-0.11187234338308372
 30
0.0
 10
3.5646494175003776
 20
-0.2032407391691322
 30
0.0
 10
3.6291596369524974
 20
-0.2856915457955438
 30
0.0
 10
3.7317224531729405
 20
-0.3818876671550697
 30
0.0
  0
SPLINE
  5
38B
330
17
100
AcDbEntity
  8
0
100
AcDbSpline
 70
0
 71
3
 72
8
 73
4
 74
0
 40
0.0
 40
0.0
 40
0.0
 40
0.0
 40
1.0
 40
1.0
 40
1.0
 40
1.0
 10
3.3397490838026007
 20
0.12772198474544894
 30
0.0
 10
3.4143363898227292
 20
0.05878459337031927
 30
0.0
 10
3.4797531254305474
 20
-0.02798797632408423
 30
0.0
 10
3.520377698268531
 20
-0.11187234338308372
 30
0.0
  0
SPLINE
  5
38C
330
17
100
AcDbEntity
  8
0
100
AcDbSpline
 70
0
 71
3
 72
8
 73
4
 74
0
 40
0.0
 40
0.0
 40
0.0
 40
0.0
 40
1.0
 40
1.0
 40
1.0
 40
1.0
 10
3.090583631611559
 20
0.42543875569413103
 30
0.0
 10
3.1633157417781614
 20
0.3211472342466095
 30
0.0
 10
3.2754496820611108
 20
0.18717257914249785
 30
0.0
 10
3.3397490838026007
 20
0.12772198474544894
 30
0.0
  0
SPLINE
  5
38D
330
17
100
AcDbEntity
  8
0
100
AcDbSpline
 70
0
 71
3
 72
8
 73
4
 74
0
 40
0.0
 40
0.0
 40
0.0
 40
0.0
 40
1.0
 40
1.0
 40
1.0
 40
1.0
 10
2.923805740733874
 20
0.6217100442886476
 30
0.0
 10
2.942800416461443
 20
0.6180418161236503
 30
0.0
 10
3.017851521444954
 20
0.5297302771416526
 30
0.0
 10
3.090583631611559
 20
0.42543875569413103
 30
0.0
  0
SPLINE
  5
38E
330
17
100
AcDbEntity
  8
0
100
AcDbSpline
 70
0
 71
3
 72
8
 73
4
 74
0
 40
0.0
 40
0.0
 40
0.0
 40
0.0
 40
1.0
 40
1.0
 40
1.0
 40
1.0
 10
2.602983348700432
 20
0.30951009661998796
 30
0.0
 10
2.7336270839765024
 20
0.4959572798991303
 30
0.0
 10
2.872914345388315
 20
0.6314919860617465
 30
0.0
 10
2.923805740733874
 20
0.6217100442886476
 30
0.0
  0
SPLINE
  5
38F
330
17
100
AcDbEntity
  8
0
100
AcDbSpline
 70
0
 71
3
 72
8
 73
4
 74
0
 40
0.0
 40
0.0
 40
0.0
 40
0.0
 40
1.0
 40
1.0
 40
1.0
 40
1.0
 10
2.357675860613882
 20
0.04307867392844855
 30
0.0
 10
2.433991871861159
 20
0.10303523083098298
 30
0.0
 10
2.5357324990101535
 20
0.21352479297115678
 30
0.0
 10
2.602983348700432
 20
0.30951009661998796
 30
0.0
  0
SPLINE
  5
390
330
17
100
AcDbEntity
  8
0
100
AcDbSpline
 70
0
 71
3
 72
8
 73
4
 74
0
 40
0.0
 40
0.0
 40
0.0
 40
0.0
 40
1.0
 40
1.0
 40
1.0
 40
1.0
 10
2.084645843579767
 20
-0.2596133949909927
 30
0.0
 10
2.174496351849351
 20
-0.1334389951803132
 30
0.0
 10
2.2755412805532735
 20
-0.02143154552368287
 30
0.0
 10
2.357675860613882
 20
0.04307867392844855
 30
0.0
  0
SPLINE
  5
391
330
17
100
AcDbEntity
  8
0
100
AcDbSpline
 70
0
 71
3
 72
8
 73
4
 74
0
 40
0.0
 40
0.0
 40
0.0
 40
0.0
 40
1.0
 40
1.0
 40
1.0
 40
1.0
 10
1.7679554786746277
 20
-0.6146515014593206
 30
0.0
 10
1.8714248110507725
 20
-0.5226506525414152
 30
0.0
 10
1.9998338785941865
 20
-0.3786832379535099
 30
0.0
 10
2.084645843579767
 20
-0.2596133949909927
 30
0.0
  0
SPLINE
  5
392
330
17
100
AcDbEntity
  8
0
100
AcDbSpline
 70
0
 71
3
 72
8
 73
4
 74
0
 40
0.0
 40
0.0
 40
0.0
 40
0.0
 40
1.0
 40
1.0
 40
1.0
 40
1.0
 10
1.528635213569908
 20
-0.7573540097832847
 30
0.0
 10
1.5869684741006296
 20
-0.7681267947964443
 30
0.0
 10
1.6124774170865992
 20
-0.7529268378600591
 30
0.0
 10
1.7679554786746277
 20
-0.6146515014593206
 30
0.0
  0
SPLINE
  5
393
330
17
100
AcDbEntity
  8
0
100
AcDbSpline
 70
0
 71
3
 72
8
 73
4
 74
0
 40
0.0
 40
0.0
 40
0.0
 40
0.0
 40
1.0
 40
1.0
 40
1.0
 40
1.0
 10
1.2200191669818166
 20
-0.7489845466714087
 30
0.0
 10
1.251388842323239
 20
-0.7228220687825342
 30
0.0
 10
1.3573458236847893
 20
-0.7256891896470279
 30
0.0
 10
1.528635213569908
 20
-0.7573540097832847
 30
0.0
  0
SPLINE
  5
394
330
17
100
AcDbEntity
  8
0
100
AcDbSpline
 70
0
 71
3
 72
8
 73
4
 74
0
 40
0.0
 40
0.0
 40
0.0
 40
0.0
 40
1.0
 40
1.0
 40
1.0
 40
1.0
 10
0.9689141918529991
 20
-1.0501798098453037
 30
0.0
 10
1.089143532224055
 20
-0.8994451467465296
 30
0.0
 10
1.2021418251205755
 20
-0.7639104405839134
 30
0.0
 10
1.2200191669818166
 20
-0.7489845466714087
 30
0.0
  0
SPLINE
  5
395
330
17
100
AcDbEntity
  8
0
100
AcDbSpline
 70
0
 71
3
 72
8
 73
4
 74
0
 40
0.0
 40
0.0
 40
0.0
 40
0.0
 40
1.0
 40
1.0
 40
1.0
 40
1.0
 10
0.3740076942323016
 20
-1.822974291693754
 30
0.0
 10
0.4450743444849472
 20
-1.6021005762690947
 30
0.0
 10
0.7368038924517482
 20
-1.3411504140540274
 30
0.0
 10
0.9689141918529991
 20
-1.0501798098453037
 30
0.0
  0
CIRCLE
  5
396
330
17
100
AcDbEntity
  8
0
100
AcDbCircle
 10
-3.75
 20
0.0
 30
0.0
 40
0.0625
  0
CIRCLE
  5
397
330
17
100
AcDbEntity
  8
0
100
AcDbCircle
 10
-3.75
 20
6.625
 30
0.0
 40
0.0625
  0
CIRCLE
  5
398
330
17
100
AcDbEntity
  8
0
100
AcDbCircle
 10
-3.75
 20
13.25
 30
0.0
 40
0.0625
  0
CIRCLE
  5
399
330
17
100
AcDbEntity
  8
0
100
AcDbCircle
 10
-3.75
 20
19.875
 30
0.0
 40
0.0625
  0
SPLINE
  5
39A
330
17
100
AcDbEntity
  8
0
100
AcDbSpline
 70
0
 71
3
 72
8
 73
4
 74
0
 40
0.0
 40
0.0
 40
0.0
 40
0.0
 40
1.0
 40
1.0
 40
1.0
 40
1.0
 10
0.061765583021411885
 20
16.07875917866636
 30
0.0
 10
0.07045127269927853
 20
16.07875917866636
 30
0.0
 10
0.1097055304181822
 20
16.043130985570315
 30
0.0
 10
0.14898086990814807
 20
15.999702537181065
 30
0.0
  0
SPLINE
  5
39B
330
17
100
AcDbEntity
  8
0
100
AcDbSpline
 70
0
 71
3
 72
8
 73
4
 74
0
 40
0.0
 40
0.0
 40
0.0
 40
0.0
 40
1.0
 40
1.0
 40
1.0
 40
1.0
 10
-0.006771254703697771
 20
15.999702537181065
 30
0.0
 10
0.022216180507629524
 20
16.043130985570315
 30
0.0
 10
0.053058811572483044
 20
16.07875917866636
 30
0.0
 10
0.061765583021411885
 20
16.07875917866636
 30
0.0
  0
SPLINE
  5
39C
330
17
100
AcDbEntity
  8
0
100
AcDbSpline
 70
0
 71
3
 72
8
 73
4
 74
0
 40
0.0
 40
0.0
 40
0.0
 40
0.0
 40
1.0
 40
1.0
 40
1.0
 40
1.0
 10
-0.17295885599162286
 20
15.793733633897546
 30
0.0
 10
-0.11053573187471954
 20
15.863514296115454
 30
0.0
 10
-0.035758689915025954
 20
15.956274088791588
 30
0.0
 10
-0.006771254703697771
 20
15.999702537181065
 30
0.0
  0
SPLINE
  5
39D
330
17
100
AcDbEntity
  8
0
100
AcDbSpline
 70
0
 71
3
 72
8
 73
4
 74
0
 40
0.0
 40
0.0
 40
0.0
 40
0.0
 40
1.0
 40
1.0
 40
1.0
 40
1.0
 10
-0.4855171937684548
 20
15.365141228191305
 30
0.0
 10
-0.42602443582927885
 20
15.482988328432157
 30
0.0
 10
-0.31578785494198236
 20
15.63414462695232
 30
0.0
 10
-0.17295885599162286
 20
15.793733633897546
 30
0.0
  0
SPLINE
  5
39E
330
17
100
AcDbEntity
  8
0
100
AcDbSpline
 70
0
 71
3
 72
8
 73
4
 74
0
 40
0.0
 40
0.0
 40
0.0
 40
0.0
 40
1.0
 40
1.0
 40
1.0
 40
1.0
 10
-0.6954283882405932
 20
15.101619089906308
 30
0.0
 10
-0.6054303075735681
 20
15.19627624197824
 30
0.0
 10
-0.5109628914412347
 20
15.31496661306187
 30
0.0
 10
-0.4855171937684548
 20
15.365141228191305
 30
0.0
  0
SPLINE
  5
39F
330
17
100
AcDbEntity
  8
0
100
AcDbSpline
 70
0
 71
3
 72
8
 73
4
 74
0
 40
0.0
 40
0.0
 40
0.0
 40
0.0
 40
1.0
 40
1.0
 40
1.0
 40
1.0
 10
-1.0558845098720697
 20
14.607673193905384
 30
0.0
 10
-0.9474398795251102
 20
14.81300964405682
 30
0.0
 10
-0.8725363469390399
 20
14.91567786913265
 30
0.0
 10
-0.6954283882405932
 20
15.101619089906308
 30
0.0
  0
SPLINE
  5
3A0
330
17
100
AcDbEntity
  8
0
100
AcDbSpline
 70
0
 71
3
 72
8
 73
4
 74
0
 40
0.0
 40
0.0
 40
0.0
 40
0.0
 40
1.0
 40
1.0
 40
1.0
 40
1.0
 10
-1.1985237728828655
 20
14.411191087600173
 30
0.0
 10
-1.1585527349478277
 20
14.446397645275056
 30
0.0
 10
-1.0943587420616496
 20
14.534730266028191
 30
0.0
 10
-1.0558845098720697
 20
14.607673193905384
 30
0.0
  0
SPLINE
  5
3A1
330
17
100
AcDbEntity
  8
0
100
AcDbSpline
 70
0
 71
3
 72
8
 73
4
 74
0
 40
0.0
 40
0.0
 40
0.0
 40
0.0
 40
1.0
 40
1.0
 40
1.0
 40
1.0
 10
-1.6522878132382242
 20
13.794549284013783
 30
0.0
 10
-1.5013001688865661
 20
14.046265630503513
 30
0.0
 10
-1.2949307119529752
 20
14.326653185638406
 30
0.0
 10
-1.1985237728828655
 20
14.411191087600173
 30
0.0
  0
SPLINE
  5
3A2
330
17
100
AcDbEntity
  8
0
100
AcDbSpline
 70
0
 71
3
 72
8
 73
4
 74
0
 40
0.0
 40
0.0
 40
0.0
 40
0.0
 40
1.0
 40
1.0
 40
1.0
 40
1.0
 10
-2.0368614809655248
 20
13.562017349191365
 30
0.0
 10
-1.8440054392831797
 20
13.513529275746805
 30
0.0
 10
-1.8079134472236942
 20
13.535454317652238
 30
0.0
 10
-1.6522878132382242
 20
13.794549284013783
 30
0.0
  0
SPLINE
  5
3A3
330
17
100
AcDbEntity
  8
0
100
AcDbSpline
 70
0
 71
3
 72
8
 73
4
 74
0
 40
0.0
 40
0.0
 40
0.0
 40
0.0
 40
1.0
 40
1.0
 40
1.0
 40
1.0
 10
-2.263891073540643
 20
13.656885318973764
 30
0.0
 10
-2.2151711006145507
 20
13.623786938405374
 30
0.0
 10
-2.1130088380443004
 20
13.581201760858448
 30
0.0
 10
-2.0368614809655248
 20
13.562017349191365
 30
0.0
  0
SPLINE
  5
3A4
330
17
100
AcDbEntity
  8
0
100
AcDbSpline
 70
0
 71
3
 72
8
 73
4
 74
0
 40
0.0
 40
0.0
 40
0.0
 40
0.0
 40
1.0
 40
1.0
 40
1.0
 40
1.0
 10
-2.3783440086404974
 20
13.717179184213364
 30
0.0
 10
-2.3640927314020557
 20
13.71696836650267
 30
0.0
 10
-2.3125899646956745
 20
13.689772881831686
 30
0.0
 10
-2.263891073540643
 20
13.656885318973764
 30
0.0
  0
SPLINE
  5
3A5
330
17
100
AcDbEntity
  8
0
100
AcDbSpline
 70
0
 71
3
 72
8
 73
4
 74
0
 40
0.0
 40
0.0
 40
0.0
 40
0.0
 40
1.0
 40
1.0
 40
1.0
 40
1.0
 10
-2.8575537466686356
 20
13.011361489031287
 30
0.0
 10
-2.624241786316807
 20
13.40010934742918
 30
0.0
 10
-2.408617431886654
 20
13.717600819634754
 30
0.0
 10
-2.3783440086404974
 20
13.717179184213364
 30
0.0
  0
SPLINE
  5
3A6
330
17
100
AcDbEntity
  8
0
100
AcDbSpline
 70
0
 71
3
 72
8
 73
4
 74
0
 40
0.0
 40
0.0
 40
0.0
 40
0.0
 40
1.0
 40
1.0
 40
1.0
 40
1.0
 10
-3.1634291630185647
 20
12.515939869055956
 30
0.0
 10
-3.0856795913390185
 20
12.63779250579887
 30
0.0
 10
-2.948036708070103
 20
12.860626825932513
 30
0.0
 10
-2.8575537466686356
 20
13.011361489031287
 30
0.0
  0
SPLINE
  5
3A7
330
17
100
AcDbEntity
  8
0
100
AcDbSpline
 70
0
 71
3
 72
8
 73
4
 74
0
 40
0.0
 40
0.0
 40
0.0
 40
0.0
 40
1.0
 40
1.0
 40
1.0
 40
1.0
 10
-3.366214718871482
 20
12.179474802893992
 30
0.0
 10
-3.3324417216289026
 20
12.242930933792877
 30
0.0
 10
-3.241178734698112
 20
12.394298050023735
 30
0.0
 10
-3.1634291630185647
 20
12.515939869055956
 30
0.0
  0
SPLINE
  5
3A8
330
17
100
AcDbEntity
  8
0
100
AcDbSpline
 70
0
 71
3
 72
8
 73
4
 74
0
 40
0.0
 40
0.0
 40
0.0
 40
0.0
 40
1.0
 40
1.0
 40
1.0
 40
1.0
 10
-3.579203851918787
 20
11.902038695707688
 30
0.0
 10
-3.4958465291365393
 20
11.991425405013842
 30
0.0
 10
-3.3999877161140617
 20
12.116229489705574
 30
0.0
 10
-3.366214718871482
 20
12.179474802893992
 30
0.0
  0
SPLINE
  5
3A9
330
17
100
AcDbEntity
  8
0
100
AcDbSpline
 70
0
 71
3
 72
8
 73
4
 74
0
 40
0.0
 40
0.0
 40
0.0
 40
0.0
 40
1.0
 40
1.0
 40
1.0
 40
1.0
 10
-3.9216139775205208
 20
11.47956000360955
 30
0.0
 10
-3.8166689211699834
 20
11.622494411415119
 30
0.0
 10
-3.662582256472097
 20
11.812651986401534
 30
0.0
 10
-3.579203851918787
 20
11.902038695707688
 30
0.0
  0
SPLINE
  5
3AA
330
17
100
AcDbEntity
  8
0
100
AcDbSpline
 70
0
 71
3
 72
8
 73
4
 74
0
 40
0.0
 40
0.0
 40
0.0
 40
0.0
 40
1.0
 40
1.0
 40
1.0
 40
1.0
 10
-4.207482793131869
 20
11.11083982772152
 30
0.0
 10
-4.155200000896166
 20
11.170501239829036
 30
0.0
 10
-4.026559033871059
 20
11.336414778093285
 30
0.0
 10
-3.9216139775205208
 20
11.47956000360955
 30
0.0
  0
LINE
  5
3AB
330
17
100
AcDbEntity
  8
0
100
AcDbLine
 10
-4.235542630416434
 20
10.890956955536694
 30
0.0
 11
-4.207482793131869
 21
11.11083982772152
 31
0.0
  0
LINE
  5
3AC
330
17
100
AcDbEntity
  8
0
100
AcDbLine
 10
-4.24323747685435
 20
10.480073237522902
 30
0.0
 11
-4.235542630416434
 21
10.890956955536467
 31
0.0
  0
SPLINE
  5
3AD
330
17
100
AcDbEntity
  8
0
100
AcDbSpline
 70
0
 71
3
 72
8
 73
4
 74
0
 40
0.0
 40
0.0
 40
0.0
 40
0.0
 40
1.0
 40
1.0
 40
1.0
 40
1.0
 10
-4.245830534695073
 20
9.961250851667728
 30
0.0
 10
-4.256540074394967
 20
9.967786200697219
 30
0.0
 10
-4.24323747685435
 20
10.197577505281743
 30
0.0
 10
-4.24323747685435
 20
10.480073237522902
 30
0.0
  0
SPLINE
  5
3AE
330
17
100
AcDbEntity
  8
0
100
AcDbSpline
 70
0
 71
3
 72
8
 73
4
 74
0
 40
0.0
 40
0.0
 40
0.0
 40
0.0
 40
1.0
 40
1.0
 40
1.0
 40
1.0
 10
-4.183892291312614
 20
10.075724868538828
 30
0.0
 10
-4.227995356375958
 20
10.01479855016737
 30
0.0
 10
-4.235268567392619
 20
9.954715502638464
 30
0.0
 10
-4.245830534695073
 20
9.961250851667728
 30
0.0
  0
SPLINE
  5
3AF
330
17
100
AcDbEntity
  8
0
100
AcDbSpline
 70
0
 71
3
 72
8
 73
4
 74
0
 40
0.0
 40
0.0
 40
0.0
 40
0.0
 40
1.0
 40
1.0
 40
1.0
 40
1.0
 10
-3.9889280725239895
 20
10.329971027555985
 30
0.0
 10
-4.052046895085964
 20
10.250914386070463
 30
0.0
 10
-4.139768144478208
 20
10.13644036919959
 30
0.0
 10
-4.183892291312614
 20
10.075724868538828
 30
0.0
  0
SPLINE
  5
3B0
330
17
100
AcDbEntity
  8
0
100
AcDbSpline
 70
0
 71
3
 72
8
 73
4
 74
0
 40
0.0
 40
0.0
 40
0.0
 40
0.0
 40
1.0
 40
1.0
 40
1.0
 40
1.0
 10
-3.724689154023058
 20
10.697215479469605
 30
0.0
 10
-3.806886979396852
 20
10.574097936462977
 30
0.0
 10
-3.925809249962015
 20
10.408816851330812
 30
0.0
 10
-3.9889280725239895
 20
10.329971027555985
 30
0.0
  0
SPLINE
  5
3B1
330
17
100
AcDbEntity
  8
0
100
AcDbSpline
 70
0
 71
3
 72
8
 73
4
 74
0
 40
0.0
 40
0.0
 40
0.0
 40
0.0
 40
1.0
 40
1.0
 40
1.0
 40
1.0
 10
-3.451132092712376
 20
11.017447581913302
 30
0.0
 10
-3.538832260333556
 20
10.949142643669802
 30
0.0
 10
-3.619027317456385
 20
10.855328762440422
 30
0.0
 10
-3.724689154023058
 20
10.697215479469605
 30
0.0
  0
SPLINE
  5
3B2
330
17
100
AcDbEntity
  8
0
100
AcDbSpline
 70
0
 71
3
 72
8
 73
4
 74
0
 40
0.0
 40
0.0
 40
0.0
 40
0.0
 40
1.0
 40
1.0
 40
1.0
 40
1.0
 10
-2.927650635452391
 20
11.820241423984044
 30
0.0
 10
-3.197813531621965
 20
11.298256772469585
 30
0.0
 10
-3.308598238556894
 20
11.1283376977035
 30
0.0
 10
-3.451132092712376
 20
11.017447581913302
 30
0.0
  0
SPLINE
  5
3B3
330
17
100
AcDbEntity
  8
0
100
AcDbSpline
 70
0
 71
3
 72
8
 73
4
 74
0
 40
0.0
 40
0.0
 40
0.0
 40
0.0
 40
1.0
 40
1.0
 40
1.0
 40
1.0
 10
-2.6398844604453933
 20
12.305122158428048
 30
0.0
 10
-2.7051325418847076
 20
12.218265261649549
 30
0.0
 10
-2.834637861523389
 20
12.000068931149599
 30
0.0
 10
-2.927650635452391
 20
11.820241423984044
 30
0.0
  0
SPLINE
  5
3B4
330
17
100
AcDbEntity
  8
0
100
AcDbSpline
 70
0
 71
3
 72
8
 73
4
 74
0
 40
0.0
 40
0.0
 40
0.0
 40
0.0
 40
1.0
 40
1.0
 40
1.0
 40
1.0
 10
-2.359686641249933
 20
12.709259709701655
 30
0.0
 10
-2.448525224508505
 20
12.573914739478596
 30
0.0
 10
-2.5746152972350145
 20
12.391979055206775
 30
0.0
 10
-2.6398844604453933
 20
12.305122158428048
 30
0.0
  0
SPLINE
  5
3B5
330
17
100
AcDbEntity
  8
0
100
AcDbSpline
 70
0
 71
3
 72
8
 73
4
 74
0
 40
0.0
 40
0.0
 40
0.0
 40
0.0
 40
1.0
 40
1.0
 40
1.0
 40
1.0
 10
-2.155467524964747
 20
12.978052290752203
 30
0.0
 10
-2.178931536157625
 20
12.96540322811461
 30
0.0
 10
-2.270826976220299
 20
12.844393862214247
 30
0.0
 10
-2.359686641249933
 20
12.709259709701655
 30
0.0
  0
SPLINE
  5
3B6
330
17
100
AcDbEntity
  8
0
100
AcDbSpline
 70
0
 71
3
 72
8
 73
4
 74
0
 40
0.0
 40
0.0
 40
0.0
 40
0.0
 40
1.0
 40
1.0
 40
1.0
 40
1.0
 10
-1.786410040739654
 20
12.747839350746517
 30
0.0
 10
-1.9097594832280014
 20
12.967722222931343
 30
0.0
 10
-2.0320126736210855
 20
13.044038234178743
 30
0.0
 10
-2.155467524964747
 20
12.978052290752203
 30
0.0
  0
SPLINE
  5
3B7
330
17
100
AcDbEntity
  8
0
100
AcDbSpline
 70
0
 71
3
 72
8
 73
4
 74
0
 40
0.0
 40
0.0
 40
0.0
 40
0.0
 40
1.0
 40
1.0
 40
1.0
 40
1.0
 10
-1.5994990584970128
 20
12.578341911401822
 30
0.0
 10
-1.6966227777832588
 20
12.589515250065006
 30
0.0
 10
-1.698773118431661
 20
12.591623427171271
 30
0.0
 10
-1.786410040739654
 20
12.747839350746517
 30
0.0
  0
SPLINE
  5
3B8
330
17
100
AcDbEntity
  8
0
100
AcDbSpline
 70
0
 71
3
 72
8
 73
4
 74
0
 40
0.0
 40
0.0
 40
0.0
 40
0.0
 40
1.0
 40
1.0
 40
1.0
 40
1.0
 10
-1.463057836178677
 20
12.531962015063755
 30
0.0
 10
-1.4840552801572082
 20
12.551146426730838
 30
0.0
 10
-1.5454664792630983
 20
12.572017380083025
 30
0.0
 10
-1.5994990584970128
 20
12.578341911401822
 30
0.0
  0
SPLINE
  5
3B9
330
17
100
AcDbEntity
  8
0
100
AcDbSpline
 70
0
 71
3
 72
8
 73
4
 74
0
 40
0.0
 40
0.0
 40
0.0
 40
0.0
 40
1.0
 40
1.0
 40
1.0
 40
1.0
 10
-1.287826155104817
 20
12.275186043518943
 30
0.0
 10
-1.3631934866542692
 20
12.397038680261858
 30
0.0
 10
-1.442039310429081
 20
12.512566785685976
 30
0.0
 10
-1.463057836178677
 20
12.531962015063755
 30
0.0
  0
SPLINE
  5
3BA
330
17
100
AcDbEntity
  8
0
100
AcDbSpline
 70
0
 71
3
 72
8
 73
4
 74
0
 40
0.0
 40
0.0
 40
0.0
 40
0.0
 40
1.0
 40
1.0
 40
1.0
 40
1.0
 10
-1.1297128721339393
 20
12.052984176517157
 30
0.0
 10
-1.1413078462184698
 20
12.053405811938546
 30
0.0
 10
-1.2124588235553655
 20
12.153333406776028
 30
0.0
 10
-1.287826155104817
 20
12.275186043518943
 30
0.0
  0
SPLINE
  5
3BB
330
17
100
AcDbEntity
  8
0
100
AcDbSpline
 70
0
 71
3
 72
8
 73
4
 74
0
 40
0.0
 40
0.0
 40
0.0
 40
0.0
 40
1.0
 40
1.0
 40
1.0
 40
1.0
 10
-1.0528276530679666
 20
12.278769944599617
 30
0.0
 10
-1.0835227117353803
 20
12.15417667761858
 30
0.0
 10
-1.1181178980494075
 20
12.052562541095995
 30
0.0
 10
-1.1297128721339393
 20
12.052984176517157
 30
0.0
  0
SPLINE
  5
3BC
330
17
100
AcDbEntity
  8
0
100
AcDbSpline
 70
0
 71
3
 72
8
 73
4
 74
0
 40
0.0
 40
0.0
 40
0.0
 40
0.0
 40
1.0
 40
1.0
 40
1.0
 40
1.0
 10
-1.1100224979612987
 20
12.725914308841311
 30
0.0
 10
-0.9881698612184082
 20
12.502658353286506
 30
0.0
 10
-0.99143753573314
 20
12.528167296272386
 30
0.0
 10
-1.0528276530679666
 20
12.278769944599617
 30
0.0
  0
SPLINE
  5
3BD
330
17
100
AcDbEntity
  8
0
100
AcDbSpline
 70
0
 71
3
 72
8
 73
4
 74
0
 40
0.0
 40
0.0
 40
0.0
 40
0.0
 40
1.0
 40
1.0
 40
1.0
 40
1.0
 10
-1.1342454529124373
 20
13.076082526194114
 30
0.0
 10
-1.1786647445417224
 20
13.000398968078798
 30
0.0
 10
-1.1669011162886895
 20
12.830269075602018
 30
0.0
 10
-1.1100224979612987
 20
12.725914308841311
 30
0.0
  0
SPLINE
  5
3BE
330
17
100
AcDbEntity
  8
0
100
AcDbSpline
 70
0
 71
3
 72
8
 73
4
 74
0
 40
0.0
 40
0.0
 40
0.0
 40
0.0
 40
1.0
 40
1.0
 40
1.0
 40
1.0
 10
-0.7384352012086723
 20
13.582255849411695
 30
0.0
 10
-0.8306679496083511
 20
13.479587624335863
 30
0.0
 10
-1.0980058884555115
 20
13.137641297697428
 30
0.0
 10
-1.1342454529124373
 20
13.076082526194114
 30
0.0
  0
SPLINE
  5
3BF
330
17
100
AcDbEntity
  8
0
100
AcDbSpline
 70
0
 71
3
 72
8
 73
4
 74
0
 40
0.0
 40
0.0
 40
0.0
 40
0.0
 40
1.0
 40
1.0
 40
1.0
 40
1.0
 10
-0.6463078616643072
 20
13.793073560039375
 30
0.0
 10
-0.6585352888807208
 20
13.690194517253076
 30
0.0
 10
-0.6746628437437514
 20
13.653090600182622
 30
0.0
 10
-0.7384352012086723
 20
13.582255849411695
 30
0.0
  0
SPLINE
  5
3C0
330
17
100
AcDbEntity
  8
0
100
AcDbSpline
 70
0
 71
3
 72
8
 73
4
 74
0
 40
0.0
 40
0.0
 40
0.0
 40
0.0
 40
1.0
 40
1.0
 40
1.0
 40
1.0
 10
-0.49679594128704396
 20
14.193627210232307
 30
0.0
 10
-0.596681372582514
 20
14.065028406749434
 30
0.0
 10
-0.6220638249421051
 20
13.997145103927096
 30
0.0
 10
-0.6463078616643072
 20
13.793073560039375
 30
0.0
  0
SPLINE
  5
3C1
330
17
100
AcDbEntity
  8
0
100
AcDbSpline
 70
0
 71
3
 72
8
 73
4
 74
0
 40
0.0
 40
0.0
 40
0.0
 40
0.0
 40
1.0
 40
1.0
 40
1.0
 40
1.0
 10
-0.10918649852670104
 20
14.922845671293999
 30
0.0
 10
-0.17066094294577905
 20
14.736904450520342
 30
0.0
 10
-0.3780634066614459
 20
14.346680868148042
 30
0.0
 10
-0.49679594128704396
 20
14.193627210232307
 30
0.0
  0
SPLINE
  5
3C2
330
17
100
AcDbEntity
  8
0
100
AcDbSpline
 70
0
 71
3
 72
8
 73
4
 74
0
 40
0.0
 40
0.0
 40
0.0
 40
0.0
 40
1.0
 40
1.0
 40
1.0
 40
1.0
 10
-0.03611708002309211
 20
15.08580776160943
 30
0.0
 10
-0.05072674736960181
 20
15.073580334393
 30
0.0
 10
-0.08361431022754573
 20
15.000426588805112
 30
0.0
 10
-0.10918649852670104
 20
14.922845671293999
 30
0.0
  0
SPLINE
  5
3C3
330
17
100
AcDbEntity
  8
0
100
AcDbSpline
 70
0
 71
3
 72
8
 73
4
 74
0
 40
0.0
 40
0.0
 40
0.0
 40
0.0
 40
1.0
 40
1.0
 40
1.0
 40
1.0
 10
0.227784530140835
 20
14.796987498049248
 30
0.0
 10
0.07616443265729256
 20
15.053763469593832
 30
0.0
 10
0.011106087157542355
 20
15.12501985578615
 30
0.0
 10
-0.03611708002309211
 20
15.08580776160943
 30
0.0
  0
SPLINE
  5
3C4
330
17
100
AcDbEntity
  8
0
100
AcDbSpline
 70
0
 71
3
 72
8
 73
4
 74
0
 40
0.0
 40
0.0
 40
0.0
 40
0.0
 40
1.0
 40
1.0
 40
1.0
 40
1.0
 10
0.5248056026443946
 20
14.350053951518248
 30
0.0
 10
0.4415536887174616
 20
14.46031161417659
 30
0.0
 10
0.3078952601794125
 20
14.661431710115494
 30
0.0
 10
0.227784530140835
 20
14.796987498049248
 30
0.0
  0
SPLINE
  5
3C5
330
17
100
AcDbEntity
  8
0
100
AcDbSpline
 70
0
 71
3
 72
8
 73
4
 74
0
 40
0.0
 40
0.0
 40
0.0
 40
0.0
 40
1.0
 40
1.0
 40
1.0
 40
1.0
 10
0.6652523614646597
 20
14.052379344111614
 30
0.0
 10
0.6758354105381779
 20
14.146825678472851
 30
0.0
 10
0.6715558110124329
 20
14.155890840029997
 30
0.0
 10
0.5248056026443946
 20
14.350053951518248
 30
0.0
  0
SPLINE
  5
3C6
330
17
100
AcDbEntity
  8
0
100
AcDbSpline
 70
0
 71
3
 72
8
 73
4
 74
0
 40
0.0
 40
0.0
 40
0.0
 40
0.0
 40
1.0
 40
1.0
 40
1.0
 40
1.0
 10
0.7785036356139354
 20
13.83333974276934
 30
0.0
 10
0.682813476759959
 20
13.882881904766919
 30
0.0
 10
0.6527719529954918
 20
13.941067592900254
 30
0.0
 10
0.6652523614646597
 20
14.052379344111614
 30
0.0
  0
SPLINE
  5
3C7
330
17
100
AcDbEntity
  8
0
100
AcDbSpline
 70
0
 71
3
 72
8
 73
4
 74
0
 40
0.0
 40
0.0
 40
0.0
 40
0.0
 40
1.0
 40
1.0
 40
1.0
 40
1.0
 10
0.8738775679019684
 20
13.729406611429795
 30
0.0
 10
0.8549672192586524
 20
13.76925115873837
 30
0.0
 10
0.8120447333748242
 20
13.816052690497827
 30
0.0
 10
0.7785036356139354
 20
13.83333974276934
 30
0.0
  0
SPLINE
  5
3C8
330
17
100
AcDbEntity
  8
0
100
AcDbSpline
 70
0
 71
3
 72
8
 73
4
 74
0
 40
0.0
 40
0.0
 40
0.0
 40
0.0
 40
1.0
 40
1.0
 40
1.0
 40
1.0
 10
0.969420154358505
 20
13.64339298549362
 30
0.0
 10
0.9271722851486874
 20
13.652668964761233
 30
0.0
 10
0.8976367238897263
 20
13.67923199630036
 30
0.0
 10
0.8738775679019684
 20
13.729406611429795
 30
0.0
  0
SPLINE
  5
3C9
330
17
100
AcDbEntity
  8
0
100
AcDbSpline
 70
0
 71
3
 72
8
 73
4
 74
0
 40
0.0
 40
0.0
 40
0.0
 40
0.0
 40
1.0
 40
1.0
 40
1.0
 40
1.0
 10
1.1663871413980944
 20
13.397157899480362
 30
0.0
 10
1.0950675098926963
 20
13.558011812689301
 30
0.0
 10
1.0390532441788807
 20
13.628214110328372
 30
0.0
 10
0.969420154358505
 20
13.64339298549362
 30
0.0
  0
SPLINE
  5
3CA
330
17
100
AcDbEntity
  8
0
100
AcDbSpline
 70
0
 71
3
 72
8
 73
4
 74
0
 40
0.0
 40
0.0
 40
0.0
 40
0.0
 40
1.0
 40
1.0
 40
1.0
 40
1.0
 10
1.382665030731193
 20
13.072709442824134
 30
0.0
 10
1.2909382448370206
 20
13.189713272222662
 30
0.0
 10
1.1936037078401478
 20
13.335599127977048
 30
0.0
 10
1.1663871413980944
 20
13.397157899480362
 30
0.0
  0
SPLINE
  5
3CB
330
17
100
AcDbEntity
  8
0
100
AcDbSpline
 70
0
 71
3
 72
8
 73
4
 74
0
 40
0.0
 40
0.0
 40
0.0
 40
0.0
 40
1.0
 40
1.0
 40
1.0
 40
1.0
 10
1.6964671930007302
 20
12.593309968856374
 30
0.0
 10
1.6764816740332105
 20
12.674053152026772
 30
0.0
 10
1.581866685503437
 20
12.818674101517445
 30
0.0
 10
1.382665030731193
 20
13.072709442824134
 30
0.0
  0
SPLINE
  5
3CC
330
17
100
AcDbEntity
  8
0
100
AcDbSpline
 70
0
 71
3
 72
8
 73
4
 74
0
 40
0.0
 40
0.0
 40
0.0
 40
0.0
 40
1.0
 40
1.0
 40
1.0
 40
1.0
 10
1.6200457728981377
 20
12.440677946361802
 30
0.0
 10
1.698533206564881
 20
12.520788676400343
 30
0.0
 10
1.7091584191805254
 20
12.541870447463225
 30
0.0
 10
1.6964671930007302
 20
12.593309968856374
 30
0.0
  0
SPLINE
  5
3CD
330
17
100
AcDbEntity
  8
0
100
AcDbSpline
 70
0
 71
3
 72
8
 73
4
 74
0
 40
0.0
 40
0.0
 40
0.0
 40
0.0
 40
1.0
 40
1.0
 40
1.0
 40
1.0
 10
1.453963580465528
 20
12.206670287564975
 30
0.0
 10
1.4951784428932697
 20
12.284462022786556
 30
0.0
 10
1.569913321310838
 20
12.389660060389815
 30
0.0
 10
1.6200457728981377
 20
12.440677946361802
 30
0.0
  0
SPLINE
  5
3CE
330
17
100
AcDbEntity
  8
0
100
AcDbSpline
 70
0
 71
3
 72
8
 73
4
 74
0
 40
0.0
 40
0.0
 40
0.0
 40
0.0
 40
1.0
 40
1.0
 40
1.0
 40
1.0
 10
1.2561322408123647
 20
12.017777618842501
 30
0.0
 10
1.3641552357380693
 20
12.050875999410891
 30
0.0
 10
1.3783221858922587
 20
12.064368332891263
 30
0.0
 10
1.453963580465528
 20
12.206670287564975
 30
0.0
  0
SPLINE
  5
3CF
330
17
100
AcDbEntity
  8
0
100
AcDbSpline
 70
0
 71
3
 72
8
 73
4
 74
0
 40
0.0
 40
0.0
 40
0.0
 40
0.0
 40
1.0
 40
1.0
 40
1.0
 40
1.0
 10
1.0565300323899276
 20
11.71483256867009
 30
0.0
 10
1.1762744920265389
 20
11.976035712138128
 30
0.0
 10
1.1904625239517932
 20
11.997539118622171
 30
0.0
 10
1.2561322408123647
 20
12.017777618842501
 30
0.0
  0
SPLINE
  5
3D0
330
17
100
AcDbEntity
  8
0
100
AcDbSpline
 70
0
 71
3
 72
8
 73
4
 74
0
 40
0.0
 40
0.0
 40
0.0
 40
0.0
 40
1.0
 40
1.0
 40
1.0
 40
1.0
 10
0.5950922273677168
 20
11.067411379332043
 30
0.0
 10
0.6823918413387045
 20
11.124542978912359
 30
0.0
 10
0.9726035017889858
 20
11.53184279584525
 30
0.0
 10
1.0565300323899276
 20
11.71483256867009
 30
0.0
  0
SPLINE
  5
3D1
330
17
100
AcDbEntity
  8
0
100
AcDbSpline
 70
0
 71
3
 72
8
 73
4
 74
0
 40
0.0
 40
0.0
 40
0.0
 40
0.0
 40
1.0
 40
1.0
 40
1.0
 40
1.0
 10
0.2015377251676682
 20
11.095450134845578
 30
0.0
 10
0.3433547991070167
 20
11.045486337426837
 30
0.0
 10
0.5402374590623529
 20
11.031361550814836
 30
0.0
 10
0.5950922273677168
 20
11.067411379332043
 30
0.0
  0
SPLINE
  5
3D2
330
17
100
AcDbEntity
  8
0
100
AcDbSpline
 70
0
 71
3
 72
8
 73
4
 74
0
 40
0.0
 40
0.0
 40
0.0
 40
0.0
 40
1.0
 40
1.0
 40
1.0
 40
1.0
 10
0.10000791572930279
 20
11.124542978912359
 30
0.0
 10
0.1106542101160084
 20
11.124542978912359
 30
0.0
 10
0.15633840800906018
 20
11.111472280853377
 30
0.0
 10
0.2015377251676682
 20
11.095450134845578
 30
0.0
  0
SPLINE
  5
3D3
330
17
100
AcDbEntity
  8
0
100
AcDbSpline
 70
0
 71
3
 72
8
 73
4
 74
0
 40
0.0
 40
0.0
 40
0.0
 40
0.0
 40
1.0
 40
1.0
 40
1.0
 40
1.0
 10
-0.27313943208197156
 20
10.726097505825692
 30
0.0
 10
-0.13703551810063974
 20
10.917098351654431
 30
0.0
 10
0.057317329327164934
 20
11.124542978912359
 30
0.0
 10
0.10000791572930279
 20
11.124542978912359
 30
0.0
  0
SPLINE
  5
3D4
330
17
100
AcDbEntity
  8
0
100
AcDbSpline
 70
0
 71
3
 72
8
 73
4
 74
0
 40
0.0
 40
0.0
 40
0.0
 40
0.0
 40
1.0
 40
1.0
 40
1.0
 40
1.0
 10
-0.7702686755134756
 20
9.912341142802234
 30
0.0
 10
-0.5377789042330958
 20
10.331446751530393
 30
0.0
 10
-0.43751400105849614
 20
10.495673748109311
 30
0.0
 10
-0.27313943208197156
 20
10.726097505825692
 30
0.0
  0
SPLINE
  5
3D5
330
17
100
AcDbEntity
  8
0
100
AcDbSpline
 70
0
 71
3
 72
8
 73
4
 74
0
 40
0.0
 40
0.0
 40
0.0
 40
0.0
 40
1.0
 40
1.0
 40
1.0
 40
1.0
 10
-1.190449454565818
 20
9.34545231892389
 30
0.0
 10
-1.0394407284430986
 20
9.433784939677025
 30
0.0
 10
-1.0248099793255272
 20
9.453390986765498
 30
0.0
 10
-0.7702686755134756
 20
9.912341142802234
 30
0.0
  0
SPLINE
  5
3D6
330
17
100
AcDbEntity
  8
0
100
AcDbSpline
 70
0
 71
3
 72
8
 73
4
 74
0
 40
0.0
 40
0.0
 40
0.0
 40
0.0
 40
1.0
 40
1.0
 40
1.0
 40
1.0
 10
-1.4846666515180287
 20
8.974202330508206
 30
0.0
 10
-1.3950269609590724
 20
9.208631624726422
 30
0.0
 10
-1.369834244539046
 20
9.240465099031326
 30
0.0
 10
-1.190449454565818
 20
9.34545231892389
 30
0.0
  0
SPLINE
  5
3D7
330
17
100
AcDbEntity
  8
0
100
AcDbSpline
 70
0
 71
3
 72
8
 73
4
 74
0
 40
0.0
 40
0.0
 40
0.0
 40
0.0
 40
1.0
 40
1.0
 40
1.0
 40
1.0
 10
-1.8711376786409812
 20
8.27955797398954
 30
0.0
 10
-1.6771432213212454
 20
8.560577982256518
 30
0.0
 10
-1.5672439487709537
 20
8.758114177114749
 30
0.0
 10
-1.4846666515180287
 20
8.974202330508206
 30
0.0
  0
SPLINE
  5
3D8
330
17
100
AcDbEntity
  8
0
100
AcDbSpline
 70
0
 71
3
 72
8
 73
4
 74
0
 40
0.0
 40
0.0
 40
0.0
 40
0.0
 40
1.0
 40
1.0
 40
1.0
 40
1.0
 10
-2.1378853278983856
 20
8.02404690870867
 30
0.0
 10
-2.0116687645454983
 20
8.09193021153078
 30
0.0
 10
-1.9790131011692473
 20
8.123342050414294
 30
0.0
 10
-1.8711376786409812
 20
8.27955797398954
 30
0.0
  0
SPLINE
  5
3D9
330
17
100
AcDbEntity
  8
0
100
AcDbSpline
 70
0
 71
3
 72
8
 73
4
 74
0
 40
0.0
 40
0.0
 40
0.0
 40
0.0
 40
1.0
 40
1.0
 40
1.0
 40
1.0
 10
-2.627277561349848
 20
7.621385081409471
 30
0.0
 10
-2.4463327203179746
 20
7.83072706806297
 30
0.0
 10
-2.3501155171874295
 20
7.909994527258959
 30
0.0
 10
-2.1378853278983856
 20
8.02404690870867
 30
0.0
  0
SPLINE
  5
3DA
330
17
100
AcDbEntity
  8
0
100
AcDbSpline
 70
0
 71
3
 72
8
 73
4
 74
0
 40
0.0
 40
0.0
 40
0.0
 40
0.0
 40
1.0
 40
1.0
 40
1.0
 40
1.0
 10
-2.865733473840995
 20
7.3972858550121146
 30
0.0
 10
-2.8233380322337376
 20
7.41731353752175
 30
0.0
 10
-2.718645957135953
 20
7.515765408384823
 30
0.0
 10
-2.627277561349848
 20
7.621385081409471
 30
0.0
  0
SPLINE
  5
3DB
330
17
100
AcDbEntity
  8
0
100
AcDbSpline
 70
0
 71
3
 72
8
 73
4
 74
0
 40
0.0
 40
0.0
 40
0.0
 40
0.0
 40
1.0
 40
1.0
 40
1.0
 40
1.0
 10
-2.966736239002792
 20
7.308742416548284
 30
0.0
 10
-2.9527379430171035
 20
7.337835260615066
 30
0.0
 10
-2.907285644605742
 20
7.377468990213174
 30
0.0
 10
-2.865733473840995
 20
7.3972858550121146
 30
0.0
  0
SPLINE
  5
3DC
330
17
100
AcDbEntity
  8
0
100
AcDbSpline
 70
0
 71
3
 72
8
 73
4
 74
0
 40
0.0
 40
0.0
 40
0.0
 40
0.0
 40
1.0
 40
1.0
 40
1.0
 40
1.0
 10
-3.0574300181148883
 20
7.11563339361328
 30
0.0
 10
-3.0215277619949674
 20
7.192792675703004
 30
0.0
 10
-2.980713453217418
 20
7.2796495724817305
 30
0.0
 10
-2.966736239002792
 20
7.308742416548284
 30
0.0
  0
SPLINE
  5
3DD
330
17
100
AcDbEntity
  8
0
100
AcDbSpline
 70
0
 71
3
 72
8
 73
4
 74
0
 40
0.0
 40
0.0
 40
0.0
 40
0.0
 40
1.0
 40
1.0
 40
1.0
 40
1.0
 10
-3.2500119967734182
 20
6.8573816980942865
 30
0.0
 10
-3.159486871829824
 20
6.941287146923969
 30
0.0
 10
-3.103809914453012
 20
7.015916616486265
 30
0.0
 10
-3.0574300181148883
 20
7.11563339361328
 30
0.0
  0
SPLINE
  5
3DE
330
17
100
AcDbEntity
  8
0
100
AcDbSpline
 70
0
 71
3
 72
8
 73
4
 74
0
 40
0.0
 40
0.0
 40
0.0
 40
0.0
 40
1.0
 40
1.0
 40
1.0
 40
1.0
 10
-3.394654028035177
 20
6.739534597853208
 30
0.0
 10
-3.3851250675147986
 20
6.739534597853208
 30
0.0
 10
-3.320024558472923
 20
6.79266066093146
 30
0.0
 10
-3.2500119967734182
 20
6.8573816980942865
 30
0.0
  0
SPLINE
  5
3DF
330
17
100
AcDbEntity
  8
0
100
AcDbSpline
 70
0
 71
3
 72
8
 73
4
 74
0
 40
0.0
 40
0.0
 40
0.0
 40
0.0
 40
1.0
 40
1.0
 40
1.0
 40
1.0
 10
-3.467069911635839
 20
6.4973050483417865
 30
0.0
 10
-3.4550743839011164
 20
6.6322283831436835
 30
0.0
 10
-3.4229668465724963
 20
6.739534597853208
 30
0.0
 10
-3.394654028035177
 20
6.739534597853208
 30
0.0
  0
SPLINE
  5
3E0
330
17
100
AcDbEntity
  8
0
100
AcDbSpline
 70
0
 71
3
 72
8
 73
4
 74
0
 40
0.0
 40
0.0
 40
0.0
 40
0.0
 40
1.0
 40
1.0
 40
1.0
 40
1.0
 10
-3.544861646857512
 20
6.316845088044374
 30
0.0
 10
-3.4871397576876095
 20
6.363857437514525
 30
0.0
 10
-3.4768307716379088
 20
6.387890656525997
 30
0.0
 10
-3.467069911635839
 20
6.4973050483417865
 30
0.0
  0
SPLINE
  5
3E1
330
17
100
AcDbEntity
  8
0
100
AcDbSpline
 70
0
 71
3
 72
8
 73
4
 74
0
 40
0.0
 40
0.0
 40
0.0
 40
0.0
 40
1.0
 40
1.0
 40
1.0
 40
1.0
 10
-3.558164244398129
 20
6.162104888443537
 30
0.0
 10
-3.62193660186305
 20
6.201106164909788
 30
0.0
 10
-3.6170667127475467
 20
6.257816129068715
 30
0.0
 10
-3.544861646857512
 20
6.316845088044374
 30
0.0
  0
SPLINE
  5
3E2
330
17
100
AcDbEntity
  8
0
100
AcDbSpline
 70
0
 71
3
 72
8
 73
4
 74
0
 40
0.0
 40
0.0
 40
0.0
 40
0.0
 40
1.0
 40
1.0
 40
1.0
 40
1.0
 10
-3.477336734143415
 20
6.196678992986563
 30
0.0
 10
-3.5126697824446413
 20
6.148823372674087
 30
0.0
 10
-3.526625914888205
 20
6.142709659065758
 30
0.0
 10
-3.558164244398129
 20
6.162104888443537
 30
0.0
  0
SPLINE
  5
3E3
330
17
100
AcDbEntity
  8
0
100
AcDbSpline
 70
0
 71
3
 72
8
 73
4
 74
0
 40
0.0
 40
0.0
 40
0.0
 40
0.0
 40
1.0
 40
1.0
 40
1.0
 40
1.0
 10
-3.414070339184002
 20
6.254653863409203
 30
0.0
 10
-3.425391250244717
 20
6.254653863409203
 30
0.0
 10
-3.453851641179475
 20
6.228512467291239
 30
0.0
 10
-3.477336734143415
 20
6.196678992986563
 30
0.0
  0
SPLINE
  5
3E4
330
17
100
AcDbEntity
  8
0
100
AcDbSpline
 70
0
 71
3
 72
8
 73
4
 74
0
 40
0.0
 40
0.0
 40
0.0
 40
0.0
 40
1.0
 40
1.0
 40
1.0
 40
1.0
 10
-2.8792890526343653
 20
6.711074206918511
 30
0.0
 10
-3.0779425813589767
 20
6.51648946000887
 30
0.0
 10
-3.384703432093544
 20
6.254653863409203
 30
0.0
 10
-3.414070339184002
 20
6.254653863409203
 30
0.0
  0
SPLINE
  5
3E5
330
17
100
AcDbEntity
  8
0
100
AcDbSpline
 70
0
 71
3
 72
8
 73
4
 74
0
 40
0.0
 40
0.0
 40
0.0
 40
0.0
 40
1.0
 40
1.0
 40
1.0
 40
1.0
 10
-2.489508187454555
 20
7.1822517901716765
 30
0.0
 10
-2.611002434089379
 20
7.0142300748013895
 30
0.0
 10
-2.7864027693317404
 20
6.8021474579097685
 30
0.0
 10
-2.8792890526343653
 20
6.711074206918511
 30
0.0
  0
SPLINE
  5
3E6
330
17
100
AcDbEntity
  8
0
100
AcDbSpline
 70
0
 71
3
 72
8
 73
4
 74
0
 40
0.0
 40
0.0
 40
0.0
 40
0.0
 40
1.0
 40
1.0
 40
1.0
 40
1.0
 10
-1.835108931894684
 20
7.677251774725846
 30
0.0
 10
-2.14201735502669
 20
7.665867618351967
 30
0.0
 10
-2.1375901831035065
 20
7.669240701721947
 30
0.0
 10
-2.489508187454555
 20
7.1822517901716765
 30
0.0
  0
SPLINE
  5
3E7
330
17
100
AcDbEntity
  8
0
100
AcDbSpline
 70
0
 71
3
 72
8
 73
4
 74
0
 40
0.0
 40
0.0
 40
0.0
 40
0.0
 40
1.0
 40
1.0
 40
1.0
 40
1.0
 10
-1.468138543004807
 20
7.993899976088869
 30
0.0
 10
-1.6116210768581132
 20
7.709506884451912
 30
0.0
 10
-1.640439857900939
 20
7.684630394597889
 30
0.0
 10
-1.835108931894684
 20
7.677251774725846
 30
0.0
  0
SPLINE
  5
3E8
330
17
100
AcDbEntity
  8
0
100
AcDbSpline
 70
0
 71
3
 72
8
 73
4
 74
0
 40
0.0
 40
0.0
 40
0.0
 40
0.0
 40
1.0
 40
1.0
 40
1.0
 40
1.0
 10
-1.080613427328716
 20
8.58355711271497
 30
0.0
 10
-1.3035109927755295
 20
8.314975349375118
 30
0.0
 10
-1.3148108220651795
 20
8.2978991148143
 30
0.0
 10
-1.468138543004807
 20
7.993899976088869
 30
0.0
  0
SPLINE
  5
3E9
330
17
100
AcDbEntity
  8
0
100
AcDbSpline
 70
0
 71
3
 72
8
 73
4
 74
0
 40
0.0
 40
0.0
 40
0.0
 40
0.0
 40
1.0
 40
1.0
 40
1.0
 40
1.0
 10
-0.7863329850633165
 20
8.992965106754127
 30
0.0
 10
-0.8516021482736957
 20
8.884183168070194
 30
0.0
 10
-0.9840378340901026
 20
8.699928488981413
 30
0.0
 10
-1.080613427328716
 20
8.58355711271497
 30
0.0
  0
SPLINE
  5
3EA
330
17
100
AcDbEntity
  8
0
100
AcDbSpline
 70
0
 71
3
 72
8
 73
4
 74
0
 40
0.0
 40
0.0
 40
0.0
 40
0.0
 40
1.0
 40
1.0
 40
1.0
 40
1.0
 10
-0.508517405997952
 20
9.372436985884406
 30
0.0
 10
-0.5960489194506295
 20
9.272720208757391
 30
0.0
 10
-0.7210638218529377
 20
9.101957863148755
 30
0.0
 10
-0.7863329850633165
 20
8.992965106754127
 30
0.0
  0
SPLINE
  5
3EB
330
17
100
AcDbEntity
  8
0
100
AcDbSpline
 70
0
 71
3
 72
8
 73
4
 74
0
 40
0.0
 40
0.0
 40
0.0
 40
0.0
 40
1.0
 40
1.0
 40
1.0
 40
1.0
 10
-0.24120054892185294
 20
9.690982546643
 30
0.0
 10
-0.3006933068610289
 20
9.615509806238151
 30
0.0
 10
-0.42096481077420966
 20
9.472364580721887
 30
0.0
 10
-0.508517405997952
 20
9.372436985884406
 30
0.0
  0
SPLINE
  5
3EC
330
17
100
AcDbEntity
  8
0
100
AcDbSpline
 70
0
 71
3
 72
8
 73
4
 74
0
 40
0.0
 40
0.0
 40
0.0
 40
0.0
 40
1.0
 40
1.0
 40
1.0
 40
1.0
 10
0.31573767901476923
 20
10.15246251520739
 30
0.0
 10
0.07688121287342753
 20
10.035247868098168
 30
0.0
 10
-0.057156687543751694
 20
9.924146934597275
 30
0.0
 10
-0.24120054892185294
 20
9.690982546643
 30
0.0
  0
SPLINE
  5
3ED
330
17
100
AcDbEntity
  8
0
100
AcDbSpline
 70
0
 71
3
 72
8
 73
4
 74
0
 40
0.0
 40
0.0
 40
0.0
 40
0.0
 40
1.0
 40
1.0
 40
1.0
 40
1.0
 10
0.7646950755678121
 20
10.077622227934398
 30
0.0
 10
0.6535941420669413
 20
10.299191641804327
 30
0.0
 10
0.6248596881083666
 20
10.304040449148715
 30
0.0
 10
0.31573767901476923
 20
10.15246251520739
 30
0.0
  0
SPLINE
  5
3EE
330
17
100
AcDbEntity
  8
0
100
AcDbSpline
 70
0
 71
3
 72
8
 73
4
 74
0
 40
0.0
 40
0.0
 40
0.0
 40
0.0
 40
1.0
 40
1.0
 40
1.0
 40
1.0
 10
0.9328643633356384
 20
9.916557497014765
 30
0.0
 10
0.8364785060365909
 20
9.960829216246566
 30
0.0
 10
0.8109484812795591
 20
9.985073252968732
 30
0.0
 10
0.7646950755678121
 20
10.077622227934398
 30
0.0
  0
SPLINE
  5
3EF
330
17
100
AcDbEntity
  8
0
100
AcDbSpline
 70
0
 71
3
 72
8
 73
4
 74
0
 40
0.0
 40
0.0
 40
0.0
 40
0.0
 40
1.0
 40
1.0
 40
1.0
 40
1.0
 10
1.22564799985558
 20
9.61740716563395
 30
0.0
 10
1.0974919135649168
 20
9.81262436567522
 30
0.0
 10
1.0468745812431735
 20
9.864485522489758
 30
0.0
 10
0.9328643633356384
 20
9.916557497014765
 30
0.0
  0
SPLINE
  5
3F0
330
17
100
AcDbEntity
  8
0
100
AcDbSpline
 70
0
 71
3
 72
8
 73
4
 74
0
 40
0.0
 40
0.0
 40
0.0
 40
0.0
 40
1.0
 40
1.0
 40
1.0
 40
1.0
 10
1.4596134951103537
 20
9.399000017423305
 30
0.0
 10
1.3496931407889994
 20
9.474472757828153
 30
0.0
 10
1.2716695060856367
 20
9.547204867994878
 30
0.0
 10
1.22564799985558
 20
9.61740716563395
 30
0.0
  0
SPLINE
  5
3F1
330
17
100
AcDbEntity
  8
0
100
AcDbSpline
 70
0
 71
3
 72
8
 73
4
 74
0
 40
0.0
 40
0.0
 40
0.0
 40
0.0
 40
1.0
 40
1.0
 40
1.0
 40
1.0
 10
1.7125947478637595
 20
9.174268337894091
 30
0.0
 10
1.6641699197325455
 20
9.235616291686938
 30
0.0
 10
1.5503283559935115
 20
9.336597975077666
 30
0.0
 10
1.4596134951103537
 20
9.399000017423305
 30
0.0
  0
SPLINE
  5
3F2
330
17
100
AcDbEntity
  8
0
100
AcDbSpline
 70
0
 71
3
 72
8
 73
4
 74
0
 40
0.0
 40
0.0
 40
0.0
 40
0.0
 40
1.0
 40
1.0
 40
1.0
 40
1.0
 10
2.0522009979141433
 20
8.887556251440174
 30
0.0
 10
2.034871782100536
 20
8.859517495926866
 30
0.0
 10
1.813976984904686
 20
9.04609116983238
 30
0.0
 10
1.7125947478637595
 20
9.174268337894091
 30
0.0
  0
SPLINE
  5
3F3
330
17
100
AcDbEntity
  8
0
100
AcDbSpline
 70
0
 71
3
 72
8
 73
4
 74
0
 40
0.0
 40
0.0
 40
0.0
 40
0.0
 40
1.0
 40
1.0
 40
1.0
 40
1.0
 10
1.9249092642370549
 20
9.19029048390189
 30
0.0
 10
2.014295973543259
 20
9.038923367671032
 30
0.0
 10
2.067485281934661
 20
8.91222192358373
 30
0.0
 10
2.0522009979141433
 20
8.887556251440174
 30
0.0
  0
SPLINE
  5
3F4
330
17
100
AcDbEntity
  8
0
100
AcDbSpline
 70
0
 71
3
 72
8
 73
4
 74
0
 40
0.0
 40
0.0
 40
0.0
 40
0.0
 40
1.0
 40
1.0
 40
1.0
 40
1.0
 10
1.7821224288288198
 20
9.432730851123779
 30
0.0
 10
1.821313441234536
 20
9.366112454565382
 30
0.0
 10
1.8855495976628376
 20
9.256908880460287
 30
0.0
 10
1.9249092642370549
 20
9.19029048390189
 30
0.0
  0
SPLINE
  5
3F5
330
17
100
AcDbEntity
  8
0
100
AcDbSpline
 70
0
 71
3
 72
8
 73
4
 74
0
 40
0.0
 40
0.0
 40
0.0
 40
0.0
 40
1.0
 40
1.0
 40
1.0
 40
1.0
 10
1.6519846560582554
 20
9.705950604097552
 30
0.0
 10
1.6843873381817547
 20
9.622466790688804
 30
0.0
 10
1.7429524981941675
 20
9.499349247682176
 30
0.0
 10
1.7821224288288198
 20
9.432730851123779
 30
0.0
  0
SPLINE
  5
3F6
330
17
100
AcDbEntity
  8
0
100
AcDbSpline
 70
0
 71
3
 72
8
 73
4
 74
0
 40
0.0
 40
0.0
 40
0.0
 40
0.0
 40
1.0
 40
1.0
 40
1.0
 40
1.0
 10
1.4595924133392906
 20
10.009949742822982
 30
0.0
 10
1.5556831258434594
 20
9.90074616871766
 30
0.0
 10
1.609589214450998
 20
9.815575813624037
 30
0.0
 10
1.6519846560582554
 20
9.705950604097552
 30
0.0
  0
SPLINE
  5
3F7
330
17
100
AcDbEntity
  8
0
100
AcDbSpline
 70
0
 71
3
 72
8
 73
4
 74
0
 40
0.0
 40
0.0
 40
0.0
 40
0.0
 40
1.0
 40
1.0
 40
1.0
 40
1.0
 10
1.3034818986193768
 20
10.377405012447298
 30
0.0
 10
1.2725549404702736
 20
10.274947605082161
 30
0.0
 10
1.315688244064729
 20
10.173333468559349
 30
0.0
 10
1.4595924133392906
 20
10.009949742822982
 30
0.0
  0
SPLINE
  5
3F8
330
17
100
AcDbEntity
  8
0
100
AcDbSpline
 70
0
 71
3
 72
8
 73
4
 74
0
 40
0.0
 40
0.0
 40
0.0
 40
0.0
 40
1.0
 40
1.0
 40
1.0
 40
1.0
 10
1.6899107622002028
 20
11.143516572868748
 30
0.0
 10
1.5297525474362352
 20
10.939445028981027
 30
0.0
 10
1.38892631673684
 20
10.660111562399152
 30
0.0
 10
1.3034818986193768
 20
10.377405012447298
 30
0.0
  0
SPLINE
  5
3F9
330
17
100
AcDbEntity
  8
0
100
AcDbSpline
 70
0
 71
3
 72
8
 73
4
 74
0
 40
0.0
 40
0.0
 40
0.0
 40
0.0
 40
1.0
 40
1.0
 40
1.0
 40
1.0
 10
1.989419483689173
 20
11.907309138473465
 30
0.0
 10
1.870075577702755
 20
11.468808300367527
 30
0.0
 10
1.79500339094818
 20
11.277385819117399
 30
0.0
 10
1.6899107622002028
 20
11.143516572868748
 30
0.0
  0
SPLINE
  5
3FA
330
17
100
AcDbEntity
  8
0
100
AcDbSpline
 70
0
 71
3
 72
8
 73
4
 74
0
 40
0.0
 40
0.0
 40
0.0
 40
0.0
 40
1.0
 40
1.0
 40
1.0
 40
1.0
 10
2.061624549579208
 20
12.075330853843752
 30
0.0
 10
2.0396784259028493
 20
12.048135369172769
 30
0.0
 10
2.0071914166951004
 20
11.972662628768148
 30
0.0
 10
1.989419483689173
 20
11.907309138473465
 30
0.0
  0
SPLINE
  5
3FB
330
17
100
AcDbEntity
  8
0
100
AcDbSpline
 70
0
 71
3
 72
8
 73
4
 74
0
 40
0.0
 40
0.0
 40
0.0
 40
0.0
 40
1.0
 40
1.0
 40
1.0
 40
1.0
 10
2.138762749897933
 20
12.093671994668512
 30
0.0
 10
2.105390306305548
 20
12.121289114760657
 30
0.0
 10
2.097358151530626
 20
12.119391755365086
 30
0.0
 10
2.061624549579208
 20
12.075330853843752
 30
0.0
  0
SPLINE
  5
3FC
330
17
100
AcDbEntity
  8
0
100
AcDbSpline
 70
0
 71
3
 72
8
 73
4
 74
0
 40
0.0
 40
0.0
 40
0.0
 40
0.0
 40
1.0
 40
1.0
 40
1.0
 40
1.0
 10
2.690325126213547
 20
11.24049271975764
 30
0.0
 10
2.6512816862052713
 20
11.363399445053574
 30
0.0
 10
2.225978036784668
 20
12.021361519923175
 30
0.0
 10
2.138762749897933
 20
12.093671994668512
 30
0.0
  0
SPLINE
  5
3FD
330
17
100
AcDbEntity
  8
0
100
AcDbSpline
 70
0
 71
3
 72
8
 73
4
 74
0
 40
0.0
 40
0.0
 40
0.0
 40
0.0
 40
1.0
 40
1.0
 40
1.0
 40
1.0
 10
2.903314259260849
 20
11.05813540006443
 30
0.0
 10
2.761644757718943
 20
11.135505499864848
 30
0.0
 10
2.709467374338554
 20
11.18019885451804
 30
0.0
 10
2.690325126213547
 20
11.24049271975764
 30
0.0
  0
SPLINE
  5
3FE
330
17
100
AcDbEntity
  8
0
100
AcDbSpline
 70
0
 71
3
 72
8
 73
4
 74
0
 40
0.0
 40
0.0
 40
0.0
 40
0.0
 40
1.0
 40
1.0
 40
1.0
 40
1.0
 10
3.0975827796044024
 20
10.746968459177879
 30
0.0
 10
3.0318498174306425
 20
10.94070993524474
 30
0.0
 10
2.9871986263196666
 20
11.012177139147525
 30
0.0
 10
2.903314259260849
 20
11.05813540006443
 30
0.0
  0
SPLINE
  5
3FF
330
17
100
AcDbEntity
  8
0
100
AcDbSpline
 70
0
 71
3
 72
8
 73
4
 74
0
 40
0.0
 40
0.0
 40
0.0
 40
0.0
 40
1.0
 40
1.0
 40
1.0
 40
1.0
 10
3.2507418463755258
 20
10.5342533891544
 30
0.0
 10
3.158087462554594
 20
10.583584733441285
 30
0.0
 10
3.1483898478657117
 20
10.597077066921429
 30
0.0
 10
3.0975827796044024
 20
10.746968459177879
 30
0.0
  0
SPLINE
  5
400
330
17
100
AcDbEntity
  8
0
100
AcDbSpline
 70
0
 71
3
 72
8
 73
4
 74
0
 40
0.0
 40
0.0
 40
0.0
 40
0.0
 40
1.0
 40
1.0
 40
1.0
 40
1.0
 10
3.459978424173655
 20
10.312894792995166
 30
0.0
 10
3.42645840818383
 20
10.41598465349216
 30
0.0
 10
3.379467140484884
 20
10.465737633200206
 30
0.0
 10
3.2507418463755258
 20
10.5342533891544
 30
0.0
  0
SPLINE
  5
401
330
17
100
AcDbEntity
  8
0
100
AcDbSpline
 70
0
 71
3
 72
8
 73
4
 74
0
 40
0.0
 40
0.0
 40
0.0
 40
0.0
 40
1.0
 40
1.0
 40
1.0
 40
1.0
 10
3.553476078837101
 20
10.227724437901543
 30
0.0
 10
3.495269308932757
 20
10.228567708743867
 30
0.0
 10
3.48415921558267
 20
10.238686958854032
 30
0.0
 10
3.459978424173655
 20
10.312894792995166
 30
0.0
  0
SPLINE
  5
402
330
17
100
AcDbEntity
  8
0
100
AcDbSpline
 70
0
 71
3
 72
8
 73
4
 74
0
 40
0.0
 40
0.0
 40
0.0
 40
0.0
 40
1.0
 40
1.0
 40
1.0
 40
1.0
 10
3.8349809678384545
 20
9.975586455990651
 30
0.0
 10
3.667444133202509
 20
10.20200467720474
 30
0.0
 10
3.639616195399636
 20
10.226881167058991
 30
0.0
 10
3.553476078837101
 20
10.227724437901543
 30
0.0
  0
SPLINE
  5
403
330
17
100
AcDbEntity
  8
0
100
AcDbSpline
 70
0
 71
3
 72
8
 73
4
 74
0
 40
0.0
 40
0.0
 40
0.0
 40
0.0
 40
1.0
 40
1.0
 40
1.0
 40
1.0
 10
4.183441561735206
 20
9.580092430852801
 30
0.0
 10
4.1580169458334915
 20
9.564491920266164
 30
0.0
 10
4.053788669699085
 20
9.680020025690283
 30
0.0
 10
3.8349809678384545
 20
9.975586455990651
 30
0.0
  0
SPLINE
  5
404
330
17
100
AcDbEntity
  8
0
100
AcDbSpline
 70
0
 71
3
 72
8
 73
4
 74
0
 40
0.0
 40
0.0
 40
0.0
 40
0.0
 40
1.0
 40
1.0
 40
1.0
 40
1.0
 10
4.229779294531205
 20
10.02238798774988
 30
0.0
 10
4.238317411811634
 20
9.690771728932305
 30
0.0
 10
4.199611280140363
 20
9.590000863252271
 30
0.0
 10
4.183441561735206
 20
9.580092430852801
 30
0.0
  0
LINE
  5
405
330
17
100
AcDbEntity
  8
0
100
AcDbLine
 10
4.217594030856915
 20
10.494830477266987
 30
0.0
 11
4.229779294531207
 21
10.022387987750108
 31
0.0
  0
LINE
  5
406
330
17
100
AcDbEntity
  8
0
100
AcDbLine
 10
4.067323166721394
 20
10.694685666942178
 30
0.0
 11
4.217594030856915
 21
10.494830477266987
 31
0.0
  0
SPLINE
  5
407
330
17
100
AcDbEntity
  8
0
100
AcDbSpline
 70
0
 71
3
 72
8
 73
4
 74
0
 40
0.0
 40
0.0
 40
0.0
 40
0.0
 40
1.0
 40
1.0
 40
1.0
 40
1.0
 10
3.560981189335453
 20
11.21561622990339
 30
0.0
 10
3.707689234161366
 20
11.114634546512661
 30
0.0
 10
3.902231817528735
 20
10.914357721416309
 30
0.0
 10
4.067323166721394
 20
10.694685666942178
 30
0.0
  0
SPLINE
  5
408
330
17
100
AcDbEntity
  8
0
100
AcDbSpline
 70
0
 71
3
 72
8
 73
4
 74
0
 40
0.0
 40
0.0
 40
0.0
 40
0.0
 40
1.0
 40
1.0
 40
1.0
 40
1.0
 10
3.2515640354469735
 20
11.607947989381955
 30
0.0
 10
3.4236545326324785
 20
11.319338543532467
 30
0.0
 10
3.4393393703031903
 20
11.2995216787333
 30
0.0
 10
3.560981189335453
 20
11.21561622990339
 30
0.0
  0
SPLINE
  5
409
330
17
100
AcDbEntity
  8
0
100
AcDbSpline
 70
0
 71
3
 72
8
 73
4
 74
0
 40
0.0
 40
0.0
 40
0.0
 40
0.0
 40
1.0
 40
1.0
 40
1.0
 40
1.0
 10
3.008680951032643
 20
11.97308426418931
 30
0.0
 10
3.063219492772065
 20
11.90477932594581
 30
0.0
 10
3.1725073939615367
 20
11.740552329366892
 30
0.0
 10
3.2515640354469735
 20
11.607947989381955
 30
0.0
  0
SPLINE
  5
40A
330
17
100
AcDbEntity
  8
0
100
AcDbSpline
 70
0
 71
3
 72
8
 73
4
 74
0
 40
0.0
 40
0.0
 40
0.0
 40
0.0
 40
1.0
 40
1.0
 40
1.0
 40
1.0
 10
2.74737239870944
 20
12.40673629495086
 30
0.0
 10
2.8365693720760774
 20
12.236395584763386
 30
0.0
 10
2.9541634910642847
 20
12.041178384722116
 30
0.0
 10
3.008680951032643
 20
11.97308426418931
 30
0.0
  0
SPLINE
  5
40B
330
17
100
AcDbEntity
  8
0
100
AcDbSpline
 70
0
 71
3
 72
8
 73
4
 74
0
 40
0.0
 40
0.0
 40
0.0
 40
0.0
 40
1.0
 40
1.0
 40
1.0
 40
1.0
 10
2.2161539314694103
 20
12.979738832437306
 30
0.0
 10
2.416388593023732
 20
12.979738832437306
 30
0.0
 10
2.4871179349393726
 20
12.903422821189906
 30
0.0
 10
2.74737239870944
 20
12.40673629495086
 30
0.0
  0
SPLINE
  5
40C
330
17
100
AcDbEntity
  8
0
100
AcDbSpline
 70
0
 71
3
 72
8
 73
4
 74
0
 40
0.0
 40
0.0
 40
0.0
 40
0.0
 40
1.0
 40
1.0
 40
1.0
 40
1.0
 10
2.04998741195255
 20
13.040243515387374
 30
0.0
 10
2.099993372913473
 20
12.989436447126081
 30
0.0
 10
2.1267039768500204
 20
12.979738832437306
 30
0.0
 10
2.2161539314694103
 20
12.979738832437306
 30
0.0
  0
SPLINE
  5
40D
330
17
100
AcDbEntity
  8
0
100
AcDbSpline
 70
0
 71
3
 72
8
 73
4
 74
0
 40
0.0
 40
0.0
 40
0.0
 40
0.0
 40
1.0
 40
1.0
 40
1.0
 40
1.0
 10
1.4987623439739437
 20
14.069877214093822
 30
0.0
 10
1.6724972193023442
 20
13.684080803644747
 30
0.0
 10
1.9782672267969605
 20
13.1129756255541
 30
0.0
 10
2.04998741195255
 20
13.040243515387374
 30
0.0
  0
LINE
  5
40E
330
17
100
AcDbEntity
  8
0
100
AcDbLine
 10
1.3733258061503806
 20
14.348367409833145
 30
0.0
 11
1.4987623439739437
 21
14.069877214093822
 31
0.0
  0
LINE
  5
40F
330
17
100
AcDbEntity
  8
0
100
AcDbLine
 10
1.1354391014779281
 20
14.57583971960048
 30
0.0
 11
1.3733258061503806
 21
14.348367409833145
 31
0.0
  0
SPLINE
  5
410
330
17
100
AcDbEntity
  8
0
100
AcDbSpline
 70
0
 71
3
 72
8
 73
4
 74
0
 40
0.0
 40
0.0
 40
0.0
 40
0.0
 40
1.0
 40
1.0
 40
1.0
 40
1.0
 10
0.4666831598243002
 20
15.486783047223526
 30
0.0
 10
0.7706401350075174
 20
14.95151687993939
 30
0.0
 10
0.8367525690604074
 20
14.86149771750138
 30
0.0
 10
1.1354391014779281
 20
14.57583971960048
 30
0.0
  0
SPLINE
  5
411
330
17
100
AcDbEntity
  8
0
100
AcDbSpline
 70
0
 71
3
 72
8
 73
4
 74
0
 40
0.0
 40
0.0
 40
0.0
 40
0.0
 40
1.0
 40
1.0
 40
1.0
 40
1.0
 10
0.14898086990814807
 20
15.999702537181065
 30
0.0
 10
0.18825620939811483
 20
15.956274088791588
 30
0.0
 10
0.3312327807459132
 20
15.725428695654273
 30
0.0
 10
0.4666831598243002
 20
15.486783047223526
 30
0.0
  0
CIRCLE
  5
412
330
17
100
AcDbEntity
  8
0
100
AcDbCircle
 10
3.75
 20
0.0
 30
0.0
 40
0.0625
  0
CIRCLE
  5
413
330
17
100
AcDbEntity
  8
0
100
AcDbCircle
 10
3.75
 20
6.625
 30
0.0
 40
0.0625
  0
CIRCLE
  5
414
330
17
100
AcDbEntity
  8
0
100
AcDbCircle
 10
3.75
 20
13.25
 30
0.0
 40
0.0625
  0
CIRCLE
  5
415
330
17
100
AcDbEntity
  8
0
100
AcDbCircle
 10
3.75
 20
19.875
 30
0.0
 40
0.0625
  0
ENDSEC
  0
SECTION
  2
OBJECTS
  0
DICTIONARY
  5
A
330
0
100
AcDbDictionary
281
1
  3
ACAD_COLOR
350
B
  3
ACAD_GROUP
350
C
  3
ACAD_LAYOUT
350
D
  3
ACAD_MATERIAL
350
E
  3
ACAD_MLEADERSTYLE
350
F
  3
ACAD_MLINESTYLE
350
10
  3
ACAD_PLOTSETTINGS
350
11
  3
ACAD_PLOTSTYLENAME
350
12
  3
ACAD_SCALELIST
350
14
  3
ACAD_TABLESTYLE
350
15
  3
ACAD_VISUALSTYLE
350
16
  3
EZDXF_META
350
2D
  0
DICTIONARY
  5
B
330
A
100
AcDbDictionary
281
1
  0
DICTIONARY
  5
C
330
A
100
AcDbDictionary
281
1
  0
DICTIONARY
  5
D
330
A
100
AcDbDictionary
281
1
  3
Model
350
1A
  3
Layout1
350
1E
  0
DICTIONARY
  5
E
330
A
100
AcDbDictionary
281
1
  3
ByBlock
350
1F
  3
ByLayer
350
20
  3
Global
350
21
  0
DICTIONARY
  5
F
330
A
100
AcDbDictionary
281
1
  3
Standard
350
2C
  0
DICTIONARY
  5
10
330
A
100
AcDbDictionary
281
1
  3
Standard
350
22
  0
DICTIONARY
  5
11
330
A
100
AcDbDictionary
281
1
  0
ACDBDICTIONARYWDFLT
  5
12
330
A
100
AcDbDictionary
281
1
  3
Normal
350
13
100
AcDbDictionaryWithDefault
340
13
  0
ACDBPLACEHOLDER
  5
13
330
12
  0
DICTIONARY
  5
14
330
A
100
AcDbDictionary
281
1
  0
DICTIONARY
  5
15
330
A
100
AcDbDictionary
281
1
  0
DICTIONARY
  5
16
330
A
100
AcDbDictionary
281
1
  0
LAYOUT
  5
1A
330
D
100
AcDbPlotSettings
  1

  4
A3
  6

 40
7.5
 41
20.0
 42
7.5
 43
20.0
 44
420.0
 45
297.0
 46
0.0
 47
0.0
 48
0.0
 49
0.0
140
0.0
141
0.0
142
1.0
143
1.0
 70
1024
 72
1
 73
0
 74
5
  7

 75
16
 76
0
 77
2
 78
300
147
1.0
148
0.0
149
0.0
100
AcDbLayout
  1
Model
 70
1
 71
0
 10
0.0
 20
0.0
 11
420.0
 21
297.0
 12
0.0
 22
0.0
 32
0.0
 14
1e+20
 24
1e+20
 34
1e+20
 15
-1e+20
 25
-1e+20
 35
-1e+20
146
0.0
 13
0.0
 23
0.0
 33
0.0
 16
1.0
 26
0.0
 36
0.0
 17
0.0
 27
1.0
 37
0.0
 76
1
330
17
  0
LAYOUT
  5
1E
330
D
100
AcDbPlotSettings
  1

  4
A3
  6

 40
7.5
 41
20.0
 42
7.5
 43
20.0
 44
420.0
 45
297.0
 46
0.0
 47
0.0
 48
0.0
 49
0.0
140
0.0
141
0.0
142
1.0
143
1.0
 70
0
 72
1
 73
0
 74
5
  7

 75
16
 76
0
 77
2
 78
300
147
1.0
148
0.0
149
0.0
100
AcDbLayout
  1
Layout1
 70
1
 71
1
 10
0.0
 20
0.0
 11
420.0
 21
297.0
 12
0.0
 22
0.0
 32
0.0
 14
1e+20
 24
1e+20
 34
1e+20
 15
-1e+20
 25
-1e+20
 35
-1e+20
146
0.0
 13
0.0
 23
0.0
 33
0.0
 16
1.0
 26
0.0
 36
0.0
 17
0.0
 27
1.0
 37
0.0
 76
1
330
1B
  0
MATERIAL
  5
1F
102
{ACAD_REACTORS
330
E
102
}
330
E
100
AcDbMaterial
  1
ByBlock
  2

 70
0
 40
1.0
 71
1
 41
1.0
 91
-1023410177
 42
1.0
 72
1
  3

 73
1
 74
1
 75
1
 44
0.5
 73
0
 45
1.0
 46
1.0
 77
1
  4

 78
1
 79
1
170
1
 48
1.0
171
1
  6

172
1
173
1
174
1
140
1.0
141
1.0
175
1
  7

176
1
177
1
178
1
143
1.0
179
1
  8

270
1
271
1
272
1
145
1.0
146
1.0
273
1
  9

274
1
275
1
276
1
 42
1.0
 72
1
  3

 73
1
 74
1
 75
1
 94
63
  0
MATERIAL
  5
20
102
{ACAD_REACTORS
330
E
102
}
330
E
100
AcDbMaterial
  1
ByLayer
  2

 70
0
 40
1.0
 71
1
 41
1.0
 91
-1023410177
 42
1.0
 72
1
  3

 73
1
 74
1
 75
1
 44
0.5
 73
0
 45
1.0
 46
1.0
 77
1
  4

 78
1
 79
1
170
1
 48
1.0
171
1
  6

172
1
173
1
174
1
140
1.0
141
1.0
175
1
  7

176
1
177
1
178
1
143
1.0
179
1
  8

270
1
271
1
272
1
145
1.0
146
1.0
273
1
  9

274
1
275
1
276
1
 42
1.0
 72
1
  3

 73
1
 74
1
 75
1
 94
63
  0
MATERIAL
  5
21
102
{ACAD_REACTORS
330
E
102
}
330
E
100
AcDbMaterial
  1
Global
  2

 70
0
 40
1.0
 71
1
 41
1.0
 91
-1023410177
 42
1.0
 72
1
  3

 73
1
 74
1
 75
1
 44
0.5
 73
0
 45
1.0
 46
1.0
 77
1
  4

 78
1
 79
1
170
1
 48
1.0
171
1
  6

172
1
173
1
174
1
140
1.0
141
1.0
175
1
  7

176
1
177
1
178
1
143
1.0
179
1
  8

270
1
271
1
272
1
145
1.0
146
1.0
273
1
  9

274
1
275
1
276
1
 42
1.0
 72
1
  3

 73
1
 74
1
 75
1
 94
63
  0
MLINESTYLE
  5
22
102
{ACAD_REACTORS
330
10
102
}
330
10
100
AcDbMlineStyle
  2
Standard
 70
0
  3

 62
256
 51
90.0
 52
90.0
 71
2
 49
0.5
 62
256
  6
BYLAYER
 49
-0.5
 62
256
  6
BYLAYER
  0
MLEADERSTYLE
  5
2C
102
{ACAD_REACTORS
330
F
102
}
330
F
100
AcDbMLeaderStyle
179
2
170
2
171
1
172
0
 90
2
 40
0.0
 41
0.0
173
1
 91
-1056964608
 92
-2
290
1
 42
2.0
291
1
 43
8.0
  3
Standard
 44
4.0
300

342
29
174
1
175
1
176
0
178
1
 93
-1056964608
 45
4.0
292
0
297
0
 46
4.0
 94
-1056964608
 47
1.0
 49
1.0
140
1.0
294
1
141
0.0
177
0
142
1.0
295
0
296
0
143
3.75
271
0
272
9
273
9
  0
DICTIONARY
  5
2D
330
A
100
AcDbDictionary
280
1
281
1
  3
CREATED_BY_EZDXF
350
2E
  3
WRITTEN_BY_EZDXF
350
419
  0
DICTIONARYVAR
  5
2E
330
2D
100
DictionaryVariables
280
0
  1
1.4.4 @ 2026-08-25T17:33:50.859665+00:00
  0
DICTIONARYVAR
  5
419
330
2D
100
DictionaryVariables
280
0
  1
1.4.4 @ 2026-08-25T17:33:57.314251+00:00
  0
ENDSEC
  0
EOF
