ISO-10303-21;
HEADER;
FILE_DESCRIPTION (( 'STEP AP203' ),
    '1' );
FILE_NAME ('91355A081_NO THREADS_Black-Oxide Alloy Steel Flanged Button Head Screw.STEP',
    '2026-01-22T23:16:55',
    ( 'McMaster Carr Supply' ),
    ( 'McMaster Carr Supply' ),
    'SwSTEP 2.0',
    'SolidWorks 2024',
    '' );
FILE_SCHEMA (( 'CONFIG_CONTROL_DESIGN' ));
ENDSEC;

DATA;
#1 = ORIENTED_EDGE ( 'NONE', *, *, #2177, .T. ) ;
#2 = CARTESIAN_POINT ( 'NONE',  ( -0.07868579727856832295, 0.03682129281064995541, 0.3058961640447291908 ) ) ;
#3 = DIRECTION ( 'NONE',  ( -0.000000000000000000, 1.000000000000000000, -0.000000000000000000 ) ) ;
#4 = CARTESIAN_POINT ( 'NONE',  ( -0.07744633861476152292, -0.04549731511389558392, 0.3082582214328301040 ) ) ;
#5 = CARTESIAN_POINT ( 'NONE',  ( -0.07858264565439601612, -0.01528056229080277349, 0.2978091660935168750 ) ) ;
#6 = TOROIDAL_SURFACE ( 'NONE', #78, 0.2282566402528354299, 0.001562500000000000087 ) ;
#7 = CIRCLE ( 'NONE', #43, 0.2282566402528354299 ) ;
#8 = DIRECTION ( 'NONE',  ( -1.000000000000000000, 0.000000000000000000, 0.000000000000000000 ) ) ;
#9 = EDGE_CURVE ( 'NONE', #939, #1219, #771, .T. ) ;
#10 = CIRCLE ( 'NONE', #1741, 0.001562499999999991847 ) ;
#11 = CARTESIAN_POINT ( 'NONE',  ( 0.07802932939432004333, 0.04474172725004082335, 0.3085041027246132050 ) ) ;
#12 = VERTEX_POINT ( 'NONE', #362 ) ;
#13 = CARTESIAN_POINT ( 'NONE',  ( -0.07812500000000000000, -0.03044439270063358655, 0.3014691255508522572 ) ) ;
#14 = DIRECTION ( 'NONE',  ( 0.000000000000000000, 1.000000000000000000, 0.000000000000000000 ) ) ;
#15 = CARTESIAN_POINT ( 'NONE',  ( 0.02570121814924741788, 0.07537237434390973989, 0.2978710845418742204 ) ) ;
#16 = CARTESIAN_POINT ( 'NONE',  ( 0.000000000000000000, -1.707404996040164512E-17, 0.1689999999999999558 ) ) ;
#17 = B_SPLINE_CURVE_WITH_KNOTS ( 'NONE', 3,
 ( #964, #1446, #2155, #974, #486, #308, #2146, #1653, #282, #1981, #2124, #1497, #272, #611, #1483, #632, #1287, #1314, #1825, #1997, #138, #647 ),
 .UNSPECIFIED., .F., .F.,
 ( 4, 3, 3, 3, 3, 3, 3, 4 ),
 ( 0.000000000000000000, 1.257646521626713029E-05, 1.943021604748126145E-05, 2.362360756527069445E-05, 3.041853298761728683E-05, 3.371313053815800851E-05, 4.498796487309980862E-05, 4.708095617916695518E-05 ),
 .UNSPECIFIED. ) ;
#18 = DIRECTION ( 'NONE',  ( -1.000000000000000000, 0.000000000000000000, 0.000000000000000000 ) ) ;
#19 = DIRECTION ( 'NONE',  ( -0.5000000000000019984, 0.8660254037844373753, 0.000000000000000000 ) ) ;
#20 = ORIENTED_EDGE ( 'NONE', *, *, #1313, .T. ) ;
#21 = CARTESIAN_POINT ( 'NONE',  ( -0.07812500000000000000, 0.04420337998483069714, 0.3081432977897511916 ) ) ;
#22 = FACE_OUTER_BOUND ( 'NONE', #2016, .T. ) ;
#23 = CARTESIAN_POINT ( 'NONE',  ( 0.07137643102617381718, 0.04900177789412283463, 0.3048008890932627502 ) ) ;
#24 = CARTESIAN_POINT ( 'NONE',  ( 0.2742570507083220144, -3.414809992080329023E-17, 0.2239999999999999769 ) ) ;
#25 = CARTESIAN_POINT ( 'NONE',  ( -0.07812500000000251188, -0.04387221464470830723, 0.3088260042650151638 ) ) ;
#26 = CC_DESIGN_APPROVAL ( #1024, ( #111 ) ) ;
#27 = DIRECTION ( 'NONE',  ( 1.000000000000000000, 0.000000000000000000, -0.000000000000000000 ) ) ;
#28 = PRODUCT_DEFINITION_SHAPE ( 'NONE', 'NONE',  #1223 ) ;
#29 = CARTESIAN_POINT ( 'NONE',  ( 0.001543555618407761905, -0.09000839743777369617, 0.3092481521354157326 ) ) ;
#30 = CARTESIAN_POINT ( 'NONE',  ( -0.07812500000000000000, 0.03710844582045703943, 0.3055144594560628701 ) ) ;
#31 = CARTESIAN_POINT ( 'NONE',  ( -0.07717778092572689930, -0.04634095709664347307, 0.3092481521353551699 ) ) ;
#32 = ADVANCED_FACE ( 'NONE', ( #861 ), #1189, .T. ) ;
#33 = ORIENTED_EDGE ( 'NONE', *, *, #291, .F. ) ;
#34 = ORIENTED_EDGE ( 'NONE', *, *, #942, .T. ) ;
#35 = CARTESIAN_POINT ( 'NONE',  ( 0.006739896947839855643, 0.08631969824373332545, 0.3048057464530768423 ) ) ;
#36 = CARTESIAN_POINT ( 'NONE',  ( 0.01356793038329565451, -0.08298497002789541332, 0.3030178148898982071 ) ) ;
#37 = CARTESIAN_POINT ( 'NONE',  ( 0.03191824225709634366, -1.316519263894536194E-17, 0.06989362103340383825 ) ) ;
#38 = CIRCLE ( 'NONE', #1269, 0.1000000000000001443 ) ;
#39 = CIRCLE ( 'NONE', #776, 0.2741091409393198730 ) ;
#40 = VECTOR ( 'NONE', #828, 39.37007874015748143 ) ;
#41 = CARTESIAN_POINT ( 'NONE',  ( 0.000000000000000000, -1.904325772674134335E-17, -0.3109999999999999987 ) ) ;
#42 = AXIS2_PLACEMENT_3D ( 'NONE', #1547, #1538, #27 ) ;
#43 = AXIS2_PLACEMENT_3D ( 'NONE', #238, #1218, #1587 ) ;
#44 = CARTESIAN_POINT ( 'NONE',  ( 0.001068047597290852115, -0.08959434199307586555, 0.3088260042650745052 ) ) ;
#45 = CARTESIAN_POINT ( 'NONE',  ( 0.2270322800757604564, 1.072938554938890133E-17, 0.2245917536856660290 ) ) ;
#46 = ORIENTED_EDGE ( 'NONE', *, *, #1035, .T. ) ;
#47 = EDGE_CURVE ( 'NONE', #1762, #483, #1911, .T. ) ;
#48 = FACE_OUTER_BOUND ( 'NONE', #453, .T. ) ;
#49 = CARTESIAN_POINT ( 'NONE',  ( 5.616652649904900986E-06, 0.09042690045460258230, 0.3096534210681560206 ) ) ;
#50 = CARTESIAN_POINT ( 'NONE',  ( 0.000000000000000000, -3.414809992080329023E-17, 0.1890000000000000291 ) ) ;
#51 = DIRECTION ( 'NONE',  ( 1.000000000000000000, 0.000000000000000000, -0.000000000000000000 ) ) ;
#52 = ORIENTED_EDGE ( 'NONE', *, *, #347, .T. ) ;
#53 = CARTESIAN_POINT ( 'NONE',  ( -0.07656250000000000555, 0.04510548978043949636, 0.2255624999999999714 ) ) ;
#54 = CARTESIAN_POINT ( 'NONE',  ( -0.07780414438011447331, -0.04586816125006491773, 0.3095446974534055706 ) ) ;
#55 = ORIENTED_EDGE ( 'NONE', *, *, #1580, .F. ) ;
#56 = CARTESIAN_POINT ( 'NONE',  ( 0.000000000000000000, 0.000000000000000000, 0.3094374999999999765 ) ) ;
#57 = DIRECTION ( 'NONE',  ( -0.8660254037844388186, -0.4999999999999996114, 0.000000000000000000 ) ) ;
#58 = CARTESIAN_POINT ( 'NONE',  ( 0.07968750000000003608, -0.04420337998483075265, 0.3081432977897513026 ) ) ;
#59 = DIRECTION ( 'NONE',  ( 1.000000000000000000, 0.000000000000000000, 0.000000000000000000 ) ) ;
#60 = ADVANCED_FACE ( 'NONE', ( #2145 ), #971, .F. ) ;
#61 = CARTESIAN_POINT ( 'NONE',  ( 0.000000000000000000, -1.707404996040164512E-17, 0.3109501539464926689 ) ) ;
#62 = ORIENTED_EDGE ( 'NONE', *, *, #1807, .T. ) ;
#63 = CARTESIAN_POINT ( 'NONE',  ( -0.07812500000000000000, 0.04420337998483071101, 0.3081432977897511361 ) ) ;
#64 = CARTESIAN_POINT ( 'NONE',  ( -0.0007812499999999929961, 0.08975992466307461393, 0.3094374999999999765 ) ) ;
#65 = ORIENTED_EDGE ( 'NONE', *, *, #1440, .T. ) ;
#66 = VERTEX_POINT ( 'NONE', #644 ) ;
#67 = CARTESIAN_POINT ( 'NONE',  ( -0.02570148947774084092, 0.07537221769233098945, 0.2978716137202453429 ) ) ;
#68 = CARTESIAN_POINT ( 'NONE',  ( 0.07812500000000001388, 0.04690970937165710175, 0.3081432977897511916 ) ) ;
#69 = CARTESIAN_POINT ( 'NONE',  ( -0.01347575618515883117, -0.08303875147524721057, 0.3030576427186179034 ) ) ;
#70 = CARTESIAN_POINT ( 'NONE',  ( -0.07656250000000000555, -0.04420337998483073877, 0.2255624999999999714 ) ) ;
#71 = AXIS2_PLACEMENT_3D ( 'NONE', #405, #900, #1616 ) ;
#72 = EDGE_CURVE ( 'NONE', #1219, #939, #773, .T. ) ;
#73 = APPROVAL_STATUS ( 'not_yet_approved' ) ;
#74 = CIRCLE ( 'NONE', #212, 0.2489999999999999991 ) ;
#75 = AXIS2_PLACEMENT_3D ( 'NONE', #863, #1209, #1895 ) ;
#76 = DIRECTION ( 'NONE',  ( 0.000000000000000000, 0.000000000000000000, -1.000000000000000000 ) ) ;
#77 = CARTESIAN_POINT ( 'NONE',  ( -0.1367916396804799151, -0.009430069977246186008, 0.2239999999999999769 ) ) ;
#78 = AXIS2_PLACEMENT_3D ( 'NONE', #1925, #408, #745 ) ;
#79 = VERTEX_POINT ( 'NONE', #1799 ) ;
#80 = CARTESIAN_POINT ( 'NONE',  ( -0.07812461622332540767, -0.04424371390564640905, 0.3081817768285717851 ) ) ;
#81 = DIRECTION ( 'NONE',  ( -0.7791919043471161599, 0.4498666557251859155, 0.4364401084530982189 ) ) ;
#82 = CARTESIAN_POINT ( 'NONE',  ( -0.07717778092583431337, -0.04634095709658219570, 0.3092481521354157326 ) ) ;
#83 = CARTESIAN_POINT ( 'NONE',  ( -0.001004763552366644275, -0.09026748190255230730, 0.3094992728932638437 ) ) ;
#84 = DIRECTION ( 'NONE',  ( 1.000000000000000000, 0.000000000000000000, 0.000000000000000000 ) ) ;
#85 = CARTESIAN_POINT ( 'NONE',  ( -5.306819714543894485E-05, 0.08996935910200476449, 0.3085487632132862812 ) ) ;
#86 = EDGE_CURVE ( 'NONE', #2009, #1897, #1333, .T. ) ;
#87 = ORIENTED_EDGE ( 'NONE', *, *, #72, .T. ) ;
#88 = CARTESIAN_POINT ( 'NONE',  ( 0.09391861690021233167, -1.707404996040164512E-17, 0.3109999999999999987 ) ) ;
#89 = CARTESIAN_POINT ( 'NONE',  ( -0.0002671922894301779301, -0.08994624512076540568, 0.3085041027246132050 ) ) ;
#90 = DIRECTION ( 'NONE',  ( -1.907660855411560965E-14, -0.8997333114503680562, 0.4364401084531017161 ) ) ;
#91 = DIRECTION ( 'NONE',  ( 0.8660254037844404840, -0.4999999999999968914, 4.731699523581639175E-15 ) ) ;
#92 = EDGE_LOOP ( 'NONE', ( #1488, #1687, #432, #1665 ) ) ;
#93 = DIRECTION ( 'NONE',  ( 0.4999999999999968914, -0.8660254037844403729, 0.000000000000000000 ) ) ;
#94 = CC_DESIGN_APPROVAL ( #1255, ( #723 ) ) ;
#95 = DIRECTION ( 'NONE',  ( -0.5000000000000023315, -0.8660254037844372643, 0.000000000000000000 ) ) ;
#96 = ORIENTED_EDGE ( 'NONE', *, *, #305, .T. ) ;
#97 = CARTESIAN_POINT ( 'NONE',  ( -0.07791708377356558468, -0.04498216689432065624, 0.3085485667225520978 ) ) ;
#98 = CARTESIAN_POINT ( 'NONE',  ( -0.0006304277258194550216, -0.08984066473332423530, 0.3082998781682803058 ) ) ;
#99 = EDGE_CURVE ( 'NONE', #1207, #2102, #1843, .T. ) ;
#100 = DIRECTION ( 'NONE',  ( 0.8660254037844388186, 0.4999999999999996114, -0.000000000000000000 ) ) ;
#101 = DIRECTION ( 'NONE',  ( -0.4999999999999968914, -0.8660254037844403729, 0.000000000000000000 ) ) ;
#102 = CARTESIAN_POINT ( 'NONE',  ( 0.2471934641243165032, -3.875631459804260910E-18, 0.2092556535875683688 ) ) ;
#103 = FACE_OUTER_BOUND ( 'NONE', #1946, .T. ) ;
#104 = CARTESIAN_POINT ( 'NONE',  ( 0.07728157008300579056, -0.04627901631095814733, 0.3093053105353720800 ) ) ;
#105 = VECTOR ( 'NONE', #959, 39.37007874015748143 ) ;
#106 = AXIS2_PLACEMENT_3D ( 'NONE', #1586, #1085, #84 ) ;
#107 = AXIS2_PLACEMENT_3D ( 'NONE', #499, #3, #1328 ) ;
#108 = VERTEX_POINT ( 'NONE', #807 ) ;
#109 = PLANE ( 'NONE',  #986 ) ;
#110 = CARTESIAN_POINT ( 'NONE',  ( 0.006781673906026324493, -0.08629557830567848031, 0.3047823469819972986 ) ) ;
#111 = PRODUCT_DEFINITION_FORMATION_WITH_SPECIFIED_SOURCE ( 'ANY', '', #2045, .NOT_KNOWN. ) ;
#112 = AXIS2_PLACEMENT_3D ( 'NONE', #589, #792, #130 ) ;
#113 = CARTESIAN_POINT ( 'NONE',  ( 0.07812499999999836242, 0.01523074305451337616, 0.2985067457018339976 ) ) ;
#114 = DIRECTION ( 'NONE',  ( 0.000000000000000000, 0.000000000000000000, 1.000000000000000000 ) ) ;
#115 = DIRECTION ( 'NONE',  ( -1.224646799147353207E-16, 1.000000000000000000, 0.000000000000000000 ) ) ;
#116 = APPROVAL_ROLE ( '' ) ;
#117 = TOROIDAL_SURFACE ( 'NONE', #960, 0.09242068825208697713, 0.001562500000000000087 ) ;
#118 = CARTESIAN_POINT ( 'NONE',  ( -0.2741091409393198730, -3.414809992080329023E-17, 0.1904989177907187858 ) ) ;
#119 = FACE_OUTER_BOUND ( 'NONE', #648, .T. ) ;
#120 = VERTEX_POINT ( 'NONE', #459 ) ;
#121 = CARTESIAN_POINT ( 'NONE',  ( -0.07717778092572689930, 0.04634095709664343143, 0.3092481521353551699 ) ) ;
#122 = DIRECTION ( 'NONE',  ( -0.000000000000000000, -0.000000000000000000, -1.000000000000000000 ) ) ;
#123 = EDGE_CURVE ( 'NONE', #1087, #1709, #452, .T. ) ;
#124 = CARTESIAN_POINT ( 'NONE',  ( 0.07812500000000004163, -0.04420337998483080122, 0.3081432977897513026 ) ) ;
#125 = DIRECTION ( 'NONE',  ( -0.000000000000000000, 0.000000000000000000, -1.000000000000000000 ) ) ;
#126 = FACE_OUTER_BOUND ( 'NONE', #875, .T. ) ;
#127 = EDGE_CURVE ( 'NONE', #896, #691, #1527, .T. ) ;
#128 = ORIENTED_EDGE ( 'NONE', *, *, #1080, .T. ) ;
#129 = CARTESIAN_POINT ( 'NONE',  ( -0.1250000000000000555, -3.735172737399419011E-18, -0.2859999999999999765 ) ) ;
#130 = DIRECTION ( 'NONE',  ( -0.8660254037844388186, 0.4999999999999996114, 0.000000000000000000 ) ) ;
#131 = ORIENTED_EDGE ( 'NONE', *, *, #1342, .T. ) ;
#132 = CARTESIAN_POINT ( 'NONE',  ( -0.06508147604956425469, 0.05263617184440590180, 0.3026273424640202325 ) ) ;
#133 = CARTESIAN_POINT ( 'NONE',  ( -0.0003484244553542235759, -0.08993043427573126081, 0.3084735426616330156 ) ) ;
#134 = CARTESIAN_POINT ( 'NONE',  ( 0.07868644642946377721, -0.03694639799035113331, 0.3059574173778826234 ) ) ;
#135 = FACE_OUTER_BOUND ( 'NONE', #2076, .T. ) ;
#136 = CARTESIAN_POINT ( 'NONE',  ( 0.06517579018352945286, -0.05318972292917736877, 0.3030576427186201793 ) ) ;
#137 = ADVANCED_FACE ( 'NONE', ( #126 ), #1722, .T. ) ;
#138 = CARTESIAN_POINT ( 'NONE',  ( 0.07736107172448936087, -0.04554654397594719295, 0.3081627022401120519 ) ) ;
#139 = CARTESIAN_POINT ( 'NONE',  ( 0.07869239388269619329, -0.04418415248609003365, 0.3094743120653905000 ) ) ;
#141 = ORIENTED_EDGE ( 'NONE', *, *, #259, .T. ) ;
#140 = AXIS2_PLACEMENT_3D ( 'NONE', #1276, #437, #686 ) ;
#142 = DIRECTION ( 'NONE',  ( -0.000000000000000000, -0.000000000000000000, -1.000000000000000000 ) ) ;
#143 = CARTESIAN_POINT ( 'NONE',  ( 0.03263164623562286176, 0.07189973079330692907, 0.2978214890721869734 ) ) ;
#144 = AXIS2_PLACEMENT_3D ( 'NONE', #688, #14, #2048 ) ;
#145 = AXIS2_PLACEMENT_3D ( 'NONE', #1135, #142, #465 ) ;
#146 = DIRECTION ( 'NONE',  ( 0.000000000000000000, 0.000000000000000000, 1.000000000000000000 ) ) ;
#147 = AXIS2_PLACEMENT_3D ( 'NONE', #166, #836, #1522 ) ;
#148 = CARTESIAN_POINT ( 'NONE',  ( 0.07656250000000003331, -0.04510548978043953106, 0.2255624999999999714 ) ) ;
#149 = EDGE_CURVE ( 'NONE', #1077, #1142, #735, .T. ) ;
#150 = CARTESIAN_POINT ( 'NONE',  ( 0.07812500000000001388, 0.04422338138942423502, 0.3081627022401120519 ) ) ;
#151 = ORIENTED_EDGE ( 'NONE', *, *, #223, .F. ) ;
#152 = CARTESIAN_POINT ( 'NONE',  ( 0.07812500000000004163, -0.04420337998483075265, 0.2255624999999999714 ) ) ;
#153 = CARTESIAN_POINT ( 'NONE',  ( 0.000000000000000000, -3.414809992080329023E-17, 0.2239999999999999769 ) ) ;
#154 = EDGE_CURVE ( 'NONE', #1907, #1814, #907, .T. ) ;
#155 = ADVANCED_FACE ( 'NONE', ( #2066 ), #1014, .T. ) ;
#156 = CARTESIAN_POINT ( 'NONE',  ( 0.07812499999999836242, 0.007655062219521435556, 0.2973490973467324272 ) ) ;
#157 = CARTESIAN_POINT ( 'NONE',  ( 0.0006153177766248172894, 0.09055083791553941719, 0.3097745968407607520 ) ) ;
#158 = B_SPLINE_CURVE_WITH_KNOTS ( 'NONE', 3,
 ( #399, #1885, #730, #409, #746, #1074, #718, #1414, #1906, #1403 ),
 .UNSPECIFIED., .F., .F.,
 ( 4, 2, 2, 2, 4 ),
 ( 0.000000000000000000, 0.0005830596660028866587, 0.001166119332005773317, 0.001749178998008660410, 0.002332238664011547502 ),
 .UNSPECIFIED. ) ;
#159 = DIRECTION ( 'NONE',  ( -0.000000000000000000, -0.000000000000000000, -1.000000000000000000 ) ) ;
#160 = ORIENTED_EDGE ( 'NONE', *, *, #2189, .F. ) ;
#161 = CARTESIAN_POINT ( 'NONE',  ( -0.07858264565439601612, 5.019134214195046926E-16, 0.2978091660935169860 ) ) ;
#162 = ORIENTED_EDGE ( 'NONE', *, *, #592, .T. ) ;
#163 = CARTESIAN_POINT ( 'NONE',  ( -0.07812500000000000000, 0.04387221464470905663, 0.3088260042650137205 ) ) ;
#164 = CARTESIAN_POINT ( 'NONE',  ( 0.001543555618514545627, 0.09000839743771128776, 0.3092481521353551699 ) ) ;
#165 = ADVANCED_FACE ( 'NONE', ( #523 ), #1451, .T. ) ;
#166 = CARTESIAN_POINT ( 'NONE',  ( 0.07656250000000003331, -0.04420337998483075959, 0.2255624999999999714 ) ) ;
#167 = FACE_OUTER_BOUND ( 'NONE', #227, .T. ) ;
#168 = SECURITY_CLASSIFICATION_LEVEL ( 'unclassified' ) ;
#169 = EDGE_CURVE ( 'NONE', #12, #1207, #2018, .T. ) ;
#170 = DIRECTION ( 'NONE',  ( -0.000000000000000000, -0.000000000000000000, -1.000000000000000000 ) ) ;
#171 = CARTESIAN_POINT ( 'NONE',  ( 0.07810309317766181425, 0.04449642645536446700, 0.3083904741190306442 ) ) ;
#172 = ORIENTED_EDGE ( 'NONE', *, *, #219, .F. ) ;
#173 = CARTESIAN_POINT ( 'NONE',  ( 0.07734375000000000278, 0.04555654467824391679, 0.3081432977897511916 ) ) ;
#174 = UNCERTAINTY_MEASURE_WITH_UNIT (LENGTH_MEASURE( 1.000000000000000082E-05 ), #1060, 'distance_accuracy_value', 'NONE');
#175 = AXIS2_PLACEMENT_3D ( 'NONE', #1721, #675, #829 ) ;
#176 = CARTESIAN_POINT ( 'NONE',  ( 0.05234668748049232934, 0.05998860545283217494, 0.2985329365093991050 ) ) ;
#177 = FACE_OUTER_BOUND ( 'NONE', #1779, .T. ) ;
#178 = VECTOR ( 'NONE', #1331, 39.37007874015748143 ) ;
#179 = CIRCLE ( 'NONE', #1270, 0.2774891813649721373 ) ;
#180 = CIRCLE ( 'NONE', #950, 0.001562499999999991847 ) ;
#181 = CIRCLE ( 'NONE', #742, 0.02000000000000004205 ) ;
#182 = EDGE_CURVE ( 'NONE', #476, #1658, #2035, .T. ) ;
#183 = DIRECTION ( 'NONE',  ( 1.000000000000000000, 0.000000000000000000, 0.000000000000000000 ) ) ;
#184 = B_SPLINE_CURVE_WITH_KNOTS ( 'NONE', 3,
 ( #218, #696, #2079, #2100, #1749, #569, #903, #2091, #1739, #1229 ),
 .UNSPECIFIED., .F., .F.,
 ( 4, 2, 2, 2, 4 ),
 ( 0.000000000000000000, 0.0005830596660028868755, 0.001166119332005773751, 0.001749178998008660193, 0.002332238664011547068 ),
 .UNSPECIFIED. ) ;
#185 = ORIENTED_EDGE ( 'NONE', *, *, #901, .F. ) ;
#186 = CARTESIAN_POINT ( 'NONE',  ( 0.07812500000000265066, 0.04420337998483015590, 0.3081432977897526349 ) ) ;
#187 = CARTESIAN_POINT ( 'NONE',  ( 0.04567588607789768718, 0.06383999443833010545, 0.2966992535230729700 ) ) ;
#188 = CARTESIAN_POINT ( 'NONE',  ( 0.0004758647181014530260, 0.09006585263025945753, 0.3092920475509429723 ) ) ;
#189 = DIRECTION ( 'NONE',  ( 0.4999999999999968914, 0.8660254037844403729, 0.000000000000000000 ) ) ;
#190 = EDGE_CURVE ( 'NONE', #1907, #630, #529, .T. ) ;
#191 = CARTESIAN_POINT ( 'NONE',  ( 0.07796178361848314642, 0.04490441817529573082, 0.3085482515468210840 ) ) ;
#192 = ORIENTED_EDGE ( 'NONE', *, *, #2088, .F. ) ;
#193 = FACE_OUTER_BOUND ( 'NONE', #2127, .T. ) ;
#194 = CARTESIAN_POINT ( 'NONE',  ( 0.07656249999999999167, 0.2274999999999999523, 0.2239999999999999769 ) ) ;
#195 = ORIENTED_EDGE ( 'NONE', *, *, #1288, .F. ) ;
#196 = ORIENTED_EDGE ( 'NONE', *, *, #1573, .T. ) ;
#197 = CARTESIAN_POINT ( 'NONE',  ( 0.03241236902238027462, 0.07149768958073400571, 0.2973566305883919569 ) ) ;
#198 = LINE ( 'NONE', #654, #178 ) ;
#199 = ORIENTED_EDGE ( 'NONE', *, *, #1682, .T. ) ;
#200 = DIRECTION ( 'NONE',  ( -1.000000000000000000, -1.224646799147353207E-16, 0.000000000000000000 ) ) ;
#201 = ORIENTED_EDGE ( 'NONE', *, *, #1453, .T. ) ;
#202 = ADVANCED_FACE ( 'NONE', ( #663 ), #495, .T. ) ;
#203 = ORIENTED_EDGE ( 'NONE', *, *, #1767, .F. ) ;
#204 = CARTESIAN_POINT ( 'NONE',  ( -0.07858264565439601612, 0.007628294739385050455, 0.2978091660935169860 ) ) ;
#205 = CARTESIAN_POINT ( 'NONE',  ( -0.1000000000000001443, -6.796789735267791398E-18, -0.3109999999999999987 ) ) ;
#206 = ORIENTED_EDGE ( 'NONE', *, *, #1137, .T. ) ;
#207 = DIRECTION ( 'NONE',  ( 1.000000000000000000, 0.000000000000000000, 0.000000000000000000 ) ) ;
#208 = CARTESIAN_POINT ( 'NONE',  ( 0.001232925425323500544, 0.09017656843353441531, 0.3094112798423007127 ) ) ;
#209 = DIRECTION ( 'NONE',  ( 1.000000000000000000, 0.000000000000000000, 0.000000000000000000 ) ) ;
#210 = CIRCLE ( 'NONE', #2054, 0.1249999999999999584 ) ;
#211 = AXIS2_PLACEMENT_3D ( 'NONE', #902, #2078, #578 ) ;
#212 = AXIS2_PLACEMENT_3D ( 'NONE', #491, #1157, #1003 ) ;
#213 = CARTESIAN_POINT ( 'NONE',  ( 0.09177347956087902880, 0.000000000000000000, 0.3109999999999999987 ) ) ;
#214 = LOCAL_TIME ( 17, 16, 55.00000000000000000, #741 ) ;
#215 = CIRCLE ( 'NONE', #429, 0.001562499999999997268 ) ;
#216 = ORIENTED_EDGE ( 'NONE', *, *, #519, .T. ) ;
#217 = DIRECTION ( 'NONE',  ( 1.000000000000000000, 0.000000000000000000, 0.000000000000000000 ) ) ;
#218 = CARTESIAN_POINT ( 'NONE',  ( -0.07734375000000000278, -0.04555654467824393067, 0.3081432977897511916 ) ) ;
#219 = EDGE_CURVE ( 'NONE', #2009, #997, #281, .T. ) ;
#220 = EDGE_LOOP ( 'NONE', ( #410, #1645, #596, #244 ) ) ;
#221 = FACE_OUTER_BOUND ( 'NONE', #1551, .T. ) ;
#222 = CARTESIAN_POINT ( 'NONE',  ( 0.001543555618514521341, -0.09000839743771131551, 0.3092481521353551699 ) ) ;
#223 = EDGE_CURVE ( 'NONE', #1655, #1792, #348, .T. ) ;
#224 = CARTESIAN_POINT ( 'NONE',  ( -0.001508995689517943998, -0.09002859054804294991, 0.3092677496953461502 ) ) ;
#225 = PERSON_AND_ORGANIZATION_ROLE ( 'creator' ) ;
#226 = EDGE_CURVE ( 'NONE', #599, #1961, #1012, .T. ) ;
#227 = EDGE_LOOP ( 'NONE', ( #764, #487, #55, #1853 ) ) ;
#228 = FACE_OUTER_BOUND ( 'NONE', #2109, .T. ) ;
#229 = CARTESIAN_POINT ( 'NONE',  ( -0.07867631423944566882, -0.04426359019012996582, 0.3094992728932637327 ) ) ;
#230 = ORIENTED_EDGE ( 'NONE', *, *, #1161, .F. ) ;
#231 = CARTESIAN_POINT ( 'NONE',  ( -0.02610089766534566189, -0.07568933237372404976, 0.2989823976344205270 ) ) ;
#232 = CARTESIAN_POINT ( 'NONE',  ( 0.07872097207667551333, 0.04374776862135083128, 0.3092868191377861065 ) ) ;
#233 = EDGE_CURVE ( 'NONE', #772, #599, #210, .T. ) ;
#234 = CARTESIAN_POINT ( 'NONE',  ( -0.02612291617966187862, -0.07567652309256475696, 0.2989759386716033251 ) ) ;
#235 = CARTESIAN_POINT ( 'NONE',  ( 0.000000000000000000, -3.414809992080329023E-17, 0.1904989177907187858 ) ) ;
#236 = PERSON_AND_ORGANIZATION ( #1441, #2130 ) ;
#237 = DIRECTION ( 'NONE',  ( -0.000000000000000000, -0.000000000000000000, 1.000000000000000000 ) ) ;
#238 = CARTESIAN_POINT ( 'NONE',  ( 0.000000000000000000, -1.707404996040164512E-17, 0.2239999999999999769 ) ) ;
#239 = ORIENTED_EDGE ( 'NONE', *, *, #1300, .T. ) ;
#240 = CARTESIAN_POINT ( 'NONE',  ( -0.007437918831425241115, 0.08656436440275992739, 0.3059056930944035191 ) ) ;
#241 = CARTESIAN_POINT ( 'NONE',  ( 0.07780414438011447331, 0.04586816125006490386, 0.3095446974534055706 ) ) ;
#242 = FACE_OUTER_BOUND ( 'NONE', #758, .T. ) ;
#243 = CARTESIAN_POINT ( 'NONE',  ( -0.07134504203924847687, 0.04901990033417376325, 0.3047833081153685231 ) ) ;
#244 = ORIENTED_EDGE ( 'NONE', *, *, #1835, .F. ) ;
#245 = ADVANCED_FACE ( 'NONE', ( #683 ), #1875, .F. ) ;
#246 = CONICAL_SURFACE ( 'NONE', #666, 0.1000000000000001443, 0.7853981633974463916 ) ;
#247 = CIRCLE ( 'NONE', #1636, 0.09391861690021233167 ) ;
#248 = CONICAL_SURFACE ( 'NONE', #1529, 0.09177347956087902880, 0.7853981633974500554 ) ;
#249 = DIRECTION ( 'NONE',  ( 0.000000000000000000, 0.000000000000000000, 1.000000000000000000 ) ) ;
#250 = CARTESIAN_POINT ( 'NONE',  ( 0.0001832934459435529265, 0.08996080656298235945, 0.3085322449925313459 ) ) ;
#251 = TOROIDAL_SURFACE ( 'NONE', #1496, 0.09391861690021233167, 0.001562500000000000087 ) ;
#252 = ORIENTED_EDGE ( 'NONE', *, *, #984, .T. ) ;
#253 = CARTESIAN_POINT ( 'NONE',  ( -0.07782628393197049688, -0.04512221425894832189, 0.3085319306340671419 ) ) ;
#254 = LINE ( 'NONE', #288, #1808 ) ;
#255 = CARTESIAN_POINT ( 'NONE',  ( -0.07812500000000000000, 0.04387221464470904275, 0.3088260042650138315 ) ) ;
#256 = CARTESIAN_POINT ( 'NONE',  ( -0.0005226821828233511923, -0.09039214867033469603, 0.3096198555806479180 ) ) ;
#257 = CALENDAR_DATE ( 2026, 22, 1 ) ;
#258 = ORIENTED_EDGE ( 'NONE', *, *, #1999, .T. ) ;
#259 = EDGE_CURVE ( 'NONE', #12, #1543, #2085, .T. ) ;
#260 = DIRECTION ( 'NONE',  ( 0.000000000000000000, -1.000000000000000000, 0.000000000000000000 ) ) ;
#261 = CARTESIAN_POINT ( 'NONE',  ( 0.1250000000000000555, -1.904325772674134335E-17, -0.2859999999999999765 ) ) ;
#262 = EDGE_CURVE ( 'NONE', #743, #1219, #808, .T. ) ;
#263 = ORIENTED_EDGE ( 'NONE', *, *, #738, .T. ) ;
#264 = CARTESIAN_POINT ( 'NONE',  ( -0.03263164623562287564, -0.07189973079330692907, 0.2978214890721868624 ) ) ;
#265 = DIRECTION ( 'NONE',  ( 1.000000000000000000, 0.000000000000000000, 0.000000000000000000 ) ) ;
#266 = CARTESIAN_POINT ( 'NONE',  ( -0.07812500000000000000, 0.04420337998483069020, 0.3081432977897511916 ) ) ;
#267 = B_SPLINE_CURVE_WITH_KNOTS ( 'NONE', 3,
 ( #1397, #1240, #2074, #1757, #390, #1766, #1746, #889, #243, #1582 ),
 .UNSPECIFIED., .F., .F.,
 ( 4, 2, 2, 2, 4 ),
 ( 0.000000000000000000, 0.0005830596660028866587, 0.001166119332005773317, 0.001749178998008660410, 0.002332238664011547502 ),
 .UNSPECIFIED. ) ;
#268 = DIRECTION ( 'NONE',  ( -0.5000000000000033307, 0.8660254037844367092, 0.000000000000000000 ) ) ;
#269 = CARTESIAN_POINT ( 'NONE',  ( -0.07812500000000263678, -0.04420337998483017672, 0.3081432977897525793 ) ) ;
#270 = PERSON_AND_ORGANIZATION_ROLE ( 'creator' ) ;
#271 = EDGE_LOOP ( 'NONE', ( #1359, #1903, #522, #1336 ) ) ;
#272 = CARTESIAN_POINT ( 'NONE',  ( 0.07776213710488989739, -0.04520451787072454070, 0.3085041027246132050 ) ) ;
#273 = CARTESIAN_POINT ( 'NONE',  ( 0.07717778092572694093, -0.04634095709664347307, 0.3092481521353552254 ) ) ;
#274 = ORIENTED_EDGE ( 'NONE', *, *, #531, .T. ) ;
#275 = DIRECTION ( 'NONE',  ( -0.000000000000000000, -0.000000000000000000, -1.000000000000000000 ) ) ;
#276 = CARTESIAN_POINT ( 'NONE',  ( 0.1450000000000000178, 6.833286272349803060E-19, 0.1890000000000000291 ) ) ;
#277 = CARTESIAN_POINT ( 'NONE',  ( -0.04567588607796863043, -0.06383999443828917986, 0.2966992535230795758 ) ) ;
#278 = DIRECTION ( 'NONE',  ( 1.000000000000000000, 0.000000000000000000, 0.000000000000000000 ) ) ;
#279 = CARTESIAN_POINT ( 'NONE',  ( 0.05242378185071153163, -0.05994409499743252878, 0.2978710845418652831 ) ) ;
#280 = ORIENTED_EDGE ( 'NONE', *, *, #1369, .F. ) ;
#281 = CIRCLE ( 'NONE', #1983, 0.001562499999999999870 ) ;
#282 = CARTESIAN_POINT ( 'NONE',  ( 0.07794228464311359073, -0.04493872114414142888, 0.3085487632132863367 ) ) ;
#283 = CARTESIAN_POINT ( 'NONE',  ( -7.280819539832977815E-18, -0.08840675996966146366, 0.2255624999999999714 ) ) ;
#284 = CIRCLE ( 'NONE', #1127, 0.001562499999999999870 ) ;
#285 = VECTOR ( 'NONE', #967, 39.37007874015748854 ) ;
#286 = CIRCLE ( 'NONE', #1058, 0.1250000000000000555 ) ;
#287 = ORIENTED_EDGE ( 'NONE', *, *, #1370, .T. ) ;
#288 = CARTESIAN_POINT ( 'NONE',  ( 0.1000000000000001443, -1.904325772674134335E-17, -0.3109999999999999987 ) ) ;
#289 = AXIS2_PLACEMENT_3D ( 'NONE', #2182, #684, #19 ) ;
#290 = ORIENTED_EDGE ( 'NONE', *, *, #72, .F. ) ;
#291 = EDGE_CURVE ( 'NONE', #2102, #2050, #460, .T. ) ;
#292 = CARTESIAN_POINT ( 'NONE',  ( 0.07812500000000001388, -0.01543180912110481660, 0.2967055303932766286 ) ) ;
#293 = CARTESIAN_POINT ( 'NONE',  ( 0.0007812500000000070907, 0.08885781486746582858, 0.2255624999999999714 ) ) ;
#294 = B_SPLINE_CURVE_WITH_KNOTS ( 'NONE', 3,
 ( #1873, #4, #1753, #897, #1449, #1784, #253, #930, #2104, #97, #402, #1613, #2128, #1939, #1102, #1429, #1066, #733, #1908, #80, #604, #2081 ),
 .UNSPECIFIED., .F., .F.,
 ( 4, 3, 3, 3, 3, 3, 3, 4 ),
 ( 0.000000000000000000, 1.257646521626739625E-05, 1.943021604748213559E-05, 2.362360756527154149E-05, 3.041853298761894363E-05, 3.371313053815914014E-05, 4.498796487310048625E-05, 4.708095617916695518E-05 ),
 .UNSPECIFIED. ) ;
#295 = DIRECTION ( 'NONE',  ( -1.000000000000000000, -1.224646799147352961E-16, 0.000000000000000000 ) ) ;
#296 = ORIENTED_EDGE ( 'NONE', *, *, #2183, .F. ) ;
#297 = DIRECTION ( 'NONE',  ( 0.000000000000000000, 0.000000000000000000, -1.000000000000000000 ) ) ;
#298 = CARTESIAN_POINT ( 'NONE',  ( 0.000000000000000000, -1.707404996040164512E-17, 0.06989362103340383825 ) ) ;
#299 = ORIENTED_EDGE ( 'NONE', *, *, #1369, .T. ) ;
#300 = ORIENTED_EDGE ( 'NONE', *, *, #1139, .F. ) ;
#301 = CARTESIAN_POINT ( 'NONE',  ( 0.06022913968047988870, 0.1231800699772460511, 0.2239999999999999769 ) ) ;
#302 = CARTESIAN_POINT ( 'NONE',  ( -0.0007461279116021197122, -0.08977975926313291888, 0.3081817768285717851 ) ) ;
#303 = CARTESIAN_POINT ( 'NONE',  ( -0.07656250000000000555, -0.04420337998483073877, 0.2255624999999999714 ) ) ;
#304 = DIRECTION ( 'NONE',  ( -1.000000000000000000, 0.000000000000000000, 0.000000000000000000 ) ) ;
#305 = EDGE_CURVE ( 'NONE', #1871, #1040, #976, .T. ) ;
#306 = CARTESIAN_POINT ( 'NONE',  ( 0.05234702353373419520, -0.05998841143240214724, 0.2985324310339128040 ) ) ;
#307 = ORIENTED_EDGE ( 'NONE', *, *, #812, .F. ) ;
#308 = CARTESIAN_POINT ( 'NONE',  ( 0.07802626348308186466, -0.04475719263900667516, 0.3085139171080611975 ) ) ;
#309 = DIRECTION ( 'NONE',  ( -0.000000000000000000, -0.000000000000000000, -1.000000000000000000 ) ) ;
#310 = ORIENTED_EDGE ( 'NONE', *, *, #182, .T. ) ;
#311 = CARTESIAN_POINT ( 'NONE',  ( -0.07855755354540107371, 0.04470912862755995615, 0.3096152738218471701 ) ) ;
#312 = CARTESIAN_POINT ( 'NONE',  ( 0.001068047597398251230, -0.08959434199301381796, 0.3088260042650137205 ) ) ;
#313 = CARTESIAN_POINT ( 'NONE',  ( -0.0007812499999999929961, 0.08975992466307461393, 0.2255624999999999714 ) ) ;
#314 = LINE ( 'NONE', #806, #697 ) ;
#315 = ADVANCED_FACE ( 'NONE', ( #1777, #2084 ), #1572, .T. ) ;
#316 = DIRECTION ( 'NONE',  ( 1.892679809432641431E-16, -1.000000000000000000, 0.000000000000000000 ) ) ;
#317 = CC_DESIGN_DATE_AND_TIME_ASSIGNMENT ( #1071, #1758, ( #1223 ) ) ;
#318 = EDGE_CURVE ( 'NONE', #407, #731, #1307, .T. ) ;
#319 = DIRECTION ( 'NONE',  ( -0.000000000000000000, 0.000000000000000000, 1.000000000000000000 ) ) ;
#321 = VERTEX_POINT ( 'NONE', #564 ) ;
#320 = CIRCLE ( 'NONE', #595, 0.1250000000000000555 ) ;
#322 = CARTESIAN_POINT ( 'NONE',  ( 0.000000000000000000, -3.414809992080329023E-17, 0.1904989177907187858 ) ) ;
#323 = CARTESIAN_POINT ( 'NONE',  ( -0.0006153177766258648455, -0.09055083791553859840, 0.3097745968407599748 ) ) ;
#324 = CIRCLE ( 'NONE', #356, 0.003500000000000010481 ) ;
#325 = AXIS2_PLACEMENT_3D ( 'NONE', #1697, #2042, #1921 ) ;
#326 = CARTESIAN_POINT ( 'NONE',  ( 0.000000000000000000, -1.707404996040164512E-17, 0.1689999999999999558 ) ) ;
#327 = CARTESIAN_POINT ( 'NONE',  ( -0.001068047597398236919, 0.08959434199301380408, 0.3088260042650137205 ) ) ;
#328 = PERSON_AND_ORGANIZATION ( #1441, #2130 ) ;
#329 = VECTOR ( 'NONE', #768, 39.37007874015748854 ) ;
#330 = DIRECTION ( 'NONE',  ( -0.000000000000000000, 0.000000000000000000, -1.000000000000000000 ) ) ;
#331 = VERTEX_POINT ( 'NONE', #760 ) ;
#332 = CARTESIAN_POINT ( 'NONE',  ( -0.07805438154659442851, 0.04467476572506107885, 0.3084813330136447762 ) ) ;
#333 = ADVANCED_FACE ( 'NONE', ( #737 ), #1923, .F. ) ;
#334 = ORIENTED_EDGE ( 'NONE', *, *, #1988, .T. ) ;
#335 = CARTESIAN_POINT ( 'NONE',  ( -0.07812500000000000000, -0.01550944100721219666, 0.2967093492305014624 ) ) ;
#336 = DIRECTION ( 'NONE',  ( 1.000000000000000000, 0.000000000000000000, 0.000000000000000000 ) ) ;
#337 = EDGE_CURVE ( 'NONE', #832, #1444, #353, .T. ) ;
#338 = CARTESIAN_POINT ( 'NONE',  ( 0.01347575618514124281, 0.08303875147525921485, 0.3030576427186280064 ) ) ;
#339 = FACE_BOUND ( 'NONE', #1916, .T. ) ;
#340 = DIRECTION ( 'NONE',  ( 1.000000000000000000, -1.092739197465705445E-14, 0.000000000000000000 ) ) ;
#341 = CARTESIAN_POINT ( 'NONE',  ( 0.07777399756899458505, 0.04519413001922358702, 0.3085139171080611975 ) ) ;
#342 = ORIENTED_EDGE ( 'NONE', *, *, #1548, .F. ) ;
#343 = CARTESIAN_POINT ( 'NONE',  ( -0.07812500000000000000, 0.007715866389771068763, 0.2967017993214616789 ) ) ;
#344 = CARTESIAN_POINT ( 'NONE',  ( 0.02610089766534565148, 0.07568933237372404976, 0.2989823976344206380 ) ) ;
#345 = CARTESIAN_POINT ( 'NONE',  ( -0.2742570507083220144, -3.633870682946598594E-19, 0.2239999999999999769 ) ) ;
#346 = CARTESIAN_POINT ( 'NONE',  ( -0.1249999999999999584, -1.904325772674134335E-17, 0.1689999999999999558 ) ) ;
#347 = EDGE_CURVE ( 'NONE', #1444, #832, #631, .T. ) ;
#348 = LINE ( 'NONE', #1846, #1090 ) ;
#349 = FACE_OUTER_BOUND ( 'NONE', #497, .T. ) ;
#350 = ORIENTED_EDGE ( 'NONE', *, *, #744, .F. ) ;
#351 = DIRECTION ( 'NONE',  ( -0.7791919043471240425, -0.4498666557251854714, -0.4364401084530845076 ) ) ;
#352 = CARTESIAN_POINT ( 'NONE',  ( 0.07134504203924846300, -0.04901990033417379794, 0.3047833081153685231 ) ) ;
#353 = CIRCLE ( 'NONE', #1597, 0.2712376134726743326 ) ;
#354 = CARTESIAN_POINT ( 'NONE',  ( 0.06516326815554185359, 0.05319688542643245810, 0.3030530061097548300 ) ) ;
#355 = EDGE_CURVE ( 'NONE', #471, #1737, #1901, .T. ) ;
#356 = AXIS2_PLACEMENT_3D ( 'NONE', #1695, #1029, #1715 ) ;
#357 = EDGE_CURVE ( 'NONE', #896, #1655, #267, .T. ) ;
#358 = AXIS2_PLACEMENT_3D ( 'NONE', #2096, #1455, #422 ) ;
#359 = CARTESIAN_POINT ( 'NONE',  ( 0.07734375000000086320, -0.04555654467824648418, 0.3081432977897526349 ) ) ;
#360 = AXIS2_PLACEMENT_3D ( 'NONE', #937, #1325, #1143 ) ;
#361 = CARTESIAN_POINT ( 'NONE',  ( 0.07771667279931850081, 0.04525969443350350008, 0.3084813330136447762 ) ) ;
#362 = CARTESIAN_POINT ( 'NONE',  ( -0.2774891813649722483, -3.414809992080329023E-17, 0.2218428817588830870 ) ) ;
#363 = CARTESIAN_POINT ( 'NONE',  ( -0.07872133654424143256, -0.04366744034106787714, 0.3092481521353551699 ) ) ;
#364 = DIRECTION ( 'NONE',  ( 0.000000000000000000, -0.4364401084531123187, -0.8997333114503628382 ) ) ;
#365 = ORIENTED_EDGE ( 'NONE', *, *, #1110, .T. ) ;
#366 = CARTESIAN_POINT ( 'NONE',  ( 0.07872133654424144644, 0.04366744034106787020, 0.3092481521353551699 ) ) ;
#367 = DIRECTION ( 'NONE',  ( -0.8660254037844404840, 0.4999999999999968914, 4.731699523581639175E-15 ) ) ;
#368 = DIRECTION ( 'NONE',  ( -1.000000000000000000, 1.224646799147358384E-16, 0.000000000000000000 ) ) ;
#369 = EDGE_CURVE ( 'NONE', #1919, #691, #1570, .T. ) ;
#370 =( NAMED_UNIT ( * ) SI_UNIT ( $, .STERADIAN. ) SOLID_ANGLE_UNIT ( ) );
#371 = ORIENTED_EDGE ( 'NONE', *, *, #123, .F. ) ;
#372 = CARTESIAN_POINT ( 'NONE',  ( -0.07812500000000000000, 0.03734879382196858860, 0.3048182937608081011 ) ) ;
#373 = LINE ( 'NONE', #77, #463 ) ;
#374 = EDGE_LOOP ( 'NONE', ( #1101, #815, #2046, #300 ) ) ;
#375 = CARTESIAN_POINT ( 'NONE',  ( 0.07705695240260178325, 0.04572212734830472664, 0.3088260042650137205 ) ) ;
#376 = CARTESIAN_POINT ( 'NONE',  ( 0.06516717574665525925, -0.05319466373632200651, 0.3030555195855417772 ) ) ;
#377 = ORIENTED_EDGE ( 'NONE', *, *, #767, .T. ) ;
#378 = CARTESIAN_POINT ( 'NONE',  ( -0.01356793038329565278, 0.08298497002789535781, 0.3030178148898980961 ) ) ;
#379 = CARTESIAN_POINT ( 'NONE',  ( 0.000000000000000000, 0.000000000000000000, 0.000000000000000000 ) ) ;
#380 = EDGE_LOOP ( 'NONE', ( #963, #1630, #1226, #1251 ) ) ;
#381 = EDGE_CURVE ( 'NONE', #1868, #1792, #1672, .T. ) ;
#382 = EDGE_CURVE ( 'NONE', #772, #1227, #314, .T. ) ;
#383 = CARTESIAN_POINT ( 'NONE',  ( 0.006956061828920493371, -0.08619489539145307189, 0.3054972625769882266 ) ) ;
#384 = LINE ( 'NONE', #1048, #1844 ) ;
#385 = CARTESIAN_POINT ( 'NONE',  ( -0.07968749999999999445, -0.04420337998483073877, 0.3081432977897511916 ) ) ;
#386 = ORIENTED_EDGE ( 'NONE', *, *, #1682, .F. ) ;
#387 = CARTESIAN_POINT ( 'NONE',  ( -0.0007812499998919213498, 0.08975992466313700846, 0.3081432977898117542 ) ) ;
#388 = PLANE ( 'NONE',  #598 ) ;
#389 = AXIS2_PLACEMENT_3D ( 'NONE', #37, #1025, #200 ) ;
#390 = CARTESIAN_POINT ( 'NONE',  ( -0.03246524800210269512, 0.07146715988755704407, 0.2966998113030248074 ) ) ;
#391 = CIRCLE ( 'NONE', #565, 0.001562500000000001605 ) ;
#392 = AXIS2_PLACEMENT_3D ( 'NONE', #803, #1499, #1965 ) ;
#393 = VECTOR ( 'NONE', #2041, 39.37007874015748143 ) ;
#394 = DIRECTION ( 'NONE',  ( -1.000000000000000000, 0.000000000000000000, 0.000000000000000000 ) ) ;
#395 = CIRCLE ( 'NONE', #1882, 0.001562499999999991847 ) ;
#396 = CIRCLE ( 'NONE', #1166, 0.001562500000000012447 ) ;
#397 = EDGE_LOOP ( 'NONE', ( #442, #1401, #1031, #2038 ) ) ;
#398 = ORIENTED_EDGE ( 'NONE', *, *, #1137, .F. ) ;
#399 = CARTESIAN_POINT ( 'NONE',  ( 0.07734375000000003053, 0.04555654467824391679, 0.3081432977897511916 ) ) ;
#400 = EDGE_CURVE ( 'NONE', #570, #1612, #1949, .T. ) ;
#401 = EDGE_LOOP ( 'NONE', ( #252, #1642, #1883, #1531 ) ) ;
#402 = CARTESIAN_POINT ( 'NONE',  ( -0.07796178361848313254, -0.04490441817529574470, 0.3085482515468210840 ) ) ;
#403 = CARTESIAN_POINT ( 'NONE',  ( -0.001543555618514535002, 0.09000839743771128776, 0.3092481521353551699 ) ) ;
#404 = ADVANCED_FACE ( 'NONE', ( #1624 ), #1294, .F. ) ;
#405 = CARTESIAN_POINT ( 'NONE',  ( 0.000000000000000000, -1.904325772674134335E-17, 0.3109999999999999987 ) ) ;
#406 = CALENDAR_DATE ( 2026, 22, 1 ) ;
#407 = VERTEX_POINT ( 'NONE', #1105 ) ;
#408 = DIRECTION ( 'NONE',  ( 0.000000000000000000, 0.000000000000000000, 1.000000000000000000 ) ) ;
#409 = CARTESIAN_POINT ( 'NONE',  ( 0.05237755393922684938, 0.05997078469457222533, 0.2978617588067584143 ) ) ;
#410 = ORIENTED_EDGE ( 'NONE', *, *, #525, .F. ) ;
#411 = CARTESIAN_POINT ( 'NONE',  ( -0.04590289805946557583, 0.06423745418932484685, 0.2978142590771752363 ) ) ;
#412 = CARTESIAN_POINT ( 'NONE',  ( -0.0005595356001674965402, 0.09038740134325355668, 0.3096152738218471701 ) ) ;
#413 = DIRECTION ( 'NONE',  ( 1.224646799147353207E-16, 1.000000000000000000, -0.000000000000000000 ) ) ;
#414 = CARTESIAN_POINT ( 'NONE',  ( -0.0007644423820552625863, -0.09032962921921958155, 0.3095593842652898386 ) ) ;
#415 =( LENGTH_UNIT ( ) NAMED_UNIT ( * ) SI_UNIT ( $, .METRE. ) );
#416 = LOCAL_TIME ( 17, 16, 55.00000000000000000, #1980 ) ;
#417 = ORIENTED_EDGE ( 'NONE', *, *, #127, .T. ) ;
#418 = CARTESIAN_POINT ( 'NONE',  ( 0.2282566402528354299, -1.707404996040164512E-17, 0.2255624999999999714 ) ) ;
#419 = CARTESIAN_POINT ( 'NONE',  ( -0.0001093459477275517821, 0.08996639214905177706, 0.3085430324034164062 ) ) ;
#420 = EDGE_LOOP ( 'NONE', ( #990, #2077, #646, #371, #342 ) ) ;
#421 = DIRECTION ( 'NONE',  ( -0.5000000000000019984, -0.8660254037844373753, 0.000000000000000000 ) ) ;
#422 = DIRECTION ( 'NONE',  ( 0.000000000000000000, 0.000000000000000000, -1.000000000000000000 ) ) ;
#423 = CARTESIAN_POINT ( 'NONE',  ( -5.616652649967672904E-06, -0.09042690045460259618, 0.3096534210681561317 ) ) ;
#424 = EDGE_CURVE ( 'NONE', #1886, #823, #38, .T. ) ;
#425 = VECTOR ( 'NONE', #1536, 39.37007874015748143 ) ;
#426 = CIRCLE ( 'NONE', #811, 0.001562500000000000304 ) ;
#427 = ORIENTED_EDGE ( 'NONE', *, *, #519, .F. ) ;
#428 = CIRCLE ( 'NONE', #813, 0.001562500000000001605 ) ;
#429 = AXIS2_PLACEMENT_3D ( 'NONE', #1654, #2148, #1791 ) ;
#430 = DIRECTION ( 'NONE',  ( 1.000000000000000000, 0.000000000000000000, 0.000000000000000000 ) ) ;
#431 = CARTESIAN_POINT ( 'NONE',  ( 0.0006304277258194236882, 0.08984066473332420755, 0.3082998781682802503 ) ) ;
#432 = ORIENTED_EDGE ( 'NONE', *, *, #9, .F. ) ;
#433 = CARTESIAN_POINT ( 'NONE',  ( -0.006956061828920472555, 0.08619489539145179513, 0.3054972625769886152 ) ) ;
#434 = DIRECTION ( 'NONE',  ( 0.000000000000000000, 0.000000000000000000, 1.000000000000000000 ) ) ;
#435 = CARTESIAN_POINT ( 'NONE',  ( -0.07872691935211068026, 0.04473852888131146094, 0.3097725947625176723 ) ) ;
#436 = DIRECTION ( 'NONE',  ( 0.000000000000000000, 0.000000000000000000, 1.000000000000000000 ) ) ;
#437 = DIRECTION ( 'NONE',  ( -0.000000000000000000, -0.000000000000000000, 1.000000000000000000 ) ) ;
#438 = EDGE_CURVE ( 'NONE', #1961, #1227, #320, .T. ) ;
#439 = PERSON_AND_ORGANIZATION ( #1441, #2130 ) ;
#440 = DIRECTION ( 'NONE',  ( -0.000000000000000000, -0.000000000000000000, -1.000000000000000000 ) ) ;
#441 = DIRECTION ( 'NONE',  ( 0.000000000000000000, 0.000000000000000000, -1.000000000000000000 ) ) ;
#442 = ORIENTED_EDGE ( 'NONE', *, *, #1755, .T. ) ;
#443 = CARTESIAN_POINT ( 'NONE',  ( 0.07812500000000004163, -0.04420337998483075265, 0.3081432977897511916 ) ) ;
#444 = DIRECTION ( 'NONE',  ( -0.000000000000000000, -0.000000000000000000, -1.000000000000000000 ) ) ;
#445 = FACE_OUTER_BOUND ( 'NONE', #1720, .T. ) ;
#446 = CARTESIAN_POINT ( 'NONE',  ( 0.000000000000000000, -1.707404996040164512E-17, 0.2245917536856660290 ) ) ;
#447 = CARTESIAN_POINT ( 'NONE',  ( 0.04590289805946477786, -0.06423745418932552687, 0.2978142590771754028 ) ) ;
#448 = CC_DESIGN_PERSON_AND_ORGANIZATION_ASSIGNMENT ( #935, #270, ( #111 ) ) ;
#449 = DIRECTION ( 'NONE',  ( 1.224646799147353207E-16, 1.000000000000000000, -0.000000000000000000 ) ) ;
#450 = CARTESIAN_POINT ( 'NONE',  ( 0.07717778092572691317, 0.04634095709664345225, 0.3092481521353551699 ) ) ;
#451 = ADVANCED_FACE ( 'NONE', ( #2144 ), #787, .F. ) ;
#452 = B_SPLINE_CURVE_WITH_KNOTS ( 'NONE', 3,
 ( #2169, #1505, #789, #962 ),
 .UNSPECIFIED., .F., .F.,
 ( 4, 4 ),
 ( 0.001156438480911952055, 0.002312434872080112048 ),
 .UNSPECIFIED. ) ;
#453 = EDGE_LOOP ( 'NONE', ( #274, #716, #195, #398 ) ) ;
#454 = DIRECTION ( 'NONE',  ( -1.000000000000000000, 0.000000000000000000, 0.000000000000000000 ) ) ;
#455 = CARTESIAN_POINT ( 'NONE',  ( 0.02574744606077314715, -0.07534568464674629151, 0.2978617588067585253 ) ) ;
#456 = ORIENTED_EDGE ( 'NONE', *, *, #850, .T. ) ;
#457 = CARTESIAN_POINT ( 'NONE',  ( -0.07812500000000000000, -0.04510548978043953799, -0.01467581744561670745 ) ) ;
#458 = CARTESIAN_POINT ( 'NONE',  ( -0.2282566402528354299, 1.087932642657473334E-17, 0.2239999999999999769 ) ) ;
#459 = CARTESIAN_POINT ( 'NONE',  ( 0.09242068825208697713, 0.000000000000000000, 0.3109999999999999987 ) ) ;
#460 = CIRCLE ( 'NONE', #1557, 0.2741091409393198730 ) ;
#461 = DIRECTION ( 'NONE',  ( -1.000000000000000000, 0.000000000000000000, 0.000000000000000000 ) ) ;
#462 = AXIS2_PLACEMENT_3D ( 'NONE', #1991, #969, #1660 ) ;
#463 = VECTOR ( 'NONE', #871, 39.37007874015748854 ) ;
#464 = EDGE_LOOP ( 'NONE', ( #1747, #732, #802, #20 ) ) ;
#465 = DIRECTION ( 'NONE',  ( -1.000000000000000000, 0.000000000000000000, 0.000000000000000000 ) ) ;
#466 = CARTESIAN_POINT ( 'NONE',  ( 0.0002522659140872575445, -0.08995132265823028994, 0.3085139171080611975 ) ) ;
#467 = ADVANCED_FACE ( 'NONE', ( #1149 ), #1832, .F. ) ;
#468 = CIRCLE ( 'NONE', #915, 0.1249999999999999584 ) ;
#469 = CARTESIAN_POINT ( 'NONE',  ( 0.07812500000000004163, -0.03022683046622644601, 0.3019447760531847047 ) ) ;
#470 = FACE_OUTER_BOUND ( 'NONE', #1290, .T. ) ;
#471 = VERTEX_POINT ( 'NONE', #618 ) ;
#472 = CARTESIAN_POINT ( 'NONE',  ( -0.07717778092572689930, -0.04634095709664346613, 0.3092481521353551699 ) ) ;
#473 = VERTEX_POINT ( 'NONE', #1490 ) ;
#474 = CARTESIAN_POINT ( 'NONE',  ( -0.07812500000000000000, 0.04690970937165708093, 0.3081432977897511916 ) ) ;
#475 = CARTESIAN_POINT ( 'NONE',  ( 0.07830918465284754382, -0.04521831439118037532, 0.3096534210681561317 ) ) ;
#476 = VERTEX_POINT ( 'NONE', #1140 ) ;
#477 = ORIENTED_EDGE ( 'NONE', *, *, #712, .F. ) ;
#478 = ORIENTED_EDGE ( 'NONE', *, *, #1214, .F. ) ;
#479 = CARTESIAN_POINT ( 'NONE',  ( -0.07767155068707908006, 0.04600389171242229291, 0.3094992728932637327 ) ) ;
#480 = CARTESIAN_POINT ( 'NONE',  ( -0.0007812499999999929961, 0.08975992466307461393, 0.3081432977897511361 ) ) ;
#481 = CARTESIAN_POINT ( 'NONE',  ( 0.07812500000000004163, 0.007717793128212865374, 0.2967018967646864458 ) ) ;
#482 = CARTESIAN_POINT ( 'NONE',  ( 7.248499753495136943E-18, 0.08840675996966142203, 0.2255624999999999714 ) ) ;
#483 = VERTEX_POINT ( 'NONE', #1478 ) ;
#484 = EDGE_CURVE ( 'NONE', #473, #1737, #1378, .T. ) ;
#485 = CARTESIAN_POINT ( 'NONE',  ( 0.02612318103723181018, -0.07567637650624123302, 0.2989764678542964349 ) ) ;
#486 = CARTESIAN_POINT ( 'NONE',  ( 0.07805438154659445626, -0.04467476572506114130, 0.3084813330136447762 ) ) ;
#487 = ORIENTED_EDGE ( 'NONE', *, *, #826, .F. ) ;
#488 = CARTESIAN_POINT ( 'NONE',  ( -0.07117743331347732572, 0.04911666927711279967, 0.3055020652311205565 ) ) ;
#489 = DIRECTION ( 'NONE',  ( 0.000000000000000000, 0.000000000000000000, 1.000000000000000000 ) ) ;
#490 = CARTESIAN_POINT ( 'NONE',  ( 0.07812500000000004163, 0.01527488796490752108, 0.2978391719402635474 ) ) ;
#491 = CARTESIAN_POINT ( 'NONE',  ( -0.03191824225709634366, -1.707404996040164512E-17, 0.06989362103340383825 ) ) ;
#492 = CARTESIAN_POINT ( 'NONE',  ( -0.07823724875036203175, -0.04462081538048693480, 0.3092920475509451372 ) ) ;
#493 = EDGE_CURVE ( 'NONE', #321, #997, #1456, .T. ) ;
#494 = CARTESIAN_POINT ( 'NONE',  ( 0.07812380889048860244, 0.04426437833301585800, 0.3082004561897680461 ) ) ;
#495 =( BOUNDED_SURFACE ( )  B_SPLINE_SURFACE ( 3, 2, ( 
 ( #840, #506, #868 ),
 ( #1526, #1173, #1356 ),
 ( #1388, #1858, #1182 ),
 ( #359, #1158, #1685 ) ),
 .UNSPECIFIED., .F., .F., .F. ) 
 B_SPLINE_SURFACE_WITH_KNOTS ( ( 4, 4 ),
 ( 3, 3 ),
 ( 0.0001166966778214802950, 0.0002019655231482218947 ),
 ( 0.000000000000000000, 1.000000000000000000 ),
 .UNSPECIFIED. ) 
 GEOMETRIC_REPRESENTATION_ITEM ( )  RATIONAL_B_SPLINE_SURFACE ( (
 ( 1.000000000000000000, 0.8995400523838524842, 1.000000000000000000),
 ( 1.000000000000000000, 0.9315867708301484029, 1.000000000000000000),
 ( 1.000000000000000000, 0.9316815289632421893, 1.000000000000000000),
 ( 1.000000000000000000, 0.8995400523838206208, 1.000000000000000000) ) ) 
 REPRESENTATION_ITEM ( '' )  SURFACE ( )  );
#497 = EDGE_LOOP ( 'NONE', ( #1412, #577, #239, #1838 ) ) ;
#496 = AXIS2_PLACEMENT_3D ( 'NONE', #1205, #1890, #368 ) ;
#498 = CARTESIAN_POINT ( 'NONE',  ( -0.07859889176008527656, 0.01508090532785081109, 0.2989498922955088345 ) ) ;
#499 = CARTESIAN_POINT ( 'NONE',  ( 0.07656250000000001943, 0.04420337998483072489, 0.2255624999999999714 ) ) ;
#500 = CIRCLE ( 'NONE', #145, 0.1450000000000000178 ) ;
#501 = AXIS2_PLACEMENT_3D ( 'NONE', #1340, #682, #513 ) ;
#502 = LOCAL_TIME ( 17, 16, 55.00000000000000000, #1036 ) ;
#503 = CARTESIAN_POINT ( 'NONE',  ( 0.07812500000000004163, -0.03741970461637265238, 0.3048526909434348120 ) ) ;
#504 = CARTESIAN_POINT ( 'NONE',  ( -0.09391861690021233167, -5.548363201196816098E-18, 0.3109999999999999987 ) ) ;
#505 = AXIS2_PLACEMENT_3D ( 'NONE', #1797, #1615, #1282 ) ;
#506 = CARTESIAN_POINT ( 'NONE',  ( 0.07812500000000004163, -0.04387221464470910520, 0.3088260042650137760 ) ) ;
#507 = ADVANCED_FACE ( 'NONE', ( #470 ), #1093, .T. ) ;
#508 = CARTESIAN_POINT ( 'NONE',  ( 0.2741091409393198730, -3.724439295532117467E-19, 0.1904989177907187858 ) ) ;
#509 = ORIENTED_EDGE ( 'NONE', *, *, #942, .F. ) ;
#510 = CARTESIAN_POINT ( 'NONE',  ( -0.07812500000000002776, -0.01538367681800191338, 0.2973565749347358289 ) ) ;
#511 = DIRECTION ( 'NONE',  ( 0.000000000000000000, 1.000000000000000000, 0.000000000000000000 ) ) ;
#512 = CARTESIAN_POINT ( 'NONE',  ( 0.04581298039620178980, 0.06428920574004345911, 0.2978041078335456060 ) ) ;
#513 = DIRECTION ( 'NONE',  ( 0.5000000000000021094, -0.8660254037844373753, 0.000000000000000000 ) ) ;
#514 = CARTESIAN_POINT ( 'NONE',  ( -7.603287872991357302E-18, -0.08840675996966146366, 0.2255624999999999714 ) ) ;
#515 = CARTESIAN_POINT ( 'NONE',  ( 0.07782628393197052463, 0.04512221425894830801, 0.3085319306340671419 ) ) ;
#516 = ORIENTED_EDGE ( 'NONE', *, *, #1619, .T. ) ;
#517 = CARTESIAN_POINT ( 'NONE',  ( 0.07810816221521460490, 0.04581024767996224462, 0.3097725947625181164 ) ) ;
#518 = CARTESIAN_POINT ( 'NONE',  ( 0.07123285537234645692, 0.04973223655160648876, 0.3058971683710163258 ) ) ;
#519 = EDGE_CURVE ( 'NONE', #844, #1694, #739, .T. ) ;
#520 = DIRECTION ( 'NONE',  ( -1.000000000000000000, 0.000000000000000000, 0.000000000000000000 ) ) ;
#521 = CARTESIAN_POINT ( 'NONE',  ( -0.001543555618514535002, 0.09000839743771128776, 0.3092481521353551699 ) ) ;
#522 = ORIENTED_EDGE ( 'NONE', *, *, #1902, .T. ) ;
#523 = FACE_OUTER_BOUND ( 'NONE', #2110, .T. ) ;
#524 = CARTESIAN_POINT ( 'NONE',  ( -0.07799012578923894545, 0.04483843183775290675, 0.3085319306340670864 ) ) ;
#525 = EDGE_CURVE ( 'NONE', #331, #1814, #1492, .T. ) ;
#526 = EDGE_LOOP ( 'NONE', ( #1964, #1195, #892, #185 ) ) ;
#527 = CARTESIAN_POINT ( 'NONE',  ( -0.07812500000000000000, -0.03038967634350260918, 0.3022249462763166861 ) ) ;
#528 = DIRECTION ( 'NONE',  ( 0.000000000000000000, -1.000000000000000000, 0.000000000000000000 ) ) ;
#529 = CIRCLE ( 'NONE', #175, 0.09431013227431635226 ) ;
#530 = VERTEX_POINT ( 'NONE', #458 ) ;
#531 = EDGE_CURVE ( 'NONE', #1404, #1737, #284, .T. ) ;
#532 = CARTESIAN_POINT ( 'NONE',  ( 0.07734375000000004441, 0.04555654467824390291, 0.3081432977897511916 ) ) ;
#533 = CARTESIAN_POINT ( 'NONE',  ( -0.0006187571368954823074, 0.09054877656127185981, 0.3097725947625171727 ) ) ;
#534 = AXIS2_PLACEMENT_3D ( 'NONE', #1954, #434, #265 ) ;
#535 = CIRCLE ( 'NONE', #147, 0.001562499999999998569 ) ;
#536 = DIRECTION ( 'NONE',  ( -1.000000000000000000, 1.224646799147349509E-16, 0.000000000000000000 ) ) ;
#537 = CARTESIAN_POINT ( 'NONE',  ( -0.07781669710550882801, 0.04513914006202549706, 0.3085322449925313459 ) ) ;
#538 = EDGE_LOOP ( 'NONE', ( #1952, #555, #873, #1374 ) ) ;
#539 = CARTESIAN_POINT ( 'NONE',  ( -0.07812500000000000000, 0.01519666531955271224, 0.2985026571690765906 ) ) ;
#540 = DIRECTION ( 'NONE',  ( -0.7071067811865461294, 8.659560562354915602E-17, 0.7071067811865489050 ) ) ;
#541 = ORIENTED_EDGE ( 'NONE', *, *, #1342, .F. ) ;
#542 = ORIENTED_EDGE ( 'NONE', *, *, #1836, .T. ) ;
#543 = DIRECTION ( 'NONE',  ( 0.000000000000000000, 0.000000000000000000, -1.000000000000000000 ) ) ;
#544 = CARTESIAN_POINT ( 'NONE',  ( 0.02624058161244702606, -0.07560815371234116955, 0.2989482117876409717 ) ) ;
#545 = ADVANCED_FACE ( 'NONE', ( #628 ), #1306, .F. ) ;
#546 = EDGE_LOOP ( 'NONE', ( #1233, #201, #307 ) ) ;
#547 = DIRECTION ( 'NONE',  ( 0.000000000000000000, 1.000000000000000000, 0.000000000000000000 ) ) ;
#548 = CARTESIAN_POINT ( 'NONE',  ( -0.07799801794523360254, -0.04567827271569361441, 0.3096152738218471701 ) ) ;
#549 = ORIENTED_EDGE ( 'NONE', *, *, #262, .F. ) ;
#550 = DIRECTION ( 'NONE',  ( -1.000000000000000000, 0.000000000000000000, 0.000000000000000000 ) ) ;
#551 = CARTESIAN_POINT ( 'NONE',  ( -0.001326702818675869850, 0.09013510292120213707, 0.3093711207257862639 ) ) ;
#552 = DIRECTION ( 'NONE',  ( -1.000000000000000000, 0.000000000000000000, 0.000000000000000000 ) ) ;
#553 = ADVANCED_FACE ( 'NONE', ( #135, #339 ), #2052, .T. ) ;
#554 = DATE_AND_TIME ( #406, #214 ) ;
#555 = ORIENTED_EDGE ( 'NONE', *, *, #233, .T. ) ;
#556 = VERTEX_POINT ( 'NONE', #24 ) ;
#557 = FACE_OUTER_BOUND ( 'NONE', #603, .T. ) ;
#558 = CARTESIAN_POINT ( 'NONE',  ( -0.07871958882894702914, -0.04378829478075138559, 0.3093053105353720245 ) ) ;
#559 = EDGE_LOOP ( 'NONE', ( #882, #1588, #1037, #1560, #350, #1498, #1822, #2174, #580, #1100 ) ) ;
#560 = CARTESIAN_POINT ( 'NONE',  ( -0.01288251110086860614, 0.08277325830895417014, 0.3019481515526348803 ) ) ;
#561 = CARTESIAN_POINT ( 'NONE',  ( -1.700123080267557538E-17, -0.09021097956087904823, -0.01467581744561670745 ) ) ;
#562 = AXIS2_PLACEMENT_3D ( 'NONE', #1308, #2136, #1625 ) ;
#563 = CARTESIAN_POINT ( 'NONE',  ( -0.01304352395043585286, -0.08268029749691402364, 0.3026273424640167353 ) ) ;
#564 = CARTESIAN_POINT ( 'NONE',  ( -0.0007812500000000078496, -0.08975992466307464168, 0.3081432977897511916 ) ) ;
#565 = AXIS2_PLACEMENT_3D ( 'NONE', #68, #749, #2063 ) ;
#566 = AXIS2_PLACEMENT_3D ( 'NONE', #58, #90, #1592 ) ;
#567 = COORDINATED_UNIVERSAL_TIME_OFFSET ( 6, 0, .BEHIND. ) ;
#568 = AXIS2_PLACEMENT_3D ( 'NONE', #1626, #1643, #1790 ) ;
#569 = CARTESIAN_POINT ( 'NONE',  ( -0.03238395781144937091, -0.07151409280101325705, 0.2967088398345035238 ) ) ;
#570 = VERTEX_POINT ( 'NONE', #504 ) ;
#571 = CARTESIAN_POINT ( 'NONE',  ( -0.05235829104190265620, -0.06052908714262856399, 0.2989482117876410272 ) ) ;
#572 = CARTESIAN_POINT ( 'NONE',  ( 0.07844285671981025831, 0.04498584168592092980, 0.3096529640798912908 ) ) ;
#573 = CARTESIAN_POINT ( 'NONE',  ( -0.06506885689562666442, -0.05264345751632844989, 0.3026226655783085806 ) ) ;
#574 = DIRECTION ( 'NONE',  ( -0.000000000000000000, -0.000000000000000000, -1.000000000000000000 ) ) ;
#575 = APPROVAL_ROLE ( '' ) ;
#576 = B_SPLINE_CURVE_WITH_KNOTS ( 'NONE', 3,
 ( #1438, #921, #1621, #231, #264, #748, #571, #905, #1406, #1256 ),
 .UNSPECIFIED., .F., .F.,
 ( 4, 2, 2, 2, 4 ),
 ( 0.000000000000000000, 0.0005757642994467956866, 0.001151528598893591373, 0.001727292898340386951, 0.002303057197787182746 ),
 .UNSPECIFIED. ) ;
#577 = ORIENTED_EDGE ( 'NONE', *, *, #190, .F. ) ;
#578 = DIRECTION ( 'NONE',  ( -1.000000000000000000, 0.000000000000000000, 0.000000000000000000 ) ) ;
#579 = CARTESIAN_POINT ( 'NONE',  ( -0.0002522659140872925100, 0.08995132265823024831, 0.3085139171080610865 ) ) ;
#580 = ORIENTED_EDGE ( 'NONE', *, *, #2158, .T. ) ;
#581 = FACE_OUTER_BOUND ( 'NONE', #678, .T. ) ;
#582 = CARTESIAN_POINT ( 'NONE',  ( -0.0002747850651919230870, 0.09042741660730853337, 0.3096539198043727348 ) ) ;
#583 = ADVANCED_FACE ( 'NONE', ( #1545 ), #2171, .T. ) ;
#584 = CARTESIAN_POINT ( 'NONE',  ( -0.07124797921953027191, -0.04972360886068243058, 0.3059056930944038522 ) ) ;
#585 = CARTESIAN_POINT ( 'NONE',  ( -0.06516717574665523149, 0.05319466373632198569, 0.3030555195855416661 ) ) ;
#586 = LENGTH_MEASURE_WITH_UNIT ( LENGTH_MEASURE( 0.02539999999999999897 ), #415 );
#587 = ORIENTED_EDGE ( 'NONE', *, *, #1106, .T. ) ;
#588 = DIRECTION ( 'NONE',  ( 1.000000000000000000, 0.000000000000000000, 0.000000000000000000 ) ) ;
#589 = CARTESIAN_POINT ( 'NONE',  ( 0.07812500000000001388, 0.04510548978043952412, -0.01467581744561670745 ) ) ;
#590 = ORIENTED_EDGE ( 'NONE', *, *, #826, .T. ) ;
#591 = DIRECTION ( 'NONE',  ( 0.7071067811865461294, 0.000000000000000000, 0.7071067811865489050 ) ) ;
#592 = EDGE_CURVE ( 'NONE', #1658, #1717, #1023, .T. ) ;
#593 = CARTESIAN_POINT ( 'NONE',  ( -0.07812500000000000000, 0.04474822912879428821, 0.3086719040066029374 ) ) ;
#594 = CARTESIAN_POINT ( 'NONE',  ( -0.0007812500000000078496, -0.08975992466307464168, 0.2239999999999999769 ) ) ;
#595 = AXIS2_PLACEMENT_3D ( 'NONE', #1968, #945, #2119 ) ;
#596 = ORIENTED_EDGE ( 'NONE', *, *, #860, .F. ) ;
#597 = AXIS2_PLACEMENT_3D ( 'NONE', #418, #260, #76 ) ;
#598 = AXIS2_PLACEMENT_3D ( 'NONE', #561, #1055, #1387 ) ;
#599 = VERTEX_POINT ( 'NONE', #346 ) ;
#600 = CIRCLE ( 'NONE', #1237, 0.001562499999999997485 ) ;
#601 = CARTESIAN_POINT ( 'NONE',  ( 0.000000000000000000, -1.904325772674134335E-17, 0.1689999999999999558 ) ) ;
#602 = DIRECTION ( 'NONE',  ( 0.000000000000000000, -1.000000000000000000, 0.000000000000000000 ) ) ;
#603 = EDGE_LOOP ( 'NONE', ( #549, #1574, #727, #290 ) ) ;
#604 = CARTESIAN_POINT ( 'NONE',  ( -0.07812500000000000000, -0.04422338138942424890, 0.3081627022401120519 ) ) ;
#605 = DIRECTION ( 'NONE',  ( 0.000000000000000000, 0.000000000000000000, 1.000000000000000000 ) ) ;
#606 = DIRECTION ( 'NONE',  ( -0.000000000000000000, -1.000000000000000000, -0.000000000000000000 ) ) ;
#607 = CARTESIAN_POINT ( 'NONE',  ( 0.000000000000000000, -1.904325772674134335E-17, 0.1890000000000000291 ) ) ;
#608 = CARTESIAN_POINT ( 'NONE',  ( 0.06508147604956555921, -0.05263617184440400054, 0.3026273424640203991 ) ) ;
#609 = PERSON_AND_ORGANIZATION_ROLE ( 'design_supplier' ) ;
#610 = ADVANCED_FACE ( 'NONE', ( #167 ), #1708, .F. ) ;
#611 = CARTESIAN_POINT ( 'NONE',  ( 0.07773535365353873017, -0.04523661177356309848, 0.3084902877126053378 ) ) ;
#612 = CARTESIAN_POINT ( 'NONE',  ( -0.0003377087472759658648, 0.08993446015856461362, 0.3084813330136447207 ) ) ;
#613 = ORIENTED_EDGE ( 'NONE', *, *, #154, .F. ) ;
#614 = EDGE_LOOP ( 'NONE', ( #966, #1 ) ) ;
#615 = CARTESIAN_POINT ( 'NONE',  ( -0.07705695240260174161, 0.04572212734830471970, 0.3088260042650137205 ) ) ;
#616 = LINE ( 'NONE', #2129, #2022 ) ;
#617 = CARTESIAN_POINT ( 'NONE',  ( 0.07872133654424144644, 0.04366744034106785632, 0.3092481521353551699 ) ) ;
#618 = CARTESIAN_POINT ( 'NONE',  ( 0.0007812499999999936466, 0.08975992466307461393, 0.3081432977897511361 ) ) ;
#619 = CARTESIAN_POINT ( 'NONE',  ( 0.07705695240260176937, -0.04572212734830474745, 0.3088260042650138315 ) ) ;
#620 = EDGE_CURVE ( 'NONE', #1279, #79, #2163, .T. ) ;
#621 = CARTESIAN_POINT ( 'NONE',  ( 0.09242068825208697713, 0.000000000000000000, 0.3094374999999999765 ) ) ;
#622 = CC_DESIGN_SECURITY_CLASSIFICATION ( #723, ( #111 ) ) ;
#623 = CARTESIAN_POINT ( 'NONE',  ( -0.0005569712123509353019, 0.08987397906726025953, 0.3083643616719136671 ) ) ;
#624 = ORIENTED_EDGE ( 'NONE', *, *, #1080, .F. ) ;
#625 = CARTESIAN_POINT ( 'NONE',  ( -0.06525513172799597694, 0.05253591169171602931, 0.3019527881571479333 ) ) ;
#626 = B_SPLINE_CURVE_WITH_KNOTS ( 'NONE', 3,
 ( #804, #968, #1819, #1986, #1806, #466, #638, #922, #1103, #931, #1292, #1439, #89, #1646, #133, #757, #1622, #98, #1633, #302, #2002, #1657 ),
 .UNSPECIFIED., .F., .F.,
 ( 4, 3, 3, 3, 3, 3, 3, 4 ),
 ( 0.000000000000000000, 1.257646521626705405E-05, 1.943021604748148168E-05, 2.362360756527130093E-05, 3.041853298761791364E-05, 3.371313053815907238E-05, 4.498796487310028974E-05, 4.708095617916696873E-05 ),
 .UNSPECIFIED. ) ;
#627 = CARTESIAN_POINT ( 'NONE',  ( -0.07776138403226176554, 0.04544503724976935860, 0.3092920475509447487 ) ) ;
#628 = FACE_OUTER_BOUND ( 'NONE', #1794, .T. ) ;
#629 = CARTESIAN_POINT ( 'NONE',  ( 0.02570148947774044540, -0.07537221769233128088, 0.2978716137202453984 ) ) ;
#630 = VERTEX_POINT ( 'NONE', #1373 ) ;
#631 = CIRCLE ( 'NONE', #2159, 0.2712376134726743326 ) ;
#632 = CARTESIAN_POINT ( 'NONE',  ( 0.07768007758896647297, -0.04529536285220550629, 0.3084545299196859158 ) ) ;
#633 = CARTESIAN_POINT ( 'NONE',  ( 0.07802055595975800062, -0.04564873038359786028, 0.3096198555806479180 ) ) ;
#634 = AXIS2_PLACEMENT_3D ( 'NONE', #16, #2188, #1691 ) ;
#635 = CIRCLE ( 'NONE', #566, 0.001562500000000001388 ) ;
#636 = EDGE_LOOP ( 'NONE', ( #334, #1480, #1519, #542 ) ) ;
#637 = CARTESIAN_POINT ( 'NONE',  ( -0.07734375000000000278, 0.04555654467824388903, 0.3081432977897511916 ) ) ;
#638 = CARTESIAN_POINT ( 'NONE',  ( 0.0001638418572684257810, -0.08996064609670130496, 0.3085319306340671419 ) ) ;
#639 = VECTOR ( 'NONE', #1837, 39.37007874015748854 ) ;
#640 = ADVANCED_FACE ( 'NONE', ( #2012 ), #1343, .F. ) ;
#641 = FACE_OUTER_BOUND ( 'NONE', #559, .T. ) ;
#642 = DIRECTION ( 'NONE',  ( 0.8660254037844437036, -0.4999999999999912847, 0.000000000000000000 ) ) ;
#643 = ORIENTED_EDGE ( 'NONE', *, *, #860, .T. ) ;
#644 = CARTESIAN_POINT ( 'NONE',  ( 0.07734375000000003053, 0.04555654467824391679, 0.3081432977897511916 ) ) ;
#645 = ORIENTED_EDGE ( 'NONE', *, *, #701, .T. ) ;
#646 = ORIENTED_EDGE ( 'NONE', *, *, #1358, .F. ) ;
#647 = CARTESIAN_POINT ( 'NONE',  ( 0.07734375000000004441, -0.04555654467824393067, 0.3081432977897511916 ) ) ;
#648 = EDGE_LOOP ( 'NONE', ( #33, #287, #1384, #1393 ) ) ;
#649 = CARTESIAN_POINT ( 'NONE',  ( -0.07802055595975795899, 0.04564873038359780477, 0.3096198555806478625 ) ) ;
#650 = CARTESIAN_POINT ( 'NONE',  ( -0.0007812500000018126126, -0.08975992466307662621, 0.3081432977897526349 ) ) ;
#651 = ORIENTED_EDGE ( 'NONE', *, *, #1942, .F. ) ;
#652 = EDGE_CURVE ( 'NONE', #667, #108, #987, .T. ) ;
#653 = CARTESIAN_POINT ( 'NONE',  ( 0.07812500000000004163, -0.007767580475566034093, 0.2967067345077040175 ) ) ;
#654 = CARTESIAN_POINT ( 'NONE',  ( 0.07734375000000004441, -0.04555654467824393067, 0.2239999999999999769 ) ) ;
#655 = CARTESIAN_POINT ( 'NONE',  ( -0.07810816221521352243, -0.04581024767996285524, 0.3097725947625175058 ) ) ;
#656 = CARTESIAN_POINT ( 'NONE',  ( -0.07737848831172332298, 0.04553604535748647514, 0.3081817768285717851 ) ) ;
#657 = ORIENTED_EDGE ( 'NONE', *, *, #1638, .F. ) ;
#658 = CARTESIAN_POINT ( 'NONE',  ( 0.07812500000000285882, 0.04475019681254863158, 0.3086738516965110146 ) ) ;
#659 = CARTESIAN_POINT ( 'NONE',  ( 0.05236713769545532637, -0.05997679851571770943, 0.2978589041258383752 ) ) ;
#660 = CARTESIAN_POINT ( 'NONE',  ( 0.07812500000000004163, 0.007706463287952764266, 0.2967037027980945485 ) ) ;
#661 = LINE ( 'NONE', #994, #1989 ) ;
#662 = DATE_AND_TIME ( #1172, #416 ) ;
#663 = FACE_OUTER_BOUND ( 'NONE', #1996, .T. ) ;
#664 = CARTESIAN_POINT ( 'NONE',  ( -0.07791424113453583600, 0.04498709048954770140, 0.3085485667225520978 ) ) ;
#665 = AXIS2_PLACEMENT_3D ( 'NONE', #148, #316, #1151 ) ;
#667 = VERTEX_POINT ( 'NONE', #1515 ) ;
#666 = AXIS2_PLACEMENT_3D ( 'NONE', #1067, #1089, #1754 ) ;
#668 = CARTESIAN_POINT ( 'NONE',  ( 0.06508312698479985781, 0.05324265740266046626, 0.3030178148898980961 ) ) ;
#669 = AXIS2_PLACEMENT_3D ( 'NONE', #848, #1371, #207 ) ;
#670 = CIRCLE ( 'NONE', #568, 0.09242068825208697713 ) ;
#671 = CARTESIAN_POINT ( 'NONE',  ( 0.07116893817097809383, 0.04912157394992553577, 0.3054972625769384331 ) ) ;
#672 = CARTESIAN_POINT ( 'NONE',  ( -0.07872133654424143256, -0.04366744034106788408, 0.3092481521353551699 ) ) ;
#673 = PERSON_AND_ORGANIZATION_ROLE ( 'classification_officer' ) ;
#674 = EDGE_CURVE ( 'NONE', #1571, #2181, #198, .T. ) ;
#675 = DIRECTION ( 'NONE',  ( -0.000000000000000000, -0.000000000000000000, -1.000000000000000000 ) ) ;
#676 = EDGE_CURVE ( 'NONE', #630, #331, #74, .T. ) ;
#677 = CARTESIAN_POINT ( 'NONE',  ( 0.07812461622332543543, 0.04424371390564639517, 0.3081817768285717851 ) ) ;
#678 = EDGE_LOOP ( 'NONE', ( #1585, #1316, #1324, #478 ) ) ;
#679 = CARTESIAN_POINT ( 'NONE',  ( -0.07869239388269619329, 0.04418415248608998508, 0.3094743120653905000 ) ) ;
#680 = CARTESIAN_POINT ( 'NONE',  ( 0.001543555618514521341, -0.09000839743771131551, 0.3092481521353551699 ) ) ;
#681 = CARTESIAN_POINT ( 'NONE',  ( 0.007429349731855990763, 0.08656937126121468096, 0.3059105522867590077 ) ) ;
#682 = DIRECTION ( 'NONE',  ( 0.8660254037844379305, 0.5000000000000012212, -5.734272328029100021E-15 ) ) ;
#683 = FACE_OUTER_BOUND ( 'NONE', #2087, .T. ) ;
#684 = DIRECTION ( 'NONE',  ( 0.8660254037844380415, 0.5000000000000011102, 4.226551168609925130E-15 ) ) ;
#685 = EDGE_CURVE ( 'NONE', #407, #667, #661, .T. ) ;
#686 = DIRECTION ( 'NONE',  ( 1.000000000000000000, 0.000000000000000000, 0.000000000000000000 ) ) ;
#687 = CARTESIAN_POINT ( 'NONE',  ( -0.07812500000000000000, 0.02994797010008123234, 0.3025905841331650858 ) ) ;
#688 = CARTESIAN_POINT ( 'NONE',  ( -0.07656250000000000555, -0.04420337998483073877, 0.2255624999999999714 ) ) ;
#689 = CARTESIAN_POINT ( 'NONE',  ( 0.0007812499999999934297, 0.08975992466307461393, 0.3081432977897511916 ) ) ;
#690 = DIRECTION ( 'NONE',  ( -0.000000000000000000, 0.000000000000000000, -1.000000000000000000 ) ) ;
#691 = VERTEX_POINT ( 'NONE', #521 ) ;
#692 = CARTESIAN_POINT ( 'NONE',  ( 0.07968750000000000833, 0.04420337998483073183, 0.3081432977897511916 ) ) ;
#693 = CARTESIAN_POINT ( 'NONE',  ( -0.07802626348308182302, 0.04475719263900662659, 0.3085139171080610865 ) ) ;
#694 = EDGE_LOOP ( 'NONE', ( #1417, #141, #1994, #1425 ) ) ;
#695 = CARTESIAN_POINT ( 'NONE',  ( -0.07858271563954154215, -0.01529440516733659473, 0.2978142034348187361 ) ) ;
#696 = CARTESIAN_POINT ( 'NONE',  ( -0.07134332609397366076, -0.04902089103564011285, 0.3047823469819972431 ) ) ;
#697 = VECTOR ( 'NONE', #1671, 39.37007874015748143 ) ;
#698 = ORIENTED_EDGE ( 'NONE', *, *, #1836, .F. ) ;
#699 = CARTESIAN_POINT ( 'NONE',  ( 0.07812500000000001388, 0.04420337998483072489, 0.2239999999999999769 ) ) ;
#700 = CARTESIAN_POINT ( 'NONE',  ( 0.001508995689517945082, 0.09002859054804292216, 0.3092677496953461502 ) ) ;
#701 = EDGE_CURVE ( 'NONE', #2000, #2071, #917, .T. ) ;
#702 = CIRCLE ( 'NONE', #1015, 0.001562500000000000304 ) ;
#703 = DIRECTION ( 'NONE',  ( -1.000000000000000000, 0.000000000000000000, 0.000000000000000000 ) ) ;
#704 = DIRECTION ( 'NONE',  ( -0.000000000000000000, -0.000000000000000000, -1.000000000000000000 ) ) ;
#705 = CARTESIAN_POINT ( 'NONE',  ( 0.0007812499998919011836, -0.08975992466313705009, 0.3081432977898118097 ) ) ;
#706 = CARTESIAN_POINT ( 'NONE',  ( -0.07656250000000000555, 0.04420337998483069714, 0.2239999999999999769 ) ) ;
#707 = CARTESIAN_POINT ( 'NONE',  ( 0.2774891813649722483, -1.654761451400275053E-19, 0.2218428817588830870 ) ) ;
#708 = AXIS2_PLACEMENT_3D ( 'NONE', #1590, #1246, #1054 ) ;
#709 = ORIENTED_EDGE ( 'NONE', *, *, #1999, .F. ) ;
#710 = CARTESIAN_POINT ( 'NONE',  ( 0.03267981817261386007, 0.07187180292151490457, 0.2978142590771821197 ) ) ;
#711 = CARTESIAN_POINT ( 'NONE',  ( -0.001081598443708779375, 0.09024168843007099317, 0.3094743120653905000 ) ) ;
#712 = EDGE_CURVE ( 'NONE', #473, #1404, #1559, .T. ) ;
#713 =( BOUNDED_SURFACE ( )  B_SPLINE_SURFACE ( 3, 2, ( 
 ( #1500, #312, #834 ),
 ( #1870, #2032, #999 ),
 ( #1368, #825, #323 ),
 ( #650, #1521, #2176 ) ),
 .UNSPECIFIED., .F., .F., .F. ) 
 B_SPLINE_SURFACE_WITH_KNOTS ( ( 4, 4 ),
 ( 3, 3 ),
 ( 0.0001166966778214818806, 0.0002019655231482246594 ),
 ( 0.000000000000000000, 1.000000000000000000 ),
 .UNSPECIFIED. ) 
 GEOMETRIC_REPRESENTATION_ITEM ( )  RATIONAL_B_SPLINE_SURFACE ( (
 ( 1.000000000000000000, 0.8995400523838523732, 1.000000000000000000),
 ( 1.000000000000000000, 0.9315867708301498462, 1.000000000000000000),
 ( 1.000000000000000000, 0.9316815289632400798, 1.000000000000000000),
 ( 1.000000000000000000, 0.8995400523838208429, 1.000000000000000000) ) ) 
 REPRESENTATION_ITEM ( '' )  SURFACE ( )  );
#714 = DIRECTION ( 'NONE',  ( -1.000000000000000000, 0.000000000000000000, 0.000000000000000000 ) ) ;
#715 = PERSON_AND_ORGANIZATION ( #1441, #2130 ) ;
#716 = ORIENTED_EDGE ( 'NONE', *, *, #355, .F. ) ;
#717 = CARTESIAN_POINT ( 'NONE',  ( 0.0007812499999999833467, -0.08975992466307464168, 0.3081432977897511916 ) ) ;
#718 = CARTESIAN_POINT ( 'NONE',  ( 0.02575786230454470485, 0.07533967082560083517, 0.2978589041258384307 ) ) ;
#719 = ORIENTED_EDGE ( 'NONE', *, *, #872, .F. ) ;
#720 = CARTESIAN_POINT ( 'NONE',  ( -0.02612318103723159507, 0.07567637650624034484, 0.2989764678542955467 ) ) ;
#721 = CARTESIAN_POINT ( 'NONE',  ( 0.07872133654424144644, 0.04366744034106787020, 0.3092481521353551699 ) ) ;
#722 = CARTESIAN_POINT ( 'NONE',  ( -0.05247607400214301249, -0.06046152665902206069, 0.2989764678542942700 ) ) ;
#723 = SECURITY_CLASSIFICATION ( '', '', #168 ) ;
#724 = CARTESIAN_POINT ( 'NONE',  ( 0.001543555618514521341, -0.09000839743771131551, 0.3092481521353551699 ) ) ;
#725 = APPROVAL ( #1084, 'UNSPECIFIED' ) ;
#726 = ADVANCED_FACE ( 'NONE', ( #177 ), #1011, .F. ) ;
#727 = ORIENTED_EDGE ( 'NONE', *, *, #1958, .T. ) ;
#728 = ORIENTED_EDGE ( 'NONE', *, *, #1310, .T. ) ;
#729 = DIRECTION ( 'NONE',  ( 0.000000000000000000, 0.000000000000000000, 1.000000000000000000 ) ) ;
#730 = CARTESIAN_POINT ( 'NONE',  ( 0.06518888031042541220, 0.05257416196548463094, 0.3019263807840831815 ) ) ;
#731 = VERTEX_POINT ( 'NONE', #1899 ) ;
#732 = ORIENTED_EDGE ( 'NONE', *, *, #424, .F. ) ;
#733 = CARTESIAN_POINT ( 'NONE',  ( -0.07811951181484920459, -0.04437436594085243657, 0.3082998781682803058 ) ) ;
#734 = CARTESIAN_POINT ( 'NONE',  ( -1.700123080267557538E-17, -0.09021097956087904823, 0.2255624999999999714 ) ) ;
#735 = CIRCLE ( 'NONE', #946, 0.001562500000000016350 ) ;
#736 = CARTESIAN_POINT ( 'NONE',  ( -0.07705695240270915569, -0.04572212734824272762, 0.3088260042650745052 ) ) ;
#737 = FACE_OUTER_BOUND ( 'NONE', #977, .T. ) ;
#738 = EDGE_CURVE ( 'NONE', #1062, #1040, #2116, .T. ) ;
#739 = CIRCLE ( 'NONE', #1878, 0.1450000000000000178 ) ;
#740 = VECTOR ( 'NONE', #540, 39.37007874015748143 ) ;
#741 = COORDINATED_UNIVERSAL_TIME_OFFSET ( 6, 0, .BEHIND. ) ;
#742 = AXIS2_PLACEMENT_3D ( 'NONE', #1912, #1583, #2067 ) ;
#743 = VERTEX_POINT ( 'NONE', #1430 ) ;
#744 = EDGE_CURVE ( 'NONE', #1662, #691, #842, .T. ) ;
#745 = DIRECTION ( 'NONE',  ( 1.000000000000000000, 0.000000000000000000, 0.000000000000000000 ) ) ;
#746 = CARTESIAN_POINT ( 'NONE',  ( 0.04565975199789733263, 0.06384930945376143807, 0.2966998113030248074 ) ) ;
#747 = ORIENTED_EDGE ( 'NONE', *, *, #961, .T. ) ;
#748 = CARTESIAN_POINT ( 'NONE',  ( -0.04573414968990403145, -0.06433460556096454175, 0.2977970453882341495 ) ) ;
#749 = DIRECTION ( 'NONE',  ( 0.7791919043471096096, -0.4498666557251770892, 0.4364401084531189245 ) ) ;
#750 = CARTESIAN_POINT ( 'NONE',  ( -0.06516326815563608377, -0.05319688542637966699, 0.3030530061097940209 ) ) ;
#751 = DIRECTION ( 'NONE',  ( 0.000000000000000000, 0.000000000000000000, 1.000000000000000000 ) ) ;
#752 = FACE_OUTER_BOUND ( 'NONE', #220, .T. ) ;
#753 = CARTESIAN_POINT ( 'NONE',  ( 0.0003868961091606990519, 0.08992060198609390376, 0.3084545299196858603 ) ) ;
#754 = EDGE_CURVE ( 'NONE', #1871, #321, #1528, .T. ) ;
#755 = ORIENTED_EDGE ( 'NONE', *, *, #1724, .T. ) ;
#756 = DIRECTION ( 'NONE',  ( 0.000000000000000000, 5.463695987328554836E-15, 1.000000000000000000 ) ) ;
#757 = CARTESIAN_POINT ( 'NONE',  ( -0.0003868961091607232838, -0.08992060198609393151, 0.3084545299196858603 ) ) ;
#758 = EDGE_LOOP ( 'NONE', ( #258, #755, #895, #1927 ) ) ;
#759 = LINE ( 'NONE', #1922, #1881 ) ;
#760 = CARTESIAN_POINT ( 'NONE',  ( -0.2270322800757604564, -1.707404996040164512E-17, 0.2245917536856660290 ) ) ;
#761 = CARTESIAN_POINT ( 'NONE',  ( 0.07734375000000003053, 0.04555654467824391679, 0.3094374999999999765 ) ) ;
#762 = CARTESIAN_POINT ( 'NONE',  ( 0.000000000000000000, -3.414809992080329023E-17, 0.1925000000000000322 ) ) ;
#763 = ADVANCED_FACE ( 'NONE', ( #1601 ), #388, .F. ) ;
#764 = ORIENTED_EDGE ( 'NONE', *, *, #812, .T. ) ;
#765 = FACE_OUTER_BOUND ( 'NONE', #92, .T. ) ;
#766 = FACE_OUTER_BOUND ( 'NONE', #464, .T. ) ;
#767 = EDGE_CURVE ( 'NONE', #471, #1662, #1845, .T. ) ;
#768 = DIRECTION ( 'NONE',  ( 0.8660254037844385966, 0.4999999999999998890, -0.000000000000000000 ) ) ;
#769 = EDGE_CURVE ( 'NONE', #1301, #66, #391, .T. ) ;
#770 = DIRECTION ( 'NONE',  ( -0.5000000000000012212, 0.8660254037844378194, 0.000000000000000000 ) ) ;
#771 = CIRCLE ( 'NONE', #140, 0.09131583390648304044 ) ;
#772 = VERTEX_POINT ( 'NONE', #888 ) ;
#773 = CIRCLE ( 'NONE', #1160, 0.09131583390648304044 ) ;
#774 = CARTESIAN_POINT ( 'NONE',  ( 0.07717778092572691317, -0.04634095709664347307, 0.3092481521353552254 ) ) ;
#775 = DATE_AND_TIME ( #1934, #502 ) ;
#776 = AXIS2_PLACEMENT_3D ( 'NONE', #322, #1818, #2161 ) ;
#777 = CIRCLE ( 'NONE', #1057, 0.001562500000000000304 ) ;
#778 = LOCAL_TIME ( 17, 16, 55.00000000000000000, #567 ) ;
#779 = CIRCLE ( 'NONE', #358, 0.02000000000000004205 ) ;
#780 = CARTESIAN_POINT ( 'NONE',  ( 0.000000000000000000, -1.904325772674134335E-17, -0.3109999999999999987 ) ) ;
#781 = CARTESIAN_POINT ( 'NONE',  ( 0.07747873637688498794, -0.04615602895606912143, 0.3094112798423008237 ) ) ;
#782 = ADVANCED_FACE ( 'NONE', ( #1579 ), #246, .T. ) ;
#783 = ORIENTED_EDGE ( 'NONE', *, *, #1556, .T. ) ;
#784 = FACE_OUTER_BOUND ( 'NONE', #1742, .T. ) ;
#785 = CARTESIAN_POINT ( 'NONE',  ( -0.1000000000000001443, -5.265981236333605590E-18, -0.3109999999999999987 ) ) ;
#786 = CARTESIAN_POINT ( 'NONE',  ( 0.07812500000000004163, -0.04387221464470917459, 0.3088260042650138870 ) ) ;
#787 = CYLINDRICAL_SURFACE ( 'NONE', #1052, 0.001562499999999996400 ) ;
#788 = EDGE_CURVE ( 'NONE', #2181, #2009, #1774, .T. ) ;
#789 = CARTESIAN_POINT ( 'NONE',  ( 0.07865030986407188507, -0.02998513369159659311, 0.3025490664470067981 ) ) ;
#790 =( BOUNDED_SURFACE ( )  B_SPLINE_SURFACE ( 3, 2, ( 
 ( #1267, #1953, #387 ),
 ( #240, #433, #1928 ),
 ( #887, #1578, #560 ),
 ( #720, #1234, #67 ),
 ( #1920, #1418, #2094 ),
 ( #411, #1078, #1763 ),
 ( #978, #955, #1632 ),
 ( #1474, #132, #625 ),
 ( #816, #488, #1795 ),
 ( #1303, #615, #1985 ) ),
 .UNSPECIFIED., .F., .F., .F. ) 
 B_SPLINE_SURFACE_WITH_KNOTS ( ( 4, 2, 2, 2, 4 ),
 ( 3, 3 ),
 ( 0.001895985649196997580, 0.002479616887849416841, 0.003063248126501836102, 0.003646879365154255363, 0.004230510603806674624 ),
 ( 0.000000000000000000, 1.000000000000000000 ),
 .UNSPECIFIED. ) 
 GEOMETRIC_REPRESENTATION_ITEM ( )  RATIONAL_B_SPLINE_SURFACE ( (
 ( 1.000000000000000000, 0.8995400523837395745, 1.000000000000000000),
 ( 1.000000000000000000, 0.9058200443852330030, 1.000000000000000000),
 ( 1.000000000000000000, 0.9118906086896328977, 1.000000000000000000),
 ( 1.000000000000000000, 0.9210099038493054779, 1.000000000000000000),
 ( 1.000000000000000000, 0.9238916780651837968, 1.000000000000000000),
 ( 1.000000000000000000, 0.9238673035805728961, 1.000000000000000000),
 ( 1.000000000000000000, 0.9210108844089482938, 1.000000000000000000),
 ( 1.000000000000000000, 0.9118804399403853678, 1.000000000000000000),
 ( 1.000000000000000000, 0.9058102357551792716, 1.000000000000000000),
 ( 1.000000000000000000, 0.8995400523838528173, 1.000000000000000000) ) ) 
 REPRESENTATION_ITEM ( '' )  SURFACE ( )  );
#791 = FACE_OUTER_BOUND ( 'NONE', #1266, .T. ) ;
#792 = DIRECTION ( 'NONE',  ( 0.4999999999999996114, 0.8660254037844388186, 0.000000000000000000 ) ) ;
#793 = ORIENTED_EDGE ( 'NONE', *, *, #1698, .T. ) ;
#794 = CARTESIAN_POINT ( 'NONE',  ( -0.07818031007053766190, 0.04544058582181800809, 0.3096529640798912908 ) ) ;
#795 = CARTESIAN_POINT ( 'NONE',  ( 0.000000000000000000, -1.904325772674134335E-17, -0.3109999999999999987 ) ) ;
#796 = CARTESIAN_POINT ( 'NONE',  ( 0.07812500000000004163, -0.03002658065410542323, 0.3026193311630674398 ) ) ;
#797 = DIRECTION ( 'NONE',  ( -0.8660254037844387076, 0.5000000000000000000, 0.000000000000000000 ) ) ;
#798 = CARTESIAN_POINT ( 'NONE',  ( 0.06525513172799760064, -0.05253591169171515501, 0.3019527881571479888 ) ) ;
#799 = LINE ( 'NONE', #761, #1312 ) ;
#800 = EDGE_CURVE ( 'NONE', #1077, #1301, #1539, .T. ) ;
#801 = CARTESIAN_POINT ( 'NONE',  ( -0.0007812499999999929961, 0.08975992466307461393, 0.3081432977897511361 ) ) ;
#802 = ORIENTED_EDGE ( 'NONE', *, *, #901, .T. ) ;
#803 = CARTESIAN_POINT ( 'NONE',  ( -0.0007812500000000166317, -0.08885781486746585633, 0.2255624999999999714 ) ) ;
#804 = CARTESIAN_POINT ( 'NONE',  ( 0.0007812499999999833467, -0.08975992466307464168, 0.3081432977897511916 ) ) ;
#805 = CARTESIAN_POINT ( 'NONE',  ( 0.07812500000000001388, 0.04387221464470907745, 0.3088260042650137205 ) ) ;
#806 = CARTESIAN_POINT ( 'NONE',  ( 0.1250000000000000000, -3.735172737399426715E-18, -0.3109999999999999987 ) ) ;
#807 = CARTESIAN_POINT ( 'NONE',  ( -0.07717778092572689930, -0.04634095709664347307, 0.3092481521353551699 ) ) ;
#808 = CIRCLE ( 'NONE', #496, 0.001562499999999991847 ) ;
#809 = LINE ( 'NONE', #1152, #639 ) ;
#810 = CARTESIAN_POINT ( 'NONE',  ( 0.07872264031182400756, -0.04391859311635537555, 0.3093711207257863194 ) ) ;
#811 = AXIS2_PLACEMENT_3D ( 'NONE', #1487, #122, #2162 ) ;
#812 = EDGE_CURVE ( 'NONE', #407, #1027, #702, .T. ) ;
#813 = AXIS2_PLACEMENT_3D ( 'NONE', #1549, #351, #1367 ) ;
#814 = AXIS2_PLACEMENT_3D ( 'NONE', #1436, #602, #2112 ) ;
#815 = ORIENTED_EDGE ( 'NONE', *, *, #1051, .F. ) ;
#816 = CARTESIAN_POINT ( 'NONE',  ( -0.07125659983592096125, 0.04971869123199564727, 0.3059105522867519023 ) ) ;
#817 = DIRECTION ( 'NONE',  ( 1.000000000000000000, 0.000000000000000000, 0.000000000000000000 ) ) ;
#818 = CARTESIAN_POINT ( 'NONE',  ( 0.000000000000000000, 0.000000000000000000, 0.3109999999999999987 ) ) ;
#819 = DIRECTION ( 'NONE',  ( 0.000000000000000000, 1.000000000000000000, 0.000000000000000000 ) ) ;
#820 = CARTESIAN_POINT ( 'NONE',  ( 0.07117743331348039271, -0.04911666927711667158, 0.3055020652311176699 ) ) ;
#821 = CARTESIAN_POINT ( 'NONE',  ( -0.07748908408902978329, 0.04546629879247177097, 0.3082998781682803058 ) ) ;
#822 = ORIENTED_EDGE ( 'NONE', *, *, #1009, .F. ) ;
#823 = VERTEX_POINT ( 'NONE', #785 ) ;
#824 = CARTESIAN_POINT ( 'NONE',  ( 0.000000000000000000, -3.414809992080329023E-17, 0.2218428817588830870 ) ) ;
#825 = CARTESIAN_POINT ( 'NONE',  ( -0.0004758647181019367970, -0.09006585263025938815, 0.3092920475509426947 ) ) ;
#826 = EDGE_CURVE ( 'NONE', #1734, #1027, #2141, .T. ) ;
#827 = CARTESIAN_POINT ( 'NONE',  ( 0.07872133654424147420, -0.04366744034106793265, 0.3092481521353552254 ) ) ;
#828 = DIRECTION ( 'NONE',  ( -0.000000000000000000, 0.000000000000000000, 1.000000000000000000 ) ) ;
#829 = DIRECTION ( 'NONE',  ( -1.000000000000000000, 0.000000000000000000, 0.000000000000000000 ) ) ;
#830 = ORIENTED_EDGE ( 'NONE', *, *, #305, .F. ) ;
#831 = CARTESIAN_POINT ( 'NONE',  ( -0.07776213710488986963, 0.04520451787072451294, 0.3085041027246130940 ) ) ;
#832 = VERTEX_POINT ( 'NONE', #1304 ) ;
#833 = CARTESIAN_POINT ( 'NONE',  ( -0.07872264031182396593, 0.04391859311635533392, 0.3093711207257862639 ) ) ;
#834 = CARTESIAN_POINT ( 'NONE',  ( 0.001543555618514543025, -0.09000839743771131551, 0.3092481521353551699 ) ) ;
#835 = CC_DESIGN_PERSON_AND_ORGANIZATION_ASSIGNMENT ( #1411, #225, ( #1223 ) ) ;
#836 = DIRECTION ( 'NONE',  ( 0.8660254037844352659, 0.5000000000000056621, 0.000000000000000000 ) ) ;
#837 = CARTESIAN_POINT ( 'NONE',  ( 0.001068047597400197807, 0.08959434199301555268, 0.3088260042650151638 ) ) ;
#838 = SHAPE_DEFINITION_REPRESENTATION ( #28, #1628 ) ;
#839 = ADVANCED_FACE ( 'NONE', ( #1147 ), #1913, .T. ) ;
#840 = CARTESIAN_POINT ( 'NONE',  ( 0.07812500000000004163, -0.04420337998483075265, 0.3081432977897511916 ) ) ;
#841 = CARTESIAN_POINT ( 'NONE',  ( 0.07811951181484923235, 0.04437436594085241576, 0.3082998781682803058 ) ) ;
#842 = B_SPLINE_CURVE_WITH_KNOTS ( 'NONE', 3,
 ( #1730, #700, #1257, #1940, #208, #1212, #898, #877, #1395, #49, #582, #412, #2073, #711, #551, #403 ),
 .UNSPECIFIED., .F., .F.,
 ( 4, 3, 3, 3, 3, 4 ),
 ( 0.000000000000000000, 3.396003062480770460E-06, 2.304943161815349936E-05, 4.287641550697660455E-05, 6.457725481330855749E-05, 8.614026417079824504E-05 ),
 .UNSPECIFIED. ) ;
#844 = VERTEX_POINT ( 'NONE', #276 ) ;
#843 = VECTOR ( 'NONE', #57, 39.37007874015748854 ) ;
#845 = CARTESIAN_POINT ( 'NONE',  ( 0.07781560319990134256, 0.04528412010626289841, 0.3086719040066051023 ) ) ;
#846 = CARTESIAN_POINT ( 'NONE',  ( 0.07872133654424144644, 0.04366744034106787020, 0.3092481521353551699 ) ) ;
#847 = AXIS2_PLACEMENT_3D ( 'NONE', #61, #704, #394 ) ;
#848 = CARTESIAN_POINT ( 'NONE',  ( 0.000000000000000000, -3.414809992080329023E-17, 0.2239999999999999769 ) ) ;
#849 = CARTESIAN_POINT ( 'NONE',  ( 0.07812500000000004163, -0.04420337998483075265, 0.3094375000000000320 ) ) ;
#850 = EDGE_CURVE ( 'NONE', #1897, #321, #626, .T. ) ;
#851 = DIRECTION ( 'NONE',  ( 1.000000000000000000, 1.892679809432641678E-16, 0.000000000000000000 ) ) ;
#852 = ORIENTED_EDGE ( 'NONE', *, *, #190, .T. ) ;
#853 = SPHERICAL_SURFACE ( 'NONE', #1701, 0.001562500000000000087 ) ;
#854 = DESIGN_CONTEXT ( 'detailed design', #1951, 'design' ) ;
#855 = CARTESIAN_POINT ( 'NONE',  ( -0.07812500000000000000, 0.04510548978043949636, 0.2255624999999999714 ) ) ;
#856 = DIRECTION ( 'NONE',  ( 0.7791919043471096096, -0.4498666557251770892, -0.4364401084531189245 ) ) ;
#857 = DIRECTION ( 'NONE',  ( 1.892679809432641678E-16, -1.000000000000000000, 0.000000000000000000 ) ) ;
#858 = CARTESIAN_POINT ( 'NONE',  ( 0.07805625288382718463, 0.04466347270822910304, 0.3084735426616330156 ) ) ;
#859 = B_SPLINE_CURVE_WITH_KNOTS ( 'NONE', 3,
 ( #1977, #1477, #292, #660, #490, #2152, #958, #1305 ),
 .UNSPECIFIED., .F., .F.,
 ( 4, 2, 2, 4 ),
 ( 0.000000000000000000, 0.001171245768770107481, 0.001756868653155161221, 0.002342491537540214962 ),
 .UNSPECIFIED. ) ;
#860 = EDGE_CURVE ( 'NONE', #1245, #530, #1950, .T. ) ;
#861 = FACE_OUTER_BOUND ( 'NONE', #397, .T. ) ;
#862 = CARTESIAN_POINT ( 'NONE',  ( 0.07812500000000252576, 0.04387221464470828641, 0.3088260042650152193 ) ) ;
#863 = CARTESIAN_POINT ( 'NONE',  ( 0.000000000000000000, -1.904325772674134335E-17, -0.3109999999999999987 ) ) ;
#864 = ORIENTED_EDGE ( 'NONE', *, *, #1106, .F. ) ;
#865 = CARTESIAN_POINT ( 'NONE',  ( 0.05242351052217934793, 0.05994425164903360165, 0.2978716137202265801 ) ) ;
#866 = CARTESIAN_POINT ( 'NONE',  ( 0.07871958882894704301, 0.04378829478075136478, 0.3093053105353720245 ) ) ;
#867 = ORIENTED_EDGE ( 'NONE', *, *, #259, .F. ) ;
#868 = CARTESIAN_POINT ( 'NONE',  ( 0.07872133654424147420, -0.04366744034106788408, 0.3092481521353551699 ) ) ;
#869 = ORIENTED_EDGE ( 'NONE', *, *, #86, .T. ) ;
#870 = CARTESIAN_POINT ( 'NONE',  ( -0.07872133654424143256, 0.04366744034106784245, 0.3092481521353551699 ) ) ;
#871 = DIRECTION ( 'NONE',  ( 0.8660254037844385966, -0.4999999999999998890, -0.000000000000000000 ) ) ;
#872 = EDGE_CURVE ( 'NONE', #1390, #1792, #426, .T. ) ;
#873 = ORIENTED_EDGE ( 'NONE', *, *, #226, .T. ) ;
#874 = AXIS2_PLACEMENT_3D ( 'NONE', #1364, #1710, #189 ) ;
#875 = EDGE_LOOP ( 'NONE', ( #2103, #587, #1830, #883 ) ) ;
#876 = CYLINDRICAL_SURFACE ( 'NONE', #1095, 0.001562500000000000304 ) ;
#877 = CARTESIAN_POINT ( 'NONE',  ( 0.0005226821828233063063, 0.09039214867033469603, 0.3096198555806478625 ) ) ;
#878 = CIRCLE ( 'NONE', #1163, 0.09242068825208697713 ) ;
#879 = VECTOR ( 'NONE', #1614, 39.37007874015748143 ) ;
#880 = TOROIDAL_SURFACE ( 'NONE', #1383, 0.03191824225709634366, 0.2489999999999999991 ) ;
#881 = CARTESIAN_POINT ( 'NONE',  ( 0.0008209206773799711731, -0.09031444617792384888, 0.3095446974534055706 ) ) ;
#882 = ORIENTED_EDGE ( 'NONE', *, *, #2013, .F. ) ;
#883 = ORIENTED_EDGE ( 'NONE', *, *, #1580, .T. ) ;
#884 = LINE ( 'NONE', #1738, #1914 ) ;
#885 = CARTESIAN_POINT ( 'NONE',  ( -0.07872154432627175014, -0.04370746667269773816, 0.3092677496953461502 ) ) ;
#886 = ORIENTED_EDGE ( 'NONE', *, *, #1823, .F. ) ;
#887 = CARTESIAN_POINT ( 'NONE',  ( -0.01348822010363694666, 0.08303148832958680281, 0.3030530061097926886 ) ) ;
#888 = CARTESIAN_POINT ( 'NONE',  ( 0.1249999999999999584, -3.735172737399429026E-18, 0.1689999999999999558 ) ) ;
#889 = CARTESIAN_POINT ( 'NONE',  ( -0.06518986107409026343, 0.05257359572131867914, 0.3019262422215600039 ) ) ;
#890 = LINE ( 'NONE', #213, #951 ) ;
#891 = ORIENTED_EDGE ( 'NONE', *, *, #2189, .T. ) ;
#892 = ORIENTED_EDGE ( 'NONE', *, *, #438, .T. ) ;
#893 = CARTESIAN_POINT ( 'NONE',  ( -0.07717778092572689930, 0.04634095709664343143, 0.3092481521353551699 ) ) ;
#894 = CARTESIAN_POINT ( 'NONE',  ( -0.07761079543898742605, -0.04605753594398104972, 0.3094743120653905000 ) ) ;
#895 = ORIENTED_EDGE ( 'NONE', *, *, #47, .F. ) ;
#896 = VERTEX_POINT ( 'NONE', #480 ) ;
#897 = CARTESIAN_POINT ( 'NONE',  ( -0.07765920783050131448, -0.04531632121621590598, 0.3084398431078016478 ) ) ;
#898 = CARTESIAN_POINT ( 'NONE',  ( 0.0007644423820552263740, 0.09032962921921958155, 0.3095593842652897831 ) ) ;
#899 = CARTESIAN_POINT ( 'NONE',  ( -0.02570121814928715345, -0.07537237434388681379, 0.2978710845418686137 ) ) ;
#900 = DIRECTION ( 'NONE',  ( 0.000000000000000000, 0.000000000000000000, 1.000000000000000000 ) ) ;
#901 = EDGE_CURVE ( 'NONE', #1886, #1227, #254, .T. ) ;
#902 = CARTESIAN_POINT ( 'NONE',  ( 0.000000000000000000, -1.707404996040164512E-17, 0.2245917536856660290 ) ) ;
#903 = CARTESIAN_POINT ( 'NONE',  ( -0.02575786230454471526, -0.07533967082560084905, 0.2978589041258382641 ) ) ;
#904 = ORIENTED_EDGE ( 'NONE', *, *, #1482, .T. ) ;
#905 = CARTESIAN_POINT ( 'NONE',  ( -0.06508312698479981617, -0.05324265740266050789, 0.3030178148898982071 ) ) ;
#906 = DIRECTION ( 'NONE',  ( -0.7791919043471078332, 0.4498666557251813636, -0.4364401084531173702 ) ) ;
#907 = CIRCLE ( 'NONE', #389, 0.2489999999999999991 ) ;
#908 = CARTESIAN_POINT ( 'NONE',  ( -0.05242351052225825703, -0.05994425164898806169, 0.2978716137202420677 ) ) ;
#909 = CARTESIAN_POINT ( 'NONE',  ( -0.07717778092572689930, 0.04634095709664343143, 0.3092481521353551699 ) ) ;
#910 = AXIS2_PLACEMENT_3D ( 'NONE', #1503, #690, #1180 ) ;
#911 = ORIENTED_EDGE ( 'NONE', *, *, #800, .T. ) ;
#912 = CIRCLE ( 'NONE', #2167, 0.001562499999999991847 ) ;
#913 = ADVANCED_FACE ( 'NONE', ( #766 ), #1736, .T. ) ;
#914 = CALENDAR_DATE ( 2026, 22, 1 ) ;
#915 = AXIS2_PLACEMENT_3D ( 'NONE', #601, #1801, #1277 ) ;
#916 = EDGE_LOOP ( 'NONE', ( #377, #1400, #1938, #1107 ) ) ;
#917 = B_SPLINE_CURVE_WITH_KNOTS ( 'NONE', 3,
 ( #672, #1523, #5, #2020 ),
 .UNSPECIFIED., .F., .F.,
 ( 4, 4 ),
 ( 0.000000000000000000, 0.001160466675557870250 ),
 .UNSPECIFIED. ) ;
#918 = CARTESIAN_POINT ( 'NONE',  ( 0.09431013227431635226, 2.602497875338876133E-18, 0.3109501539464926689 ) ) ;
#919 = CARTESIAN_POINT ( 'NONE',  ( 0.0003484244553542022713, 0.08993043427573120530, 0.3084735426616330156 ) ) ;
#920 = ORIENTED_EDGE ( 'NONE', *, *, #1942, .T. ) ;
#921 = CARTESIAN_POINT ( 'NONE',  ( -0.007436494319248091595, -0.08656519703723687675, 0.3059065011810868095 ) ) ;
#922 = CARTESIAN_POINT ( 'NONE',  ( 0.0001093459477275097964, -0.08996639214905181869, 0.3085430324034164618 ) ) ;
#923 = CARTESIAN_POINT ( 'NONE',  ( -0.07872133654424143256, 0.04366744034106781469, 0.3092481521353551699 ) ) ;
#924 = CARTESIAN_POINT ( 'NONE',  ( 0.001081598443708758342, -0.09024168843007106255, 0.3094743120653905000 ) ) ;
#925 = CC_DESIGN_PERSON_AND_ORGANIZATION_ASSIGNMENT ( #439, #673, ( #723 ) ) ;
#926 = CARTESIAN_POINT ( 'NONE',  ( -0.07812500000000000000, -0.01546324108653878565, 0.2967077806527960160 ) ) ;
#927 = CARTESIAN_POINT ( 'NONE',  ( 0.0007812499999999936466, 0.08975992466307461393, 0.3081432977897511361 ) ) ;
#928 = EDGE_CURVE ( 'NONE', #1390, #1762, #616, .T. ) ;
#929 = ORIENTED_EDGE ( 'NONE', *, *, #99, .F. ) ;
#930 = CARTESIAN_POINT ( 'NONE',  ( -0.07785850811404798621, -0.04507789244305880627, 0.3085430324034164618 ) ) ;
#931 = CARTESIAN_POINT ( 'NONE',  ( -2.842639029754048761E-06, -0.08996925738386840621, 0.3085485667225520978 ) ) ;
#932 = DIRECTION ( 'NONE',  ( -1.000000000000000000, 1.224646799147358384E-16, 0.000000000000000000 ) ) ;
#933 = CARTESIAN_POINT ( 'NONE',  ( -0.07656250000000000555, 0.04420337998483069714, 0.2255624999999999714 ) ) ;
#934 = CARTESIAN_POINT ( 'NONE',  ( 0.07125659983592030899, -0.04971869123199784690, 0.3059105522867524574 ) ) ;
#935 = PERSON_AND_ORGANIZATION ( #1441, #2130 ) ;
#936 = ORIENTED_EDGE ( 'NONE', *, *, #357, .F. ) ;
#937 = CARTESIAN_POINT ( 'NONE',  ( 0.000000000000000000, 0.1000000000000001305, -0.3109999999999999987 ) ) ;
#938 = CARTESIAN_POINT ( 'NONE',  ( 0.07721254863675386382, -0.04632112387534524645, 0.3092677496953462057 ) ) ;
#939 = VERTEX_POINT ( 'NONE', #1281 ) ;
#940 = CARTESIAN_POINT ( 'NONE',  ( -0.1450000000000000178, -1.707404996040164512E-17, 0.1890000000000000291 ) ) ;
#941 = DIRECTION ( 'NONE',  ( 1.000000000000000000, 0.000000000000000000, 0.000000000000000000 ) ) ;
#942 = EDGE_CURVE ( 'NONE', #1279, #476, #777, .T. ) ;
#943 = ORIENTED_EDGE ( 'NONE', *, *, #1573, .F. ) ;
#944 = FACE_OUTER_BOUND ( 'NONE', #420, .T. ) ;
#945 = DIRECTION ( 'NONE',  ( -0.000000000000000000, -0.000000000000000000, -1.000000000000000000 ) ) ;
#946 = AXIS2_PLACEMENT_3D ( 'NONE', #692, #1004, #995 ) ;
#947 = AXIS2_PLACEMENT_3D ( 'NONE', #482, #642, #1321 ) ;
#948 = DIRECTION ( 'NONE',  ( -0.000000000000000000, -0.000000000000000000, 1.000000000000000000 ) ) ;
#949 = AXIS2_PLACEMENT_3D ( 'NONE', #1264, #237, #430 ) ;
#950 = AXIS2_PLACEMENT_3D ( 'NONE', #1681, #1689, #1361 ) ;
#951 = VECTOR ( 'NONE', #1224, 39.37007874015748854 ) ;
#952 = DIRECTION ( 'NONE',  ( -1.000000000000000000, 1.224646799147358384E-16, 0.000000000000000000 ) ) ;
#953 = CYLINDRICAL_SURFACE ( 'NONE', #1565, 0.001562500000000000304 ) ;
#954 = ORIENTED_EDGE ( 'NONE', *, *, #928, .T. ) ;
#955 = CARTESIAN_POINT ( 'NONE',  ( -0.05234702353373456990, 0.05998841143240069701, 0.2985324310339126375 ) ) ;
#956 = CARTESIAN_POINT ( 'NONE',  ( 0.0007812499999999833467, -0.08975992466307464168, 0.3081432977897511916 ) ) ;
#957 = ORIENTED_EDGE ( 'NONE', *, *, #1358, .T. ) ;
#958 = CARTESIAN_POINT ( 'NONE',  ( 0.07812500000000004163, 0.03727235355540117062, 0.3047812149502536760 ) ) ;
#959 = DIRECTION ( 'NONE',  ( -0.000000000000000000, -0.000000000000000000, -1.000000000000000000 ) ) ;
#960 = AXIS2_PLACEMENT_3D ( 'NONE', #56, #1600, #1743 ) ;
#961 = EDGE_CURVE ( 'NONE', #1897, #1571, #1372, .T. ) ;
#962 = CARTESIAN_POINT ( 'NONE',  ( 0.07872133654424147420, -0.04366744034106789102, 0.3092481521353552254 ) ) ;
#963 = ORIENTED_EDGE ( 'NONE', *, *, #2037, .F. ) ;
#964 = CARTESIAN_POINT ( 'NONE',  ( 0.07812500000000004163, -0.04420337998483075265, 0.3081432977897511916 ) ) ;
#965 = DIRECTION ( 'NONE',  ( -1.000000000000000000, 0.000000000000000000, 0.000000000000000000 ) ) ;
#966 = ORIENTED_EDGE ( 'NONE', *, *, #424, .T. ) ;
#967 = DIRECTION ( 'NONE',  ( -0.8660254037844385966, -0.4999999999999998890, 0.000000000000000000 ) ) ;
#968 = CARTESIAN_POINT ( 'NONE',  ( 0.0006786613852384702468, -0.08981915422742299537, 0.3082582214328301040 ) ) ;
#969 = DIRECTION ( 'NONE',  ( -1.000000000000000000, 0.000000000000000000, -0.000000000000000000 ) ) ;
#970 = B_SPLINE_CURVE_WITH_KNOTS ( 'NONE', 3,
 ( #801, #1982, #623, #1484, #612, #579, #1937, #419, #85, #1611, #1627, #250, #1086, #1972, #919, #753, #1948, #431, #1963, #1265, #1099, #927 ),
 .UNSPECIFIED., .F., .F.,
 ( 4, 3, 3, 3, 3, 3, 3, 4 ),
 ( 0.000000000000000000, 1.257646521626698798E-05, 1.943021604748052962E-05, 2.362360756527065041E-05, 3.041853298761725295E-05, 3.371313053815807627E-05, 4.498796487310003901E-05, 4.708095617916690774E-05 ),
 .UNSPECIFIED. ) ;
#971 = CYLINDRICAL_SURFACE ( 'NONE', #665, 0.001562500000000000304 ) ;
#972 = ADVANCED_FACE ( 'NONE', ( #22 ), #713, .T. ) ;
#973 = ORIENTED_EDGE ( 'NONE', *, *, #1988, .F. ) ;
#974 = CARTESIAN_POINT ( 'NONE',  ( 0.07807468929454937367, -0.04459668621088160728, 0.3084398431078016478 ) ) ;
#975 = DIRECTION ( 'NONE',  ( -1.000000000000000000, 0.000000000000000000, 0.000000000000000000 ) ) ;
#976 = B_SPLINE_CURVE_WITH_KNOTS ( 'NONE', 3,
 ( #1731, #224, #1605, #1443, #1933, #83, #414, #256, #1059, #423, #1593, #1409, #881, #924, #1423, #724 ),
 .UNSPECIFIED., .F., .F.,
 ( 4, 3, 3, 3, 3, 4 ),
 ( 0.000000000000000000, 3.396003062480916997E-06, 2.304943161815328252E-05, 4.287641550697592015E-05, 6.457725481330949262E-05, 8.614026417079909885E-05 ),
 .UNSPECIFIED. ) ;
#977 = EDGE_LOOP ( 'NONE', ( #651, #516, #943 ) ) ;
#978 = CARTESIAN_POINT ( 'NONE',  ( -0.05247633337840899165, 0.06046137057879912707, 0.2989759386716013267 ) ) ;
#979 = FACE_OUTER_BOUND ( 'NONE', #546, .T. ) ;
#980 = CARTESIAN_POINT ( 'NONE',  ( 0.07858261210970710064, 0.007610787199057267131, 0.2978067511716351312 ) ) ;
#981 = DIRECTION ( 'NONE',  ( -1.000000000000000000, 0.000000000000000000, 0.000000000000000000 ) ) ;
#982 = CARTESIAN_POINT ( 'NONE',  ( 0.03244911392203134876, -0.07147647490302939943, 0.2966992535230795758 ) ) ;
#983 = AXIS2_PLACEMENT_3D ( 'NONE', #1798, #819, #278 ) ;
#984 = EDGE_CURVE ( 'NONE', #476, #79, #2055, .T. ) ;
#985 = FACE_BOUND ( 'NONE', #1584, .T. ) ;
#986 = AXIS2_PLACEMENT_3D ( 'NONE', #1511, #991, #2010 ) ;
#987 = CIRCLE ( 'NONE', #1273, 0.001562500000000000520 ) ;
#988 = AXIS2_PLACEMENT_3D ( 'NONE', #1088, #2114, #756 ) ;
#989 = VECTOR ( 'NONE', #606, 39.37007874015748143 ) ;
#990 = ORIENTED_EDGE ( 'NONE', *, *, #149, .T. ) ;
#991 = DIRECTION ( 'NONE',  ( -0.4999999999999999445, 0.8660254037844387076, 0.000000000000000000 ) ) ;
#992 = CARTESIAN_POINT ( 'NONE',  ( 0.04574104218855063603, -0.06380237654030530836, 0.2967088398345035793 ) ) ;
#993 = DIRECTION ( 'NONE',  ( -0.000000000000000000, -0.000000000000000000, -1.000000000000000000 ) ) ;
#994 = CARTESIAN_POINT ( 'NONE',  ( -0.07734375000000000278, -0.04555654467824393067, 0.3094374999999999765 ) ) ;
#995 = DIRECTION ( 'NONE',  ( 2.185478394931387856E-14, -0.4364401084531167041, 0.8997333114503606177 ) ) ;
#996 = CARTESIAN_POINT ( 'NONE',  ( -0.07794228464311356297, 0.04493872114414138724, 0.3085487632132862812 ) ) ;
#997 = VERTEX_POINT ( 'NONE', #1169 ) ;
#998 = CARTESIAN_POINT ( 'NONE',  ( -0.07812500000000000000, -0.04420337998483073183, 0.3081432977897511916 ) ) ;
#999 = CARTESIAN_POINT ( 'NONE',  ( 0.0006187571368969018533, -0.09054877656127299779, 0.3097725947625182830 ) ) ;
#1000 = ADVANCED_FACE ( 'NONE', ( #2040 ), #853, .F. ) ;
#1001 = ADVANCED_FACE ( 'NONE', ( #979 ), #1667, .F. ) ;
#1002 = CARTESIAN_POINT ( 'NONE',  ( 2.534429290997119101E-18, 0.08840675996966143591, -0.01467581744561670745 ) ) ;
#1003 = DIRECTION ( 'NONE',  ( 0.000000000000000000, 0.000000000000000000, -1.000000000000000000 ) ) ;
#1004 = DIRECTION ( 'NONE',  ( -0.000000000000000000, -0.8997333114503587304, -0.4364401084531208119 ) ) ;
#1005 = CARTESIAN_POINT ( 'NONE',  ( -0.07773535365353868853, 0.04523661177356307073, 0.3084902877126052823 ) ) ;
#1006 = EDGE_LOOP ( 'NONE', ( #869, #747, #1028, #1984 ) ) ;
#1007 = CARTESIAN_POINT ( 'NONE',  ( -0.07812500000000000000, -0.04387221464470909826, 0.3088260042650137205 ) ) ;
#1008 = CARTESIAN_POINT ( 'NONE',  ( 0.07717778092572694093, -0.04634095709664347307, 0.3092481521353552254 ) ) ;
#1009 = EDGE_CURVE ( 'NONE', #1868, #1390, #180, .T. ) ;
#1010 = CARTESIAN_POINT ( 'NONE',  ( 0.07858264565439604388, 3.963953490208948166E-15, 0.2978091660935170415 ) ) ;
#1011 = CYLINDRICAL_SURFACE ( 'NONE', #325, 0.001562500000000000304 ) ;
#1012 = LINE ( 'NONE', #1700, #425 ) ;
#1013 = DIRECTION ( 'NONE',  ( 0.000000000000000000, 0.000000000000000000, 1.000000000000000000 ) ) ;
#1014 = TOROIDAL_SURFACE ( 'NONE', #2021, 0.03191824225709634366, 0.2489999999999999991 ) ;
#1016 = ORIENTED_EDGE ( 'NONE', *, *, #149, .F. ) ;
#1015 = AXIS2_PLACEMENT_3D ( 'NONE', #1268, #1465, #2115 ) ;
#1017 = CARTESIAN_POINT ( 'NONE',  ( 0.07823724875036218440, 0.04462081538048832258, 0.3092920475509427503 ) ) ;
#1018 = CARTESIAN_POINT ( 'NONE',  ( 0.007436494319248091595, 0.08656519703723682124, 0.3059065011810869206 ) ) ;
#1019 = CIRCLE ( 'NONE', #1311, 0.001562499999999991847 ) ;
#1020 = EDGE_CURVE ( 'NONE', #1543, #556, #2131, .T. ) ;
#1021 = CC_DESIGN_APPROVAL ( #725, ( #1223 ) ) ;
#1022 = CARTESIAN_POINT ( 'NONE',  ( 0.001543555618514531316, 0.09000839743771128776, 0.3092481521353551699 ) ) ;
#1023 = LINE ( 'NONE', #849, #40 ) ;
#1024 = APPROVAL ( #73, 'UNSPECIFIED' ) ;
#1025 = DIRECTION ( 'NONE',  ( -1.224646799147353207E-16, 1.000000000000000000, 0.000000000000000000 ) ) ;
#1026 = CARTESIAN_POINT ( 'NONE',  ( -0.07770782842847297200, 0.04526696156750209532, 0.3084735426616330156 ) ) ;
#1027 = VERTEX_POINT ( 'NONE', #1512 ) ;
#1028 = ORIENTED_EDGE ( 'NONE', *, *, #674, .T. ) ;
#1029 = DIRECTION ( 'NONE',  ( 0.000000000000000000, -1.000000000000000000, 0.000000000000000000 ) ) ;
#1030 = FACE_OUTER_BOUND ( 'NONE', #538, .T. ) ;
#1031 = ORIENTED_EDGE ( 'NONE', *, *, #1225, .F. ) ;
#1032 = FACE_OUTER_BOUND ( 'NONE', #374, .T. ) ;
#1033 = CARTESIAN_POINT ( 'NONE',  ( 0.07812500000000004163, -0.04510548978043953106, 0.2255624999999999714 ) ) ;
#1034 = B_SPLINE_CURVE_WITH_KNOTS ( 'NONE', 3,
 ( #63, #1748, #1610, #926, #1781, #1402 ),
 .UNSPECIFIED., .F., .F.,
 ( 4, 2, 4 ),
 ( 0.000000000000000000, 0.001172469436674049986, 0.002344938873348099972 ),
 .UNSPECIFIED. ) ;
#1035 = EDGE_CURVE ( 'NONE', #2050, #1444, #1676, .T. ) ;
#1036 = COORDINATED_UNIVERSAL_TIME_OFFSET ( 6, 0, .BEHIND. ) ;
#1037 = ORIENTED_EDGE ( 'NONE', *, *, #1724, .F. ) ;
#1038 = CARTESIAN_POINT ( 'NONE',  ( -0.07858264565439601612, 5.019134214195046926E-16, 0.2978091660935169860 ) ) ;
#1039 = LINE ( 'NONE', #194, #1992 ) ;
#1040 = VERTEX_POINT ( 'NONE', #680 ) ;
#1041 = CARTESIAN_POINT ( 'NONE',  ( 0.07868582788999395339, 0.03682718967800768795, 0.3058990512494067504 ) ) ;
#1042 = CARTESIAN_POINT ( 'NONE',  ( 0.04595117027445463215, -0.06420970000400971767, 0.2978214890721868069 ) ) ;
#1043 = ORIENTED_EDGE ( 'NONE', *, *, #381, .T. ) ;
#1044 = CARTESIAN_POINT ( 'NONE',  ( -0.007452952554534988776, 0.08655558061235803236, 0.3058971683710162148 ) ) ;
#1045 = ORIENTED_EDGE ( 'NONE', *, *, #850, .F. ) ;
#1046 = CC_DESIGN_PERSON_AND_ORGANIZATION_ASSIGNMENT ( #328, #609, ( #111 ) ) ;
#1047 = CARTESIAN_POINT ( 'NONE',  ( 0.006748568973721552101, -0.08631469144725614773, 0.3048008890933056048 ) ) ;
#1048 = CARTESIAN_POINT ( 'NONE',  ( 0.07812500000000001388, 0.04510548978043952412, 0.2255624999999999714 ) ) ;
#1049 = DIRECTION ( 'NONE',  ( -1.892679809432641678E-16, 1.000000000000000000, -0.000000000000000000 ) ) ;
#1050 = AXIS2_PLACEMENT_3D ( 'NONE', #70, #91, #1222 ) ;
#1051 = EDGE_CURVE ( 'NONE', #1662, #1301, #1929, .T. ) ;
#1052 = AXIS2_PLACEMENT_3D ( 'NONE', #293, #1821, #770 ) ;
#1053 = ORIENTED_EDGE ( 'NONE', *, *, #872, .T. ) ;
#1054 = DIRECTION ( 'NONE',  ( -1.000000000000000000, 0.000000000000000000, 0.000000000000000000 ) ) ;
#1055 = DIRECTION ( 'NONE',  ( 0.4999999999999996114, -0.8660254037844388186, 0.000000000000000000 ) ) ;
#1056 = ORIENTED_EDGE ( 'NONE', *, *, #1755, .F. ) ;
#1057 = AXIS2_PLACEMENT_3D ( 'NONE', #1966, #444, #1796 ) ;
#1058 = AXIS2_PLACEMENT_3D ( 'NONE', #1998, #309, #975 ) ;
#1059 = CARTESIAN_POINT ( 'NONE',  ( -0.0002625466492726174442, -0.09042642750773900728, 0.3096529640798913463 ) ) ;
#1060 =( CONVERSION_BASED_UNIT ( 'INCH', #586 ) LENGTH_UNIT ( ) NAMED_UNIT ( #1750 ) );
#1061 = ORIENTED_EDGE ( 'NONE', *, *, #1608, .T. ) ;
#1062 = VERTEX_POINT ( 'NONE', #1008 ) ;
#1063 = FACE_OUTER_BOUND ( 'NONE', #1804, .T. ) ;
#1064 = CARTESIAN_POINT ( 'NONE',  ( 0.07858264565439604388, 3.963953490208948166E-15, 0.2978091660935170415 ) ) ;
#1065 = ORIENTED_EDGE ( 'NONE', *, *, #1823, .T. ) ;
#1066 = CARTESIAN_POINT ( 'NONE',  ( -0.07810309317766180037, -0.04449642645536448782, 0.3083904741190306442 ) ) ;
#1067 = CARTESIAN_POINT ( 'NONE',  ( 0.000000000000000000, -1.904325772674134335E-17, -0.3109999999999999987 ) ) ;
#1068 = ADVANCED_FACE ( 'NONE', ( #1706 ), #1129, .T. ) ;
#1069 = CARTESIAN_POINT ( 'NONE',  ( -0.07734375000010809686, -0.04555654467818151532, 0.3081432977898118097 ) ) ;
#1070 = CARTESIAN_POINT ( 'NONE',  ( 0.07656250000000003331, -0.04420337998483075959, 0.2255624999999999714 ) ) ;
#1071 = DATE_AND_TIME ( #914, #778 ) ;
#1072 = ORIENTED_EDGE ( 'NONE', *, *, #701, .F. ) ;
#1073 = DIRECTION ( 'NONE',  ( -0.000000000000000000, -0.000000000000000000, -1.000000000000000000 ) ) ;
#1074 = CARTESIAN_POINT ( 'NONE',  ( 0.03238395781144939173, 0.07151409280101325705, 0.2967088398345035238 ) ) ;
#1075 = B_SPLINE_CURVE_WITH_KNOTS ( 'NONE', 3,
 ( #273, #938, #1120, #104, #781, #1462, #1802, #633, #1664, #475, #1826, #1144, #1315, #139, #810, #2156 ),
 .UNSPECIFIED., .F., .F.,
 ( 4, 3, 3, 3, 3, 4 ),
 ( 0.000000000000000000, 3.396003062481418017E-06, 2.304943161815343499E-05, 4.287641550697676040E-05, 6.457725481330912670E-05, 8.614026417079866517E-05 ),
 .UNSPECIFIED. ) ;
#1076 = APPLICATION_CONTEXT ( 'configuration controlled 3d designs of mechanical parts and assemblies' ) ;
#1077 = VERTEX_POINT ( 'NONE', #846 ) ;
#1078 = CARTESIAN_POINT ( 'NONE',  ( -0.04571263097757181926, 0.06381877976061357816, 0.2973566305883851291 ) ) ;
#1079 = CARTESIAN_POINT ( 'NONE',  ( 0.07799801794523360254, 0.04567827271569360054, 0.3096152738218471701 ) ) ;
#1080 = EDGE_CURVE ( 'NONE', #667, #321, #184, .T. ) ;
#1081 = CARTESIAN_POINT ( 'NONE',  ( -0.0007812500000000000434, -0.08975992466307466944, 0.3081432977897511916 ) ) ;
#1082 = LOCAL_TIME ( 17, 16, 55.00000000000000000, #1524 ) ;
#1083 = DIRECTION ( 'NONE',  ( 0.000000000000000000, -0.000000000000000000, -1.000000000000000000 ) ) ;
#1084 = APPROVAL_STATUS ( 'not_yet_approved' ) ;
#1085 = DIRECTION ( 'NONE',  ( 0.000000000000000000, 0.000000000000000000, 1.000000000000000000 ) ) ;
#1086 = CARTESIAN_POINT ( 'NONE',  ( 0.0002671922894301378146, 0.08994624512076536405, 0.3085041027246130940 ) ) ;
#1087 = VERTEX_POINT ( 'NONE', #1064 ) ;
#1088 = CARTESIAN_POINT ( 'NONE',  ( 0.07656250000000003331, -0.04420337998483075265, 0.2255624999999999714 ) ) ;
#1089 = DIRECTION ( 'NONE',  ( 0.000000000000000000, 0.000000000000000000, 1.000000000000000000 ) ) ;
#1090 = VECTOR ( 'NONE', #330, 39.37007874015748143 ) ;
#1091 = CARTESIAN_POINT ( 'NONE',  ( -0.07116893817108624343, -0.04912157394986244735, 0.3054972625769712957 ) ) ;
#1092 = CARTESIAN_POINT ( 'NONE',  ( -0.02624058161244703646, 0.07560815371234114179, 0.2989482117876409717 ) ) ;
#1093 = TOROIDAL_SURFACE ( 'NONE', #1457, 0.2742570507083220144, 0.003499999999999999639 ) ;
#1094 = MANIFOLD_SOLID_BREP ( 'Fillet4', #1126 ) ;
#1095 = AXIS2_PLACEMENT_3D ( 'NONE', #1002, #1394, #550 ) ;
#1096 = EDGE_CURVE ( 'NONE', #530, #1245, #7, .T. ) ;
#1097 =( BOUNDED_SURFACE ( )  B_SPLINE_SURFACE ( 3, 2, ( 
 ( #2051, #375, #532 ),
 ( #1534, #671, #23 ),
 ( #354, #1362, #1898 ),
 ( #2072, #176, #865 ),
 ( #512, #1353, #187 ),
 ( #710, #197, #1567 ),
 ( #1179, #1707, #15 ),
 ( #338, #1718, #1887 ),
 ( #681, #1552, #35 ),
 ( #1022, #2033, #689 ) ),
 .UNSPECIFIED., .F., .F., .F. ) 
 B_SPLINE_SURFACE_WITH_KNOTS ( ( 4, 2, 2, 2, 4 ),
 ( 3, 3 ),
 ( 0.001895985649200510829, 0.002479616887852049284, 0.003063248126503588173, 0.003646879365155127062, 0.004230510603806665951 ),
 ( 0.000000000000000000, 1.000000000000000000 ),
 .UNSPECIFIED. ) 
 GEOMETRIC_REPRESENTATION_ITEM ( )  RATIONAL_B_SPLINE_SURFACE ( (
 ( 1.000000000000000000, 0.8995400523838528173, 1.000000000000000000),
 ( 1.000000000000000000, 0.9058200443852821859, 1.000000000000000000),
 ( 1.000000000000000000, 0.9118906086897861085, 1.000000000000000000),
 ( 1.000000000000000000, 0.9210099038492757240, 1.000000000000000000),
 ( 1.000000000000000000, 0.9238916780652494110, 1.000000000000000000),
 ( 1.000000000000000000, 0.9238673035805083922, 1.000000000000000000),
 ( 1.000000000000000000, 0.9210108844087472324, 1.000000000000000000),
 ( 1.000000000000000000, 0.9118804399405449068, 1.000000000000000000),
 ( 1.000000000000000000, 0.9058102357550406047, 1.000000000000000000),
 ( 1.000000000000000000, 0.8995400523838528173, 1.000000000000000000) ) ) 
 REPRESENTATION_ITEM ( '' )  SURFACE ( )  );
#1098 = CARTESIAN_POINT ( 'NONE',  ( -0.06022913968047985400, 0.1231800699772460372, 0.2239999999999999769 ) ) ;
#1099 = CARTESIAN_POINT ( 'NONE',  ( 0.0007639282755106685139, 0.08976992536537135858, 0.3081627022401119409 ) ) ;
#1100 = ORIENTED_EDGE ( 'NONE', *, *, #9, .T. ) ;
#1101 = ORIENTED_EDGE ( 'NONE', *, *, #769, .F. ) ;
#1102 = CARTESIAN_POINT ( 'NONE',  ( -0.07805625288382715687, -0.04466347270822911691, 0.3084735426616330156 ) ) ;
#1103 = CARTESIAN_POINT ( 'NONE',  ( 5.306819714539636959E-05, -0.08996935910200479225, 0.3085487632132862812 ) ) ;
#1104 = CARTESIAN_POINT ( 'NONE',  ( -0.01286986827200369173, -0.08278055764960269569, 0.3019527881571446581 ) ) ;
#1105 = CARTESIAN_POINT ( 'NONE',  ( -0.07734375000000000278, -0.04555654467824393067, 0.2255624999999999714 ) ) ;
#1106 = EDGE_CURVE ( 'NONE', #2000, #108, #1987, .T. ) ;
#1107 = ORIENTED_EDGE ( 'NONE', *, *, #1288, .T. ) ;
#1108 = APPROVAL_DATE_TIME ( #2121, #1255 ) ;
#1109 = ORIENTED_EDGE ( 'NONE', *, *, #769, .T. ) ;
#1110 = EDGE_CURVE ( 'NONE', #731, #1759, #373, .T. ) ;
#1111 = DIRECTION ( 'NONE',  ( 0.000000000000000000, -1.000000000000000000, 0.000000000000000000 ) ) ;
#1112 = DIRECTION ( 'NONE',  ( -1.000000000000000000, 0.000000000000000000, 0.000000000000000000 ) ) ;
#1113 = EDGE_LOOP ( 'NONE', ( #1714, #1598, #46, #2142 ) ) ;
#1114 = SPHERICAL_SURFACE ( 'NONE', #1309, 0.001562500000000000087 ) ;
#1115 = DIRECTION ( 'NONE',  ( 0.000000000000000000, 0.000000000000000000, 1.000000000000000000 ) ) ;
#1116 = CARTESIAN_POINT ( 'NONE',  ( 0.07656250000000003331, -0.04420337998483075959, 0.2239999999999999769 ) ) ;
#1117 = CARTESIAN_POINT ( 'NONE',  ( 0.000000000000000000, -1.707404996040164512E-17, 0.3109999999999999987 ) ) ;
#1118 = CARTESIAN_POINT ( 'NONE',  ( 0.04576699663709354882, -0.06378739173245238925, 0.2967094046964400822 ) ) ;
#1119 = FACE_OUTER_BOUND ( 'NONE', #1800, .T. ) ;
#1120 = CARTESIAN_POINT ( 'NONE',  ( 0.07724716502331133161, -0.04630047731833100005, 0.3092868191377861065 ) ) ;
#1121 = ORIENTED_EDGE ( 'NONE', *, *, #754, .F. ) ;
#1122 = CYLINDRICAL_SURFACE ( 'NONE', #392, 0.001562499999999996184 ) ;
#1123 = CARTESIAN_POINT ( 'NONE',  ( 0.07739593749314813143, 0.04621650980484680316, 0.3093711207257863194 ) ) ;
#1124 = CARTESIAN_POINT ( 'NONE',  ( 0.07812500000000001388, 0.04420337998483071795, 0.3081432977897511916 ) ) ;
#1125 = DIRECTION ( 'NONE',  ( 0.8660254037844380415, 0.5000000000000009992, 0.000000000000000000 ) ) ;
#1126 = CLOSED_SHELL ( 'NONE', ( #839, #1244, #1609, #1678, #1931, #155, #1594, #640, #2029, #782, #1793, #1470, #1956, #913, #1193, #1481, #553, #165, #2157, #1204, #315, #2147, #1699, #545, #1410, #763, #2065, #1274, #1905, #2135, #1863, #245, #1778, #404, #1569, #451, #60, #1537, #1501, #583, #1713, #333, #1768, #1635, #1970, #1891, #467, #1711, #1215, #1452, #1398, #1001, #1000, #202, #1740, #610, #726, #32, #137, #972, #1385, #1068, #507 ) ) ;
#1127 = AXIS2_PLACEMENT_3D ( 'NONE', #1650, #125, #2153 ) ;
#1128 = CARTESIAN_POINT ( 'NONE',  ( 0.07138510305215169105, -0.04899677109759010413, 0.3048057464530686267 ) ) ;
#1129 = TOROIDAL_SURFACE ( 'NONE', #1421, 0.2712376134726743326, 0.003499999999999999639 ) ;
#1130 = ORIENTED_EDGE ( 'NONE', *, *, #1889, .F. ) ;
#1131 = AXIS2_PLACEMENT_3D ( 'NONE', #1815, #851, #1859 ) ;
#1132 = DIRECTION ( 'NONE',  ( 0.000000000000000000, 0.000000000000000000, -1.000000000000000000 ) ) ;
#1133 = CARTESIAN_POINT ( 'NONE',  ( 0.2282566402528354299, -1.707404996040164512E-17, 0.2239999999999999769 ) ) ;
#1134 = ORIENTED_EDGE ( 'NONE', *, *, #233, .F. ) ;
#1135 = CARTESIAN_POINT ( 'NONE',  ( 0.000000000000000000, -1.904325772674134335E-17, 0.1890000000000000291 ) ) ;
#1136 = CARTESIAN_POINT ( 'NONE',  ( 0.07761079543898742605, 0.04605753594398102196, 0.3094743120653905000 ) ) ;
#1137 = EDGE_CURVE ( 'NONE', #1404, #896, #1550, .T. ) ;
#1138 = CARTESIAN_POINT ( 'NONE',  ( 0.07859891042699894415, 0.01510634008724464142, 0.2989502312163982434 ) ) ;
#1139 = EDGE_CURVE ( 'NONE', #66, #471, #158, .T. ) ;
#1140 = CARTESIAN_POINT ( 'NONE',  ( 0.07812500000000001388, 0.04420337998483072489, 0.2255624999999999714 ) ) ;
#1141 = CARTESIAN_POINT ( 'NONE',  ( -0.07781560319990046826, -0.04528412010626341189, 0.3086719040066040476 ) ) ;
#1142 = VERTEX_POINT ( 'NONE', #1562 ) ;
#1143 = DIRECTION ( 'NONE',  ( -1.000000000000000000, 0.000000000000000000, 0.000000000000000000 ) ) ;
#1144 = CARTESIAN_POINT ( 'NONE',  ( 0.07855755354540107371, -0.04470912862755999084, 0.3096152738218471701 ) ) ;
#1145 = ORIENTED_EDGE ( 'NONE', *, *, #318, .F. ) ;
#1146 = CARTESIAN_POINT ( 'NONE',  ( -0.07830918465284748831, 0.04521831439118034063, 0.3096534210681560206 ) ) ;
#1147 = FACE_OUTER_BOUND ( 'NONE', #694, .T. ) ;
#1148 = FACE_OUTER_BOUND ( 'NONE', #1254, .T. ) ;
#1149 = FACE_OUTER_BOUND ( 'NONE', #2120, .T. ) ;
#1150 = EDGE_CURVE ( 'NONE', #823, #1961, #1761, .T. ) ;
#1151 = DIRECTION ( 'NONE',  ( 1.000000000000000000, 0.000000000000000000, 0.000000000000000000 ) ) ;
#1152 = CARTESIAN_POINT ( 'NONE',  ( -0.09177347956087902880, 1.123900979908455516E-17, 0.3109999999999999987 ) ) ;
#1153 = EDGE_LOOP ( 'NONE', ( #1773, #128, #1445, #2149 ) ) ;
#1154 = CARTESIAN_POINT ( 'NONE',  ( -0.07656250000000000555, 0.04420337998483071101, 0.2255624999999999714 ) ) ;
#1155 = CARTESIAN_POINT ( 'NONE',  ( 0.01348434226809807832, 0.08303376155764956301, 0.3030555195855416661 ) ) ;
#1156 = CARTESIAN_POINT ( 'NONE',  ( 0.07812500000000005551, -0.03717792223718399680, 0.3055484751140273292 ) ) ;
#1157 = DIRECTION ( 'NONE',  ( 0.000000000000000000, -1.000000000000000000, 0.000000000000000000 ) ) ;
#1158 = CARTESIAN_POINT ( 'NONE',  ( 0.07705695240260235224, -0.04572212734830731484, 0.3088260042650151638 ) ) ;
#1159 = ORIENTED_EDGE ( 'NONE', *, *, #1745, .T. ) ;
#1160 = AXIS2_PLACEMENT_3D ( 'NONE', #1995, #948, #1295 ) ;
#1161 = EDGE_CURVE ( 'NONE', #1734, #2000, #396, .T. ) ;
#1162 = CARTESIAN_POINT ( 'NONE',  ( -0.07768007758896643133, 0.04529536285220545772, 0.3084545299196858603 ) ) ;
#1163 = AXIS2_PLACEMENT_3D ( 'NONE', #1426, #2111, #2069 ) ;
#1164 = AXIS2_PLACEMENT_3D ( 'NONE', #1865, #367, #1874 ) ;
#1165 = APPROVAL_PERSON_ORGANIZATION ( #715, #725, #1250 ) ;
#1166 = AXIS2_PLACEMENT_3D ( 'NONE', #385, #1427, #364 ) ;
#1167 = ORIENTED_EDGE ( 'NONE', *, *, #674, .F. ) ;
#1168 = CARTESIAN_POINT ( 'NONE',  ( 0.07872133654424406934, 0.04366744034106674610, 0.3092481521353566132 ) ) ;
#1169 = CARTESIAN_POINT ( 'NONE',  ( -0.0007812500000000076328, -0.08975992466307464168, 0.2255624999999999714 ) ) ;
#1170 = CARTESIAN_POINT ( 'NONE',  ( 0.07868599658172523159, 0.03685973843981415338, 0.3059149874274773029 ) ) ;
#1171 = CARTESIAN_POINT ( 'NONE',  ( 0.0007812500000018052400, 0.08975992466307659845, 0.3081432977897525793 ) ) ;
#1172 = CALENDAR_DATE ( 2026, 22, 1 ) ;
#1173 = CARTESIAN_POINT ( 'NONE',  ( 0.07823678371873252213, -0.04461798506731284170, 0.3092902504604540526 ) ) ;
#1174 = ORIENTED_EDGE ( 'NONE', *, *, #1096, .T. ) ;
#1175 = CARTESIAN_POINT ( 'NONE',  ( 0.07755466340526281921, 0.04541934075270266657, 0.3083643616719137226 ) ) ;
#1176 = EDGE_CURVE ( 'NONE', #1352, #79, #1039, .T. ) ;
#1177 = ORIENTED_EDGE ( 'NONE', *, *, #337, .T. ) ;
#1178 = CARTESIAN_POINT ( 'NONE',  ( -0.2712376134726743326, -3.414809992080329023E-17, 0.1925000000000000322 ) ) ;
#1179 = CARTESIAN_POINT ( 'NONE',  ( 0.02612291617962225407, 0.07567652309258600385, 0.2989759386716115963 ) ) ;
#1180 = DIRECTION ( 'NONE',  ( -1.000000000000000000, 0.000000000000000000, 0.000000000000000000 ) ) ;
#1181 =( BOUNDED_SURFACE ( )  B_SPLINE_SURFACE ( 3, 2, ( 
 ( #266, #255, #923 ),
 ( #593, #1271, #435 ),
 ( #1787, #627, #2178 ),
 ( #2019, #1659, #1293 ) ),
 .UNSPECIFIED., .F., .F., .F. ) 
 B_SPLINE_SURFACE_WITH_KNOTS ( ( 4, 4 ),
 ( 3, 3 ),
 ( 0.0001166966778214823821, 0.0002019655231482250118 ),
 ( 0.000000000000000000, 1.000000000000000000 ),
 .UNSPECIFIED. ) 
 GEOMETRIC_REPRESENTATION_ITEM ( )  RATIONAL_B_SPLINE_SURFACE ( (
 ( 1.000000000000000000, 0.8995400523838519291, 1.000000000000000000),
 ( 1.000000000000000000, 0.9315867708301515115, 1.000000000000000000),
 ( 1.000000000000000000, 0.9316815289632398578, 1.000000000000000000),
 ( 1.000000000000000000, 0.8995400523838218421, 1.000000000000000000) ) ) 
 REPRESENTATION_ITEM ( '' )  SURFACE ( )  );
#1182 = CARTESIAN_POINT ( 'NONE',  ( 0.07811166708051027474, -0.04580829978372780165, 0.3097745968407598083 ) ) ;
#1183 = CARTESIAN_POINT ( 'NONE',  ( 0.07804373180380924646, 0.04470248514935040718, 0.3084902877126053378 ) ) ;
#1184 = ORIENTED_EDGE ( 'NONE', *, *, #382, .T. ) ;
#1185 = CARTESIAN_POINT ( 'NONE',  ( -0.07865109800835053122, 0.02975318552107833470, 0.3030210272869094390 ) ) ;
#1186 = DIRECTION ( 'NONE',  ( -0.000000000000000000, -0.000000000000000000, -1.000000000000000000 ) ) ;
#1187 = CARTESIAN_POINT ( 'NONE',  ( 0.07858264565439605775, 0.007626106791779815007, 0.2978091660935174856 ) ) ;
#1188 = CARTESIAN_POINT ( 'NONE',  ( -0.07656250000000000555, -0.04420337998483073877, -0.01467581744561670745 ) ) ;
#1189 =( BOUNDED_SURFACE ( )  B_SPLINE_SURFACE ( 3, 2, ( 
 ( #29, #44, #705 ),
 ( #2068, #383, #1047 ),
 ( #2007, #1493, #1468 ),
 ( #485, #1979, #629 ),
 ( #1460, #1323, #982 ),
 ( #447, #1813, #1118 ),
 ( #1969, #306, #279 ),
 ( #136, #608, #798 ),
 ( #934, #820, #1128 ),
 ( #774, #619, #1674 ) ),
 .UNSPECIFIED., .F., .F., .F. ) 
 B_SPLINE_SURFACE_WITH_KNOTS ( ( 4, 2, 2, 2, 4 ),
 ( 3, 3 ),
 ( 0.001895985649196990858, 0.002479616887849410770, 0.003063248126501830464, 0.003646879365154250159, 0.004230510603806670288 ),
 ( 0.000000000000000000, 1.000000000000000000 ),
 .UNSPECIFIED. ) 
 GEOMETRIC_REPRESENTATION_ITEM ( )  RATIONAL_B_SPLINE_SURFACE ( (
 ( 1.000000000000000000, 0.8995400523837395745, 1.000000000000000000),
 ( 1.000000000000000000, 0.9058200443852335582, 1.000000000000000000),
 ( 1.000000000000000000, 0.9118906086896314545, 1.000000000000000000),
 ( 1.000000000000000000, 0.9210099038493040347, 1.000000000000000000),
 ( 1.000000000000000000, 0.9238916780650664462, 1.000000000000000000),
 ( 1.000000000000000000, 0.9238673035806940215, 1.000000000000000000),
 ( 1.000000000000000000, 0.9210108844090132418, 1.000000000000000000),
 ( 1.000000000000000000, 0.9118804399403204197, 1.000000000000000000),
 ( 1.000000000000000000, 0.9058102357552308970, 1.000000000000000000),
 ( 1.000000000000000000, 0.8995400523838528173, 1.000000000000000000) ) ) 
 REPRESENTATION_ITEM ( '' )  SURFACE ( )  );
#1190 = DIRECTION ( 'NONE',  ( -1.000000000000000000, 0.000000000000000000, 0.000000000000000000 ) ) ;
#1191 = CARTESIAN_POINT ( 'NONE',  ( -0.07734375000000000278, 0.04555654467824388903, 0.3081432977897511916 ) ) ;
#1192 = AXIS2_PLACEMENT_3D ( 'NONE', #1070, #1910, #209 ) ;
#1193 = ADVANCED_FACE ( 'NONE', ( #1030 ), #1716, .T. ) ;
#1195 = ORIENTED_EDGE ( 'NONE', *, *, #1150, .T. ) ;
#1194 = AXIS2_PLACEMENT_3D ( 'NONE', #1744, #81, #421 ) ;
#1196 = CARTESIAN_POINT ( 'NONE',  ( -0.07868608188066229803, 0.03687617050985378397, 0.3059230328413497513 ) ) ;
#1197 = CARTESIAN_POINT ( 'NONE',  ( -0.07871166180220849629, -0.04402053947746532164, 0.3094112798423007682 ) ) ;
#1198 = AXIS2_PLACEMENT_3D ( 'NONE', #1575, #729, #217 ) ;
#1199 = AXIS2_PLACEMENT_3D ( 'NONE', #2062, #543, #520 ) ;
#1200 = EDGE_LOOP ( 'NONE', ( #822, #1043, #719 ) ) ;
#1201 = CIRCLE ( 'NONE', #289, 0.001562499999999997268 ) ;
#1202 = LINE ( 'NONE', #855, #393 ) ;
#1203 = CARTESIAN_POINT ( 'NONE',  ( 0.0003076927359793526378, 0.09003333307693688059, 0.3086738516965120138 ) ) ;
#1204 = ADVANCED_FACE ( 'NONE', ( #1727 ), #880, .T. ) ;
#1205 = CARTESIAN_POINT ( 'NONE',  ( -0.09242068825208697713, 1.131827000429137106E-17, 0.3094374999999999765 ) ) ;
#1206 = FACE_OUTER_BOUND ( 'NONE', #2058, .T. ) ;
#1207 = VERTEX_POINT ( 'NONE', #707 ) ;
#1208 = CARTESIAN_POINT ( 'NONE',  ( -0.07865093858291587192, 0.02971245844975123340, 0.3030083612868397225 ) ) ;
#1209 = DIRECTION ( 'NONE',  ( -0.000000000000000000, -0.000000000000000000, -1.000000000000000000 ) ) ;
#1210 = ORIENTED_EDGE ( 'NONE', *, *, #223, .T. ) ;
#1211 = FACE_OUTER_BOUND ( 'NONE', #1216, .T. ) ;
#1212 = CARTESIAN_POINT ( 'NONE',  ( 0.001004763552366614351, 0.09026748190255230730, 0.3094992728932637327 ) ) ;
#1213 = CARTESIAN_POINT ( 'NONE',  ( 0.000000000000000000, -3.414809992080329023E-17, 0.1890000000000000291 ) ) ;
#1214 = EDGE_CURVE ( 'NONE', #12, #2050, #1915, .T. ) ;
#1215 = ADVANCED_FACE ( 'NONE', ( #1278 ), #953, .F. ) ;
#1216 = EDGE_LOOP ( 'NONE', ( #34, #1847, #1935, #973 ) ) ;
#1217 = CARTESIAN_POINT ( 'NONE',  ( -0.001543555618514546061, -0.09000839743771131551, 0.3092481521353551699 ) ) ;
#1218 = DIRECTION ( 'NONE',  ( -0.000000000000000000, -0.000000000000000000, -1.000000000000000000 ) ) ;
#1219 = VERTEX_POINT ( 'NONE', #1770 ) ;
#1220 = DIRECTION ( 'NONE',  ( -1.000000000000000000, 0.000000000000000000, 0.000000000000000000 ) ) ;
#1221 = CARTESIAN_POINT ( 'NONE',  ( -0.001562500000000007893, -0.09111308935648783358, 0.3081432977897511916 ) ) ;
#1222 = DIRECTION ( 'NONE',  ( 0.4999999999999968914, 0.8660254037844403729, 0.000000000000000000 ) ) ;
#1223 = PRODUCT_DEFINITION ( 'UNKNOWN', '', #111, #854 ) ;
#1224 = DIRECTION ( 'NONE',  ( 0.7071067811865486830, 0.000000000000000000, 0.7071067811865462405 ) ) ;
#1225 = EDGE_CURVE ( 'NONE', #1040, #1897, #215, .T. ) ;
#1226 = ORIENTED_EDGE ( 'NONE', *, *, #1835, .T. ) ;
#1227 = VERTEX_POINT ( 'NONE', #261 ) ;
#1228 = CARTESIAN_POINT ( 'NONE',  ( 0.1000000000000001443, -1.904325772674134335E-17, -0.3109999999999999987 ) ) ;
#1229 = CARTESIAN_POINT ( 'NONE',  ( -0.0007812500000000078496, -0.08975992466307464168, 0.3081432977897511916 ) ) ;
#1230 = AXIS2_PLACEMENT_3D ( 'NONE', #2190, #1517, #1190 ) ;
#1231 = ORIENTED_EDGE ( 'NONE', *, *, #1608, .F. ) ;
#1232 = AXIS2_PLACEMENT_3D ( 'NONE', #446, #114, #1978 ) ;
#1233 = ORIENTED_EDGE ( 'NONE', *, *, #318, .T. ) ;
#1234 = CARTESIAN_POINT ( 'NONE',  ( -0.02577831251942745011, 0.07532786388853264514, 0.2985329365094182008 ) ) ;
#1235 = CARTESIAN_POINT ( 'NONE',  ( 0.07867631423944568270, 0.04426359019012993806, 0.3094992728932637327 ) ) ;
#1236 = TOROIDAL_SURFACE ( 'NONE', #1558, 0.09391861690021233167, 0.001562500000000000087 ) ;
#1237 = AXIS2_PLACEMENT_3D ( 'NONE', #283, #1618, #95 ) ;
#1238 = CIRCLE ( 'NONE', #847, 0.09431013227431635226 ) ;
#1239 = LINE ( 'NONE', #1442, #989 ) ;
#1240 = CARTESIAN_POINT ( 'NONE',  ( -0.006781673906026327962, 0.08629557830567845256, 0.3047823469819972431 ) ) ;
#1241 = CARTESIAN_POINT ( 'NONE',  ( 0.07734375000000004441, -0.04555654467824393067, 0.2255624999999999714 ) ) ;
#1242 = CARTESIAN_POINT ( 'NONE',  ( 0.07656250000000004718, -0.04420337998483073877, 0.2255624999999999714 ) ) ;
#1243 = CARTESIAN_POINT ( 'NONE',  ( -0.07860997480930088932, -0.04450278808702046174, 0.3095593842652897831 ) ) ;
#1244 = ADVANCED_FACE ( 'NONE', ( #119 ), #1955, .T. ) ;
#1245 = VERTEX_POINT ( 'NONE', #1133 ) ;
#1246 = DIRECTION ( 'NONE',  ( -0.000000000000000000, -0.000000000000000000, -1.000000000000000000 ) ) ;
#1247 = CARTESIAN_POINT ( 'NONE',  ( 0.07831480130549745011, 0.04520858606342218616, 0.3096534210681560206 ) ) ;
#1248 = CARTESIAN_POINT ( 'NONE',  ( -0.006947566686527335486, -0.08619980006419251939, 0.3055020652311419282 ) ) ;
#1249 = DIRECTION ( 'NONE',  ( -0.000000000000000000, -0.000000000000000000, -1.000000000000000000 ) ) ;
#1250 = APPROVAL_ROLE ( '' ) ;
#1251 = ORIENTED_EDGE ( 'NONE', *, *, #1096, .F. ) ;
#1252 = CARTESIAN_POINT ( 'NONE',  ( 0.000000000000000000, -1.707404996040164512E-17, 0.3109999999999999987 ) ) ;
#1253 = DIRECTION ( 'NONE',  ( -0.000000000000000000, -0.000000000000000000, -1.000000000000000000 ) ) ;
#1254 = EDGE_LOOP ( 'NONE', ( #160, #1437, #131, #2030 ) ) ;
#1255 = APPROVAL ( #1944, 'UNSPECIFIED' ) ;
#1256 = CARTESIAN_POINT ( 'NONE',  ( -0.07717778092572689930, -0.04634095709664347307, 0.3092481521353551699 ) ) ;
#1257 = CARTESIAN_POINT ( 'NONE',  ( 0.001473807053364175864, 0.09004824593968181745, 0.3092868191377860509 ) ) ;
#1258 = APPROVAL_PERSON_ORGANIZATION ( #1285, #1255, #116 ) ;
#1259 = CARTESIAN_POINT ( 'NONE',  ( -0.001068047597398253615, -0.08959434199301385959, 0.3088260042650137205 ) ) ;
#1260 = CARTESIAN_POINT ( 'NONE',  ( -0.04595117027445462521, 0.06420970000400967603, 0.2978214890721869179 ) ) ;
#1261 = B_SPLINE_CURVE_WITH_KNOTS ( 'NONE', 3,
 ( #366, #1041, #1729, #1544, #1187, #1010 ),
 .UNSPECIFIED., .F., .F.,
 ( 4, 2, 4 ),
 ( 0.000000000000000000, 0.0005782192404559760275, 0.001156438480911952055 ),
 .UNSPECIFIED. ) ;
#1262 = ORIENTED_EDGE ( 'NONE', *, *, #1453, .F. ) ;
#1263 = ORIENTED_EDGE ( 'NONE', *, *, #1698, .F. ) ;
#1264 = CARTESIAN_POINT ( 'NONE',  ( 0.000000000000000000, 0.000000000000000000, 0.3109999999999999987 ) ) ;
#1265 = CARTESIAN_POINT ( 'NONE',  ( 0.0007461279116021031239, 0.08977975926313289112, 0.3081817768285717296 ) ) ;
#1266 = EDGE_LOOP ( 'NONE', ( #162, #65, #904, #310 ) ) ;
#1267 = CARTESIAN_POINT ( 'NONE',  ( -0.001543555618407782288, 0.09000839743777364066, 0.3092481521354156770 ) ) ;
#1268 = CARTESIAN_POINT ( 'NONE',  ( -0.07656250000000000555, -0.04420337998483073877, 0.2255624999999999714 ) ) ;
#1269 = AXIS2_PLACEMENT_3D ( 'NONE', #1639, #2166, #981 ) ;
#1270 = AXIS2_PLACEMENT_3D ( 'NONE', #824, #275, #454 ) ;
#1271 = CARTESIAN_POINT ( 'NONE',  ( -0.07823678371873299398, 0.04461798506731767117, 0.3092902504604459479 ) ) ;
#1272 = CARTESIAN_POINT ( 'NONE',  ( 0.000000000000000000, -3.414809992080329023E-17, 0.2204999999999999738 ) ) ;
#1273 = AXIS2_PLACEMENT_3D ( 'NONE', #1535, #856, #1719 ) ;
#1274 = ADVANCED_FACE ( 'NONE', ( #1298 ), #1816, .F. ) ;
#1275 = AXIS2_PLACEMENT_3D ( 'NONE', #41, #1723, #1606 ) ;
#1276 = CARTESIAN_POINT ( 'NONE',  ( 0.000000000000000000, 0.000000000000000000, 0.3105423543456039548 ) ) ;
#1277 = DIRECTION ( 'NONE',  ( -1.000000000000000000, 0.000000000000000000, 0.000000000000000000 ) ) ;
#1278 = FACE_OUTER_BOUND ( 'NONE', #1893, .T. ) ;
#1279 = VERTEX_POINT ( 'NONE', #1782 ) ;
#1280 = FACE_OUTER_BOUND ( 'NONE', #1900, .T. ) ;
#1281 = CARTESIAN_POINT ( 'NONE',  ( 0.09131583390648298493, 0.000000000000000000, 0.3105423543456039548 ) ) ;
#1282 = DIRECTION ( 'NONE',  ( -1.000000000000000000, -1.224646799147349509E-16, 0.000000000000000000 ) ) ;
#1283 = DIRECTION ( 'NONE',  ( -0.000000000000000000, -0.000000000000000000, -1.000000000000000000 ) ) ;
#1284 = DIRECTION ( 'NONE',  ( -0.5000000000000039968, 0.8660254037844363761, 4.370956789862823674E-14 ) ) ;
#1285 = PERSON_AND_ORGANIZATION ( #1441, #2130 ) ;
#1286 = B_SPLINE_CURVE_WITH_KNOTS ( 'NONE', 3,
 ( #1038, #204, #498, #1208, #2, #1861 ),
 .UNSPECIFIED., .F., .F.,
 ( 4, 2, 4 ),
 ( 0.001160466675557870250, 0.001739789717990482005, 0.002319112760423093760 ),
 .UNSPECIFIED. ) ;
#1287 = CARTESIAN_POINT ( 'NONE',  ( 0.07758658227680254038, -0.04539104957831598813, 0.3083904741190307552 ) ) ;
#1288 = EDGE_CURVE ( 'NONE', #896, #471, #970, .T. ) ;
#1289 = DIRECTION ( 'NONE',  ( -1.000000000000000000, 0.000000000000000000, 0.000000000000000000 ) ) ;
#1290 = EDGE_LOOP ( 'NONE', ( #867, #386, #1159, #2123 ) ) ;
#1291 = DIRECTION ( 'NONE',  ( 1.000000000000000000, 0.000000000000000000, 0.000000000000000000 ) ) ;
#1292 = CARTESIAN_POINT ( 'NONE',  ( -9.252492727578734747E-05, -0.08996909422559977443, 0.3085482515468210840 ) ) ;
#1293 = CARTESIAN_POINT ( 'NONE',  ( -0.07717778092572726012, 0.04634095709664622781, 0.3092481521353565577 ) ) ;
#1294 = SPHERICAL_SURFACE ( 'NONE', #983, 0.001562500000000000087 ) ;
#1295 = DIRECTION ( 'NONE',  ( 1.000000000000000000, 0.000000000000000000, 0.000000000000000000 ) ) ;
#1296 = ORIENTED_EDGE ( 'NONE', *, *, #493, .F. ) ;
#1297 = CARTESIAN_POINT ( 'NONE',  ( -0.07656250000000000555, 0.04420337998483071101, -0.01467581744561670745 ) ) ;
#1298 = FACE_OUTER_BOUND ( 'NONE', #636, .T. ) ;
#1299 = EDGE_CURVE ( 'NONE', #1759, #997, #600, .T. ) ;
#1300 = EDGE_CURVE ( 'NONE', #1907, #1612, #2089, .T. ) ;
#1301 = VERTEX_POINT ( 'NONE', #450 ) ;
#1302 = ORIENTED_EDGE ( 'NONE', *, *, #1020, .T. ) ;
#1303 = CARTESIAN_POINT ( 'NONE',  ( -0.07717778092572688542, 0.04634095709664343837, 0.3092481521353551699 ) ) ;
#1304 = CARTESIAN_POINT ( 'NONE',  ( 0.2712376134726743326, -7.552420600009793739E-19, 0.1890000000000000291 ) ) ;
#1305 = CARTESIAN_POINT ( 'NONE',  ( 0.07812500000000001388, 0.04420337998483072489, 0.3081432977897511916 ) ) ;
#1306 = PLANE ( 'NONE',  #462 ) ;
#1307 = CIRCLE ( 'NONE', #1050, 0.001562500000000001605 ) ;
#1308 = CARTESIAN_POINT ( 'NONE',  ( -0.07968749999999999445, 0.04420337998483069714, 0.3081432977897511916 ) ) ;
#1309 = AXIS2_PLACEMENT_3D ( 'NONE', #1154, #2140, #1291 ) ;
#1310 = EDGE_CURVE ( 'NONE', #1062, #1709, #1075, .T. ) ;
#1311 = AXIS2_PLACEMENT_3D ( 'NONE', #1604, #413, #932 ) ;
#1312 = VECTOR ( 'NONE', #319, 39.37007874015748143 ) ;
#1313 = EDGE_CURVE ( 'NONE', #1227, #1961, #286, .T. ) ;
#1314 = CARTESIAN_POINT ( 'NONE',  ( 0.07748908408902982492, -0.04546629879247180567, 0.3082998781682803058 ) ) ;
#1315 = CARTESIAN_POINT ( 'NONE',  ( 0.07862506505749446151, -0.04444628492785893809, 0.3095446974534055706 ) ) ;
#1316 = ORIENTED_EDGE ( 'NONE', *, *, #99, .T. ) ;
#1317 = CARTESIAN_POINT ( 'NONE',  ( -0.07747873637688498794, 0.04615602895606908673, 0.3094112798423007682 ) ) ;
#1318 = DIRECTION ( 'NONE',  ( -0.000000000000000000, -0.000000000000000000, -1.000000000000000000 ) ) ;
#1319 = EDGE_CURVE ( 'NONE', #630, #570, #1019, .T. ) ;
#1320 = CARTESIAN_POINT ( 'NONE',  ( 0.07812500000000172085, 0.03004330099958348738, 0.3026224588195319254 ) ) ;
#1321 = DIRECTION ( 'NONE',  ( 0.4999999999999899525, 0.8660254037844443697, 0.000000000000000000 ) ) ;
#1322 = ORIENTED_EDGE ( 'NONE', *, *, #357, .T. ) ;
#1323 = CARTESIAN_POINT ( 'NONE',  ( 0.03250291385111336168, -0.07144541349949028175, 0.2973464452647220368 ) ) ;
#1324 = ORIENTED_EDGE ( 'NONE', *, *, #291, .T. ) ;
#1325 = DIRECTION ( 'NONE',  ( -0.000000000000000000, 0.000000000000000000, -1.000000000000000000 ) ) ;
#1326 = EDGE_LOOP ( 'NONE', ( #299, #1382, #1065, #793, #2173, #365 ) ) ;
#1327 = CARTESIAN_POINT ( 'NONE',  ( 0.000000000000000000, -1.707404996040164512E-17, 0.3094374999999999765 ) ) ;
#1328 = DIRECTION ( 'NONE',  ( 0.000000000000000000, 0.000000000000000000, -1.000000000000000000 ) ) ;
#1329 = CARTESIAN_POINT ( 'NONE',  ( 0.07865149228163516304, 0.02984770670081645511, 0.3030526658973378695 ) ) ;
#1330 =( BOUNDED_SURFACE ( )  B_SPLINE_SURFACE ( 3, 2, ( 
 ( #173, #1350, #1561 ),
 ( #845, #2039, #517 ),
 ( #658, #1017, #1705 ),
 ( #186, #862, #1168 ) ),
 .UNSPECIFIED., .F., .F., .F. ) 
 B_SPLINE_SURFACE_WITH_KNOTS ( ( 4, 4 ),
 ( 3, 3 ),
 ( 0.0001166966778214807558, 0.0002019655231482236023 ),
 ( 0.000000000000000000, 1.000000000000000000 ),
 .UNSPECIFIED. ) 
 GEOMETRIC_REPRESENTATION_ITEM ( )  RATIONAL_B_SPLINE_SURFACE ( (
 ( 1.000000000000000000, 0.8995400523838528173, 1.000000000000000000),
 ( 1.000000000000000000, 0.9315867708301506234, 1.000000000000000000),
 ( 1.000000000000000000, 0.9316815289632406349, 1.000000000000000000),
 ( 1.000000000000000000, 0.8995400523838210649, 1.000000000000000000) ) ) 
 REPRESENTATION_ITEM ( '' )  SURFACE ( )  );
#1331 = DIRECTION ( 'NONE',  ( -0.000000000000000000, -0.000000000000000000, -1.000000000000000000 ) ) ;
#1332 = EDGE_CURVE ( 'NONE', #1792, #1404, #2133, .T. ) ;
#1333 = LINE ( 'NONE', #1661, #1803 ) ;
#1334 = ORIENTED_EDGE ( 'NONE', *, *, #2088, .T. ) ;
#1335 = CARTESIAN_POINT ( 'NONE',  ( 0.07765920783050132836, 0.04531632121621588516, 0.3084398431078016478 ) ) ;
#1336 = ORIENTED_EDGE ( 'NONE', *, *, #676, .F. ) ;
#1337 = CARTESIAN_POINT ( 'NONE',  ( -0.07734375000000000278, 0.04555654467824388903, 0.2255624999999999714 ) ) ;
#1338 = CARTESIAN_POINT ( 'NONE',  ( 0.04573414968990404533, 0.06433460556096455563, 0.2977970453882342050 ) ) ;
#1339 = CARTESIAN_POINT ( 'NONE',  ( 0.07858267930690580882, -0.007659884252896457732, 0.2978115887919633442 ) ) ;
#1340 = CARTESIAN_POINT ( 'NONE',  ( 7.736678888306995635E-18, 0.08840675996966143591, 0.2255624999999999714 ) ) ;
#1341 = AXIS2_PLACEMENT_3D ( 'NONE', #1833, #1652, #1284 ) ;
#1342 = EDGE_CURVE ( 'NONE', #599, #1694, #779, .T. ) ;
#1343 = TOROIDAL_SURFACE ( 'NONE', #634, 0.1450000000000000178, 0.02000000000000004205 ) ;
#1344 = CARTESIAN_POINT ( 'NONE',  ( -0.07739598056436153284, 0.04552501397305573627, 0.3082004561897680461 ) ) ;
#1345 = TOROIDAL_SURFACE ( 'NONE', #2025, 0.1450000000000000178, 0.02000000000000004205 ) ;
#1346 = EDGE_CURVE ( 'NONE', #1868, #731, #1239, .T. ) ;
#1347 = CIRCLE ( 'NONE', #2168, 0.001562499999999991847 ) ;
#1348 = VECTOR ( 'NONE', #1864, 39.37007874015748143 ) ;
#1349 = ORIENTED_EDGE ( 'NONE', *, *, #1513, .T. ) ;
#1350 = CARTESIAN_POINT ( 'NONE',  ( 0.07705695240260175549, 0.04572212734830473357, 0.3088260042650137205 ) ) ;
#1351 = CARTESIAN_POINT ( 'NONE',  ( 0.03246524800210268819, -0.07146715988755711346, 0.2966998113030248629 ) ) ;
#1352 = VERTEX_POINT ( 'NONE', #1116 ) ;
#1353 = CARTESIAN_POINT ( 'NONE',  ( 0.04562208614881389096, 0.06387105584186929252, 0.2973464452647186507 ) ) ;
#1354 = CARTESIAN_POINT ( 'NONE',  ( -0.001543555618514521124, 0.09000839743771130164, 0.3092481521353551699 ) ) ;
#1355 = CIRCLE ( 'NONE', #988, 0.001562499999999991847 ) ;
#1356 = CARTESIAN_POINT ( 'NONE',  ( 0.07872691935211247050, -0.04473852888131046868, 0.3097725947625187271 ) ) ;
#1357 = CARTESIAN_POINT ( 'NONE',  ( 0.000000000000000000, -1.707404996040164512E-17, 0.3094374999999999765 ) ) ;
#1358 = EDGE_CURVE ( 'NONE', #1709, #1717, #635, .T. ) ;
#1359 = ORIENTED_EDGE ( 'NONE', *, *, #2183, .T. ) ;
#1360 = FACE_OUTER_BOUND ( 'NONE', #1495, .T. ) ;
#1361 = DIRECTION ( 'NONE',  ( 0.000000000000000000, -5.463695987328554836E-15, -1.000000000000000000 ) ) ;
#1362 = CARTESIAN_POINT ( 'NONE',  ( 0.06506885689553100482, 0.05264345751638234427, 0.3026226655782680575 ) ) ;
#1363 = CARTESIAN_POINT ( 'NONE',  ( -0.0004780833253972029671, 0.09006403474446975088, 0.3092902504604506664 ) ) ;
#1364 = CARTESIAN_POINT ( 'NONE',  ( 0.07734375000000003053, 0.04375232508702633222, 0.2255624999999999714 ) ) ;
#1365 = CARTESIAN_POINT ( 'NONE',  ( 0.07744633861476153680, 0.04549731511389556310, 0.3082582214328301040 ) ) ;
#1366 = ORIENTED_EDGE ( 'NONE', *, *, #676, .T. ) ;
#1367 = DIRECTION ( 'NONE',  ( -0.4999999999999968914, 0.8660254037844403729, 0.000000000000000000 ) ) ;
#1368 = CARTESIAN_POINT ( 'NONE',  ( -0.0003076927359806039698, -0.09003333307693620058, 0.3086738516965105705 ) ) ;
#1369 = EDGE_CURVE ( 'NONE', #1759, #1352, #759, .T. ) ;
#1370 = EDGE_CURVE ( 'NONE', #2102, #832, #1459, .T. ) ;
#1371 = DIRECTION ( 'NONE',  ( 0.000000000000000000, 0.000000000000000000, 1.000000000000000000 ) ) ;
#1372 = B_SPLINE_CURVE_WITH_KNOTS ( 'NONE', 3,
 ( #956, #110, #1975, #455, #1351, #992, #659, #1829, #352, #1696 ),
 .UNSPECIFIED., .F., .F.,
 ( 4, 2, 2, 2, 4 ),
 ( 0.000000000000000000, 0.0005830596660028870924, 0.001166119332005774185, 0.001749178998008661277, 0.002332238664011548369 ),
 .UNSPECIFIED. ) ;
#1373 = CARTESIAN_POINT ( 'NONE',  ( -0.09431013227431635226, -1.707404996040164512E-17, 0.3109501539464926689 ) ) ;
#1374 = ORIENTED_EDGE ( 'NONE', *, *, #1313, .F. ) ;
#1375 = DIRECTION ( 'NONE',  ( 1.224646799147353207E-16, 1.000000000000000000, -0.000000000000000000 ) ) ;
#1376 = PLANE ( 'NONE',  #42 ) ;
#1377 = AXIS2_PLACEMENT_3D ( 'NONE', #1692, #170, #703 ) ;
#1379 = ORIENTED_EDGE ( 'NONE', *, *, #2101, .F. ) ;
#1378 = CIRCLE ( 'NONE', #947, 0.001562500000000004424 ) ;
#1380 = CARTESIAN_POINT ( 'NONE',  ( -7.280819539832977815E-18, -0.08840675996966146366, 0.2239999999999999769 ) ) ;
#1381 = CARTESIAN_POINT ( 'NONE',  ( -0.07872097207667548557, -0.04374776862135085209, 0.3092868191377861065 ) ) ;
#1382 = ORIENTED_EDGE ( 'NONE', *, *, #1176, .T. ) ;
#1383 = AXIS2_PLACEMENT_3D ( 'NONE', #298, #1472, #1112 ) ;
#1384 = ORIENTED_EDGE ( 'NONE', *, *, #347, .F. ) ;
#1385 = ADVANCED_FACE ( 'NONE', ( #445 ), #1941, .T. ) ;
#1386 = CYLINDRICAL_SURFACE ( 'NONE', #1199, 0.001562500000000000304 ) ;
#1387 = DIRECTION ( 'NONE',  ( 0.8660254037844388186, 0.4999999999999996114, 0.000000000000000000 ) ) ;
#1388 = CARTESIAN_POINT ( 'NONE',  ( 0.07781730726402193155, -0.04528313626438744410, 0.3086738516965111256 ) ) ;
#1389 =( NAMED_UNIT ( * ) PLANE_ANGLE_UNIT ( ) SI_UNIT ( $, .RADIAN. ) );
#1390 = VERTEX_POINT ( 'NONE', #1765 ) ;
#1391 = DIRECTION ( 'NONE',  ( 0.000000000000000000, 0.000000000000000000, 1.000000000000000000 ) ) ;
#1392 = DIRECTION ( 'NONE',  ( 0.000000000000000000, -0.000000000000000000, 1.000000000000000000 ) ) ;
#1393 = ORIENTED_EDGE ( 'NONE', *, *, #1035, .F. ) ;
#1394 = DIRECTION ( 'NONE',  ( 0.000000000000000000, 0.000000000000000000, -1.000000000000000000 ) ) ;
#1395 = CARTESIAN_POINT ( 'NONE',  ( 0.0002625466492725626378, 0.09042642750773899341, 0.3096529640798912908 ) ) ;
#1396 = ORIENTED_EDGE ( 'NONE', *, *, #2117, .T. ) ;
#1397 = CARTESIAN_POINT ( 'NONE',  ( -0.0007812499999999929961, 0.08975992466307461393, 0.3081432977897511361 ) ) ;
#1398 = ADVANCED_FACE ( 'NONE', ( #242 ), #1181, .T. ) ;
#1399 = APPLICATION_PROTOCOL_DEFINITION ( 'international standard', 'config_control_design', 1994, #1951 ) ;
#1400 = ORIENTED_EDGE ( 'NONE', *, *, #744, .T. ) ;
#1401 = ORIENTED_EDGE ( 'NONE', *, *, #961, .F. ) ;
#1402 = CARTESIAN_POINT ( 'NONE',  ( -0.07812500000000000000, -0.04420337998483073877, 0.3081432977897511916 ) ) ;
#1403 = CARTESIAN_POINT ( 'NONE',  ( 0.0007812499999999936466, 0.08975992466307461393, 0.3081432977897511361 ) ) ;
#1404 = VERTEX_POINT ( 'NONE', #313 ) ;
#1405 = EDGE_LOOP ( 'NONE', ( #613, #852, #1366, #2113 ) ) ;
#1406 = CARTESIAN_POINT ( 'NONE',  ( -0.07123285537234638753, -0.04973223655160648876, 0.3058971683710162148 ) ) ;
#1407 = CARTESIAN_POINT ( 'NONE',  ( 0.07871166180220851016, 0.04402053947746530083, 0.3094112798423007682 ) ) ;
#1408 = CARTESIAN_POINT ( 'NONE',  ( -0.03267981817266282785, -0.07187180292148598326, 0.2978142590771749032 ) ) ;
#1409 = CARTESIAN_POINT ( 'NONE',  ( 0.0005595356001674634721, -0.09038740134325361220, 0.3096152738218471701 ) ) ;
#1410 = ADVANCED_FACE ( 'NONE', ( #2011 ), #2165, .F. ) ;
#1411 = PERSON_AND_ORGANIZATION ( #1441, #2130 ) ;
#1412 = ORIENTED_EDGE ( 'NONE', *, *, #1319, .F. ) ;
#1413 = DIRECTION ( 'NONE',  ( 1.000000000000000000, 0.000000000000000000, 0.000000000000000000 ) ) ;
#1414 = CARTESIAN_POINT ( 'NONE',  ( 0.01293513892590972963, 0.08274287361999985158, 0.3019262422215599484 ) ) ;
#1415 = AXIS2_PLACEMENT_3D ( 'NONE', #1546, #1375, #536 ) ;
#1416 = AXIS2_PLACEMENT_3D ( 'NONE', #1221, #906, #1909 ) ;
#1417 = ORIENTED_EDGE ( 'NONE', *, *, #169, .F. ) ;
#1418 = CARTESIAN_POINT ( 'NONE',  ( -0.03250291385111327841, 0.07144541349948978215, 0.2973464452647253120 ) ) ;
#1419 = CARTESIAN_POINT ( 'NONE',  ( 0.05249843579845614450, -0.06044870662662932270, 0.2989823976344205270 ) ) ;
#1420 = AXIS2_PLACEMENT_3D ( 'NONE', #1688, #1936, #588 ) ;
#1421 = AXIS2_PLACEMENT_3D ( 'NONE', #1533, #1186, #1542 ) ;
#1422 = CARTESIAN_POINT ( 'NONE',  ( -0.007429349731870343865, -0.08656937126121476422, 0.3059105522867592852 ) ) ;
#1423 = CARTESIAN_POINT ( 'NONE',  ( 0.001326702818675859876, -0.09013510292120215095, 0.3093711207257863194 ) ) ;
#1424 = APPROVAL_DATE_TIME ( #554, #725 ) ;
#1425 = ORIENTED_EDGE ( 'NONE', *, *, #1745, .F. ) ;
#1426 = CARTESIAN_POINT ( 'NONE',  ( 0.000000000000000000, 0.000000000000000000, 0.3109999999999999987 ) ) ;
#1427 = DIRECTION ( 'NONE',  ( 0.000000000000000000, -0.8997333114503616169, 0.4364401084531152608 ) ) ;
#1428 = ORIENTED_EDGE ( 'NONE', *, *, #1346, .F. ) ;
#1429 = CARTESIAN_POINT ( 'NONE',  ( -0.07806697369812712339, -0.04462523913388843216, 0.3084545299196858603 ) ) ;
#1430 = CARTESIAN_POINT ( 'NONE',  ( -0.09242068825208697713, 1.131827000429137106E-17, 0.3109999999999999987 ) ) ;
#1431 = CARTESIAN_POINT ( 'NONE',  ( 7.092770189481308455E-18, 0.09021097956087900660, 0.2255624999999999714 ) ) ;
#1432 = CARTESIAN_POINT ( 'NONE',  ( -0.07124941255822848929, 0.04972279151418591142, 0.3059065011810868651 ) ) ;
#1433 = PERSON_AND_ORGANIZATION ( #1441, #2130 ) ;
#1434 = ORIENTED_EDGE ( 'NONE', *, *, #400, .T. ) ;
#1435 = DIRECTION ( 'NONE',  ( 0.8660254037844388186, -0.4999999999999996114, 0.000000000000000000 ) ) ;
#1436 = CARTESIAN_POINT ( 'NONE',  ( -0.2471934641243165032, -3.414809992080329023E-17, 0.2092556535875683688 ) ) ;
#1437 = ORIENTED_EDGE ( 'NONE', *, *, #2027, .F. ) ;
#1438 = CARTESIAN_POINT ( 'NONE',  ( -0.001543555618514546061, -0.09000839743771131551, 0.3092481521353551699 ) ) ;
#1439 = CARTESIAN_POINT ( 'NONE',  ( -0.0001832934459435965927, -0.08996080656298240108, 0.3085322449925314015 ) ) ;
#1440 = EDGE_CURVE ( 'NONE', #1717, #1142, #859, .T. ) ;
#1441 = PERSON ( 'UNSPECIFIED', 'UNSPECIFIED', 'UNSPECIFIED', ('UNSPECIFIED'), ('UNSPECIFIED'), ('UNSPECIFIED') ) ;
#1442 = CARTESIAN_POINT ( 'NONE',  ( -0.07656250000000000555, 0.2274999999999999523, 0.2239999999999999769 ) ) ;
#1443 = CARTESIAN_POINT ( 'NONE',  ( -0.001438018745941291917, -0.09006731109170953986, 0.3093053105353720245 ) ) ;
#1444 = VERTEX_POINT ( 'NONE', #1990 ) ;
#1445 = ORIENTED_EDGE ( 'NONE', *, *, #493, .T. ) ;
#1446 = CARTESIAN_POINT ( 'NONE',  ( 0.07812500000000004163, -0.04432183911352745309, 0.3082582214328301040 ) ) ;
#1447 = CARTESIAN_POINT ( 'NONE',  ( 0.09391861690021233167, -1.707404996040164512E-17, 0.3094374999999999765 ) ) ;
#1448 = ORIENTED_EDGE ( 'NONE', *, *, #1332, .F. ) ;
#1449 = CARTESIAN_POINT ( 'NONE',  ( -0.07771667279931848693, -0.04525969443350352089, 0.3084813330136447762 ) ) ;
#1450 = DIRECTION ( 'NONE',  ( 1.000000000000000000, 0.000000000000000000, 0.000000000000000000 ) ) ;
#1451 = TOROIDAL_SURFACE ( 'NONE', #1230, 0.2471934641243165032, 0.03280653587568353735 ) ;
#1452 = ADVANCED_FACE ( 'NONE', ( #944 ), #1786, .T. ) ;
#1453 = EDGE_CURVE ( 'NONE', #731, #1027, #912, .T. ) ;
#1454 = TOROIDAL_SURFACE ( 'NONE', #106, 0.2282566402528354299, 0.001562500000000000087 ) ;
#1455 = DIRECTION ( 'NONE',  ( 0.000000000000000000, -1.000000000000000000, 0.000000000000000000 ) ) ;
#1456 = LINE ( 'NONE', #594, #105 ) ;
#1457 = AXIS2_PLACEMENT_3D ( 'NONE', #1272, #436, #2134 ) ;
#1458 = APPROVAL_PERSON_ORGANIZATION ( #236, #1024, #575 ) ;
#1459 = CIRCLE ( 'NONE', #505, 0.003500000000000010481 ) ;
#1460 = CARTESIAN_POINT ( 'NONE',  ( 0.03276959516183101939, -0.07181980771625151583, 0.2978041078335522118 ) ) ;
#1461 = CARTESIAN_POINT ( 'NONE',  ( -0.07872133654424143256, -0.04366744034106788408, 0.3092481521353551699 ) ) ;
#1462 = CARTESIAN_POINT ( 'NONE',  ( 0.07767155068707912169, -0.04600389171242235536, 0.3094992728932638437 ) ) ;
#1463 = ORIENTED_EDGE ( 'NONE', *, *, #438, .F. ) ;
#1464 = DIRECTION ( 'NONE',  ( 0.000000000000000000, 0.000000000000000000, 1.000000000000000000 ) ) ;
#1465 = DIRECTION ( 'NONE',  ( -0.000000000000000000, -0.000000000000000000, -1.000000000000000000 ) ) ;
#1466 = CARTESIAN_POINT ( 'NONE',  ( 0.07812500000000000000, 0.03709206701353903735, 0.3055064403898872238 ) ) ;
#1467 = CARTESIAN_POINT ( 'NONE',  ( -0.07734375000000000278, -0.04375232508702634610, 0.2255624999999999714 ) ) ;
#1468 = CARTESIAN_POINT ( 'NONE',  ( 0.01288251110086901206, -0.08277325830895397585, 0.3019481515526349358 ) ) ;
#1469 = DATE_TIME_ROLE ( 'classification_date' ) ;
#1470 = ADVANCED_FACE ( 'NONE', ( #641 ), #248, .F. ) ;
#1471 = PLANE ( 'NONE',  #1131 ) ;
#1472 = DIRECTION ( 'NONE',  ( -0.000000000000000000, -0.000000000000000000, -1.000000000000000000 ) ) ;
#1473 = ORIENTED_EDGE ( 'NONE', *, *, #1807, .F. ) ;
#1474 = CARTESIAN_POINT ( 'NONE',  ( -0.06517579018352799569, 0.05318972292917836103, 0.3030576427186197908 ) ) ;
#1475 = CARTESIAN_POINT ( 'NONE',  ( 0.000000000000000000, -1.707404996040164512E-17, 0.2239999999999999769 ) ) ;
#1476 = ORIENTED_EDGE ( 'NONE', *, *, #2003, .F. ) ;
#1477 = CARTESIAN_POINT ( 'NONE',  ( 0.07812500000000001388, -0.03034187414863487656, 0.3014193974589736702 ) ) ;
#1478 = CARTESIAN_POINT ( 'NONE',  ( -0.07872133654424143256, 0.04366744034106784245, 0.3092481521353551699 ) ) ;
#1479 = CARTESIAN_POINT ( 'NONE',  ( -0.07734375000000000278, -0.04555654467824392373, 0.3081432977897511916 ) ) ;
#1480 = ORIENTED_EDGE ( 'NONE', *, *, #1139, .T. ) ;
#1481 = ADVANCED_FACE ( 'NONE', ( #1148 ), #1345, .F. ) ;
#1482 = EDGE_CURVE ( 'NONE', #1142, #476, #1841, .T. ) ;
#1483 = CARTESIAN_POINT ( 'NONE',  ( 0.07770782842847299976, -0.04526696156750213695, 0.3084735426616330711 ) ) ;
#1484 = CARTESIAN_POINT ( 'NONE',  ( -0.0004154814640480473183, 0.08991300742709745775, 0.3084398431078015368 ) ) ;
#1485 = EDGE_LOOP ( 'NONE', ( #1134, #891, #216, #541 ) ) ;
#1486 = CARTESIAN_POINT ( 'NONE',  ( -0.07728157008300579056, 0.04627901631095811263, 0.3093053105353720245 ) ) ;
#1487 = CARTESIAN_POINT ( 'NONE',  ( -0.07656250000000000555, 0.04420337998483069714, 0.2255624999999999714 ) ) ;
#1488 = ORIENTED_EDGE ( 'NONE', *, *, #1850, .F. ) ;
#1489 = DIRECTION ( 'NONE',  ( 0.000000000000000000, 0.000000000000000000, 1.000000000000000000 ) ) ;
#1490 = CARTESIAN_POINT ( 'NONE',  ( 7.248499753495136943E-18, 0.08840675996966142203, 0.2239999999999999769 ) ) ;
#1491 = VECTOR ( 'NONE', #1083, 39.37007874015748143 ) ;
#1492 = CIRCLE ( 'NONE', #1232, 0.2270322800757604842 ) ;
#1493 = CARTESIAN_POINT ( 'NONE',  ( 0.01305614310437465571, -0.08267301182498874856, 0.3026226655783049169 ) ) ;
#1494 = CIRCLE ( 'NONE', #669, 0.2742570507083220144 ) ;
#1495 = EDGE_LOOP ( 'NONE', ( #1620, #203, #1072, #230, #1473 ) ) ;
#1496 = AXIS2_PLACEMENT_3D ( 'NONE', #1357, #1013, #183 ) ;
#1497 = CARTESIAN_POINT ( 'NONE',  ( 0.07781669710550884189, -0.04513914006202551787, 0.3085322449925314015 ) ) ;
#1498 = ORIENTED_EDGE ( 'NONE', *, *, #1051, .T. ) ;
#1499 = DIRECTION ( 'NONE',  ( -0.8660254037844389297, -0.4999999999999997224, 0.000000000000000000 ) ) ;
#1500 = CARTESIAN_POINT ( 'NONE',  ( 0.0007812499999999968992, -0.08975992466307464168, 0.3081432977897511916 ) ) ;
#1501 = ADVANCED_FACE ( 'NONE', ( #1032 ), #1097, .T. ) ;
#1502 = CARTESIAN_POINT ( 'NONE',  ( 0.07812500000000004163, -0.01528290068627509608, 0.2985197384592097603 ) ) ;
#1503 = CARTESIAN_POINT ( 'NONE',  ( 0.000000000000000000, 0.1449999999999999900, 0.1890000000000000291 ) ) ;
#1504 = TOROIDAL_SURFACE ( 'NONE', #708, 0.2471934641243165032, 0.03280653587568353735 ) ;
#1505 = CARTESIAN_POINT ( 'NONE',  ( 0.07858264565439604388, -0.01524638288238489188, 0.2978091660935162088 ) ) ;
#1506 = ORIENTED_EDGE ( 'NONE', *, *, #1872, .T. ) ;
#1507 = CARTESIAN_POINT ( 'NONE',  ( 0.07799999055145240279, 0.04482166650095684157, 0.3085322449925314015 ) ) ;
#1508 = EDGE_LOOP ( 'NONE', ( #509, #2139, #1509 ) ) ;
#1509 = ORIENTED_EDGE ( 'NONE', *, *, #984, .F. ) ;
#1510 = ORIENTED_EDGE ( 'NONE', *, *, #2027, .T. ) ;
#1511 = CARTESIAN_POINT ( 'NONE',  ( 7.092770189481308455E-18, 0.09021097956087900660, -0.01467581744561670745 ) ) ;
#1512 = CARTESIAN_POINT ( 'NONE',  ( -0.07812500000000000000, -0.04420337998483073877, 0.2255624999999999714 ) ) ;
#1513 = EDGE_CURVE ( 'NONE', #1027, #1390, #1202, .T. ) ;
#1514 = CARTESIAN_POINT ( 'NONE',  ( 0.07859908052968697656, -0.01515855448473666690, 0.2989632626755330813 ) ) ;
#1515 = CARTESIAN_POINT ( 'NONE',  ( -0.07734375000000000278, -0.04555654467824393067, 0.3081432977897511916 ) ) ;
#1516 = APPROVAL_DATE_TIME ( #775, #1024 ) ;
#1517 = DIRECTION ( 'NONE',  ( -0.000000000000000000, -0.000000000000000000, -1.000000000000000000 ) ) ;
#1518 = CARTESIAN_POINT ( 'NONE',  ( -0.07807468929454934592, 0.04459668621088154483, 0.3084398431078016478 ) ) ;
#1519 = ORIENTED_EDGE ( 'NONE', *, *, #355, .T. ) ;
#1520 = CARTESIAN_POINT ( 'NONE',  ( -0.07812500000000000000, 0.01528408854512211014, 0.2978414371120915449 ) ) ;
#1521 = CARTESIAN_POINT ( 'NONE',  ( -0.001068047597400197807, -0.08959434199301560819, 0.3088260042650152193 ) ) ;
#1522 = DIRECTION ( 'NONE',  ( 0.5000000000000033307, -0.8660254037844367092, 0.000000000000000000 ) ) ;
#1523 = CARTESIAN_POINT ( 'NONE',  ( -0.07865022967278077759, -0.02996968594952491294, 0.3025415029746799100 ) ) ;
#1524 = COORDINATED_UNIVERSAL_TIME_OFFSET ( 6, 0, .BEHIND. ) ;
#1525 = B_SPLINE_CURVE_WITH_KNOTS ( 'NONE', 3,
 ( #1892, #2056, #1686, #1518, #332, #693, #524, #2192, #996, #664, #2036, #537, #831, #1005, #1026, #1162, #1702, #821, #1344, #656, #2028, #1191 ),
 .UNSPECIFIED., .F., .F.,
 ( 4, 3, 3, 3, 3, 3, 3, 4 ),
 ( 0.000000000000000000, 1.257646521626782316E-05, 1.943021604748151218E-05, 2.362360756527173122E-05, 3.041853298761882843E-05, 3.371313053815927567E-05, 4.498796487310061500E-05, 4.708095617916746340E-05 ),
 .UNSPECIFIED. ) ;
#1526 = CARTESIAN_POINT ( 'NONE',  ( 0.07812500000000004163, -0.04474822912879253961, 0.3086719040066051578 ) ) ;
#1527 = CIRCLE ( 'NONE', #1341, 0.001562499999999999003 ) ;
#1528 = CIRCLE ( 'NONE', #1416, 0.001562499999999996184 ) ;
#1529 = AXIS2_PLACEMENT_3D ( 'NONE', #818, #1670, #2004 ) ;
#1530 = AXIS2_PLACEMENT_3D ( 'NONE', #780, #440, #461 ) ;
#1531 = ORIENTED_EDGE ( 'NONE', *, *, #182, .F. ) ;
#1532 = CARTESIAN_POINT ( 'NONE',  ( -0.07812500000000000000, 0.03014771801930715006, 0.3019161727970104403 ) ) ;
#1533 = CARTESIAN_POINT ( 'NONE',  ( 0.000000000000000000, -3.414809992080329023E-17, 0.1925000000000000322 ) ) ;
#1534 = CARTESIAN_POINT ( 'NONE',  ( 0.07124797921943079593, 0.04972360886074003034, 0.3059056930943552799 ) ) ;
#1535 = CARTESIAN_POINT ( 'NONE',  ( -0.07812500000000000000, -0.04690970937165712257, 0.3081432977897511916 ) ) ;
#1536 = DIRECTION ( 'NONE',  ( -0.000000000000000000, -0.000000000000000000, -1.000000000000000000 ) ) ;
#1537 = ADVANCED_FACE ( 'NONE', ( #1211 ), #1386, .F. ) ;
#1538 = DIRECTION ( 'NONE',  ( 0.000000000000000000, 0.000000000000000000, 1.000000000000000000 ) ) ;
#1539 = B_SPLINE_CURVE_WITH_KNOTS ( 'NONE', 3,
 ( #721, #1764, #232, #866, #1407, #1235, #1553, #2095, #572, #1247, #1930, #1079, #241, #1136, #1123, #2151 ),
 .UNSPECIFIED., .F., .F.,
 ( 4, 3, 3, 3, 3, 4 ),
 ( 0.000000000000000000, 3.396003062480755214E-06, 2.304943161815255407E-05, 4.287641550697550679E-05, 6.457725481330895052E-05, 8.614026417079880069E-05 ),
 .UNSPECIFIED. ) ;
#1540 = ORIENTED_EDGE ( 'NONE', *, *, #1214, .T. ) ;
#1541 = CARTESIAN_POINT ( 'NONE',  ( -0.07812500000000000000, -0.04420337998483073877, 0.3081432977897511916 ) ) ;
#1542 = DIRECTION ( 'NONE',  ( -1.000000000000000000, 0.000000000000000000, 0.000000000000000000 ) ) ;
#1543 = VERTEX_POINT ( 'NONE', #345 ) ;
#1544 = CARTESIAN_POINT ( 'NONE',  ( 0.07859893036344152428, 0.01510569510086173274, 0.2989521477442473318 ) ) ;
#1545 = FACE_OUTER_BOUND ( 'NONE', #916, .T. ) ;
#1546 = CARTESIAN_POINT ( 'NONE',  ( -0.2742570507083220144, -5.612979914493010727E-19, 0.2204999999999999738 ) ) ;
#1547 = CARTESIAN_POINT ( 'NONE',  ( 0.000000000000000000, 0.2274999999999999523, 0.2239999999999999769 ) ) ;
#1548 = EDGE_CURVE ( 'NONE', #1077, #1087, #1261, .T. ) ;
#1549 = CARTESIAN_POINT ( 'NONE',  ( 0.07812500000000001388, -0.04690970937165712951, 0.3081432977897511916 ) ) ;
#1550 = LINE ( 'NONE', #64, #1811 ) ;
#1551 = EDGE_LOOP ( 'NONE', ( #417, #1679, #709, #936 ) ) ;
#1552 = CARTESIAN_POINT ( 'NONE',  ( 0.006947566686514895784, 0.08619980006420796537, 0.3055020652311243312 ) ) ;
#1553 = CARTESIAN_POINT ( 'NONE',  ( 0.07860997480930090320, 0.04450278808702043398, 0.3095593842652897831 ) ) ;
#1554 = CARTESIAN_POINT ( 'NONE',  ( -0.07872133654424404159, -0.04366744034106677386, 0.3092481521353565577 ) ) ;
#1555 = DIRECTION ( 'NONE',  ( 0.000000000000000000, 0.000000000000000000, 1.000000000000000000 ) ) ;
#1556 = EDGE_CURVE ( 'NONE', #556, #1543, #1494, .T. ) ;
#1557 = AXIS2_PLACEMENT_3D ( 'NONE', #235, #751, #59 ) ;
#1558 = AXIS2_PLACEMENT_3D ( 'NONE', #1327, #1464, #2001 ) ;
#1560 = ORIENTED_EDGE ( 'NONE', *, *, #369, .T. ) ;
#1559 = CIRCLE ( 'NONE', #501, 0.001562499999999997268 ) ;
#1561 = CARTESIAN_POINT ( 'NONE',  ( 0.07717778092572689930, 0.04634095709664345225, 0.3092481521353551699 ) ) ;
#1562 = CARTESIAN_POINT ( 'NONE',  ( 0.07812500000000001388, 0.04420337998483072489, 0.3081432977897511916 ) ) ;
#1563 = AXIS2_PLACEMENT_3D ( 'NONE', #1732, #1555, #51 ) ;
#1564 = ORIENTED_EDGE ( 'NONE', *, *, #2013, .T. ) ;
#1565 = AXIS2_PLACEMENT_3D ( 'NONE', #2138, #1644, #965 ) ;
#1566 = ORIENTED_EDGE ( 'NONE', *, *, #531, .F. ) ;
#1567 = CARTESIAN_POINT ( 'NONE',  ( 0.03235800336285683809, 0.07152907760889480604, 0.2967094046964467990 ) ) ;
#1568 = CARTESIAN_POINT ( 'NONE',  ( 0.07124941255822853092, -0.04972279151418595999, 0.3059065011810870316 ) ) ;
#1569 = ADVANCED_FACE ( 'NONE', ( #48 ), #876, .F. ) ;
#1570 = B_SPLINE_CURVE_WITH_KNOTS ( 'NONE', 3,
 ( #909, #1432, #585, #2107, #1260, #1943, #1092, #378, #1044, #1788 ),
 .UNSPECIFIED., .F., .F.,
 ( 4, 2, 2, 2, 4 ),
 ( 0.000000000000000000, 0.0005757642994467956866, 0.001151528598893591373, 0.001727292898340386951, 0.002303057197787182746 ),
 .UNSPECIFIED. ) ;
#1571 = VERTEX_POINT ( 'NONE', #1690 ) ;
#1572 = PLANE ( 'NONE',  #71 ) ;
#1573 = EDGE_CURVE ( 'NONE', #2181, #1352, #535, .T. ) ;
#1574 = ORIENTED_EDGE ( 'NONE', *, *, #1960, .F. ) ;
#1575 = CARTESIAN_POINT ( 'NONE',  ( 0.000000000000000000, 0.000000000000000000, 0.3094374999999999765 ) ) ;
#1576 = CARTESIAN_POINT ( 'NONE',  ( -0.07831480130549742236, -0.04520858606342220004, 0.3096534210681560206 ) ) ;
#1577 = ORIENTED_EDGE ( 'NONE', *, *, #86, .F. ) ;
#1578 = CARTESIAN_POINT ( 'NONE',  ( -0.01305614310437509112, 0.08267301182499037226, 0.3026226655783049169 ) ) ;
#1579 = FACE_OUTER_BOUND ( 'NONE', #526, .T. ) ;
#1580 = EDGE_CURVE ( 'NONE', #667, #1734, #294, .T. ) ;
#1581 = CARTESIAN_POINT ( 'NONE',  ( -0.03241236902243065099, -0.07149768958070529257, 0.2973566305883885152 ) ) ;
#1582 = CARTESIAN_POINT ( 'NONE',  ( -0.07734375000000000278, 0.04555654467824388903, 0.3081432977897511916 ) ) ;
#1583 = DIRECTION ( 'NONE',  ( -1.224646799147353207E-16, 1.000000000000000000, 0.000000000000000000 ) ) ;
#1584 = EDGE_LOOP ( 'NONE', ( #643, #1174 ) ) ;
#1585 = ORIENTED_EDGE ( 'NONE', *, *, #169, .T. ) ;
#1586 = CARTESIAN_POINT ( 'NONE',  ( 0.000000000000000000, -1.707404996040164512E-17, 0.2255624999999999714 ) ) ;
#1587 = DIRECTION ( 'NONE',  ( 1.000000000000000000, 0.000000000000000000, 0.000000000000000000 ) ) ;
#1588 = ORIENTED_EDGE ( 'NONE', *, *, #1767, .T. ) ;
#1589 = ORIENTED_EDGE ( 'NONE', *, *, #1110, .F. ) ;
#1590 = CARTESIAN_POINT ( 'NONE',  ( 0.000000000000000000, -3.414809992080329023E-17, 0.2092556535875683688 ) ) ;
#1591 = CARTESIAN_POINT ( 'NONE',  ( 0.07717778092572694093, -0.04634095709664347307, 0.3092481521353552254 ) ) ;
#1592 = DIRECTION ( 'NONE',  ( 0.000000000000000000, -0.4364401084530990516, -0.8997333114503691665 ) ) ;
#1593 = CARTESIAN_POINT ( 'NONE',  ( 0.0002747850651918767916, -0.09042741660730856113, 0.3096539198043728458 ) ) ;
#1594 = ADVANCED_FACE ( 'NONE', ( #581 ), #1504, .T. ) ;
#1595 = FACE_OUTER_BOUND ( 'NONE', #614, .T. ) ;
#1596 = CARTESIAN_POINT ( 'NONE',  ( -0.07854323814258128145, -0.04474341828673684268, 0.3096198555806478625 ) ) ;
#1597 = AXIS2_PLACEMENT_3D ( 'NONE', #1213, #1249, #552 ) ;
#1598 = ORIENTED_EDGE ( 'NONE', *, *, #1651, .F. ) ;
#1599 = ORIENTED_EDGE ( 'NONE', *, *, #2158, .F. ) ;
#1600 = DIRECTION ( 'NONE',  ( 0.000000000000000000, 0.000000000000000000, 1.000000000000000000 ) ) ;
#1601 = FACE_OUTER_BOUND ( 'NONE', #1006, .T. ) ;
#1602 = AXIS2_PLACEMENT_3D ( 'NONE', #1447, #2125, #441 ) ;
#1603 = AXIS2_PLACEMENT_3D ( 'NONE', #1297, #1132, #1663 ) ;
#1604 = CARTESIAN_POINT ( 'NONE',  ( -0.09391861690021233167, -5.572336603682490072E-18, 0.3094374999999999765 ) ) ;
#1605 = CARTESIAN_POINT ( 'NONE',  ( -0.001473807053364208173, -0.09004824593968184521, 0.3092868191377860509 ) ) ;
#1606 = DIRECTION ( 'NONE',  ( -1.000000000000000000, 0.000000000000000000, 0.000000000000000000 ) ) ;
#1607 = ORIENTED_EDGE ( 'NONE', *, *, #484, .T. ) ;
#1608 = EDGE_CURVE ( 'NONE', #1871, #108, #576, .T. ) ;
#1609 = ADVANCED_FACE ( 'NONE', ( #765 ), #117, .T. ) ;
#1610 = CARTESIAN_POINT ( 'NONE',  ( -0.07812500000000000000, 0.01542746743047478108, 0.2967008468579460101 ) ) ;
#1611 = CARTESIAN_POINT ( 'NONE',  ( 2.842639029717610674E-06, 0.08996925738386836457, 0.3085485667225520978 ) ) ;
#1612 = VERTEX_POINT ( 'NONE', #88 ) ;
#1613 = CARTESIAN_POINT ( 'NONE',  ( -0.07799999055145238891, -0.04482166650095685545, 0.3085322449925313459 ) ) ;
#1614 = DIRECTION ( 'NONE',  ( -0.000000000000000000, -0.000000000000000000, -1.000000000000000000 ) ) ;
#1615 = DIRECTION ( 'NONE',  ( -1.224646799147353207E-16, 1.000000000000000000, 0.000000000000000000 ) ) ;
#1616 = DIRECTION ( 'NONE',  ( 1.000000000000000000, 0.000000000000000000, -0.000000000000000000 ) ) ;
#1617 = CYLINDRICAL_SURFACE ( 'NONE', #1603, 0.001562500000000000304 ) ;
#1618 = DIRECTION ( 'NONE',  ( -0.8660254037844379305, 0.5000000000000014433, 0.000000000000000000 ) ) ;
#1619 = EDGE_CURVE ( 'NONE', #1658, #1352, #1355, .T. ) ;
#1620 = ORIENTED_EDGE ( 'NONE', *, *, #47, .T. ) ;
#1621 = CARTESIAN_POINT ( 'NONE',  ( -0.01348434226809808699, -0.08303376155764957689, 0.3030555195855417772 ) ) ;
#1622 = CARTESIAN_POINT ( 'NONE',  ( -0.0005165109008593143100, -0.08988747603368046901, 0.3083904741190306442 ) ) ;
#1623 = CARTESIAN_POINT ( 'NONE',  ( -0.07137643102627545810, -0.04900177789406415935, 0.3048008890933079362 ) ) ;
#1624 = FACE_OUTER_BOUND ( 'NONE', #1508, .T. ) ;
#1625 = DIRECTION ( 'NONE',  ( 8.741913579725614531E-14, -0.4364401084531034369, 0.8997333114503670570 ) ) ;
#1626 = CARTESIAN_POINT ( 'NONE',  ( 0.000000000000000000, 0.000000000000000000, 0.3109999999999999987 ) ) ;
#1627 = CARTESIAN_POINT ( 'NONE',  ( 9.252492727575349326E-05, 0.08996909422559974667, 0.3085482515468210840 ) ) ;
#1628 = ADVANCED_BREP_SHAPE_REPRESENTATION ( '91355A081_NO THREADS_Black-Oxide Alloy Steel Flanged Button Head Screw', ( #1094, #1848 ), #1993 ) ;
#1630 = ORIENTED_EDGE ( 'NONE', *, *, #1902, .F. ) ;
#1629 = VECTOR ( 'NONE', #857, 39.37007874015748143 ) ;
#1631 = CC_DESIGN_PERSON_AND_ORGANIZATION_ASSIGNMENT ( #1433, #2075, ( #2045 ) ) ;
#1632 = CARTESIAN_POINT ( 'NONE',  ( -0.05242378185071315533, 0.05994409499743155040, 0.2978710845418652275 ) ) ;
#1633 = CARTESIAN_POINT ( 'NONE',  ( -0.0007278283261270819624, -0.08978939230607164979, 0.3082004561897680461 ) ) ;
#1634 = AXIS2_PLACEMENT_3D ( 'NONE', #1188, #1857, #1842 ) ;
#1635 = ADVANCED_FACE ( 'NONE', ( #221 ), #790, .T. ) ;
#1636 = AXIS2_PLACEMENT_3D ( 'NONE', #1252, #1391, #1413 ) ;
#1637 = CARTESIAN_POINT ( 'NONE',  ( 0.07865145029479243821, -0.02983139833339239211, 0.3030496305478302954 ) ) ;
#1638 = EDGE_CURVE ( 'NONE', #1694, #844, #500, .T. ) ;
#1639 = CARTESIAN_POINT ( 'NONE',  ( 0.000000000000000000, -1.904325772674134335E-17, -0.3109999999999999987 ) ) ;
#1640 = AXIS2_PLACEMENT_3D ( 'NONE', #1178, #528, #2186 ) ;
#1641 = DIRECTION ( 'NONE',  ( 0.000000000000000000, 0.000000000000000000, 1.000000000000000000 ) ) ;
#1642 = ORIENTED_EDGE ( 'NONE', *, *, #1176, .F. ) ;
#1643 = DIRECTION ( 'NONE',  ( -0.000000000000000000, -0.000000000000000000, -1.000000000000000000 ) ) ;
#1644 = DIRECTION ( 'NONE',  ( 0.000000000000000000, 0.000000000000000000, -1.000000000000000000 ) ) ;
#1645 = ORIENTED_EDGE ( 'NONE', *, *, #2037, .T. ) ;
#1646 = CARTESIAN_POINT ( 'NONE',  ( -0.0003083781502705533733, -0.08993909692291353342, 0.3084902877126053378 ) ) ;
#1647 = ORIENTED_EDGE ( 'NONE', *, *, #1299, .F. ) ;
#1648 = CARTESIAN_POINT ( 'NONE',  ( 0.07812500000000170697, -0.007704541762188880233, 0.2973539513647510679 ) ) ;
#1649 =( BOUNDED_SURFACE ( )  B_SPLINE_SURFACE ( 3, 2, ( 
 ( #1869, #163, #21 ),
 ( #1196, #30, #372 ),
 ( #1185, #687, #1532 ),
 ( #2017, #539, #1520 ),
 ( #2047, #1884, #343 ),
 ( #695, #510, #335 ),
 ( #1894, #527, #13 ),
 ( #363, #1007, #998 ) ),
 .UNSPECIFIED., .F., .F., .F. ) 
 B_SPLINE_SURFACE_WITH_KNOTS ( ( 4, 2, 2, 4 ),
 ( 3, 3 ),
 ( 0.0005292176614737542552, 0.001112571938582478798, 0.001695926215691203557, 0.002862634769908652642 ),
 ( 0.000000000000000000, 1.000000000000000000 ),
 .UNSPECIFIED. ) 
 GEOMETRIC_REPRESENTATION_ITEM ( )  RATIONAL_B_SPLINE_SURFACE ( (
 ( 1.000000000000000000, 0.8995400523838530393, 1.000000000000000000),
 ( 1.000000000000000000, 0.9057925820737301459, 1.000000000000000000),
 ( 1.000000000000000000, 0.9119590960231931387, 1.000000000000000000),
 ( 1.000000000000000000, 0.9210805061758626788, 1.000000000000000000),
 ( 1.000000000000000000, 0.9238855652244970518, 1.000000000000000000),
 ( 1.000000000000000000, 0.9238674367590887782, 1.000000000000000000),
 ( 1.000000000000000000, 0.9122206206360704561, 1.000000000000000000),
 ( 1.000000000000000000, 0.8995400523838530393, 1.000000000000000000) ) ) 
 REPRESENTATION_ITEM ( '' )  SURFACE ( )  );
#1650 = CARTESIAN_POINT ( 'NONE',  ( -3.334775382890946408E-18, 0.08840675996966143591, 0.2255624999999999714 ) ) ;
#1651 = EDGE_CURVE ( 'NONE', #2050, #2102, #39, .T. ) ;
#1652 = DIRECTION ( 'NONE',  ( -0.7791919043471214890, -0.4498666557251694287, -0.4364401084531051578 ) ) ;
#1653 = CARTESIAN_POINT ( 'NONE',  ( 0.07796785406177551836, -0.04488849970599298467, 0.3085430324034164618 ) ) ;
#1654 = CARTESIAN_POINT ( 'NONE',  ( 0.001562499999999983390, -0.09111308935648783358, 0.3081432977897511916 ) ) ;
#1655 = VERTEX_POINT ( 'NONE', #637 ) ;
#1656 = CARTESIAN_POINT ( 'NONE',  ( 0.07872133654424147420, -0.04366744034106789102, 0.3092481521353552254 ) ) ;
#1657 = CARTESIAN_POINT ( 'NONE',  ( -0.0007812500000000078496, -0.08975992466307464168, 0.3081432977897511916 ) ) ;
#1658 = VERTEX_POINT ( 'NONE', #152 ) ;
#1659 = CARTESIAN_POINT ( 'NONE',  ( -0.07705695240260232448, 0.04572212734830726627, 0.3088260042650152193 ) ) ;
#1660 = DIRECTION ( 'NONE',  ( -0.000000000000000000, 0.000000000000000000, 1.000000000000000000 ) ) ;
#1661 = CARTESIAN_POINT ( 'NONE',  ( 0.0007812499999999833467, -0.08975992466307464168, 0.3094374999999999765 ) ) ;
#1662 = VERTEX_POINT ( 'NONE', #1839 ) ;
#1663 = DIRECTION ( 'NONE',  ( -1.000000000000000000, 0.000000000000000000, 0.000000000000000000 ) ) ;
#1664 = CARTESIAN_POINT ( 'NONE',  ( 0.07818031007053770354, -0.04544058582181805667, 0.3096529640798913463 ) ) ;
#1665 = ORIENTED_EDGE ( 'NONE', *, *, #1958, .F. ) ;
#1666 = CARTESIAN_POINT ( 'NONE',  ( -0.07862506505749446151, 0.04444628492785889645, 0.3095446974534055706 ) ) ;
#1667 = SPHERICAL_SURFACE ( 'NONE', #144, 0.001562500000000000087 ) ;
#1668 = ORIENTED_EDGE ( 'NONE', *, *, #1299, .T. ) ;
#1669 = ORIENTED_EDGE ( 'NONE', *, *, #1225, .T. ) ;
#1670 = DIRECTION ( 'NONE',  ( -0.000000000000000000, -0.000000000000000000, 1.000000000000000000 ) ) ;
#1671 = DIRECTION ( 'NONE',  ( -0.000000000000000000, -0.000000000000000000, -1.000000000000000000 ) ) ;
#1672 = CIRCLE ( 'NONE', #1771, 0.001562499999999998569 ) ;
#1673 = AXIS2_PLACEMENT_3D ( 'NONE', #1467, #797, #101 ) ;
#1674 = CARTESIAN_POINT ( 'NONE',  ( 0.07734375000000003053, -0.04555654467824393067, 0.3081432977897513026 ) ) ;
#1675 = EDGE_LOOP ( 'NONE', ( #477, #1607, #1566 ) ) ;
#1676 = CIRCLE ( 'NONE', #1640, 0.003500000000000010481 ) ;
#1677 = PLANE ( 'NONE',  #1563 ) ;
#1678 = ADVANCED_FACE ( 'NONE', ( #1280 ), #1236, .T. ) ;
#1679 = ORIENTED_EDGE ( 'NONE', *, *, #369, .F. ) ;
#1680 = FACE_OUTER_BOUND ( 'NONE', #1200, .T. ) ;
#1681 = CARTESIAN_POINT ( 'NONE',  ( -0.07656250000000000555, 0.04420337998483071101, 0.2255624999999999714 ) ) ;
#1682 = EDGE_CURVE ( 'NONE', #1207, #12, #179, .T. ) ;
#1683 = CARTESIAN_POINT ( 'NONE',  ( 0.07812500000000001388, 0.01531805809564034879, 0.2978453771026874364 ) ) ;
#1684 = CARTESIAN_POINT ( 'NONE',  ( -0.0007812499999999901771, 0.08975992466307461393, 0.3081432977897511916 ) ) ;
#1685 = CARTESIAN_POINT ( 'NONE',  ( 0.07717778092572727400, -0.04634095709664628332, 0.3092481521353566132 ) ) ;
#1686 = CARTESIAN_POINT ( 'NONE',  ( -0.07811163461761373716, 0.04445463831455757214, 0.3083643616719136671 ) ) ;
#1687 = ORIENTED_EDGE ( 'NONE', *, *, #262, .T. ) ;
#1688 = CARTESIAN_POINT ( 'NONE',  ( 3.883467752970395005E-18, 0.08840675996966143591, 0.2255624999999999714 ) ) ;
#1689 = DIRECTION ( 'NONE',  ( -0.000000000000000000, 1.000000000000000000, -5.463695987328554836E-15 ) ) ;
#1690 = CARTESIAN_POINT ( 'NONE',  ( 0.07734375000000004441, -0.04555654467824393067, 0.3081432977897511916 ) ) ;
#1691 = DIRECTION ( 'NONE',  ( -1.000000000000000000, 0.000000000000000000, 0.000000000000000000 ) ) ;
#1692 = CARTESIAN_POINT ( 'NONE',  ( 0.000000000000000000, -3.414809992080329023E-17, 0.2218428817588830870 ) ) ;
#1693 = CARTESIAN_POINT ( 'NONE',  ( 0.07785850811404800009, 0.04507789244305879239, 0.3085430324034164618 ) ) ;
#1694 = VERTEX_POINT ( 'NONE', #940 ) ;
#1695 = CARTESIAN_POINT ( 'NONE',  ( 0.2742570507083220144, -3.414809992080329023E-17, 0.2204999999999999738 ) ) ;
#1696 = CARTESIAN_POINT ( 'NONE',  ( 0.07734375000000004441, -0.04555654467824393067, 0.3081432977897511916 ) ) ;
#1697 = CARTESIAN_POINT ( 'NONE',  ( -1.187180036309176858E-17, -0.08840675996966146366, -0.01467581744561670745 ) ) ;
#1698 = EDGE_CURVE ( 'NONE', #473, #1868, #2150, .T. ) ;
#1699 = ADVANCED_FACE ( 'NONE', ( #2185 ), #109, .F. ) ;
#1700 = CARTESIAN_POINT ( 'NONE',  ( -0.1250000000000000000, -1.904325772674134335E-17, -0.3109999999999999987 ) ) ;
#1701 = AXIS2_PLACEMENT_3D ( 'NONE', #1855, #511, #817 ) ;
#1702 = CARTESIAN_POINT ( 'NONE',  ( -0.07758658227680251263, 0.04539104957831592568, 0.3083904741190306442 ) ) ;
#1703 = AXIS2_PLACEMENT_3D ( 'NONE', #153, #489, #336 ) ;
#1704 = ORIENTED_EDGE ( 'NONE', *, *, #1332, .T. ) ;
#1705 = CARTESIAN_POINT ( 'NONE',  ( 0.07872698485713686134, 0.04474253813181098410, 0.3097745968407601969 ) ) ;
#1706 = FACE_OUTER_BOUND ( 'NONE', #1113, .T. ) ;
#1707 = CARTESIAN_POINT ( 'NONE',  ( 0.02577797646622663474, 0.07532805790893760955, 0.2985324310339179110 ) ) ;
#1708 = CYLINDRICAL_SURFACE ( 'NONE', #1634, 0.001562500000000000304 ) ;
#1709 = VERTEX_POINT ( 'NONE', #1656 ) ;
#1710 = DIRECTION ( 'NONE',  ( 0.8660254037844389297, -0.4999999999999997224, 0.000000000000000000 ) ) ;
#1711 = ADVANCED_FACE ( 'NONE', ( #784 ), #1122, .F. ) ;
#1712 = CARTESIAN_POINT ( 'NONE',  ( 0.07791708377356559856, 0.04498216689432063542, 0.3085485667225520978 ) ) ;
#1713 = ADVANCED_FACE ( 'NONE', ( #1680 ), #1114, .F. ) ;
#1714 = ORIENTED_EDGE ( 'NONE', *, *, #1370, .F. ) ;
#1715 = DIRECTION ( 'NONE',  ( 0.000000000000000000, 0.000000000000000000, -1.000000000000000000 ) ) ;
#1716 = CYLINDRICAL_SURFACE ( 'NONE', #75, 0.1250000000000000000 ) ;
#1717 = VERTEX_POINT ( 'NONE', #443 ) ;
#1718 = CARTESIAN_POINT ( 'NONE',  ( 0.01304352395041952738, 0.08268029749692464014, 0.3026273424640327225 ) ) ;
#1719 = DIRECTION ( 'NONE',  ( -0.4999999999999863443, -0.8660254037844465902, 0.000000000000000000 ) ) ;
#1720 = EDGE_LOOP ( 'NONE', ( #1976, #1231, #1725, #624 ) ) ;
#1721 = CARTESIAN_POINT ( 'NONE',  ( 0.000000000000000000, -1.707404996040164512E-17, 0.3109501539464926689 ) ) ;
#1722 =( BOUNDED_SURFACE ( )  B_SPLINE_SURFACE ( 3, 2, ( 
 ( #1479, #2154, #472 ),
 ( #1141, #1824, #655 ),
 ( #2014, #492, #1789 ),
 ( #269, #25, #1554 ) ),
 .UNSPECIFIED., .F., .F., .F. ) 
 B_SPLINE_SURFACE_WITH_KNOTS ( ( 4, 4 ),
 ( 3, 3 ),
 ( 0.0001166966778214822466, 0.0002019655231482243342 ),
 ( 0.000000000000000000, 1.000000000000000000 ),
 .UNSPECIFIED. ) 
 GEOMETRIC_REPRESENTATION_ITEM ( )  RATIONAL_B_SPLINE_SURFACE ( (
 ( 1.000000000000000000, 0.8995400523838528173, 1.000000000000000000),
 ( 1.000000000000000000, 0.9315867708301519556, 1.000000000000000000),
 ( 1.000000000000000000, 0.9316815289632396357, 1.000000000000000000),
 ( 1.000000000000000000, 0.8995400523838210649, 1.000000000000000000) ) ) 
 REPRESENTATION_ITEM ( '' )  SURFACE ( )  );
#1723 = DIRECTION ( 'NONE',  ( -0.000000000000000000, -0.000000000000000000, -1.000000000000000000 ) ) ;
#1724 = EDGE_CURVE ( 'NONE', #1919, #483, #1877, .T. ) ;
#1725 = ORIENTED_EDGE ( 'NONE', *, *, #754, .T. ) ;
#1726 = CARTESIAN_POINT ( 'NONE',  ( 0.0007812499999999963571, 0.08975992466307461393, 0.2255624999999999714 ) ) ;
#1727 = FACE_OUTER_BOUND ( 'NONE', #1405, .T. ) ;
#1728 = ORIENTED_EDGE ( 'NONE', *, *, #1850, .T. ) ;
#1729 = CARTESIAN_POINT ( 'NONE',  ( 0.07865129416982998001, 0.02979837913277025296, 0.3030368494205062935 ) ) ;
#1730 = CARTESIAN_POINT ( 'NONE',  ( 0.001543555618514545627, 0.09000839743771128776, 0.3092481521353551699 ) ) ;
#1731 = CARTESIAN_POINT ( 'NONE',  ( -0.001543555618514546061, -0.09000839743771131551, 0.3092481521353551699 ) ) ;
#1732 = CARTESIAN_POINT ( 'NONE',  ( 0.000000000000000000, 0.2274999999999999523, 0.2239999999999999769 ) ) ;
#1733 = AXIS2_PLACEMENT_3D ( 'NONE', #1117, #146, #2005 ) ;
#1734 = VERTEX_POINT ( 'NONE', #1541 ) ;
#1735 = CIRCLE ( 'NONE', #597, 0.001562499999999991847 ) ;
#1737 = VERTEX_POINT ( 'NONE', #1726 ) ;
#1736 = CONICAL_SURFACE ( 'NONE', #2086, 0.1000000000000001443, 0.7853981633974463916 ) ;
#1738 = CARTESIAN_POINT ( 'NONE',  ( -0.07812500000000000000, -0.04510548978043953799, 0.2255624999999999714 ) ) ;
#1739 = CARTESIAN_POINT ( 'NONE',  ( -0.006779957960751537872, -0.08629656900714480217, 0.3047833081153685231 ) ) ;
#1740 = ADVANCED_FACE ( 'NONE', ( #1360 ), #1649, .T. ) ;
#1741 = AXIS2_PLACEMENT_3D ( 'NONE', #1971, #449, #952 ) ;
#1742 = EDGE_LOOP ( 'NONE', ( #196, #280, #192, #2026 ) ) ;
#1743 = DIRECTION ( 'NONE',  ( 1.000000000000000000, 0.000000000000000000, 0.000000000000000000 ) ) ;
#1744 = CARTESIAN_POINT ( 'NONE',  ( 0.001562499999999992931, 0.09111308935648777807, 0.3081432977897511361 ) ) ;
#1745 = EDGE_CURVE ( 'NONE', #1207, #556, #324, .T. ) ;
#1746 = CARTESIAN_POINT ( 'NONE',  ( -0.05236713769545531943, 0.05997679851571768861, 0.2978589041258383197 ) ) ;
#1747 = ORIENTED_EDGE ( 'NONE', *, *, #1150, .F. ) ;
#1748 = CARTESIAN_POINT ( 'NONE',  ( -0.07812499999999998612, 0.03032458688265099456, 0.3014110118005292049 ) ) ;
#1749 = CARTESIAN_POINT ( 'NONE',  ( -0.04565975199789731875, -0.06384930945376146583, 0.2966998113030247519 ) ) ;
#1750 = DIMENSIONAL_EXPONENTS ( 1.000000000000000000, 0.000000000000000000, 0.000000000000000000, 0.000000000000000000, 0.000000000000000000, 0.000000000000000000, 0.000000000000000000 ) ;
#1751 = ORIENTED_EDGE ( 'NONE', *, *, #1319, .T. ) ;
#1752 = PRODUCT_RELATED_PRODUCT_CATEGORY ( 'detail', '', ( #2045 ) ) ;
#1753 = CARTESIAN_POINT ( 'NONE',  ( -0.07755466340526280533, -0.04541934075270268045, 0.3083643616719137226 ) ) ;
#1754 = DIRECTION ( 'NONE',  ( 1.000000000000000000, 0.000000000000000000, 0.000000000000000000 ) ) ;
#1755 = EDGE_CURVE ( 'NONE', #1062, #1571, #428, .T. ) ;
#1756 = CARTESIAN_POINT ( 'NONE',  ( -0.06524248889913226990, -0.05254321103236386098, 0.3019481515526382664 ) ) ;
#1757 = CARTESIAN_POINT ( 'NONE',  ( -0.02574744606077315062, 0.07534568464674623600, 0.2978617588067584143 ) ) ;
#1758 = DATE_TIME_ROLE ( 'creation_date' ) ;
#1759 = VERTEX_POINT ( 'NONE', #1380 ) ;
#1760 = DIRECTION ( 'NONE',  ( 1.000000000000000000, -5.463695987328554836E-15, 0.000000000000000000 ) ) ;
#1761 = LINE ( 'NONE', #205, #740 ) ;
#1762 = VERTEX_POINT ( 'NONE', #2031 ) ;
#1763 = CARTESIAN_POINT ( 'NONE',  ( -0.04576699663709469373, 0.06378739173245168148, 0.2967094046964400822 ) ) ;
#1764 = CARTESIAN_POINT ( 'NONE',  ( 0.07872154432627176401, 0.04370746667269772429, 0.3092677496953461502 ) ) ;
#1765 = CARTESIAN_POINT ( 'NONE',  ( -0.07812500000000000000, 0.04420337998483071101, 0.2255624999999999714 ) ) ;
#1766 = CARTESIAN_POINT ( 'NONE',  ( -0.04574104218855064991, 0.06380237654030526673, 0.2967088398345036349 ) ) ;
#1767 = EDGE_CURVE ( 'NONE', #2071, #483, #1286, .T. ) ;
#1768 = ADVANCED_FACE ( 'NONE', ( #193 ), #1330, .T. ) ;
#1769 = DIRECTION ( 'NONE',  ( 1.000000000000000000, 0.000000000000000000, 0.000000000000000000 ) ) ;
#1770 = CARTESIAN_POINT ( 'NONE',  ( -0.09131583390648298493, 1.118296437050457443E-17, 0.3105423543456039548 ) ) ;
#1771 = AXIS2_PLACEMENT_3D ( 'NONE', #933, #1125, #268 ) ;
#1772 = AXIS2_PLACEMENT_3D ( 'NONE', #1475, #1318, #941 ) ;
#1773 = ORIENTED_EDGE ( 'NONE', *, *, #685, .T. ) ;
#1774 = LINE ( 'NONE', #734, #843 ) ;
#1775 = AXIS2_PLACEMENT_3D ( 'NONE', #53, #547, #249 ) ;
#1776 = CARTESIAN_POINT ( 'NONE',  ( -0.006739896947857084916, -0.08631969824372343059, 0.3048057464530939953 ) ) ;
#1777 = FACE_OUTER_BOUND ( 'NONE', #2160, .T. ) ;
#1778 = ADVANCED_FACE ( 'NONE', ( #2059 ), #1854, .F. ) ;
#1779 = EDGE_LOOP ( 'NONE', ( #1945, #1296, #1045, #1577 ) ) ;
#1780 = EDGE_LOOP ( 'NONE', ( #1334, #1668, #172 ) ) ;
#1781 = CARTESIAN_POINT ( 'NONE',  ( -0.07812500000000000000, -0.03033131272815777629, 0.3014142743547829073 ) ) ;
#1782 = CARTESIAN_POINT ( 'NONE',  ( 0.07734375000000003053, 0.04555654467824391679, 0.2255624999999999714 ) ) ;
#1783 = ORIENTED_EDGE ( 'NONE', *, *, #1009, .T. ) ;
#1784 = CARTESIAN_POINT ( 'NONE',  ( -0.07777399756899455729, -0.04519413001922360784, 0.3085139171080611975 ) ) ;
#1785 = CARTESIAN_POINT ( 'NONE',  ( -0.07812500000000000000, -0.04420337998483073877, 0.2239999999999999769 ) ) ;
#1786 =( BOUNDED_SURFACE ( )  B_SPLINE_SURFACE ( 3, 2, ( 
 ( #827, #786, #124 ),
 ( #134, #1156, #503 ),
 ( #1637, #796, #469 ),
 ( #1514, #1502, #2187 ),
 ( #1339, #1648, #653 ),
 ( #980, #156, #481 ),
 ( #1138, #113, #1683 ),
 ( #1329, #1320, #1820 ),
 ( #1170, #1466, #2143 ),
 ( #617, #805, #1124 ) ),
 .UNSPECIFIED., .F., .F., .F. ) 
 B_SPLINE_SURFACE_WITH_KNOTS ( ( 4, 2, 2, 2, 4 ),
 ( 3, 3 ),
 ( 0.001290604580766123227, 0.001867685760391902660, 0.002444766940017681876, 0.003021848119643461093, 0.003598929299269240309 ),
 ( 0.000000000000000000, 1.000000000000000000 ),
 .UNSPECIFIED. ) 
 GEOMETRIC_REPRESENTATION_ITEM ( )  RATIONAL_B_SPLINE_SURFACE ( (
 ( 1.000000000000000000, 0.8995400523838527063, 1.000000000000000000),
 ( 1.000000000000000000, 0.9057277042553637525, 1.000000000000000000),
 ( 1.000000000000000000, 0.9118973395967657769, 1.000000000000000000),
 ( 1.000000000000000000, 0.9210402677246638525, 1.000000000000000000),
 ( 1.000000000000000000, 0.9238737151010201210, 1.000000000000000000),
 ( 1.000000000000000000, 0.9238853312488484182, 1.000000000000000000),
 ( 1.000000000000000000, 0.9210699226110633520, 1.000000000000000000),
 ( 1.000000000000000000, 0.9118900514402542568, 1.000000000000000000),
 ( 1.000000000000000000, 0.9057992564341045272, 1.000000000000000000),
 ( 1.000000000000000000, 0.8995400523838530393, 1.000000000000000000) ) ) 
 REPRESENTATION_ITEM ( '' )  SURFACE ( )  );
#1787 = CARTESIAN_POINT ( 'NONE',  ( -0.07781730726402294462, 0.04528313626438679879, 0.3086738516965119583 ) ) ;
#1788 = CARTESIAN_POINT ( 'NONE',  ( -0.001543555618514535002, 0.09000839743771128776, 0.3092481521353551699 ) ) ;
#1789 = CARTESIAN_POINT ( 'NONE',  ( -0.07872698485713830463, -0.04474253813181044287, 0.3097745968407611405 ) ) ;
#1790 = DIRECTION ( 'NONE',  ( 1.000000000000000000, 0.000000000000000000, 0.000000000000000000 ) ) ;
#1791 = DIRECTION ( 'NONE',  ( 0.5000000000000019984, -0.8660254037844373753, 0.000000000000000000 ) ) ;
#1792 = VERTEX_POINT ( 'NONE', #1337 ) ;
#1793 = ADVANCED_FACE ( 'NONE', ( #1063 ), #2164, .F. ) ;
#1794 = EDGE_LOOP ( 'NONE', ( #590, #1349, #954, #62 ) ) ;
#1795 = CARTESIAN_POINT ( 'NONE',  ( -0.07138510305215142737, 0.04899677109759020821, 0.3048057464530716798 ) ) ;
#1796 = DIRECTION ( 'NONE',  ( 1.000000000000000000, 1.639108796198557537E-14, 0.000000000000000000 ) ) ;
#1797 = CARTESIAN_POINT ( 'NONE',  ( 0.2712376134726743326, -9.310724060355273225E-19, 0.1925000000000000322 ) ) ;
#1798 = CARTESIAN_POINT ( 'NONE',  ( 0.07656250000000001943, 0.04420337998483072489, 0.2255624999999999714 ) ) ;
#1799 = CARTESIAN_POINT ( 'NONE',  ( 0.07656250000000001943, 0.04420337998483072489, 0.2239999999999999769 ) ) ;
#1800 = EDGE_LOOP ( 'NONE', ( #1510, #1184, #1463, #1973 ) ) ;
#1801 = DIRECTION ( 'NONE',  ( -0.000000000000000000, -0.000000000000000000, -1.000000000000000000 ) ) ;
#1802 = CARTESIAN_POINT ( 'NONE',  ( 0.07784553242724569222, -0.04582684113219913369, 0.3095593842652898386 ) ) ;
#1804 = EDGE_LOOP ( 'NONE', ( #645, #1564, #87, #1599, #1860, #1852, #263, #830, #1061, #864 ) ) ;
#1803 = VECTOR ( 'NONE', #1641, 39.37007874015748143 ) ;
#1805 = CARTESIAN_POINT ( 'NONE',  ( -0.07784553242724566446, 0.04582684113219907124, 0.3095593842652897831 ) ) ;
#1806 = CARTESIAN_POINT ( 'NONE',  ( 0.0003377087472759426629, -0.08993446015856465525, 0.3084813330136447762 ) ) ;
#1807 = EDGE_CURVE ( 'NONE', #1762, #1734, #1034, .T. ) ;
#1808 = VECTOR ( 'NONE', #591, 39.37007874015748143 ) ;
#1809 = TOROIDAL_SURFACE ( 'NONE', #1198, 0.09242068825208697713, 0.001562500000000000087 ) ;
#1810 = DIRECTION ( 'NONE',  ( 0.000000000000000000, 1.000000000000000000, 0.000000000000000000 ) ) ;
#1811 = VECTOR ( 'NONE', #1392, 39.37007874015748143 ) ;
#1812 = CIRCLE ( 'NONE', #1275, 0.1000000000000001443 ) ;
#1813 = CARTESIAN_POINT ( 'NONE',  ( 0.04571263097757024413, -0.06381877976061405000, 0.2973566305883885152 ) ) ;
#1814 = VERTEX_POINT ( 'NONE', #45 ) ;
#1815 = CARTESIAN_POINT ( 'NONE',  ( 0.07812500000000004163, -0.04510548978043953106, -0.01467581744561670745 ) ) ;
#1816 = PLANE ( 'NONE',  #112 ) ;
#1817 = ORIENTED_EDGE ( 'NONE', *, *, #1300, .F. ) ;
#1818 = DIRECTION ( 'NONE',  ( 0.000000000000000000, 0.000000000000000000, 1.000000000000000000 ) ) ;
#1819 = CARTESIAN_POINT ( 'NONE',  ( 0.0005569712123509232672, -0.08987397906726028729, 0.3083643616719137226 ) ) ;
#1820 = CARTESIAN_POINT ( 'NONE',  ( 0.07812500000000001388, 0.03024335913088518554, 0.3019478113198407199 ) ) ;
#1821 = DIRECTION ( 'NONE',  ( 0.8660254037844387076, 0.5000000000000000000, -0.000000000000000000 ) ) ;
#1822 = ORIENTED_EDGE ( 'NONE', *, *, #800, .F. ) ;
#1823 = EDGE_CURVE ( 'NONE', #79, #473, #1904, .T. ) ;
#1824 = CARTESIAN_POINT ( 'NONE',  ( -0.07775870039333249162, -0.04544604967715484140, 0.3092902504604528868 ) ) ;
#1825 = CARTESIAN_POINT ( 'NONE',  ( 0.07739598056436157447, -0.04552501397305577790, 0.3082004561897680461 ) ) ;
#1826 = CARTESIAN_POINT ( 'NONE',  ( 0.07844983251312405426, -0.04497573745661753719, 0.3096539198043728458 ) ) ;
#1827 = ORIENTED_EDGE ( 'NONE', *, *, #381, .F. ) ;
#1828 = CARTESIAN_POINT ( 'NONE',  ( -0.07844983251312399875, 0.04497573745661749556, 0.3096539198043727348 ) ) ;
#1829 = CARTESIAN_POINT ( 'NONE',  ( 0.06518986107409030506, -0.05257359572131870690, 0.3019262422215600039 ) ) ;
#1830 = ORIENTED_EDGE ( 'NONE', *, *, #652, .F. ) ;
#1831 = DIRECTION ( 'NONE',  ( -0.4999999999999999445, -0.8660254037844387076, 0.000000000000000000 ) ) ;
#1832 = CYLINDRICAL_SURFACE ( 'NONE', #1673, 0.001562500000000001605 ) ;
#1833 = CARTESIAN_POINT ( 'NONE',  ( -0.001562499999999996834, 0.09111308935648779195, 0.3081432977897511916 ) ) ;
#1834 = ORIENTED_EDGE ( 'NONE', *, *, #1960, .T. ) ;
#1835 = EDGE_CURVE ( 'NONE', #1814, #1245, #1735, .T. ) ;
#1836 = EDGE_CURVE ( 'NONE', #1737, #1279, #384, .T. ) ;
#1837 = DIRECTION ( 'NONE',  ( -0.7071067811865486830, 8.659560562354947649E-17, 0.7071067811865462405 ) ) ;
#1838 = ORIENTED_EDGE ( 'NONE', *, *, #400, .F. ) ;
#1839 = CARTESIAN_POINT ( 'NONE',  ( 0.001543555618514545627, 0.09000839743771128776, 0.3092481521353551699 ) ) ;
#1840 = CARTESIAN_POINT ( 'NONE',  ( 0.05235829104190268396, 0.06052908714262852236, 0.2989482117876409717 ) ) ;
#1841 = LINE ( 'NONE', #699, #1348 ) ;
#1842 = DIRECTION ( 'NONE',  ( -1.000000000000000000, 0.000000000000000000, 0.000000000000000000 ) ) ;
#1843 = CIRCLE ( 'NONE', #1876, 0.03280653587568354429 ) ;
#1844 = VECTOR ( 'NONE', #1435, 39.37007874015748854 ) ;
#1845 = CIRCLE ( 'NONE', #1194, 0.001562499999999997268 ) ;
#1846 = CARTESIAN_POINT ( 'NONE',  ( -0.07734375000000000278, 0.04555654467824388903, 0.2239999999999999769 ) ) ;
#1847 = ORIENTED_EDGE ( 'NONE', *, *, #1482, .F. ) ;
#1848 = AXIS2_PLACEMENT_3D ( 'NONE', #379, #2098, #1769 ) ;
#1849 = AXIS2_PLACEMENT_3D ( 'NONE', #762, #1253, #1289 ) ;
#1850 = EDGE_CURVE ( 'NONE', #743, #120, #878, .T. ) ;
#1851 = FACE_OUTER_BOUND ( 'NONE', #1326, .T. ) ;
#1852 = ORIENTED_EDGE ( 'NONE', *, *, #1310, .F. ) ;
#1853 = ORIENTED_EDGE ( 'NONE', *, *, #685, .F. ) ;
#1854 = SPHERICAL_SURFACE ( 'NONE', #1420, 0.001562500000000000087 ) ;
#1855 = CARTESIAN_POINT ( 'NONE',  ( -6.028497260133211187E-18, -0.08840675996966146366, 0.2255624999999999714 ) ) ;
#1856 = DIRECTION ( 'NONE',  ( 0.8660254037844385966, -0.4999999999999998890, 0.000000000000000000 ) ) ;
#1857 = DIRECTION ( 'NONE',  ( 0.000000000000000000, 0.000000000000000000, -1.000000000000000000 ) ) ;
#1858 = CARTESIAN_POINT ( 'NONE',  ( 0.07776138403225871243, -0.04544503724977112108, 0.3092920475509428058 ) ) ;
#1859 = DIRECTION ( 'NONE',  ( -1.892679809432641678E-16, 1.000000000000000000, 0.000000000000000000 ) ) ;
#1860 = ORIENTED_EDGE ( 'NONE', *, *, #123, .T. ) ;
#1861 = CARTESIAN_POINT ( 'NONE',  ( -0.07872133654424143256, 0.04366744034106784245, 0.3092481521353551699 ) ) ;
#1862 = CARTESIAN_POINT ( 'NONE',  ( 0.07717778092572691317, 0.04634095709664345225, 0.3092481521353551699 ) ) ;
#1863 = ADVANCED_FACE ( 'NONE', ( #557 ), #1809, .T. ) ;
#1864 = DIRECTION ( 'NONE',  ( 0.000000000000000000, -0.000000000000000000, -1.000000000000000000 ) ) ;
#1865 = CARTESIAN_POINT ( 'NONE',  ( 0.07656250000000003331, 0.04420337998483072489, 0.2255624999999999714 ) ) ;
#1866 = DIRECTION ( 'NONE',  ( -0.000000000000000000, -0.000000000000000000, -1.000000000000000000 ) ) ;
#1867 = CARTESIAN_POINT ( 'NONE',  ( 0.07806697369812715115, 0.04462523913388841829, 0.3084545299196858603 ) ) ;
#1868 = VERTEX_POINT ( 'NONE', #706 ) ;
#1869 = CARTESIAN_POINT ( 'NONE',  ( -0.07872133654424143256, 0.04366744034106784245, 0.3092481521353551699 ) ) ;
#1870 = CARTESIAN_POINT ( 'NONE',  ( 0.0003093968000983158650, -0.09003234923505587517, 0.3086719040066052688 ) ) ;
#1871 = VERTEX_POINT ( 'NONE', #1217 ) ;
#1872 = EDGE_CURVE ( 'NONE', #1612, #570, #247, .T. ) ;
#1873 = CARTESIAN_POINT ( 'NONE',  ( -0.07734375000000000278, -0.04555654467824393067, 0.3081432977897511916 ) ) ;
#1874 = DIRECTION ( 'NONE',  ( -0.4999999999999968914, -0.8660254037844403729, 0.000000000000000000 ) ) ;
#1875 = CYLINDRICAL_SURFACE ( 'NONE', #874, 0.001562500000000001605 ) ;
#1876 = AXIS2_PLACEMENT_3D ( 'NONE', #102, #115, #295 ) ;
#1877 = B_SPLINE_CURVE_WITH_KNOTS ( 'NONE', 3,
 ( #121, #1974, #2175, #1486, #1317, #479, #1805, #649, #794, #1146, #1828, #311, #1666, #679, #833, #870 ),
 .UNSPECIFIED., .F., .F.,
 ( 4, 3, 3, 3, 3, 4 ),
 ( 0.000000000000000000, 3.396003062481998658E-06, 2.304943161815384834E-05, 4.287641550697653678E-05, 6.457725481330918091E-05, 8.614026417079892267E-05 ),
 .UNSPECIFIED. ) ;
#1878 = AXIS2_PLACEMENT_3D ( 'NONE', #607, #1283, #304 ) ;
#1879 = CARTESIAN_POINT ( 'NONE',  ( 0.07734375000000003053, 0.04555654467824391679, 0.3081432977897511916 ) ) ;
#1880 = VECTOR ( 'NONE', #1947, 39.37007874015748854 ) ;
#1881 = VECTOR ( 'NONE', #100, 39.37007874015748854 ) ;
#1882 = AXIS2_PLACEMENT_3D ( 'NONE', #621, #1111, #297 ) ;
#1883 = ORIENTED_EDGE ( 'NONE', *, *, #1619, .F. ) ;
#1884 = CARTESIAN_POINT ( 'NONE',  ( -0.07812500000000002776, 0.007653149184797656927, 0.2973489995769489358 ) ) ;
#1885 = CARTESIAN_POINT ( 'NONE',  ( 0.07134332609397367464, 0.04902089103564009898, 0.3047823469819972986 ) ) ;
#1886 = VERTEX_POINT ( 'NONE', #1228 ) ;
#1887 = CARTESIAN_POINT ( 'NONE',  ( 0.01286986827198537651, 0.08278055764961322893, 0.3019527881571574257 ) ) ;
#1888 = CARTESIAN_POINT ( 'NONE',  ( -0.0003093968000967949462, 0.09003234923505670784, 0.3086719040066024933 ) ) ;
#1889 = EDGE_CURVE ( 'NONE', #997, #407, #884, .T. ) ;
#1890 = DIRECTION ( 'NONE',  ( 1.224646799147353207E-16, 1.000000000000000000, -0.000000000000000000 ) ) ;
#1891 = ADVANCED_FACE ( 'NONE', ( #228 ), #1917, .F. ) ;
#1892 = CARTESIAN_POINT ( 'NONE',  ( -0.07812500000000000000, 0.04420337998483071101, 0.3081432977897511361 ) ) ;
#1893 = EDGE_LOOP ( 'NONE', ( #920, #1167, #1476, #2061 ) ) ;
#1894 = CARTESIAN_POINT ( 'NONE',  ( -0.07865054961291932656, -0.03003143089001566318, 0.3025717338155266001 ) ) ;
#1895 = DIRECTION ( 'NONE',  ( -1.000000000000000000, 0.000000000000000000, 0.000000000000000000 ) ) ;
#1896 = EDGE_LOOP ( 'NONE', ( #1834, #1728 ) ) ;
#1897 = VERTEX_POINT ( 'NONE', #717 ) ;
#1898 = CARTESIAN_POINT ( 'NONE',  ( 0.06524248889903710991, 0.05254321103241878926, 0.3019481515525984094 ) ) ;
#1899 = CARTESIAN_POINT ( 'NONE',  ( -0.07656250000000000555, -0.04420337998483073877, 0.2239999999999999769 ) ) ;
#1900 = EDGE_LOOP ( 'NONE', ( #296, #1751, #2093, #1817 ) ) ;
#1901 = LINE ( 'NONE', #2097, #1491 ) ;
#1902 = EDGE_CURVE ( 'NONE', #1814, #331, #2126, .T. ) ;
#1903 = ORIENTED_EDGE ( 'NONE', *, *, #154, .T. ) ;
#1904 = LINE ( 'NONE', #1098, #1880 ) ;
#1905 = ADVANCED_FACE ( 'NONE', ( #2099 ), #1454, .F. ) ;
#1906 = CARTESIAN_POINT ( 'NONE',  ( 0.006779957960751532668, 0.08629656900714477441, 0.3047833081153684121 ) ) ;
#1907 = VERTEX_POINT ( 'NONE', #918 ) ;
#1908 = CARTESIAN_POINT ( 'NONE',  ( -0.07812380889048858856, -0.04426437833301587882, 0.3082004561897680461 ) ) ;
#1909 = DIRECTION ( 'NONE',  ( 0.4999999999999634737, 0.8660254037844598018, 8.741913579725663756E-14 ) ) ;
#1910 = DIRECTION ( 'NONE',  ( 0.000000000000000000, 1.000000000000000000, 0.000000000000000000 ) ) ;
#1911 = CIRCLE ( 'NONE', #562, 0.001562500000000005074 ) ;
#1912 = CARTESIAN_POINT ( 'NONE',  ( 0.1450000000000000178, 6.833286272349783801E-19, 0.1689999999999999558 ) ) ;
#1913 = TOROIDAL_SURFACE ( 'NONE', #534, 0.2742570507083220144, 0.003499999999999999639 ) ;
#1914 = VECTOR ( 'NONE', #2090, 39.37007874015748854 ) ;
#1916 = EDGE_LOOP ( 'NONE', ( #657, #427 ) ) ;
#1915 = CIRCLE ( 'NONE', #814, 0.03280653587568354429 ) ;
#1917 = CYLINDRICAL_SURFACE ( 'NONE', #1775, 0.001562499999999991847 ) ;
#1918 = CARTESIAN_POINT ( 'NONE',  ( -0.07817504744793210558, -0.04545167915069101006, 0.3096539198043727348 ) ) ;
#1919 = VERTEX_POINT ( 'NONE', #893 ) ;
#1920 = CARTESIAN_POINT ( 'NONE',  ( -0.03276959516183000631, 0.07181980771625222359, 0.2978041078335523228 ) ) ;
#1921 = DIRECTION ( 'NONE',  ( -1.000000000000000000, 0.000000000000000000, 0.000000000000000000 ) ) ;
#1922 = CARTESIAN_POINT ( 'NONE',  ( 0.1367916396804798318, -0.009430069977246220703, 0.2239999999999999769 ) ) ;
#1923 = SPHERICAL_SURFACE ( 'NONE', #1192, 0.001562500000000000087 ) ;
#1924 = APPLICATION_PROTOCOL_DEFINITION ( 'international standard', 'config_control_design', 1994, #1076 ) ;
#1925 = CARTESIAN_POINT ( 'NONE',  ( 0.000000000000000000, -1.707404996040164512E-17, 0.2255624999999999714 ) ) ;
#1926 = CARTESIAN_POINT ( 'NONE',  ( -0.07844285671981023056, -0.04498584168592094368, 0.3096529640798912908 ) ) ;
#1927 = ORIENTED_EDGE ( 'NONE', *, *, #2101, .T. ) ;
#1928 = CARTESIAN_POINT ( 'NONE',  ( -0.006748568973721892975, 0.08631469144725591180, 0.3048008890933059933 ) ) ;
#1929 = B_SPLINE_CURVE_WITH_KNOTS ( 'NONE', 3,
 ( #164, #1018, #1155, #344, #143, #1338, #1840, #668, #518, #1862 ),
 .UNSPECIFIED., .F., .F.,
 ( 4, 2, 2, 2, 4 ),
 ( 0.000000000000000000, 0.0005757642994467953614, 0.001151528598893590723, 0.001727292898340386084, 0.002303057197787181879 ),
 .UNSPECIFIED. ) ;
#1930 = CARTESIAN_POINT ( 'NONE',  ( 0.07817504744793211946, 0.04545167915069100312, 0.3096539198043727348 ) ) ;
#1931 = ADVANCED_FACE ( 'NONE', ( #752 ), #6, .F. ) ;
#1932 = CARTESIAN_POINT ( 'NONE',  ( -0.001543555618514538038, -0.09000839743771134327, 0.3092481521353551699 ) ) ;
#1933 = CARTESIAN_POINT ( 'NONE',  ( -0.001232925425323537190, -0.09017656843353444307, 0.3094112798423007682 ) ) ;
#1934 = CALENDAR_DATE ( 2026, 22, 1 ) ;
#1935 = ORIENTED_EDGE ( 'NONE', *, *, #2117, .F. ) ;
#1936 = DIRECTION ( 'NONE',  ( 0.000000000000000000, 1.000000000000000000, 0.000000000000000000 ) ) ;
#1937 = CARTESIAN_POINT ( 'NONE',  ( -0.0001638418572684730793, 0.08996064609670124945, 0.3085319306340670864 ) ) ;
#1938 = ORIENTED_EDGE ( 'NONE', *, *, #127, .F. ) ;
#1939 = CARTESIAN_POINT ( 'NONE',  ( -0.07804373180380921871, -0.04470248514935042106, 0.3084902877126052823 ) ) ;
#1940 = CARTESIAN_POINT ( 'NONE',  ( 0.001438018745941260692, 0.09006731109170949823, 0.3093053105353719689 ) ) ;
#1941 =( BOUNDED_SURFACE ( )  B_SPLINE_SURFACE ( 3, 2, ( 
 ( #82, #736, #1069 ),
 ( #584, #1091, #1623 ),
 ( #750, #573, #1756 ),
 ( #722, #2106, #908 ),
 ( #1967, #1957, #277 ),
 ( #1408, #1581, #2083 ),
 ( #234, #2118, #899 ),
 ( #69, #563, #1104 ),
 ( #1422, #1248, #1776 ),
 ( #1932, #1259, #1081 ) ),
 .UNSPECIFIED., .F., .F., .F. ) 
 B_SPLINE_SURFACE_WITH_KNOTS ( ( 4, 2, 2, 2, 4 ),
 ( 3, 3 ),
 ( 0.001895985649196990207, 0.002479616887849409902, 0.003063248126501829163, 0.003646879365154248424, 0.004230510603806667685 ),
 ( 0.000000000000000000, 1.000000000000000000 ),
 .UNSPECIFIED. ) 
 GEOMETRIC_REPRESENTATION_ITEM ( )  RATIONAL_B_SPLINE_SURFACE ( (
 ( 1.000000000000000000, 0.8995400523837385753, 1.000000000000000000),
 ( 1.000000000000000000, 0.9058200443853330341, 1.000000000000000000),
 ( 1.000000000000000000, 0.9118906086895006702, 1.000000000000000000),
 ( 1.000000000000000000, 0.9210099038494330426, 1.000000000000000000),
 ( 1.000000000000000000, 0.9238916780650547889, 1.000000000000000000),
 ( 1.000000000000000000, 0.9238673035807039025, 1.000000000000000000),
 ( 1.000000000000000000, 0.9210108844088725766, 1.000000000000000000),
 ( 1.000000000000000000, 0.9118804399404613070, 1.000000000000000000),
 ( 1.000000000000000000, 0.9058102357551247596, 1.000000000000000000),
 ( 1.000000000000000000, 0.8995400523838528173, 1.000000000000000000) ) ) 
 REPRESENTATION_ITEM ( '' )  SURFACE ( )  );
#1942 = EDGE_CURVE ( 'NONE', #1658, #2181, #1347, .T. ) ;
#1943 = CARTESIAN_POINT ( 'NONE',  ( -0.03284832791329487384, 0.07177423823241935175, 0.2977970453882340385 ) ) ;
#1944 = APPROVAL_STATUS ( 'not_yet_approved' ) ;
#1945 = ORIENTED_EDGE ( 'NONE', *, *, #219, .T. ) ;
#1946 = EDGE_LOOP ( 'NONE', ( #1053, #151, #1379, #1959 ) ) ;
#1947 = DIRECTION ( 'NONE',  ( -0.8660254037844388186, 0.4999999999999996114, -0.000000000000000000 ) ) ;
#1948 = CARTESIAN_POINT ( 'NONE',  ( 0.0005165109008593031428, 0.08988747603368041350, 0.3083904741190306442 ) ) ;
#1949 = CIRCLE ( 'NONE', #1733, 0.09391861690021233167 ) ;
#1950 = CIRCLE ( 'NONE', #1772, 0.2282566402528354299 ) ;
#1951 = APPLICATION_CONTEXT ( 'configuration controlled 3d designs of mechanical parts and assemblies' ) ;
#1952 = ORIENTED_EDGE ( 'NONE', *, *, #382, .F. ) ;
#1953 = CARTESIAN_POINT ( 'NONE',  ( -0.001068047597290872064, 0.08959434199307578228, 0.3088260042650743942 ) ) ;
#1954 = CARTESIAN_POINT ( 'NONE',  ( 0.000000000000000000, -3.414809992080329023E-17, 0.2204999999999999738 ) ) ;
#1955 = TOROIDAL_SURFACE ( 'NONE', #1849, 0.2712376134726743326, 0.003499999999999999639 ) ;
#1956 = ADVANCED_FACE ( 'NONE', ( #1595 ), #2137, .T. ) ;
#1957 = CARTESIAN_POINT ( 'NONE',  ( -0.04562208614888585423, -0.06387105584182743712, 0.2973464452647219258 ) ) ;
#1958 = EDGE_CURVE ( 'NONE', #120, #939, #395, .T. ) ;
#1959 = ORIENTED_EDGE ( 'NONE', *, *, #928, .F. ) ;
#1960 = EDGE_CURVE ( 'NONE', #120, #743, #670, .T. ) ;
#1961 = VERTEX_POINT ( 'NONE', #129 ) ;
#1962 = CYLINDRICAL_SURFACE ( 'NONE', #1530, 0.1250000000000000000 ) ;
#1963 = CARTESIAN_POINT ( 'NONE',  ( 0.0007278283261270604952, 0.08978939230607160815, 0.3082004561897679906 ) ) ;
#1964 = ORIENTED_EDGE ( 'NONE', *, *, #2177, .F. ) ;
#1965 = DIRECTION ( 'NONE',  ( 0.5000000000000009992, -0.8660254037844380415, 0.000000000000000000 ) ) ;
#1966 = CARTESIAN_POINT ( 'NONE',  ( 0.07656250000000001943, 0.04420337998483072489, 0.2255624999999999714 ) ) ;
#1967 = CARTESIAN_POINT ( 'NONE',  ( -0.04581298039627169222, -0.06428920574000381027, 0.2978041078335527669 ) ) ;
#1968 = CARTESIAN_POINT ( 'NONE',  ( 0.000000000000000000, -1.904325772674134335E-17, -0.2859999999999999765 ) ) ;
#1969 = CARTESIAN_POINT ( 'NONE',  ( 0.05247633337840754142, -0.06046137057880023036, 0.2989759386716010492 ) ) ;
#1970 = ADVANCED_FACE ( 'NONE', ( #103 ), #1617, .F. ) ;
#1971 = CARTESIAN_POINT ( 'NONE',  ( -0.2282566402528354299, 1.087932642657473334E-17, 0.2255624999999999714 ) ) ;
#1972 = CARTESIAN_POINT ( 'NONE',  ( 0.0003083781502705103305, 0.08993909692291350566, 0.3084902877126052823 ) ) ;
#1973 = ORIENTED_EDGE ( 'NONE', *, *, #226, .F. ) ;
#1974 = CARTESIAN_POINT ( 'NONE',  ( -0.07721254863675382218, 0.04632112387534519093, 0.3092677496953462057 ) ) ;
#1975 = CARTESIAN_POINT ( 'NONE',  ( 0.01293611968957461208, -0.08274230737583393447, 0.3019263807840832925 ) ) ;
#1976 = ORIENTED_EDGE ( 'NONE', *, *, #652, .T. ) ;
#1977 = CARTESIAN_POINT ( 'NONE',  ( 0.07812500000000004163, -0.04420337998483075265, 0.3081432977897511916 ) ) ;
#1978 = DIRECTION ( 'NONE',  ( -1.000000000000000000, 0.000000000000000000, 0.000000000000000000 ) ) ;
#1979 = CARTESIAN_POINT ( 'NONE',  ( 0.02577831251942786298, -0.07532786388853433823, 0.2985329365094182008 ) ) ;
#1980 = COORDINATED_UNIVERSAL_TIME_OFFSET ( 6, 0, .BEHIND. ) ;
#1981 = CARTESIAN_POINT ( 'NONE',  ( 0.07791424113453587763, -0.04498709048954773609, 0.3085485667225521533 ) ) ;
#1982 = CARTESIAN_POINT ( 'NONE',  ( -0.0006786613852384805468, 0.08981915422742296762, 0.3082582214328299930 ) ) ;
#1984 = ORIENTED_EDGE ( 'NONE', *, *, #788, .T. ) ;
#1983 = AXIS2_PLACEMENT_3D ( 'NONE', #514, #1866, #340 ) ;
#1985 = CARTESIAN_POINT ( 'NONE',  ( -0.07734374999999998890, 0.04555654467824389597, 0.3081432977897511916 ) ) ;
#1986 = CARTESIAN_POINT ( 'NONE',  ( 0.0004154814640480341452, -0.08991300742709749938, 0.3084398431078016478 ) ) ;
#1987 = B_SPLINE_CURVE_WITH_KNOTS ( 'NONE', 3,
 ( #2070, #885, #1381, #558, #1197, #229, #1243, #1596, #1926, #1576, #1918, #548, #54, #894, #2060, #31 ),
 .UNSPECIFIED., .F., .F.,
 ( 4, 3, 3, 3, 3, 4 ),
 ( 0.000000000000000000, 3.396003062480750131E-06, 2.304943161815273026E-05, 4.287641550697543903E-05, 6.457725481330851684E-05, 8.614026417079899043E-05 ),
 .UNSPECIFIED. ) ;
#1988 = EDGE_CURVE ( 'NONE', #1279, #66, #799, .T. ) ;
#1989 = VECTOR ( 'NONE', #2034, 39.37007874015748143 ) ;
#1990 = CARTESIAN_POINT ( 'NONE',  ( -0.2712376134726743326, -3.414809992080329023E-17, 0.1890000000000000291 ) ) ;
#1991 = CARTESIAN_POINT ( 'NONE',  ( -0.07812500000000000000, 0.04510548978043949636, -0.01467581744561670745 ) ) ;
#1992 = VECTOR ( 'NONE', #1049, 39.37007874015748143 ) ;
#1993 =( GEOMETRIC_REPRESENTATION_CONTEXT ( 3 ) GLOBAL_UNCERTAINTY_ASSIGNED_CONTEXT ( ( #174 ) ) GLOBAL_UNIT_ASSIGNED_CONTEXT ( ( #1060, #1389, #370 ) ) REPRESENTATION_CONTEXT ( 'NONE', 'WORKASPACE' ) );
#1994 = ORIENTED_EDGE ( 'NONE', *, *, #1556, .F. ) ;
#1995 = CARTESIAN_POINT ( 'NONE',  ( 0.000000000000000000, 0.000000000000000000, 0.3105423543456039548 ) ) ;
#1996 = EDGE_LOOP ( 'NONE', ( #957, #2122, #1056, #728 ) ) ;
#1997 = CARTESIAN_POINT ( 'NONE',  ( 0.07737848831172335073, -0.04553604535748653065, 0.3081817768285717851 ) ) ;
#1998 = CARTESIAN_POINT ( 'NONE',  ( 0.000000000000000000, -1.904325772674134335E-17, -0.2859999999999999765 ) ) ;
#1999 = EDGE_CURVE ( 'NONE', #1655, #1919, #2092, .T. ) ;
#2000 = VERTEX_POINT ( 'NONE', #1461 ) ;
#2001 = DIRECTION ( 'NONE',  ( 1.000000000000000000, 0.000000000000000000, 0.000000000000000000 ) ) ;
#2002 = CARTESIAN_POINT ( 'NONE',  ( -0.0007639282755106697066, -0.08976992536537140022, 0.3081627022401120519 ) ) ;
#2003 = EDGE_CURVE ( 'NONE', #1717, #1571, #17, .T. ) ;
#2004 = DIRECTION ( 'NONE',  ( 1.000000000000000000, 0.000000000000000000, 0.000000000000000000 ) ) ;
#2005 = DIRECTION ( 'NONE',  ( 1.000000000000000000, 0.000000000000000000, 0.000000000000000000 ) ) ;
#2006 = ORIENTED_EDGE ( 'NONE', *, *, #712, .T. ) ;
#2007 = CARTESIAN_POINT ( 'NONE',  ( 0.01348822010363673850, -0.08303148832958602565, 0.3030530061097918559 ) ) ;
#2008 = DIRECTION ( 'NONE',  ( -0.7791919043471096096, -0.4498666557251770892, 0.4364401084531189245 ) ) ;
#2009 = VERTEX_POINT ( 'NONE', #2172 ) ;
#2010 = DIRECTION ( 'NONE',  ( -0.8660254037844385966, -0.4999999999999998890, 0.000000000000000000 ) ) ;
#2011 = FACE_OUTER_BOUND ( 'NONE', #1153, .T. ) ;
#2012 = FACE_OUTER_BOUND ( 'NONE', #1485, .T. ) ;
#2013 = EDGE_CURVE ( 'NONE', #2071, #1219, #809, .T. ) ;
#2014 = CARTESIAN_POINT ( 'NONE',  ( -0.07812500000000283107, -0.04475019681254707726, 0.3086738516965129020 ) ) ;
#2015 = CARTESIAN_POINT ( 'NONE',  ( 0.07788921644596817628, 0.04503063795786333562, 0.3085487632132862812 ) ) ;
#2016 = EDGE_LOOP ( 'NONE', ( #1669, #456, #1121, #96 ) ) ;
#2017 = CARTESIAN_POINT ( 'NONE',  ( -0.07859884858035247335, 0.01507284839694385606, 0.2989462913134005029 ) ) ;
#2018 = CIRCLE ( 'NONE', #1377, 0.2774891813649721373 ) ;
#2019 = CARTESIAN_POINT ( 'NONE',  ( -0.07734375000000082157, 0.04555654467824644255, 0.3081432977897525793 ) ) ;
#2020 = CARTESIAN_POINT ( 'NONE',  ( -0.07858264565439601612, 5.019134214195046926E-16, 0.2978091660935169860 ) ) ;
#2021 = AXIS2_PLACEMENT_3D ( 'NONE', #2043, #159, #8 ) ;
#2022 = VECTOR ( 'NONE', #605, 39.37007874015748143 ) ;
#2023 = DIRECTION ( 'NONE',  ( -0.000000000000000000, -0.000000000000000000, -1.000000000000000000 ) ) ;
#2024 = AXIS2_PLACEMENT_3D ( 'NONE', #474, #2008, #93 ) ;
#2025 = AXIS2_PLACEMENT_3D ( 'NONE', #326, #993, #1220 ) ;
#2026 = ORIENTED_EDGE ( 'NONE', *, *, #788, .F. ) ;
#2027 = EDGE_CURVE ( 'NONE', #599, #772, #468, .T. ) ;
#2028 = CARTESIAN_POINT ( 'NONE',  ( -0.07736107172448936087, 0.04554654397594713050, 0.3081627022401120519 ) ) ;
#2029 = ADVANCED_FACE ( 'NONE', ( #1119 ), #1962, .T. ) ;
#2030 = ORIENTED_EDGE ( 'NONE', *, *, #1638, .T. ) ;
#2031 = CARTESIAN_POINT ( 'NONE',  ( -0.07812500000000000000, 0.04420337998483071101, 0.3081432977897511361 ) ) ;
#2032 = CARTESIAN_POINT ( 'NONE',  ( 0.0004780833253979020606, -0.09006403474446735002, 0.3092902504604539971 ) ) ;
#2033 = CARTESIAN_POINT ( 'NONE',  ( 0.001068047597398247327, 0.08959434199301380408, 0.3088260042650137205 ) ) ;
#2034 = DIRECTION ( 'NONE',  ( 0.000000000000000000, 0.000000000000000000, 1.000000000000000000 ) ) ;
#2035 = LINE ( 'NONE', #1033, #1629 ) ;
#2036 = CARTESIAN_POINT ( 'NONE',  ( -0.07786925869120735200, 0.04506467605030396728, 0.3085482515468210840 ) ) ;
#2037 = EDGE_CURVE ( 'NONE', #331, #530, #10, .T. ) ;
#2038 = ORIENTED_EDGE ( 'NONE', *, *, #738, .F. ) ;
#2039 = CARTESIAN_POINT ( 'NONE',  ( 0.07775870039333329653, 0.04544604967715454302, 0.3092902504604534974 ) ) ;
#2040 = FACE_OUTER_BOUND ( 'NONE', #1780, .T. ) ;
#2041 = DIRECTION ( 'NONE',  ( 0.000000000000000000, 1.000000000000000000, 0.000000000000000000 ) ) ;
#2042 = DIRECTION ( 'NONE',  ( 0.000000000000000000, 0.000000000000000000, -1.000000000000000000 ) ) ;
#2043 = CARTESIAN_POINT ( 'NONE',  ( 0.000000000000000000, -1.707404996040164512E-17, 0.06989362103340383825 ) ) ;
#2044 = CARTESIAN_POINT ( 'NONE',  ( 0.07812500000000001388, 0.04420337998483072489, 0.3081432977897511916 ) ) ;
#2045 = PRODUCT ( '91355A081_NO THREADS_Black-Oxide Alloy Steel Flanged Button Head Screw', '91355A081_NO THREADS_Black-Oxide Alloy Steel Flanged Button Head Screw', '', ( #2108 ) ) ;
#2046 = ORIENTED_EDGE ( 'NONE', *, *, #767, .F. ) ;
#2047 = CARTESIAN_POINT ( 'NONE',  ( -0.07858261074937751556, 0.007608887175831666010, 0.2978066537377090373 ) ) ;
#2048 = DIRECTION ( 'NONE',  ( 1.000000000000000000, 0.000000000000000000, 0.000000000000000000 ) ) ;
#2049 = CC_DESIGN_DATE_AND_TIME_ASSIGNMENT ( #662, #1469, ( #723 ) ) ;
#2050 = VERTEX_POINT ( 'NONE', #118 ) ;
#2051 = CARTESIAN_POINT ( 'NONE',  ( 0.07717778092572694093, 0.04634095709664344531, 0.3092481521353551699 ) ) ;
#2052 = PLANE ( 'NONE',  #910 ) ;
#2053 = CARTESIAN_POINT ( 'NONE',  ( 0.000000000000000000, -1.904325772674134335E-17, 0.1689999999999999558 ) ) ;
#2054 = AXIS2_PLACEMENT_3D ( 'NONE', #2053, #2023, #18 ) ;
#2055 = CIRCLE ( 'NONE', #107, 0.001562499999999991847 ) ;
#2056 = CARTESIAN_POINT ( 'NONE',  ( -0.07812500000000000000, 0.04432183911352741840, 0.3082582214328299930 ) ) ;
#2057 = AXIS2_PLACEMENT_3D ( 'NONE', #457, #1831, #1856 ) ;
#2058 = EDGE_LOOP ( 'NONE', ( #783, #1302 ) ) ;
#2059 = FACE_OUTER_BOUND ( 'NONE', #1675, .T. ) ;
#2060 = CARTESIAN_POINT ( 'NONE',  ( -0.07739593749314808979, -0.04621650980484681703, 0.3093711207257863194 ) ) ;
#2061 = ORIENTED_EDGE ( 'NONE', *, *, #592, .F. ) ;
#2062 = CARTESIAN_POINT ( 'NONE',  ( 0.07656250000000001943, 0.04420337998483072489, -0.01467581744561670745 ) ) ;
#2063 = DIRECTION ( 'NONE',  ( 0.4999999999999968914, 0.8660254037844403729, 0.000000000000000000 ) ) ;
#2064 = ORIENTED_EDGE ( 'NONE', *, *, #1513, .F. ) ;
#2065 = ADVANCED_FACE ( 'NONE', ( #791 ), #1471, .F. ) ;
#2066 = FACE_OUTER_BOUND ( 'NONE', #271, .T. ) ;
#2067 = DIRECTION ( 'NONE',  ( -1.000000000000000000, -1.224646799147353207E-16, 0.000000000000000000 ) ) ;
#2068 = CARTESIAN_POINT ( 'NONE',  ( 0.007437918831425313973, -0.08656436440276046862, 0.3059056930944040742 ) ) ;
#2069 = DIRECTION ( 'NONE',  ( 1.000000000000000000, 0.000000000000000000, 0.000000000000000000 ) ) ;
#2070 = CARTESIAN_POINT ( 'NONE',  ( -0.07872133654424143256, -0.04366744034106788408, 0.3092481521353551699 ) ) ;
#2071 = VERTEX_POINT ( 'NONE', #161 ) ;
#2072 = CARTESIAN_POINT ( 'NONE',  ( 0.05247607400206494993, 0.06046152665906788515, 0.2989764678542781717 ) ) ;
#2073 = CARTESIAN_POINT ( 'NONE',  ( -0.0008209206773799883035, 0.09031444617792379337, 0.3095446974534055706 ) ) ;
#2074 = CARTESIAN_POINT ( 'NONE',  ( -0.01293611968957462423, 0.08274230737583387896, 0.3019263807840831815 ) ) ;
#2075 = PERSON_AND_ORGANIZATION_ROLE ( 'design_owner' ) ;
#2076 = EDGE_LOOP ( 'NONE', ( #52, #1177 ) ) ;
#2077 = ORIENTED_EDGE ( 'NONE', *, *, #1440, .F. ) ;
#2078 = DIRECTION ( 'NONE',  ( 0.000000000000000000, 0.000000000000000000, 1.000000000000000000 ) ) ;
#2079 = CARTESIAN_POINT ( 'NONE',  ( -0.06518888031042538445, -0.05257416196548465870, 0.3019263807840831815 ) ) ;
#2080 = ORIENTED_EDGE ( 'NONE', *, *, #620, .F. ) ;
#2081 = CARTESIAN_POINT ( 'NONE',  ( -0.07812500000000000000, -0.04420337998483073877, 0.3081432977897511916 ) ) ;
#2082 = CARTESIAN_POINT ( 'NONE',  ( 0.03284832791329487384, -0.07177423823241937950, 0.2977970453882339830 ) ) ;
#2083 = CARTESIAN_POINT ( 'NONE',  ( -0.03235800336290643731, -0.07152907760886620392, 0.2967094046964400822 ) ) ;
#2084 = FACE_BOUND ( 'NONE', #1896, .T. ) ;
#2085 = CIRCLE ( 'NONE', #1415, 0.003500000000000010481 ) ;
#2086 = AXIS2_PLACEMENT_3D ( 'NONE', #795, #1115, #1450 ) ;
#2087 = EDGE_LOOP ( 'NONE', ( #2170, #886, #2080, #698 ) ) ;
#2088 = EDGE_CURVE ( 'NONE', #2009, #1759, #1201, .T. ) ;
#2089 = CIRCLE ( 'NONE', #1602, 0.001562499999999991847 ) ;
#2090 = DIRECTION ( 'NONE',  ( -0.8660254037844385966, 0.4999999999999998890, 0.000000000000000000 ) ) ;
#2091 = CARTESIAN_POINT ( 'NONE',  ( -0.01293513892590974872, -0.08274287361999986545, 0.3019262422215600039 ) ) ;
#2092 = CIRCLE ( 'NONE', #2024, 0.001562500000000001605 ) ;
#2093 = ORIENTED_EDGE ( 'NONE', *, *, #1872, .F. ) ;
#2094 = CARTESIAN_POINT ( 'NONE',  ( -0.03244911392203000261, 0.07147647490303014883, 0.2966992535230795203 ) ) ;
#2095 = CARTESIAN_POINT ( 'NONE',  ( 0.07854323814258129532, 0.04474341828673681493, 0.3096198555806478625 ) ) ;
#2096 = CARTESIAN_POINT ( 'NONE',  ( -0.1450000000000000178, -1.707404996040164512E-17, 0.1689999999999999558 ) ) ;
#2097 = CARTESIAN_POINT ( 'NONE',  ( 0.0007812499999999937550, 0.08975992466307461393, 0.2239999999999999769 ) ) ;
#2098 = DIRECTION ( 'NONE',  ( 0.000000000000000000, 0.000000000000000000, 1.000000000000000000 ) ) ;
#2099 = FACE_OUTER_BOUND ( 'NONE', #380, .T. ) ;
#2100 = CARTESIAN_POINT ( 'NONE',  ( -0.05237755393922687019, -0.05997078469457226696, 0.2978617588067585253 ) ) ;
#2101 = EDGE_CURVE ( 'NONE', #1762, #1655, #1525, .T. ) ;
#2102 = VERTEX_POINT ( 'NONE', #508 ) ;
#2103 = ORIENTED_EDGE ( 'NONE', *, *, #1161, .T. ) ;
#2104 = CARTESIAN_POINT ( 'NONE',  ( -0.07788921644596816241, -0.04503063795786335644, 0.3085487632132862812 ) ) ;
#2105 = CARTESIAN_POINT ( 'NONE',  ( 0.007452952554535010460, -0.08655558061235803236, 0.3058971683710162148 ) ) ;
#2106 = CARTESIAN_POINT ( 'NONE',  ( -0.05234668748057261234, -0.05998860545278453943, 0.2985329365094152032 ) ) ;
#2107 = CARTESIAN_POINT ( 'NONE',  ( -0.05249843579845613062, 0.06044870662662927413, 0.2989823976344205270 ) ) ;
#2108 = MECHANICAL_CONTEXT ( 'NONE', #1076, 'mechanical' ) ;
#2109 = EDGE_LOOP ( 'NONE', ( #1783, #2064, #1262, #1428 ) ) ;
#2110 = EDGE_LOOP ( 'NONE', ( #929, #199, #1540, #2191 ) ) ;
#2111 = DIRECTION ( 'NONE',  ( -0.000000000000000000, -0.000000000000000000, -1.000000000000000000 ) ) ;
#2112 = DIRECTION ( 'NONE',  ( 0.000000000000000000, 0.000000000000000000, -1.000000000000000000 ) ) ;
#2113 = ORIENTED_EDGE ( 'NONE', *, *, #525, .T. ) ;
#2114 = DIRECTION ( 'NONE',  ( 0.000000000000000000, 1.000000000000000000, -5.463695987328554836E-15 ) ) ;
#2115 = DIRECTION ( 'NONE',  ( 1.000000000000000000, 5.463695987328525648E-15, 0.000000000000000000 ) ) ;
#2116 = B_SPLINE_CURVE_WITH_KNOTS ( 'NONE', 3,
 ( #1591, #1568, #376, #1419, #1042, #2082, #544, #36, #2105, #222 ),
 .UNSPECIFIED., .F., .F.,
 ( 4, 2, 2, 2, 4 ),
 ( 0.000000000000000000, 0.0005757642994467962287, 0.001151528598893592457, 0.001727292898340388252, 0.002303057197787184481 ),
 .UNSPECIFIED. ) ;
#2117 = EDGE_CURVE ( 'NONE', #66, #1142, #2132, .T. ) ;
#2118 = CARTESIAN_POINT ( 'NONE',  ( -0.02577797646626635297, -0.07532805790891589082, 0.2985324310339157461 ) ) ;
#2119 = DIRECTION ( 'NONE',  ( -1.000000000000000000, 0.000000000000000000, 0.000000000000000000 ) ) ;
#2120 = EDGE_LOOP ( 'NONE', ( #1647, #1589, #1145, #1130 ) ) ;
#2121 = DATE_AND_TIME ( #257, #1082 ) ;
#2122 = ORIENTED_EDGE ( 'NONE', *, *, #2003, .T. ) ;
#2123 = ORIENTED_EDGE ( 'NONE', *, *, #1020, .F. ) ;
#2124 = CARTESIAN_POINT ( 'NONE',  ( 0.07786925869120739363, -0.04506467605030400198, 0.3085482515468211395 ) ) ;
#2125 = DIRECTION ( 'NONE',  ( 0.000000000000000000, -1.000000000000000000, 0.000000000000000000 ) ) ;
#2126 = CIRCLE ( 'NONE', #211, 0.2270322800757604842 ) ;
#2127 = EDGE_LOOP ( 'NONE', ( #1109, #1396, #1016, #911 ) ) ;
#2128 = CARTESIAN_POINT ( 'NONE',  ( -0.07802932939432002946, -0.04474172725004083723, 0.3085041027246130940 ) ) ;
#2129 = CARTESIAN_POINT ( 'NONE',  ( -0.07812500000000000000, 0.04420337998483071101, 0.3094374999999999765 ) ) ;
#2130 = ORGANIZATION ( 'UNSPECIFIED', 'UNSPECIFIED', '' ) ;
#2131 = CIRCLE ( 'NONE', #1703, 0.2742570507083220144 ) ;
#2132 = B_SPLINE_CURVE_WITH_KNOTS ( 'NONE', 3,
 ( #1879, #1365, #1175, #1335, #361, #341, #515, #1693, #2015, #1712, #191, #1507, #11, #1183, #858, #1867, #171, #841, #494, #677, #150, #2044 ),
 .UNSPECIFIED., .F., .F.,
 ( 4, 3, 3, 3, 3, 3, 3, 4 ),
 ( 0.000000000000000000, 1.257646521626739795E-05, 1.943021604748213898E-05, 2.362360756527154488E-05, 3.041853298761839136E-05, 3.371313053815906560E-05, 4.498796487310020842E-05, 4.708095617916664347E-05 ),
 .UNSPECIFIED. ) ;
#2133 = LINE ( 'NONE', #1431, #329 ) ;
#2134 = DIRECTION ( 'NONE',  ( 1.000000000000000000, 0.000000000000000000, 0.000000000000000000 ) ) ;
#2135 = ADVANCED_FACE ( 'NONE', ( #349 ), #251, .T. ) ;
#2136 = DIRECTION ( 'NONE',  ( -1.416073927067856155E-14, -0.8997333114503663909, -0.4364401084531051578 ) ) ;
#2137 = PLANE ( 'NONE',  #360 ) ;
#2138 = CARTESIAN_POINT ( 'NONE',  ( 0.07656250000000003331, -0.04420337998483075265, -0.01467581744561670745 ) ) ;
#2139 = ORIENTED_EDGE ( 'NONE', *, *, #620, .T. ) ;
#2140 = DIRECTION ( 'NONE',  ( 0.000000000000000000, 1.000000000000000000, 0.000000000000000000 ) ) ;
#2141 = LINE ( 'NONE', #1785, #879 ) ;
#2142 = ORIENTED_EDGE ( 'NONE', *, *, #337, .F. ) ;
#2143 = CARTESIAN_POINT ( 'NONE',  ( 0.07812500000000001388, 0.03733205845142263668, 0.3048101758191731347 ) ) ;
#2144 = FACE_OUTER_BOUND ( 'NONE', #2184, .T. ) ;
#2145 = FACE_OUTER_BOUND ( 'NONE', #401, .T. ) ;
#2146 = CARTESIAN_POINT ( 'NONE',  ( 0.07799012578923895933, -0.04483843183775296226, 0.3085319306340671419 ) ) ;
#2147 = ADVANCED_FACE ( 'NONE', ( #1851 ), #1376, .T. ) ;
#2148 = DIRECTION ( 'NONE',  ( -0.7791919043471079442, -0.4498666557251812526, 0.4364401084531172592 ) ) ;
#2149 = ORIENTED_EDGE ( 'NONE', *, *, #1889, .T. ) ;
#2150 = LINE ( 'NONE', #301, #285 ) ;
#2151 = CARTESIAN_POINT ( 'NONE',  ( 0.07717778092572691317, 0.04634095709664345225, 0.3092481521353551699 ) ) ;
#2152 = CARTESIAN_POINT ( 'NONE',  ( 0.07812500000000001388, 0.03015071922724308837, 0.3019167385714481844 ) ) ;
#2153 = DIRECTION ( 'NONE',  ( 1.000000000000000000, -3.278217592397116335E-14, 0.000000000000000000 ) ) ;
#2154 = CARTESIAN_POINT ( 'NONE',  ( -0.07705695240260175549, -0.04572212734830474051, 0.3088260042650137205 ) ) ;
#2155 = CARTESIAN_POINT ( 'NONE',  ( 0.07811163461761377880, -0.04445463831455764153, 0.3083643616719137226 ) ) ;
#2156 = CARTESIAN_POINT ( 'NONE',  ( 0.07872133654424147420, -0.04366744034106789102, 0.3092481521353552254 ) ) ;
#2157 = ADVANCED_FACE ( 'NONE', ( #1206, #985 ), #1677, .T. ) ;
#2158 = EDGE_CURVE ( 'NONE', #1087, #939, #890, .T. ) ;
#2160 = EDGE_LOOP ( 'NONE', ( #1506, #1434 ) ) ;
#2159 = AXIS2_PLACEMENT_3D ( 'NONE', #50, #574, #714 ) ;
#2161 = DIRECTION ( 'NONE',  ( 1.000000000000000000, 0.000000000000000000, 0.000000000000000000 ) ) ;
#2162 = DIRECTION ( 'NONE',  ( 1.000000000000000000, 0.000000000000000000, 0.000000000000000000 ) ) ;
#2163 = CIRCLE ( 'NONE', #1164, 0.001562500000000001605 ) ;
#2164 = CONICAL_SURFACE ( 'NONE', #949, 0.09177347956087902880, 0.7853981633974500554 ) ;
#2165 = PLANE ( 'NONE',  #2057 ) ;
#2166 = DIRECTION ( 'NONE',  ( -0.000000000000000000, -0.000000000000000000, -1.000000000000000000 ) ) ;
#2167 = AXIS2_PLACEMENT_3D ( 'NONE', #303, #1810, #1489 ) ;
#2168 = AXIS2_PLACEMENT_3D ( 'NONE', #1242, #1073, #1760 ) ;
#2169 = CARTESIAN_POINT ( 'NONE',  ( 0.07858264565439604388, 3.963953490208948166E-15, 0.2978091660935170415 ) ) ;
#2170 = ORIENTED_EDGE ( 'NONE', *, *, #484, .F. ) ;
#2171 =( BOUNDED_SURFACE ( )  B_SPLINE_SURFACE ( 3, 2, ( 
 ( #1684, #327, #1354 ),
 ( #1888, #1363, #533 ),
 ( #1203, #188, #157 ),
 ( #1171, #837, #2179 ) ),
 .UNSPECIFIED., .F., .F., .F. ) 
 B_SPLINE_SURFACE_WITH_KNOTS ( ( 4, 4 ),
 ( 3, 3 ),
 ( 0.0001166966778214827209, 0.0002019655231482242800 ),
 ( 0.000000000000000000, 1.000000000000000000 ),
 .UNSPECIFIED. ) 
 GEOMETRIC_REPRESENTATION_ITEM ( )  RATIONAL_B_SPLINE_SURFACE ( (
 ( 1.000000000000000000, 0.8995400523838537055, 1.000000000000000000),
 ( 1.000000000000000000, 0.9315867708301466266, 1.000000000000000000),
 ( 1.000000000000000000, 0.9316815289632431885, 1.000000000000000000),
 ( 1.000000000000000000, 0.8995400523838199547, 1.000000000000000000) ) ) 
 REPRESENTATION_ITEM ( '' )  SURFACE ( )  );
#2172 = CARTESIAN_POINT ( 'NONE',  ( 0.0007812499999999829130, -0.08975992466307464168, 0.2255624999999999714 ) ) ;
#2173 = ORIENTED_EDGE ( 'NONE', *, *, #1346, .T. ) ;
#2174 = ORIENTED_EDGE ( 'NONE', *, *, #1548, .T. ) ;
#2175 = CARTESIAN_POINT ( 'NONE',  ( -0.07724716502331133161, 0.04630047731833096536, 0.3092868191377860509 ) ) ;
#2176 = CARTESIAN_POINT ( 'NONE',  ( -0.001543555618516815296, -0.09000839743771303636, 0.3092481521353566132 ) ) ;
#2177 = EDGE_CURVE ( 'NONE', #823, #1886, #1812, .T. ) ;
#2178 = CARTESIAN_POINT ( 'NONE',  ( -0.07811166708051145435, 0.04580829978372685102, 0.3097745968407603079 ) ) ;
#2179 = CARTESIAN_POINT ( 'NONE',  ( 0.001543555618516814863, 0.09000839743771298085, 0.3092481521353565577 ) ) ;
#2180 = EDGE_LOOP ( 'NONE', ( #1210, #1704, #206, #1322 ) ) ;
#2181 = VERTEX_POINT ( 'NONE', #1241 ) ;
#2182 = CARTESIAN_POINT ( 'NONE',  ( -1.680726792977036845E-17, -0.08840675996966146366, 0.2255624999999999714 ) ) ;
#2183 = EDGE_CURVE ( 'NONE', #630, #1907, #1238, .T. ) ;
#2184 = EDGE_LOOP ( 'NONE', ( #2006, #1448, #1827, #1263 ) ) ;
#2185 = FACE_OUTER_BOUND ( 'NONE', #2180, .T. ) ;
#2186 = DIRECTION ( 'NONE',  ( 0.000000000000000000, 0.000000000000000000, -1.000000000000000000 ) ) ;
#2187 = CARTESIAN_POINT ( 'NONE',  ( 0.07812500000000004163, -0.01537094076414649395, 0.2978584084789707154 ) ) ;
#2188 = DIRECTION ( 'NONE',  ( -0.000000000000000000, -0.000000000000000000, -1.000000000000000000 ) ) ;
#2189 = EDGE_CURVE ( 'NONE', #772, #844, #181, .T. ) ;
#2190 = CARTESIAN_POINT ( 'NONE',  ( 0.000000000000000000, -3.414809992080329023E-17, 0.2092556535875683688 ) ) ;
#2191 = ORIENTED_EDGE ( 'NONE', *, *, #1651, .T. ) ;
#2192 = CARTESIAN_POINT ( 'NONE',  ( -0.07796785406177550448, 0.04488849970599294303, 0.3085430324034164062 ) ) ;
ENDSEC;
END-ISO-10303-21;
