ISO-10303-21;
HEADER;
FILE_DESCRIPTION(('Open CASCADE Model'),'2;1');
FILE_NAME('truck-cupholder-revA','2026-08-30T18:17:48',('Author'),(
    'Open CASCADE'),'Open CASCADE STEP processor 7.9','build123d',
  'Unknown');
FILE_SCHEMA(('AUTOMOTIVE_DESIGN { 1 0 10303 214 1 1 1 1 }'));
ENDSEC;
DATA;
#1 = APPLICATION_PROTOCOL_DEFINITION('international standard',
  'automotive_design',2000,#2);
#2 = APPLICATION_CONTEXT(
  'core data for automotive mechanical design processes');
#3 = SHAPE_DEFINITION_REPRESENTATION(#4,#10);
#4 = PRODUCT_DEFINITION_SHAPE('','',#5);
#5 = PRODUCT_DEFINITION('design','',#6,#9);
#6 = PRODUCT_DEFINITION_FORMATION('','',#7);
#7 = PRODUCT('truck-cupholder-revA','truck-cupholder-revA','',(#8));
#8 = PRODUCT_CONTEXT('',#2,'mechanical');
#9 = PRODUCT_DEFINITION_CONTEXT('part definition',#2,'design');
#10 = SHAPE_REPRESENTATION('',(#11,#15,#19,#23,#27,#31),#35);
#11 = AXIS2_PLACEMENT_3D('',#12,#13,#14);
#12 = CARTESIAN_POINT('',(0.,0.,0.));
#13 = DIRECTION('',(0.,0.,1.));
#14 = DIRECTION('',(1.,0.,-0.));
#15 = AXIS2_PLACEMENT_3D('',#16,#17,#18);
#16 = CARTESIAN_POINT('',(0.,0.,0.));
#17 = DIRECTION('',(0.,0.,1.));
#18 = DIRECTION('',(1.,0.,-0.));
#19 = AXIS2_PLACEMENT_3D('',#20,#21,#22);
#20 = CARTESIAN_POINT('',(-47.625,0.,0.));
#21 = DIRECTION('',(0.,0.,1.));
#22 = DIRECTION('',(1.,0.,-0.));
#23 = AXIS2_PLACEMENT_3D('',#24,#25,#26);
#24 = CARTESIAN_POINT('',(47.625,0.,0.));
#25 = DIRECTION('',(0.,0.,1.));
#26 = DIRECTION('',(-1.,1.224646799147E-16,0.));
#27 = AXIS2_PLACEMENT_3D('',#28,#29,#30);
#28 = CARTESIAN_POINT('',(-47.625,0.,0.));
#29 = DIRECTION('',(0.,0.,1.));
#30 = DIRECTION('',(1.,0.,-0.));
#31 = AXIS2_PLACEMENT_3D('',#32,#33,#34);
#32 = CARTESIAN_POINT('',(47.625,0.,0.));
#33 = DIRECTION('',(0.,0.,1.));
#34 = DIRECTION('',(1.,0.,-0.));
#35 = ( GEOMETRIC_REPRESENTATION_CONTEXT(3) 
GLOBAL_UNCERTAINTY_ASSIGNED_CONTEXT((#39)) GLOBAL_UNIT_ASSIGNED_CONTEXT(
(#36,#37,#38)) REPRESENTATION_CONTEXT('Context #1',
  '3D Context with UNIT and UNCERTAINTY') );
#36 = ( LENGTH_UNIT() NAMED_UNIT(*) SI_UNIT(.MILLI.,.METRE.) );
#37 = ( NAMED_UNIT(*) PLANE_ANGLE_UNIT() SI_UNIT($,.RADIAN.) );
#38 = ( NAMED_UNIT(*) SI_UNIT($,.STERADIAN.) SOLID_ANGLE_UNIT() );
#39 = UNCERTAINTY_MEASURE_WITH_UNIT(LENGTH_MEASURE(5.E-06),#36,
  'distance_accuracy_value','confusion accuracy');
#40 = PRODUCT_RELATED_PRODUCT_CATEGORY('part',$,(#7));
#41 = SHAPE_DEFINITION_REPRESENTATION(#42,#48);
#42 = PRODUCT_DEFINITION_SHAPE('','',#43);
#43 = PRODUCT_DEFINITION('design','',#44,#47);
#44 = PRODUCT_DEFINITION_FORMATION('','',#45);
#45 = PRODUCT('base','base','',(#46));
#46 = PRODUCT_CONTEXT('',#2,'mechanical');
#47 = PRODUCT_DEFINITION_CONTEXT('part definition',#2,'design');
#48 = ADVANCED_BREP_SHAPE_REPRESENTATION('',(#11,#49),#6385);
#49 = MANIFOLD_SOLID_BREP('',#50);
#50 = CLOSED_SHELL('',(#51,#162,#209,#1182,#1705,#1781,#1886,#1981,#2008
    ,#2084,#2189,#2238,#2311,#2387,#2492,#2587,#2614,#2687,#2735,#2839,
    #2943,#3369,#3795,#3889,#3983,#4031,#4079,#4157,#4235,#4329,#4423,
    #4470,#4497,#4573,#4678,#4773,#4800,#4848,#4945,#4993,#5020,#5117,
    #5144,#5192,#5289,#5316,#5364,#5461,#5488,#5515,#5542,#5549,#5576,
    #5603,#5610,#5637,#5664,#5671,#5840,#5867,#5928,#5955,#6016,#6043,
    #6070,#6077,#6104,#6131,#6138,#6165,#6192,#6199,#6226,#6253,#6260,
    #6267,#6274,#6301,#6328,#6335,#6360));
#51 = ADVANCED_FACE('',(#52),#66,.T.);
#52 = FACE_BOUND('',#53,.F.);
#53 = EDGE_LOOP('',(#54,#87,#115,#136));
#54 = ORIENTED_EDGE('',*,*,#55,.T.);
#55 = EDGE_CURVE('',#56,#58,#60,.T.);
#56 = VERTEX_POINT('',#57);
#57 = CARTESIAN_POINT('',(-7.416511849101E-13,-31.59085112813,0.));
#58 = VERTEX_POINT('',#59);
#59 = CARTESIAN_POINT('',(-7.416511849101E-13,-31.59085112813,3.3528));
#60 = SURFACE_CURVE('',#61,(#65,#76),.PCURVE_S1.);
#61 = LINE('',#62,#63);
#62 = CARTESIAN_POINT('',(-7.416511849101E-13,-31.59085112813,0.));
#63 = VECTOR('',#64,1.);
#64 = DIRECTION('',(0.,0.,1.));
#65 = PCURVE('',#66,#71);
#66 = CYLINDRICAL_SURFACE('',#67,57.15);
#67 = AXIS2_PLACEMENT_3D('',#68,#69,#70);
#68 = CARTESIAN_POINT('',(47.625,0.,0.));
#69 = DIRECTION('',(-0.,-0.,-1.));
#70 = DIRECTION('',(-0.833333333333,-0.552770798393,0.));
#71 = DEFINITIONAL_REPRESENTATION('',(#72),#75);
#72 = B_SPLINE_CURVE_WITH_KNOTS('',1,(#73,#74),.UNSPECIFIED.,.F.,.F.,(2,
    2),(0.,3.3528),.PIECEWISE_BEZIER_KNOTS.);
#73 = CARTESIAN_POINT('',(0.,0.));
#74 = CARTESIAN_POINT('',(0.,-3.3528));
#75 = ( GEOMETRIC_REPRESENTATION_CONTEXT(2) 
PARAMETRIC_REPRESENTATION_CONTEXT() REPRESENTATION_CONTEXT('2D SPACE',''
  ) );
#76 = PCURVE('',#77,#82);
#77 = CYLINDRICAL_SURFACE('',#78,57.15);
#78 = AXIS2_PLACEMENT_3D('',#79,#80,#81);
#79 = CARTESIAN_POINT('',(-47.625,0.,0.));
#80 = DIRECTION('',(-0.,-0.,-1.));
#81 = DIRECTION('',(1.,0.,-0.));
#82 = DEFINITIONAL_REPRESENTATION('',(#83),#86);
#83 = B_SPLINE_CURVE_WITH_KNOTS('',1,(#84,#85),.UNSPECIFIED.,.F.,.F.,(2,
    2),(0.,3.3528),.PIECEWISE_BEZIER_KNOTS.);
#84 = CARTESIAN_POINT('',(-5.697499763722,0.));
#85 = CARTESIAN_POINT('',(-5.697499763722,-3.3528));
#86 = ( GEOMETRIC_REPRESENTATION_CONTEXT(2) 
PARAMETRIC_REPRESENTATION_CONTEXT() REPRESENTATION_CONTEXT('2D SPACE',''
  ) );
#87 = ORIENTED_EDGE('',*,*,#88,.T.);
#88 = EDGE_CURVE('',#58,#89,#91,.T.);
#89 = VERTEX_POINT('',#90);
#90 = CARTESIAN_POINT('',(-7.247313860148E-13,31.590851128138,3.3528));
#91 = SURFACE_CURVE('',#92,(#97,#103),.PCURVE_S1.);
#92 = CIRCLE('',#93,57.15);
#93 = AXIS2_PLACEMENT_3D('',#94,#95,#96);
#94 = CARTESIAN_POINT('',(47.625,0.,3.3528));
#95 = DIRECTION('',(0.,0.,1.));
#96 = DIRECTION('',(-0.833333333333,-0.552770798393,0.));
#97 = PCURVE('',#66,#98);
#98 = DEFINITIONAL_REPRESENTATION('',(#99),#102);
#99 = B_SPLINE_CURVE_WITH_KNOTS('',1,(#100,#101),.UNSPECIFIED.,.F.,.F.,(
    2,2),(0.,5.111814220265),.PIECEWISE_BEZIER_KNOTS.);
#100 = CARTESIAN_POINT('',(0.,-3.3528));
#101 = CARTESIAN_POINT('',(-5.111814220265,-3.3528));
#102 = ( GEOMETRIC_REPRESENTATION_CONTEXT(2) 
PARAMETRIC_REPRESENTATION_CONTEXT() REPRESENTATION_CONTEXT('2D SPACE',''
  ) );
#103 = PCURVE('',#104,#109);
#104 = PLANE('',#105);
#105 = AXIS2_PLACEMENT_3D('',#106,#107,#108);
#106 = CARTESIAN_POINT('',(-47.625,5.385487706847E-15,3.3528));
#107 = DIRECTION('',(0.,0.,1.));
#108 = DIRECTION('',(1.,0.,-0.));
#109 = DEFINITIONAL_REPRESENTATION('',(#110),#114);
#110 = CIRCLE('',#111,57.15);
#111 = AXIS2_PLACEMENT_2D('',#112,#113);
#112 = CARTESIAN_POINT('',(95.25,-5.385487706847E-15));
#113 = DIRECTION('',(-0.833333333333,-0.552770798393));
#114 = ( GEOMETRIC_REPRESENTATION_CONTEXT(2) 
PARAMETRIC_REPRESENTATION_CONTEXT() REPRESENTATION_CONTEXT('2D SPACE',''
  ) );
#115 = ORIENTED_EDGE('',*,*,#116,.F.);
#116 = EDGE_CURVE('',#117,#89,#119,.T.);
#117 = VERTEX_POINT('',#118);
#118 = CARTESIAN_POINT('',(-7.247313860148E-13,31.590851128138,0.));
#119 = SURFACE_CURVE('',#120,(#124,#130),.PCURVE_S1.);
#120 = LINE('',#121,#122);
#121 = CARTESIAN_POINT('',(-7.247313860148E-13,31.590851128138,0.));
#122 = VECTOR('',#123,1.);
#123 = DIRECTION('',(0.,0.,1.));
#124 = PCURVE('',#66,#125);
#125 = DEFINITIONAL_REPRESENTATION('',(#126),#129);
#126 = B_SPLINE_CURVE_WITH_KNOTS('',1,(#127,#128),.UNSPECIFIED.,.F.,.F.,
  (2,2),(0.,3.3528),.PIECEWISE_BEZIER_KNOTS.);
#127 = CARTESIAN_POINT('',(-5.111814220265,0.));
#128 = CARTESIAN_POINT('',(-5.111814220265,-3.3528));
#129 = ( GEOMETRIC_REPRESENTATION_CONTEXT(2) 
PARAMETRIC_REPRESENTATION_CONTEXT() REPRESENTATION_CONTEXT('2D SPACE',''
  ) );
#130 = PCURVE('',#77,#131);
#131 = DEFINITIONAL_REPRESENTATION('',(#132),#135);
#132 = B_SPLINE_CURVE_WITH_KNOTS('',1,(#133,#134),.UNSPECIFIED.,.F.,.F.,
  (2,2),(0.,3.3528),.PIECEWISE_BEZIER_KNOTS.);
#133 = CARTESIAN_POINT('',(-0.585685543457,0.));
#134 = CARTESIAN_POINT('',(-0.585685543457,-3.3528));
#135 = ( GEOMETRIC_REPRESENTATION_CONTEXT(2) 
PARAMETRIC_REPRESENTATION_CONTEXT() REPRESENTATION_CONTEXT('2D SPACE',''
  ) );
#136 = ORIENTED_EDGE('',*,*,#137,.F.);
#137 = EDGE_CURVE('',#56,#117,#138,.T.);
#138 = SURFACE_CURVE('',#139,(#144,#150),.PCURVE_S1.);
#139 = CIRCLE('',#140,57.15);
#140 = AXIS2_PLACEMENT_3D('',#141,#142,#143);
#141 = CARTESIAN_POINT('',(47.625,0.,0.));
#142 = DIRECTION('',(0.,0.,1.));
#143 = DIRECTION('',(-0.833333333333,-0.552770798393,0.));
#144 = PCURVE('',#66,#145);
#145 = DEFINITIONAL_REPRESENTATION('',(#146),#149);
#146 = B_SPLINE_CURVE_WITH_KNOTS('',1,(#147,#148),.UNSPECIFIED.,.F.,.F.,
  (2,2),(0.,5.111814220265),.PIECEWISE_BEZIER_KNOTS.);
#147 = CARTESIAN_POINT('',(0.,0.));
#148 = CARTESIAN_POINT('',(-5.111814220265,0.));
#149 = ( GEOMETRIC_REPRESENTATION_CONTEXT(2) 
PARAMETRIC_REPRESENTATION_CONTEXT() REPRESENTATION_CONTEXT('2D SPACE',''
  ) );
#150 = PCURVE('',#151,#156);
#151 = PLANE('',#152);
#152 = AXIS2_PLACEMENT_3D('',#153,#154,#155);
#153 = CARTESIAN_POINT('',(-47.625,5.385487706847E-15,0.));
#154 = DIRECTION('',(0.,0.,1.));
#155 = DIRECTION('',(1.,0.,-0.));
#156 = DEFINITIONAL_REPRESENTATION('',(#157),#161);
#157 = CIRCLE('',#158,57.15);
#158 = AXIS2_PLACEMENT_2D('',#159,#160);
#159 = CARTESIAN_POINT('',(95.25,-5.385487706847E-15));
#160 = DIRECTION('',(-0.833333333333,-0.552770798393));
#161 = ( GEOMETRIC_REPRESENTATION_CONTEXT(2) 
PARAMETRIC_REPRESENTATION_CONTEXT() REPRESENTATION_CONTEXT('2D SPACE',''
  ) );
#162 = ADVANCED_FACE('',(#163),#77,.T.);
#163 = FACE_BOUND('',#164,.F.);
#164 = EDGE_LOOP('',(#165,#166,#187,#188));
#165 = ORIENTED_EDGE('',*,*,#116,.T.);
#166 = ORIENTED_EDGE('',*,*,#167,.T.);
#167 = EDGE_CURVE('',#89,#58,#168,.T.);
#168 = SURFACE_CURVE('',#169,(#174,#180),.PCURVE_S1.);
#169 = CIRCLE('',#170,57.15);
#170 = AXIS2_PLACEMENT_3D('',#171,#172,#173);
#171 = CARTESIAN_POINT('',(-47.625,0.,3.3528));
#172 = DIRECTION('',(0.,0.,1.));
#173 = DIRECTION('',(1.,0.,-0.));
#174 = PCURVE('',#77,#175);
#175 = DEFINITIONAL_REPRESENTATION('',(#176),#179);
#176 = B_SPLINE_CURVE_WITH_KNOTS('',1,(#177,#178),.UNSPECIFIED.,.F.,.F.,
  (2,2),(0.585685543457,5.697499763722),.PIECEWISE_BEZIER_KNOTS.);
#177 = CARTESIAN_POINT('',(-0.585685543457,-3.3528));
#178 = CARTESIAN_POINT('',(-5.697499763722,-3.3528));
#179 = ( GEOMETRIC_REPRESENTATION_CONTEXT(2) 
PARAMETRIC_REPRESENTATION_CONTEXT() REPRESENTATION_CONTEXT('2D SPACE',''
  ) );
#180 = PCURVE('',#104,#181);
#181 = DEFINITIONAL_REPRESENTATION('',(#182),#186);
#182 = CIRCLE('',#183,57.15);
#183 = AXIS2_PLACEMENT_2D('',#184,#185);
#184 = CARTESIAN_POINT('',(0.,-5.385487706847E-15));
#185 = DIRECTION('',(1.,0.));
#186 = ( GEOMETRIC_REPRESENTATION_CONTEXT(2) 
PARAMETRIC_REPRESENTATION_CONTEXT() REPRESENTATION_CONTEXT('2D SPACE',''
  ) );
#187 = ORIENTED_EDGE('',*,*,#55,.F.);
#188 = ORIENTED_EDGE('',*,*,#189,.F.);
#189 = EDGE_CURVE('',#117,#56,#190,.T.);
#190 = SURFACE_CURVE('',#191,(#196,#202),.PCURVE_S1.);
#191 = CIRCLE('',#192,57.15);
#192 = AXIS2_PLACEMENT_3D('',#193,#194,#195);
#193 = CARTESIAN_POINT('',(-47.625,0.,0.));
#194 = DIRECTION('',(0.,0.,1.));
#195 = DIRECTION('',(1.,0.,-0.));
#196 = PCURVE('',#77,#197);
#197 = DEFINITIONAL_REPRESENTATION('',(#198),#201);
#198 = B_SPLINE_CURVE_WITH_KNOTS('',1,(#199,#200),.UNSPECIFIED.,.F.,.F.,
  (2,2),(0.585685543457,5.697499763722),.PIECEWISE_BEZIER_KNOTS.);
#199 = CARTESIAN_POINT('',(-0.585685543457,0.));
#200 = CARTESIAN_POINT('',(-5.697499763722,0.));
#201 = ( GEOMETRIC_REPRESENTATION_CONTEXT(2) 
PARAMETRIC_REPRESENTATION_CONTEXT() REPRESENTATION_CONTEXT('2D SPACE',''
  ) );
#202 = PCURVE('',#151,#203);
#203 = DEFINITIONAL_REPRESENTATION('',(#204),#208);
#204 = CIRCLE('',#205,57.15);
#205 = AXIS2_PLACEMENT_2D('',#206,#207);
#206 = CARTESIAN_POINT('',(0.,-5.385487706847E-15));
#207 = DIRECTION('',(1.,0.));
#208 = ( GEOMETRIC_REPRESENTATION_CONTEXT(2) 
PARAMETRIC_REPRESENTATION_CONTEXT() REPRESENTATION_CONTEXT('2D SPACE',''
  ) );
#209 = ADVANCED_FACE('',(#210,#214,#328,#442,#556,#1068),#151,.F.);
#210 = FACE_BOUND('',#211,.F.);
#211 = EDGE_LOOP('',(#212,#213));
#212 = ORIENTED_EDGE('',*,*,#137,.T.);
#213 = ORIENTED_EDGE('',*,*,#189,.T.);
#214 = FACE_BOUND('',#215,.F.);
#215 = EDGE_LOOP('',(#216,#246,#274,#302));
#216 = ORIENTED_EDGE('',*,*,#217,.T.);
#217 = EDGE_CURVE('',#218,#220,#222,.T.);
#218 = VERTEX_POINT('',#219);
#219 = CARTESIAN_POINT('',(-54.9275,-47.07464827685,0.));
#220 = VERTEX_POINT('',#221);
#221 = CARTESIAN_POINT('',(-37.1475,-47.07464827685,0.));
#222 = SURFACE_CURVE('',#223,(#227,#234),.PCURVE_S1.);
#223 = LINE('',#224,#225);
#224 = CARTESIAN_POINT('',(-42.38625,-47.07464827685,0.));
#225 = VECTOR('',#226,1.);
#226 = DIRECTION('',(1.,-1.224646799147E-16,0.));
#227 = PCURVE('',#151,#228);
#228 = DEFINITIONAL_REPRESENTATION('',(#229),#233);
#229 = LINE('',#230,#231);
#230 = CARTESIAN_POINT('',(5.23875,-47.07464827685));
#231 = VECTOR('',#232,1.);
#232 = DIRECTION('',(1.,-1.224646799147E-16));
#233 = ( GEOMETRIC_REPRESENTATION_CONTEXT(2) 
PARAMETRIC_REPRESENTATION_CONTEXT() REPRESENTATION_CONTEXT('2D SPACE',''
  ) );
#234 = PCURVE('',#235,#240);
#235 = PLANE('',#236);
#236 = AXIS2_PLACEMENT_3D('',#237,#238,#239);
#237 = CARTESIAN_POINT('',(-37.1475,-47.07464827685,-18.288));
#238 = DIRECTION('',(-1.224646799147E-16,-1.,0.));
#239 = DIRECTION('',(0.,0.,1.));
#240 = DEFINITIONAL_REPRESENTATION('',(#241),#245);
#241 = LINE('',#242,#243);
#242 = CARTESIAN_POINT('',(18.288,5.23875));
#243 = VECTOR('',#244,1.);
#244 = DIRECTION('',(0.,-1.));
#245 = ( GEOMETRIC_REPRESENTATION_CONTEXT(2) 
PARAMETRIC_REPRESENTATION_CONTEXT() REPRESENTATION_CONTEXT('2D SPACE',''
  ) );
#246 = ORIENTED_EDGE('',*,*,#247,.T.);
#247 = EDGE_CURVE('',#220,#248,#250,.T.);
#248 = VERTEX_POINT('',#249);
#249 = CARTESIAN_POINT('',(-37.1475,-48.72564827685,0.));
#250 = SURFACE_CURVE('',#251,(#255,#262),.PCURVE_S1.);
#251 = LINE('',#252,#253);
#252 = CARTESIAN_POINT('',(-37.1475,-23.53732413842,0.));
#253 = VECTOR('',#254,1.);
#254 = DIRECTION('',(-1.224646799147E-16,-1.,0.));
#255 = PCURVE('',#151,#256);
#256 = DEFINITIONAL_REPRESENTATION('',(#257),#261);
#257 = LINE('',#258,#259);
#258 = CARTESIAN_POINT('',(10.4775,-23.53732413842));
#259 = VECTOR('',#260,1.);
#260 = DIRECTION('',(-1.224646799147E-16,-1.));
#261 = ( GEOMETRIC_REPRESENTATION_CONTEXT(2) 
PARAMETRIC_REPRESENTATION_CONTEXT() REPRESENTATION_CONTEXT('2D SPACE',''
  ) );
#262 = PCURVE('',#263,#268);
#263 = PLANE('',#264);
#264 = AXIS2_PLACEMENT_3D('',#265,#266,#267);
#265 = CARTESIAN_POINT('',(-37.1475,-47.07464827685,-18.288));
#266 = DIRECTION('',(-1.,1.224646799147E-16,0.));
#267 = DIRECTION('',(0.,0.,1.));
#268 = DEFINITIONAL_REPRESENTATION('',(#269),#273);
#269 = LINE('',#270,#271);
#270 = CARTESIAN_POINT('',(18.288,23.537324138429));
#271 = VECTOR('',#272,1.);
#272 = DIRECTION('',(0.,-1.));
#273 = ( GEOMETRIC_REPRESENTATION_CONTEXT(2) 
PARAMETRIC_REPRESENTATION_CONTEXT() REPRESENTATION_CONTEXT('2D SPACE',''
  ) );
#274 = ORIENTED_EDGE('',*,*,#275,.F.);
#275 = EDGE_CURVE('',#276,#248,#278,.T.);
#276 = VERTEX_POINT('',#277);
#277 = CARTESIAN_POINT('',(-54.9275,-48.72564827685,0.));
#278 = SURFACE_CURVE('',#279,(#283,#290),.PCURVE_S1.);
#279 = LINE('',#280,#281);
#280 = CARTESIAN_POINT('',(-42.38625,-48.72564827685,0.));
#281 = VECTOR('',#282,1.);
#282 = DIRECTION('',(1.,-1.224646799147E-16,0.));
#283 = PCURVE('',#151,#284);
#284 = DEFINITIONAL_REPRESENTATION('',(#285),#289);
#285 = LINE('',#286,#287);
#286 = CARTESIAN_POINT('',(5.23875,-48.72564827685));
#287 = VECTOR('',#288,1.);
#288 = DIRECTION('',(1.,-1.224646799147E-16));
#289 = ( GEOMETRIC_REPRESENTATION_CONTEXT(2) 
PARAMETRIC_REPRESENTATION_CONTEXT() REPRESENTATION_CONTEXT('2D SPACE',''
  ) );
#290 = PCURVE('',#291,#296);
#291 = PLANE('',#292);
#292 = AXIS2_PLACEMENT_3D('',#293,#294,#295);
#293 = CARTESIAN_POINT('',(-37.1475,-48.72564827685,-18.288));
#294 = DIRECTION('',(-1.224646799147E-16,-1.,0.));
#295 = DIRECTION('',(0.,0.,1.));
#296 = DEFINITIONAL_REPRESENTATION('',(#297),#301);
#297 = LINE('',#298,#299);
#298 = CARTESIAN_POINT('',(18.288,5.23875));
#299 = VECTOR('',#300,1.);
#300 = DIRECTION('',(0.,-1.));
#301 = ( GEOMETRIC_REPRESENTATION_CONTEXT(2) 
PARAMETRIC_REPRESENTATION_CONTEXT() REPRESENTATION_CONTEXT('2D SPACE',''
  ) );
#302 = ORIENTED_EDGE('',*,*,#303,.F.);
#303 = EDGE_CURVE('',#218,#276,#304,.T.);
#304 = SURFACE_CURVE('',#305,(#309,#316),.PCURVE_S1.);
#305 = LINE('',#306,#307);
#306 = CARTESIAN_POINT('',(-54.9275,-23.53732413842,0.));
#307 = VECTOR('',#308,1.);
#308 = DIRECTION('',(-1.224646799147E-16,-1.,0.));
#309 = PCURVE('',#151,#310);
#310 = DEFINITIONAL_REPRESENTATION('',(#311),#315);
#311 = LINE('',#312,#313);
#312 = CARTESIAN_POINT('',(-7.3025,-23.53732413842));
#313 = VECTOR('',#314,1.);
#314 = DIRECTION('',(-1.224646799147E-16,-1.));
#315 = ( GEOMETRIC_REPRESENTATION_CONTEXT(2) 
PARAMETRIC_REPRESENTATION_CONTEXT() REPRESENTATION_CONTEXT('2D SPACE',''
  ) );
#316 = PCURVE('',#317,#322);
#317 = PLANE('',#318);
#318 = AXIS2_PLACEMENT_3D('',#319,#320,#321);
#319 = CARTESIAN_POINT('',(-54.9275,-47.07464827685,-18.288));
#320 = DIRECTION('',(-1.,1.224646799147E-16,0.));
#321 = DIRECTION('',(0.,0.,1.));
#322 = DEFINITIONAL_REPRESENTATION('',(#323),#327);
#323 = LINE('',#324,#325);
#324 = CARTESIAN_POINT('',(18.288,23.537324138429));
#325 = VECTOR('',#326,1.);
#326 = DIRECTION('',(0.,-1.));
#327 = ( GEOMETRIC_REPRESENTATION_CONTEXT(2) 
PARAMETRIC_REPRESENTATION_CONTEXT() REPRESENTATION_CONTEXT('2D SPACE',''
  ) );
#328 = FACE_BOUND('',#329,.F.);
#329 = EDGE_LOOP('',(#330,#360,#388,#416));
#330 = ORIENTED_EDGE('',*,*,#331,.T.);
#331 = EDGE_CURVE('',#332,#334,#336,.T.);
#332 = VERTEX_POINT('',#333);
#333 = CARTESIAN_POINT('',(37.1475,-47.07464827685,0.));
#334 = VERTEX_POINT('',#335);
#335 = CARTESIAN_POINT('',(54.9275,-47.07464827685,0.));
#336 = SURFACE_CURVE('',#337,(#341,#348),.PCURVE_S1.);
#337 = LINE('',#338,#339);
#338 = CARTESIAN_POINT('',(3.65125,-47.07464827685,0.));
#339 = VECTOR('',#340,1.);
#340 = DIRECTION('',(1.,-1.224646799147E-16,0.));
#341 = PCURVE('',#151,#342);
#342 = DEFINITIONAL_REPRESENTATION('',(#343),#347);
#343 = LINE('',#344,#345);
#344 = CARTESIAN_POINT('',(51.27625,-47.07464827685));
#345 = VECTOR('',#346,1.);
#346 = DIRECTION('',(1.,-1.224646799147E-16));
#347 = ( GEOMETRIC_REPRESENTATION_CONTEXT(2) 
PARAMETRIC_REPRESENTATION_CONTEXT() REPRESENTATION_CONTEXT('2D SPACE',''
  ) );
#348 = PCURVE('',#349,#354);
#349 = PLANE('',#350);
#350 = AXIS2_PLACEMENT_3D('',#351,#352,#353);
#351 = CARTESIAN_POINT('',(54.9275,-47.07464827685,-18.288));
#352 = DIRECTION('',(-1.224646799147E-16,-1.,0.));
#353 = DIRECTION('',(0.,0.,1.));
#354 = DEFINITIONAL_REPRESENTATION('',(#355),#359);
#355 = LINE('',#356,#357);
#356 = CARTESIAN_POINT('',(18.288,51.27625));
#357 = VECTOR('',#358,1.);
#358 = DIRECTION('',(0.,-1.));
#359 = ( GEOMETRIC_REPRESENTATION_CONTEXT(2) 
PARAMETRIC_REPRESENTATION_CONTEXT() REPRESENTATION_CONTEXT('2D SPACE',''
  ) );
#360 = ORIENTED_EDGE('',*,*,#361,.T.);
#361 = EDGE_CURVE('',#334,#362,#364,.T.);
#362 = VERTEX_POINT('',#363);
#363 = CARTESIAN_POINT('',(54.9275,-48.72564827685,0.));
#364 = SURFACE_CURVE('',#365,(#369,#376),.PCURVE_S1.);
#365 = LINE('',#366,#367);
#366 = CARTESIAN_POINT('',(54.9275,-23.53732413842,0.));
#367 = VECTOR('',#368,1.);
#368 = DIRECTION('',(-1.224646799147E-16,-1.,0.));
#369 = PCURVE('',#151,#370);
#370 = DEFINITIONAL_REPRESENTATION('',(#371),#375);
#371 = LINE('',#372,#373);
#372 = CARTESIAN_POINT('',(102.5525,-23.53732413842));
#373 = VECTOR('',#374,1.);
#374 = DIRECTION('',(-1.224646799147E-16,-1.));
#375 = ( GEOMETRIC_REPRESENTATION_CONTEXT(2) 
PARAMETRIC_REPRESENTATION_CONTEXT() REPRESENTATION_CONTEXT('2D SPACE',''
  ) );
#376 = PCURVE('',#377,#382);
#377 = PLANE('',#378);
#378 = AXIS2_PLACEMENT_3D('',#379,#380,#381);
#379 = CARTESIAN_POINT('',(54.9275,-47.07464827685,-18.288));
#380 = DIRECTION('',(-1.,1.224646799147E-16,0.));
#381 = DIRECTION('',(0.,0.,1.));
#382 = DEFINITIONAL_REPRESENTATION('',(#383),#387);
#383 = LINE('',#384,#385);
#384 = CARTESIAN_POINT('',(18.288,23.537324138429));
#385 = VECTOR('',#386,1.);
#386 = DIRECTION('',(0.,-1.));
#387 = ( GEOMETRIC_REPRESENTATION_CONTEXT(2) 
PARAMETRIC_REPRESENTATION_CONTEXT() REPRESENTATION_CONTEXT('2D SPACE',''
  ) );
#388 = ORIENTED_EDGE('',*,*,#389,.F.);
#389 = EDGE_CURVE('',#390,#362,#392,.T.);
#390 = VERTEX_POINT('',#391);
#391 = CARTESIAN_POINT('',(37.1475,-48.72564827685,0.));
#392 = SURFACE_CURVE('',#393,(#397,#404),.PCURVE_S1.);
#393 = LINE('',#394,#395);
#394 = CARTESIAN_POINT('',(3.65125,-48.72564827685,0.));
#395 = VECTOR('',#396,1.);
#396 = DIRECTION('',(1.,-1.224646799147E-16,0.));
#397 = PCURVE('',#151,#398);
#398 = DEFINITIONAL_REPRESENTATION('',(#399),#403);
#399 = LINE('',#400,#401);
#400 = CARTESIAN_POINT('',(51.27625,-48.72564827685));
#401 = VECTOR('',#402,1.);
#402 = DIRECTION('',(1.,-1.224646799147E-16));
#403 = ( GEOMETRIC_REPRESENTATION_CONTEXT(2) 
PARAMETRIC_REPRESENTATION_CONTEXT() REPRESENTATION_CONTEXT('2D SPACE',''
  ) );
#404 = PCURVE('',#405,#410);
#405 = PLANE('',#406);
#406 = AXIS2_PLACEMENT_3D('',#407,#408,#409);
#407 = CARTESIAN_POINT('',(54.9275,-48.72564827685,-18.288));
#408 = DIRECTION('',(-1.224646799147E-16,-1.,0.));
#409 = DIRECTION('',(0.,0.,1.));
#410 = DEFINITIONAL_REPRESENTATION('',(#411),#415);
#411 = LINE('',#412,#413);
#412 = CARTESIAN_POINT('',(18.288,51.27625));
#413 = VECTOR('',#414,1.);
#414 = DIRECTION('',(0.,-1.));
#415 = ( GEOMETRIC_REPRESENTATION_CONTEXT(2) 
PARAMETRIC_REPRESENTATION_CONTEXT() REPRESENTATION_CONTEXT('2D SPACE',''
  ) );
#416 = ORIENTED_EDGE('',*,*,#417,.F.);
#417 = EDGE_CURVE('',#332,#390,#418,.T.);
#418 = SURFACE_CURVE('',#419,(#423,#430),.PCURVE_S1.);
#419 = LINE('',#420,#421);
#420 = CARTESIAN_POINT('',(37.1475,-23.53732413842,0.));
#421 = VECTOR('',#422,1.);
#422 = DIRECTION('',(-1.224646799147E-16,-1.,0.));
#423 = PCURVE('',#151,#424);
#424 = DEFINITIONAL_REPRESENTATION('',(#425),#429);
#425 = LINE('',#426,#427);
#426 = CARTESIAN_POINT('',(84.7725,-23.53732413842));
#427 = VECTOR('',#428,1.);
#428 = DIRECTION('',(-1.224646799147E-16,-1.));
#429 = ( GEOMETRIC_REPRESENTATION_CONTEXT(2) 
PARAMETRIC_REPRESENTATION_CONTEXT() REPRESENTATION_CONTEXT('2D SPACE',''
  ) );
#430 = PCURVE('',#431,#436);
#431 = PLANE('',#432);
#432 = AXIS2_PLACEMENT_3D('',#433,#434,#435);
#433 = CARTESIAN_POINT('',(37.1475,-47.07464827685,-18.288));
#434 = DIRECTION('',(-1.,1.224646799147E-16,0.));
#435 = DIRECTION('',(0.,0.,1.));
#436 = DEFINITIONAL_REPRESENTATION('',(#437),#441);
#437 = LINE('',#438,#439);
#438 = CARTESIAN_POINT('',(18.288,23.537324138429));
#439 = VECTOR('',#440,1.);
#440 = DIRECTION('',(0.,-1.));
#441 = ( GEOMETRIC_REPRESENTATION_CONTEXT(2) 
PARAMETRIC_REPRESENTATION_CONTEXT() REPRESENTATION_CONTEXT('2D SPACE',''
  ) );
#442 = FACE_BOUND('',#443,.F.);
#443 = EDGE_LOOP('',(#444,#474,#502,#530));
#444 = ORIENTED_EDGE('',*,*,#445,.T.);
#445 = EDGE_CURVE('',#446,#448,#450,.T.);
#446 = VERTEX_POINT('',#447);
#447 = CARTESIAN_POINT('',(-37.1475,47.074648276857,0.));
#448 = VERTEX_POINT('',#449);
#449 = CARTESIAN_POINT('',(-54.9275,47.074648276857,0.));
#450 = SURFACE_CURVE('',#451,(#455,#462),.PCURVE_S1.);
#451 = LINE('',#452,#453);
#452 = CARTESIAN_POINT('',(-51.27625,47.074648276857,0.));
#453 = VECTOR('',#454,1.);
#454 = DIRECTION('',(-1.,0.,0.));
#455 = PCURVE('',#151,#456);
#456 = DEFINITIONAL_REPRESENTATION('',(#457),#461);
#457 = LINE('',#458,#459);
#458 = CARTESIAN_POINT('',(-3.65125,47.074648276857));
#459 = VECTOR('',#460,1.);
#460 = DIRECTION('',(-1.,0.));
#461 = ( GEOMETRIC_REPRESENTATION_CONTEXT(2) 
PARAMETRIC_REPRESENTATION_CONTEXT() REPRESENTATION_CONTEXT('2D SPACE',''
  ) );
#462 = PCURVE('',#463,#468);
#463 = PLANE('',#464);
#464 = AXIS2_PLACEMENT_3D('',#465,#466,#467);
#465 = CARTESIAN_POINT('',(-54.9275,47.074648276857,-18.288));
#466 = DIRECTION('',(0.,1.,0.));
#467 = DIRECTION('',(0.,0.,1.));
#468 = DEFINITIONAL_REPRESENTATION('',(#469),#473);
#469 = LINE('',#470,#471);
#470 = CARTESIAN_POINT('',(18.288,3.65125));
#471 = VECTOR('',#472,1.);
#472 = DIRECTION('',(0.,-1.));
#473 = ( GEOMETRIC_REPRESENTATION_CONTEXT(2) 
PARAMETRIC_REPRESENTATION_CONTEXT() REPRESENTATION_CONTEXT('2D SPACE',''
  ) );
#474 = ORIENTED_EDGE('',*,*,#475,.T.);
#475 = EDGE_CURVE('',#448,#476,#478,.T.);
#476 = VERTEX_POINT('',#477);
#477 = CARTESIAN_POINT('',(-54.9275,48.725648276857,0.));
#478 = SURFACE_CURVE('',#479,(#483,#490),.PCURVE_S1.);
#479 = LINE('',#480,#481);
#480 = CARTESIAN_POINT('',(-54.9275,23.537324138429,0.));
#481 = VECTOR('',#482,1.);
#482 = DIRECTION('',(0.,1.,0.));
#483 = PCURVE('',#151,#484);
#484 = DEFINITIONAL_REPRESENTATION('',(#485),#489);
#485 = LINE('',#486,#487);
#486 = CARTESIAN_POINT('',(-7.3025,23.537324138429));
#487 = VECTOR('',#488,1.);
#488 = DIRECTION('',(0.,1.));
#489 = ( GEOMETRIC_REPRESENTATION_CONTEXT(2) 
PARAMETRIC_REPRESENTATION_CONTEXT() REPRESENTATION_CONTEXT('2D SPACE',''
  ) );
#490 = PCURVE('',#491,#496);
#491 = PLANE('',#492);
#492 = AXIS2_PLACEMENT_3D('',#493,#494,#495);
#493 = CARTESIAN_POINT('',(-54.9275,47.074648276857,-18.288));
#494 = DIRECTION('',(1.,0.,0.));
#495 = DIRECTION('',(0.,0.,1.));
#496 = DEFINITIONAL_REPRESENTATION('',(#497),#501);
#497 = LINE('',#498,#499);
#498 = CARTESIAN_POINT('',(18.288,23.537324138429));
#499 = VECTOR('',#500,1.);
#500 = DIRECTION('',(0.,-1.));
#501 = ( GEOMETRIC_REPRESENTATION_CONTEXT(2) 
PARAMETRIC_REPRESENTATION_CONTEXT() REPRESENTATION_CONTEXT('2D SPACE',''
  ) );
#502 = ORIENTED_EDGE('',*,*,#503,.F.);
#503 = EDGE_CURVE('',#504,#476,#506,.T.);
#504 = VERTEX_POINT('',#505);
#505 = CARTESIAN_POINT('',(-37.1475,48.725648276857,0.));
#506 = SURFACE_CURVE('',#507,(#511,#518),.PCURVE_S1.);
#507 = LINE('',#508,#509);
#508 = CARTESIAN_POINT('',(-51.27625,48.725648276857,0.));
#509 = VECTOR('',#510,1.);
#510 = DIRECTION('',(-1.,0.,0.));
#511 = PCURVE('',#151,#512);
#512 = DEFINITIONAL_REPRESENTATION('',(#513),#517);
#513 = LINE('',#514,#515);
#514 = CARTESIAN_POINT('',(-3.65125,48.725648276857));
#515 = VECTOR('',#516,1.);
#516 = DIRECTION('',(-1.,0.));
#517 = ( GEOMETRIC_REPRESENTATION_CONTEXT(2) 
PARAMETRIC_REPRESENTATION_CONTEXT() REPRESENTATION_CONTEXT('2D SPACE',''
  ) );
#518 = PCURVE('',#519,#524);
#519 = PLANE('',#520);
#520 = AXIS2_PLACEMENT_3D('',#521,#522,#523);
#521 = CARTESIAN_POINT('',(-54.9275,48.725648276857,-18.288));
#522 = DIRECTION('',(0.,1.,0.));
#523 = DIRECTION('',(0.,0.,1.));
#524 = DEFINITIONAL_REPRESENTATION('',(#525),#529);
#525 = LINE('',#526,#527);
#526 = CARTESIAN_POINT('',(18.288,3.65125));
#527 = VECTOR('',#528,1.);
#528 = DIRECTION('',(0.,-1.));
#529 = ( GEOMETRIC_REPRESENTATION_CONTEXT(2) 
PARAMETRIC_REPRESENTATION_CONTEXT() REPRESENTATION_CONTEXT('2D SPACE',''
  ) );
#530 = ORIENTED_EDGE('',*,*,#531,.F.);
#531 = EDGE_CURVE('',#446,#504,#532,.T.);
#532 = SURFACE_CURVE('',#533,(#537,#544),.PCURVE_S1.);
#533 = LINE('',#534,#535);
#534 = CARTESIAN_POINT('',(-37.1475,23.537324138429,0.));
#535 = VECTOR('',#536,1.);
#536 = DIRECTION('',(0.,1.,0.));
#537 = PCURVE('',#151,#538);
#538 = DEFINITIONAL_REPRESENTATION('',(#539),#543);
#539 = LINE('',#540,#541);
#540 = CARTESIAN_POINT('',(10.4775,23.537324138429));
#541 = VECTOR('',#542,1.);
#542 = DIRECTION('',(0.,1.));
#543 = ( GEOMETRIC_REPRESENTATION_CONTEXT(2) 
PARAMETRIC_REPRESENTATION_CONTEXT() REPRESENTATION_CONTEXT('2D SPACE',''
  ) );
#544 = PCURVE('',#545,#550);
#545 = PLANE('',#546);
#546 = AXIS2_PLACEMENT_3D('',#547,#548,#549);
#547 = CARTESIAN_POINT('',(-37.1475,47.074648276857,-18.288));
#548 = DIRECTION('',(1.,0.,0.));
#549 = DIRECTION('',(0.,0.,1.));
#550 = DEFINITIONAL_REPRESENTATION('',(#551),#555);
#551 = LINE('',#552,#553);
#552 = CARTESIAN_POINT('',(18.288,23.537324138429));
#553 = VECTOR('',#554,1.);
#554 = DIRECTION('',(0.,-1.));
#555 = ( GEOMETRIC_REPRESENTATION_CONTEXT(2) 
PARAMETRIC_REPRESENTATION_CONTEXT() REPRESENTATION_CONTEXT('2D SPACE',''
  ) );
#556 = FACE_BOUND('',#557,.F.);
#557 = EDGE_LOOP('',(#558,#588,#616,#644,#676,#704,#732,#760,#787,#815,
    #843,#871,#899,#931,#959,#987,#1015,#1042));
#558 = ORIENTED_EDGE('',*,*,#559,.F.);
#559 = EDGE_CURVE('',#560,#562,#564,.T.);
#560 = VERTEX_POINT('',#561);
#561 = CARTESIAN_POINT('',(-1.691979889529E-14,-13.60442115637,0.));
#562 = VERTEX_POINT('',#563);
#563 = CARTESIAN_POINT('',(35.6235,-48.05397900018,0.));
#564 = SURFACE_CURVE('',#565,(#570,#577),.PCURVE_S1.);
#565 = CIRCLE('',#566,49.53);
#566 = AXIS2_PLACEMENT_3D('',#567,#568,#569);
#567 = CARTESIAN_POINT('',(47.625,0.,0.));
#568 = DIRECTION('',(0.,0.,1.));
#569 = DIRECTION('',(-0.961538461538,-0.274670324175,0.));
#570 = PCURVE('',#151,#571);
#571 = DEFINITIONAL_REPRESENTATION('',(#572),#576);
#572 = CIRCLE('',#573,49.53);
#573 = AXIS2_PLACEMENT_2D('',#574,#575);
#574 = CARTESIAN_POINT('',(95.25,-5.385487706847E-15));
#575 = DIRECTION('',(-0.961538461538,-0.274670324175));
#576 = ( GEOMETRIC_REPRESENTATION_CONTEXT(2) 
PARAMETRIC_REPRESENTATION_CONTEXT() REPRESENTATION_CONTEXT('2D SPACE',''
  ) );
#577 = PCURVE('',#578,#583);
#578 = CYLINDRICAL_SURFACE('',#579,49.53);
#579 = AXIS2_PLACEMENT_3D('',#580,#581,#582);
#580 = CARTESIAN_POINT('',(47.625,0.,-17.78));
#581 = DIRECTION('',(-0.,-0.,-1.));
#582 = DIRECTION('',(-0.961538461538,-0.274670324175,0.));
#583 = DEFINITIONAL_REPRESENTATION('',(#584),#587);
#584 = B_SPLINE_CURVE_WITH_KNOTS('',1,(#585,#586),.UNSPECIFIED.,.F.,.F.,
  (2,2),(0.,1.047805781715),.PIECEWISE_BEZIER_KNOTS.);
#585 = CARTESIAN_POINT('',(0.,-17.78));
#586 = CARTESIAN_POINT('',(-1.047805781715,-17.78));
#587 = ( GEOMETRIC_REPRESENTATION_CONTEXT(2) 
PARAMETRIC_REPRESENTATION_CONTEXT() REPRESENTATION_CONTEXT('2D SPACE',''
  ) );
#588 = ORIENTED_EDGE('',*,*,#589,.F.);
#589 = EDGE_CURVE('',#590,#560,#592,.T.);
#590 = VERTEX_POINT('',#591);
#591 = CARTESIAN_POINT('',(-35.6235,-48.05397900018,0.));
#592 = SURFACE_CURVE('',#593,(#598,#605),.PCURVE_S1.);
#593 = CIRCLE('',#594,49.53);
#594 = AXIS2_PLACEMENT_3D('',#595,#596,#597);
#595 = CARTESIAN_POINT('',(-47.625,0.,0.));
#596 = DIRECTION('',(0.,0.,1.));
#597 = DIRECTION('',(1.,0.,-0.));
#598 = PCURVE('',#151,#599);
#599 = DEFINITIONAL_REPRESENTATION('',(#600),#604);
#600 = CIRCLE('',#601,49.53);
#601 = AXIS2_PLACEMENT_2D('',#602,#603);
#602 = CARTESIAN_POINT('',(0.,-5.385487706847E-15));
#603 = DIRECTION('',(1.,0.));
#604 = ( GEOMETRIC_REPRESENTATION_CONTEXT(2) 
PARAMETRIC_REPRESENTATION_CONTEXT() REPRESENTATION_CONTEXT('2D SPACE',''
  ) );
#605 = PCURVE('',#606,#611);
#606 = CYLINDRICAL_SURFACE('',#607,49.53);
#607 = AXIS2_PLACEMENT_3D('',#608,#609,#610);
#608 = CARTESIAN_POINT('',(-47.625,0.,-17.78));
#609 = DIRECTION('',(-0.,-0.,-1.));
#610 = DIRECTION('',(1.,0.,-0.));
#611 = DEFINITIONAL_REPRESENTATION('',(#612),#615);
#612 = B_SPLINE_CURVE_WITH_KNOTS('',1,(#613,#614),.UNSPECIFIED.,.F.,.F.,
  (2,2),(4.95713270273,6.004938484445),.PIECEWISE_BEZIER_KNOTS.);
#613 = CARTESIAN_POINT('',(-4.95713270273,-17.78));
#614 = CARTESIAN_POINT('',(-6.004938484445,-17.78));
#615 = ( GEOMETRIC_REPRESENTATION_CONTEXT(2) 
PARAMETRIC_REPRESENTATION_CONTEXT() REPRESENTATION_CONTEXT('2D SPACE',''
  ) );
#616 = ORIENTED_EDGE('',*,*,#617,.F.);
#617 = EDGE_CURVE('',#618,#590,#620,.T.);
#618 = VERTEX_POINT('',#619);
#619 = CARTESIAN_POINT('',(-35.6235,-40.81716578536,0.));
#620 = SURFACE_CURVE('',#621,(#625,#632),.PCURVE_S1.);
#621 = LINE('',#622,#623);
#622 = CARTESIAN_POINT('',(-35.6235,-40.259,1.110223024625E-15));
#623 = VECTOR('',#624,1.);
#624 = DIRECTION('',(-1.224646799147E-16,-1.,0.));
#625 = PCURVE('',#151,#626);
#626 = DEFINITIONAL_REPRESENTATION('',(#627),#631);
#627 = LINE('',#628,#629);
#628 = CARTESIAN_POINT('',(12.0015,-40.259));
#629 = VECTOR('',#630,1.);
#630 = DIRECTION('',(-1.224646799147E-16,-1.));
#631 = ( GEOMETRIC_REPRESENTATION_CONTEXT(2) 
PARAMETRIC_REPRESENTATION_CONTEXT() REPRESENTATION_CONTEXT('2D SPACE',''
  ) );
#632 = PCURVE('',#633,#638);
#633 = PLANE('',#634);
#634 = AXIS2_PLACEMENT_3D('',#635,#636,#637);
#635 = CARTESIAN_POINT('',(-35.6235,-40.259,-19.812));
#636 = DIRECTION('',(-1.,1.224646799147E-16,0.));
#637 = DIRECTION('',(0.,0.,1.));
#638 = DEFINITIONAL_REPRESENTATION('',(#639),#643);
#639 = LINE('',#640,#641);
#640 = CARTESIAN_POINT('',(19.812,0.));
#641 = VECTOR('',#642,1.);
#642 = DIRECTION('',(0.,-1.));
#643 = ( GEOMETRIC_REPRESENTATION_CONTEXT(2) 
PARAMETRIC_REPRESENTATION_CONTEXT() REPRESENTATION_CONTEXT('2D SPACE',''
  ) );
#644 = ORIENTED_EDGE('',*,*,#645,.T.);
#645 = EDGE_CURVE('',#618,#646,#648,.T.);
#646 = VERTEX_POINT('',#647);
#647 = CARTESIAN_POINT('',(-56.4515,-41.61934553485,0.));
#648 = SURFACE_CURVE('',#649,(#654,#665),.PCURVE_S1.);
#649 = CIRCLE('',#650,42.545);
#650 = AXIS2_PLACEMENT_3D('',#651,#652,#653);
#651 = CARTESIAN_POINT('',(-47.625,0.,0.));
#652 = DIRECTION('',(0.,-0.,-1.));
#653 = DIRECTION('',(1.,0.,-0.));
#654 = PCURVE('',#151,#655);
#655 = DEFINITIONAL_REPRESENTATION('',(#656),#664);
#656 = ( BOUNDED_CURVE() B_SPLINE_CURVE(2,(#657,#658,#659,#660,#661,#662
,#663),.UNSPECIFIED.,.T.,.F.) B_SPLINE_CURVE_WITH_KNOTS((1,2,2,2,2,1),(
    -2.094395102393,0.,2.094395102393,4.188790204786,6.28318530718,
8.377580409573),.UNSPECIFIED.) CURVE() GEOMETRIC_REPRESENTATION_ITEM() 
RATIONAL_B_SPLINE_CURVE((1.,0.5,1.,0.5,1.,0.5,1.)) REPRESENTATION_ITEM(
  '') );
#657 = CARTESIAN_POINT('',(42.545,-5.385487706847E-15));
#658 = CARTESIAN_POINT('',(42.545,-73.69010160801));
#659 = CARTESIAN_POINT('',(-21.2725,-36.845050804));
#660 = CARTESIAN_POINT('',(-85.09,-1.580600732079E-14));
#661 = CARTESIAN_POINT('',(-21.2725,36.845050804009));
#662 = CARTESIAN_POINT('',(42.545,73.690101608018));
#663 = CARTESIAN_POINT('',(42.545,-5.385487706847E-15));
#664 = ( GEOMETRIC_REPRESENTATION_CONTEXT(2) 
PARAMETRIC_REPRESENTATION_CONTEXT() REPRESENTATION_CONTEXT('2D SPACE',''
  ) );
#665 = PCURVE('',#666,#671);
#666 = CYLINDRICAL_SURFACE('',#667,42.545);
#667 = AXIS2_PLACEMENT_3D('',#668,#669,#670);
#668 = CARTESIAN_POINT('',(-47.625,0.,-13.97));
#669 = DIRECTION('',(-0.,-0.,-1.));
#670 = DIRECTION('',(1.,0.,-0.));
#671 = DEFINITIONAL_REPRESENTATION('',(#672),#675);
#672 = B_SPLINE_CURVE_WITH_KNOTS('',1,(#673,#674),.UNSPECIFIED.,.F.,.F.,
  (2,2),(1.284824907602,1.779776824138),.PIECEWISE_BEZIER_KNOTS.);
#673 = CARTESIAN_POINT('',(-4.998360399577,-13.97));
#674 = CARTESIAN_POINT('',(-4.503408483042,-13.97));
#675 = ( GEOMETRIC_REPRESENTATION_CONTEXT(2) 
PARAMETRIC_REPRESENTATION_CONTEXT() REPRESENTATION_CONTEXT('2D SPACE',''
  ) );
#676 = ORIENTED_EDGE('',*,*,#677,.T.);
#677 = EDGE_CURVE('',#646,#678,#680,.T.);
#678 = VERTEX_POINT('',#679);
#679 = CARTESIAN_POINT('',(-56.4515,-48.73719111469,0.));
#680 = SURFACE_CURVE('',#681,(#685,#692),.PCURVE_S1.);
#681 = LINE('',#682,#683);
#682 = CARTESIAN_POINT('',(-56.4515,-40.259,1.110223024625E-15));
#683 = VECTOR('',#684,1.);
#684 = DIRECTION('',(-1.224646799147E-16,-1.,0.));
#685 = PCURVE('',#151,#686);
#686 = DEFINITIONAL_REPRESENTATION('',(#687),#691);
#687 = LINE('',#688,#689);
#688 = CARTESIAN_POINT('',(-8.8265,-40.259));
#689 = VECTOR('',#690,1.);
#690 = DIRECTION('',(-1.224646799147E-16,-1.));
#691 = ( GEOMETRIC_REPRESENTATION_CONTEXT(2) 
PARAMETRIC_REPRESENTATION_CONTEXT() REPRESENTATION_CONTEXT('2D SPACE',''
  ) );
#692 = PCURVE('',#693,#698);
#693 = PLANE('',#694);
#694 = AXIS2_PLACEMENT_3D('',#695,#696,#697);
#695 = CARTESIAN_POINT('',(-56.4515,-40.259,-19.812));
#696 = DIRECTION('',(-1.,1.224646799147E-16,0.));
#697 = DIRECTION('',(0.,0.,1.));
#698 = DEFINITIONAL_REPRESENTATION('',(#699),#703);
#699 = LINE('',#700,#701);
#700 = CARTESIAN_POINT('',(19.812,0.));
#701 = VECTOR('',#702,1.);
#702 = DIRECTION('',(0.,-1.));
#703 = ( GEOMETRIC_REPRESENTATION_CONTEXT(2) 
PARAMETRIC_REPRESENTATION_CONTEXT() REPRESENTATION_CONTEXT('2D SPACE',''
  ) );
#704 = ORIENTED_EDGE('',*,*,#705,.F.);
#705 = EDGE_CURVE('',#706,#678,#708,.T.);
#706 = VERTEX_POINT('',#707);
#707 = CARTESIAN_POINT('',(-56.4515,48.737191114692,0.));
#708 = SURFACE_CURVE('',#709,(#714,#721),.PCURVE_S1.);
#709 = CIRCLE('',#710,49.53);
#710 = AXIS2_PLACEMENT_3D('',#711,#712,#713);
#711 = CARTESIAN_POINT('',(-47.625,0.,0.));
#712 = DIRECTION('',(0.,0.,1.));
#713 = DIRECTION('',(1.,0.,-0.));
#714 = PCURVE('',#151,#715);
#715 = DEFINITIONAL_REPRESENTATION('',(#716),#720);
#716 = CIRCLE('',#717,49.53);
#717 = AXIS2_PLACEMENT_2D('',#718,#719);
#718 = CARTESIAN_POINT('',(0.,-5.385487706847E-15));
#719 = DIRECTION('',(1.,0.));
#720 = ( GEOMETRIC_REPRESENTATION_CONTEXT(2) 
PARAMETRIC_REPRESENTATION_CONTEXT() REPRESENTATION_CONTEXT('2D SPACE',''
  ) );
#721 = PCURVE('',#722,#727);
#722 = CYLINDRICAL_SURFACE('',#723,49.53);
#723 = AXIS2_PLACEMENT_3D('',#724,#725,#726);
#724 = CARTESIAN_POINT('',(-47.625,0.,-17.78));
#725 = DIRECTION('',(-0.,-0.,-1.));
#726 = DIRECTION('',(1.,0.,-0.));
#727 = DEFINITIONAL_REPRESENTATION('',(#728),#731);
#728 = B_SPLINE_CURVE_WITH_KNOTS('',1,(#729,#730),.UNSPECIFIED.,.F.,.F.,
  (2,2),(1.749958406631,4.533226900548),.PIECEWISE_BEZIER_KNOTS.);
#729 = CARTESIAN_POINT('',(-1.749958406631,-17.78));
#730 = CARTESIAN_POINT('',(-4.533226900548,-17.78));
#731 = ( GEOMETRIC_REPRESENTATION_CONTEXT(2) 
PARAMETRIC_REPRESENTATION_CONTEXT() REPRESENTATION_CONTEXT('2D SPACE',''
  ) );
#732 = ORIENTED_EDGE('',*,*,#733,.F.);
#733 = EDGE_CURVE('',#734,#706,#736,.T.);
#734 = VERTEX_POINT('',#735);
#735 = CARTESIAN_POINT('',(-56.4515,41.619345534859,0.));
#736 = SURFACE_CURVE('',#737,(#741,#748),.PCURVE_S1.);
#737 = LINE('',#738,#739);
#738 = CARTESIAN_POINT('',(-56.4515,40.259,1.110223024625E-15));
#739 = VECTOR('',#740,1.);
#740 = DIRECTION('',(0.,1.,0.));
#741 = PCURVE('',#151,#742);
#742 = DEFINITIONAL_REPRESENTATION('',(#743),#747);
#743 = LINE('',#744,#745);
#744 = CARTESIAN_POINT('',(-8.8265,40.259));
#745 = VECTOR('',#746,1.);
#746 = DIRECTION('',(0.,1.));
#747 = ( GEOMETRIC_REPRESENTATION_CONTEXT(2) 
PARAMETRIC_REPRESENTATION_CONTEXT() REPRESENTATION_CONTEXT('2D SPACE',''
  ) );
#748 = PCURVE('',#749,#754);
#749 = PLANE('',#750);
#750 = AXIS2_PLACEMENT_3D('',#751,#752,#753);
#751 = CARTESIAN_POINT('',(-56.4515,40.259,-19.812));
#752 = DIRECTION('',(1.,0.,0.));
#753 = DIRECTION('',(0.,0.,1.));
#754 = DEFINITIONAL_REPRESENTATION('',(#755),#759);
#755 = LINE('',#756,#757);
#756 = CARTESIAN_POINT('',(19.812,0.));
#757 = VECTOR('',#758,1.);
#758 = DIRECTION('',(0.,-1.));
#759 = ( GEOMETRIC_REPRESENTATION_CONTEXT(2) 
PARAMETRIC_REPRESENTATION_CONTEXT() REPRESENTATION_CONTEXT('2D SPACE',''
  ) );
#760 = ORIENTED_EDGE('',*,*,#761,.T.);
#761 = EDGE_CURVE('',#734,#762,#764,.T.);
#762 = VERTEX_POINT('',#763);
#763 = CARTESIAN_POINT('',(-35.6235,40.817165785365,0.));
#764 = SURFACE_CURVE('',#765,(#770,#781),.PCURVE_S1.);
#765 = CIRCLE('',#766,42.545);
#766 = AXIS2_PLACEMENT_3D('',#767,#768,#769);
#767 = CARTESIAN_POINT('',(-47.625,0.,0.));
#768 = DIRECTION('',(0.,-0.,-1.));
#769 = DIRECTION('',(1.,0.,-0.));
#770 = PCURVE('',#151,#771);
#771 = DEFINITIONAL_REPRESENTATION('',(#772),#780);
#772 = ( BOUNDED_CURVE() B_SPLINE_CURVE(2,(#773,#774,#775,#776,#777,#778
,#779),.UNSPECIFIED.,.T.,.F.) B_SPLINE_CURVE_WITH_KNOTS((1,2,2,2,2,1),(
    -2.094395102393,0.,2.094395102393,4.188790204786,6.28318530718,
8.377580409573),.UNSPECIFIED.) CURVE() GEOMETRIC_REPRESENTATION_ITEM() 
RATIONAL_B_SPLINE_CURVE((1.,0.5,1.,0.5,1.,0.5,1.)) REPRESENTATION_ITEM(
  '') );
#773 = CARTESIAN_POINT('',(42.545,-5.385487706847E-15));
#774 = CARTESIAN_POINT('',(42.545,-73.69010160801));
#775 = CARTESIAN_POINT('',(-21.2725,-36.845050804));
#776 = CARTESIAN_POINT('',(-85.09,-1.580600732079E-14));
#777 = CARTESIAN_POINT('',(-21.2725,36.845050804009));
#778 = CARTESIAN_POINT('',(42.545,73.690101608018));
#779 = CARTESIAN_POINT('',(42.545,-5.385487706847E-15));
#780 = ( GEOMETRIC_REPRESENTATION_CONTEXT(2) 
PARAMETRIC_REPRESENTATION_CONTEXT() REPRESENTATION_CONTEXT('2D SPACE',''
  ) );
#781 = PCURVE('',#666,#782);
#782 = DEFINITIONAL_REPRESENTATION('',(#783),#786);
#783 = B_SPLINE_CURVE_WITH_KNOTS('',1,(#784,#785),.UNSPECIFIED.,.F.,.F.,
  (2,2),(4.503408483042,4.998360399577),.PIECEWISE_BEZIER_KNOTS.);
#784 = CARTESIAN_POINT('',(-1.779776824138,-13.97));
#785 = CARTESIAN_POINT('',(-1.284824907602,-13.97));
#786 = ( GEOMETRIC_REPRESENTATION_CONTEXT(2) 
PARAMETRIC_REPRESENTATION_CONTEXT() REPRESENTATION_CONTEXT('2D SPACE',''
  ) );
#787 = ORIENTED_EDGE('',*,*,#788,.T.);
#788 = EDGE_CURVE('',#762,#789,#791,.T.);
#789 = VERTEX_POINT('',#790);
#790 = CARTESIAN_POINT('',(-35.6235,48.053979000183,0.));
#791 = SURFACE_CURVE('',#792,(#796,#803),.PCURVE_S1.);
#792 = LINE('',#793,#794);
#793 = CARTESIAN_POINT('',(-35.6235,40.259,1.110223024625E-15));
#794 = VECTOR('',#795,1.);
#795 = DIRECTION('',(0.,1.,0.));
#796 = PCURVE('',#151,#797);
#797 = DEFINITIONAL_REPRESENTATION('',(#798),#802);
#798 = LINE('',#799,#800);
#799 = CARTESIAN_POINT('',(12.0015,40.259));
#800 = VECTOR('',#801,1.);
#801 = DIRECTION('',(0.,1.));
#802 = ( GEOMETRIC_REPRESENTATION_CONTEXT(2) 
PARAMETRIC_REPRESENTATION_CONTEXT() REPRESENTATION_CONTEXT('2D SPACE',''
  ) );
#803 = PCURVE('',#804,#809);
#804 = PLANE('',#805);
#805 = AXIS2_PLACEMENT_3D('',#806,#807,#808);
#806 = CARTESIAN_POINT('',(-35.6235,40.259,-19.812));
#807 = DIRECTION('',(1.,0.,0.));
#808 = DIRECTION('',(0.,0.,1.));
#809 = DEFINITIONAL_REPRESENTATION('',(#810),#814);
#810 = LINE('',#811,#812);
#811 = CARTESIAN_POINT('',(19.812,0.));
#812 = VECTOR('',#813,1.);
#813 = DIRECTION('',(0.,-1.));
#814 = ( GEOMETRIC_REPRESENTATION_CONTEXT(2) 
PARAMETRIC_REPRESENTATION_CONTEXT() REPRESENTATION_CONTEXT('2D SPACE',''
  ) );
#815 = ORIENTED_EDGE('',*,*,#816,.F.);
#816 = EDGE_CURVE('',#817,#789,#819,.T.);
#817 = VERTEX_POINT('',#818);
#818 = CARTESIAN_POINT('',(-1.691979889529E-14,13.604421156375,0.));
#819 = SURFACE_CURVE('',#820,(#825,#832),.PCURVE_S1.);
#820 = CIRCLE('',#821,49.53);
#821 = AXIS2_PLACEMENT_3D('',#822,#823,#824);
#822 = CARTESIAN_POINT('',(-47.625,0.,0.));
#823 = DIRECTION('',(0.,0.,1.));
#824 = DIRECTION('',(1.,0.,-0.));
#825 = PCURVE('',#151,#826);
#826 = DEFINITIONAL_REPRESENTATION('',(#827),#831);
#827 = CIRCLE('',#828,49.53);
#828 = AXIS2_PLACEMENT_2D('',#829,#830);
#829 = CARTESIAN_POINT('',(0.,-5.385487706847E-15));
#830 = DIRECTION('',(1.,0.));
#831 = ( GEOMETRIC_REPRESENTATION_CONTEXT(2) 
PARAMETRIC_REPRESENTATION_CONTEXT() REPRESENTATION_CONTEXT('2D SPACE',''
  ) );
#832 = PCURVE('',#833,#838);
#833 = CYLINDRICAL_SURFACE('',#834,49.53);
#834 = AXIS2_PLACEMENT_3D('',#835,#836,#837);
#835 = CARTESIAN_POINT('',(-47.625,0.,-17.78));
#836 = DIRECTION('',(-0.,-0.,-1.));
#837 = DIRECTION('',(1.,0.,-0.));
#838 = DEFINITIONAL_REPRESENTATION('',(#839),#842);
#839 = B_SPLINE_CURVE_WITH_KNOTS('',1,(#840,#841),.UNSPECIFIED.,.F.,.F.,
  (2,2),(0.278246822735,1.326052604449),.PIECEWISE_BEZIER_KNOTS.);
#840 = CARTESIAN_POINT('',(-0.278246822735,-17.78));
#841 = CARTESIAN_POINT('',(-1.326052604449,-17.78));
#842 = ( GEOMETRIC_REPRESENTATION_CONTEXT(2) 
PARAMETRIC_REPRESENTATION_CONTEXT() REPRESENTATION_CONTEXT('2D SPACE',''
  ) );
#843 = ORIENTED_EDGE('',*,*,#844,.F.);
#844 = EDGE_CURVE('',#845,#817,#847,.T.);
#845 = VERTEX_POINT('',#846);
#846 = CARTESIAN_POINT('',(35.623500000001,48.053979000183,0.));
#847 = SURFACE_CURVE('',#848,(#853,#860),.PCURVE_S1.);
#848 = CIRCLE('',#849,49.53);
#849 = AXIS2_PLACEMENT_3D('',#850,#851,#852);
#850 = CARTESIAN_POINT('',(47.625,0.,0.));
#851 = DIRECTION('',(0.,0.,1.));
#852 = DIRECTION('',(-0.961538461538,-0.274670324175,0.));
#853 = PCURVE('',#151,#854);
#854 = DEFINITIONAL_REPRESENTATION('',(#855),#859);
#855 = CIRCLE('',#856,49.53);
#856 = AXIS2_PLACEMENT_2D('',#857,#858);
#857 = CARTESIAN_POINT('',(95.25,-5.385487706847E-15));
#858 = DIRECTION('',(-0.961538461538,-0.274670324175));
#859 = ( GEOMETRIC_REPRESENTATION_CONTEXT(2) 
PARAMETRIC_REPRESENTATION_CONTEXT() REPRESENTATION_CONTEXT('2D SPACE',''
  ) );
#860 = PCURVE('',#861,#866);
#861 = CYLINDRICAL_SURFACE('',#862,49.53);
#862 = AXIS2_PLACEMENT_3D('',#863,#864,#865);
#863 = CARTESIAN_POINT('',(47.625,0.,-17.78));
#864 = DIRECTION('',(-0.,-0.,-1.));
#865 = DIRECTION('',(-0.961538461538,-0.274670324175,0.));
#866 = DEFINITIONAL_REPRESENTATION('',(#867),#870);
#867 = B_SPLINE_CURVE_WITH_KNOTS('',1,(#868,#869),.UNSPECIFIED.,.F.,.F.,
  (2,2),(4.678885879995,5.72669166171),.PIECEWISE_BEZIER_KNOTS.);
#868 = CARTESIAN_POINT('',(-4.678885879995,-17.78));
#869 = CARTESIAN_POINT('',(-5.72669166171,-17.78));
#870 = ( GEOMETRIC_REPRESENTATION_CONTEXT(2) 
PARAMETRIC_REPRESENTATION_CONTEXT() REPRESENTATION_CONTEXT('2D SPACE',''
  ) );
#871 = ORIENTED_EDGE('',*,*,#872,.F.);
#872 = EDGE_CURVE('',#873,#845,#875,.T.);
#873 = VERTEX_POINT('',#874);
#874 = CARTESIAN_POINT('',(35.6235,40.817165785365,0.));
#875 = SURFACE_CURVE('',#876,(#880,#887),.PCURVE_S1.);
#876 = LINE('',#877,#878);
#877 = CARTESIAN_POINT('',(35.6235,40.259,1.110223024625E-15));
#878 = VECTOR('',#879,1.);
#879 = DIRECTION('',(0.,1.,0.));
#880 = PCURVE('',#151,#881);
#881 = DEFINITIONAL_REPRESENTATION('',(#882),#886);
#882 = LINE('',#883,#884);
#883 = CARTESIAN_POINT('',(83.2485,40.259));
#884 = VECTOR('',#885,1.);
#885 = DIRECTION('',(0.,1.));
#886 = ( GEOMETRIC_REPRESENTATION_CONTEXT(2) 
PARAMETRIC_REPRESENTATION_CONTEXT() REPRESENTATION_CONTEXT('2D SPACE',''
  ) );
#887 = PCURVE('',#888,#893);
#888 = PLANE('',#889);
#889 = AXIS2_PLACEMENT_3D('',#890,#891,#892);
#890 = CARTESIAN_POINT('',(35.6235,40.259,-19.812));
#891 = DIRECTION('',(1.,0.,0.));
#892 = DIRECTION('',(0.,0.,1.));
#893 = DEFINITIONAL_REPRESENTATION('',(#894),#898);
#894 = LINE('',#895,#896);
#895 = CARTESIAN_POINT('',(19.812,0.));
#896 = VECTOR('',#897,1.);
#897 = DIRECTION('',(0.,-1.));
#898 = ( GEOMETRIC_REPRESENTATION_CONTEXT(2) 
PARAMETRIC_REPRESENTATION_CONTEXT() REPRESENTATION_CONTEXT('2D SPACE',''
  ) );
#899 = ORIENTED_EDGE('',*,*,#900,.T.);
#900 = EDGE_CURVE('',#873,#901,#903,.T.);
#901 = VERTEX_POINT('',#902);
#902 = CARTESIAN_POINT('',(56.4515,41.619345534859,0.));
#903 = SURFACE_CURVE('',#904,(#909,#920),.PCURVE_S1.);
#904 = CIRCLE('',#905,42.545);
#905 = AXIS2_PLACEMENT_3D('',#906,#907,#908);
#906 = CARTESIAN_POINT('',(47.625,0.,0.));
#907 = DIRECTION('',(0.,-0.,-1.));
#908 = DIRECTION('',(1.,0.,-0.));
#909 = PCURVE('',#151,#910);
#910 = DEFINITIONAL_REPRESENTATION('',(#911),#919);
#911 = ( BOUNDED_CURVE() B_SPLINE_CURVE(2,(#912,#913,#914,#915,#916,#917
,#918),.UNSPECIFIED.,.T.,.F.) B_SPLINE_CURVE_WITH_KNOTS((1,2,2,2,2,1),(
    -2.094395102393,0.,2.094395102393,4.188790204786,6.28318530718,
8.377580409573),.UNSPECIFIED.) CURVE() GEOMETRIC_REPRESENTATION_ITEM() 
RATIONAL_B_SPLINE_CURVE((1.,0.5,1.,0.5,1.,0.5,1.)) REPRESENTATION_ITEM(
  '') );
#912 = CARTESIAN_POINT('',(137.795,-5.385487706847E-15));
#913 = CARTESIAN_POINT('',(137.795,-73.69010160801));
#914 = CARTESIAN_POINT('',(73.9775,-36.845050804));
#915 = CARTESIAN_POINT('',(10.16,-1.580600732079E-14));
#916 = CARTESIAN_POINT('',(73.9775,36.845050804009));
#917 = CARTESIAN_POINT('',(137.795,73.690101608018));
#918 = CARTESIAN_POINT('',(137.795,-5.385487706847E-15));
#919 = ( GEOMETRIC_REPRESENTATION_CONTEXT(2) 
PARAMETRIC_REPRESENTATION_CONTEXT() REPRESENTATION_CONTEXT('2D SPACE',''
  ) );
#920 = PCURVE('',#921,#926);
#921 = CYLINDRICAL_SURFACE('',#922,42.545);
#922 = AXIS2_PLACEMENT_3D('',#923,#924,#925);
#923 = CARTESIAN_POINT('',(47.625,0.,-13.97));
#924 = DIRECTION('',(-0.,-0.,-1.));
#925 = DIRECTION('',(1.,0.,-0.));
#926 = DEFINITIONAL_REPRESENTATION('',(#927),#930);
#927 = B_SPLINE_CURVE_WITH_KNOTS('',1,(#928,#929),.UNSPECIFIED.,.F.,.F.,
  (2,2),(4.426417561192,4.921369477727),.PIECEWISE_BEZIER_KNOTS.);
#928 = CARTESIAN_POINT('',(-1.856767745988,-13.97));
#929 = CARTESIAN_POINT('',(-1.361815829452,-13.97));
#930 = ( GEOMETRIC_REPRESENTATION_CONTEXT(2) 
PARAMETRIC_REPRESENTATION_CONTEXT() REPRESENTATION_CONTEXT('2D SPACE',''
  ) );
#931 = ORIENTED_EDGE('',*,*,#932,.T.);
#932 = EDGE_CURVE('',#901,#933,#935,.T.);
#933 = VERTEX_POINT('',#934);
#934 = CARTESIAN_POINT('',(56.451500000001,48.737191114692,0.));
#935 = SURFACE_CURVE('',#936,(#940,#947),.PCURVE_S1.);
#936 = LINE('',#937,#938);
#937 = CARTESIAN_POINT('',(56.4515,40.259,1.110223024625E-15));
#938 = VECTOR('',#939,1.);
#939 = DIRECTION('',(0.,1.,0.));
#940 = PCURVE('',#151,#941);
#941 = DEFINITIONAL_REPRESENTATION('',(#942),#946);
#942 = LINE('',#943,#944);
#943 = CARTESIAN_POINT('',(104.0765,40.259));
#944 = VECTOR('',#945,1.);
#945 = DIRECTION('',(0.,1.));
#946 = ( GEOMETRIC_REPRESENTATION_CONTEXT(2) 
PARAMETRIC_REPRESENTATION_CONTEXT() REPRESENTATION_CONTEXT('2D SPACE',''
  ) );
#947 = PCURVE('',#948,#953);
#948 = PLANE('',#949);
#949 = AXIS2_PLACEMENT_3D('',#950,#951,#952);
#950 = CARTESIAN_POINT('',(56.4515,40.259,-19.812));
#951 = DIRECTION('',(1.,0.,0.));
#952 = DIRECTION('',(0.,0.,1.));
#953 = DEFINITIONAL_REPRESENTATION('',(#954),#958);
#954 = LINE('',#955,#956);
#955 = CARTESIAN_POINT('',(19.812,0.));
#956 = VECTOR('',#957,1.);
#957 = DIRECTION('',(0.,-1.));
#958 = ( GEOMETRIC_REPRESENTATION_CONTEXT(2) 
PARAMETRIC_REPRESENTATION_CONTEXT() REPRESENTATION_CONTEXT('2D SPACE',''
  ) );
#959 = ORIENTED_EDGE('',*,*,#960,.F.);
#960 = EDGE_CURVE('',#961,#933,#963,.T.);
#961 = VERTEX_POINT('',#962);
#962 = CARTESIAN_POINT('',(56.451500000001,-48.73719111469,0.));
#963 = SURFACE_CURVE('',#964,(#969,#976),.PCURVE_S1.);
#964 = CIRCLE('',#965,49.53);
#965 = AXIS2_PLACEMENT_3D('',#966,#967,#968);
#966 = CARTESIAN_POINT('',(47.625,0.,0.));
#967 = DIRECTION('',(0.,0.,1.));
#968 = DIRECTION('',(-0.961538461538,-0.274670324175,0.));
#969 = PCURVE('',#151,#970);
#970 = DEFINITIONAL_REPRESENTATION('',(#971),#975);
#971 = CIRCLE('',#972,49.53);
#972 = AXIS2_PLACEMENT_2D('',#973,#974);
#973 = CARTESIAN_POINT('',(95.25,-5.385487706847E-15));
#974 = DIRECTION('',(-0.961538461538,-0.274670324175));
#975 = ( GEOMETRIC_REPRESENTATION_CONTEXT(2) 
PARAMETRIC_REPRESENTATION_CONTEXT() REPRESENTATION_CONTEXT('2D SPACE',''
  ) );
#976 = PCURVE('',#977,#982);
#977 = CYLINDRICAL_SURFACE('',#978,49.53);
#978 = AXIS2_PLACEMENT_3D('',#979,#980,#981);
#979 = CARTESIAN_POINT('',(47.625,0.,-17.78));
#980 = DIRECTION('',(-0.,-0.,-1.));
#981 = DIRECTION('',(-0.961538461538,-0.274670324175,0.));
#982 = DEFINITIONAL_REPRESENTATION('',(#983),#986);
#983 = B_SPLINE_CURVE_WITH_KNOTS('',1,(#984,#985),.UNSPECIFIED.,.F.,.F.,
  (2,2),(1.471711583897,4.254980077813),.PIECEWISE_BEZIER_KNOTS.);
#984 = CARTESIAN_POINT('',(-1.471711583897,-17.78));
#985 = CARTESIAN_POINT('',(-4.254980077813,-17.78));
#986 = ( GEOMETRIC_REPRESENTATION_CONTEXT(2) 
PARAMETRIC_REPRESENTATION_CONTEXT() REPRESENTATION_CONTEXT('2D SPACE',''
  ) );
#987 = ORIENTED_EDGE('',*,*,#988,.F.);
#988 = EDGE_CURVE('',#989,#961,#991,.T.);
#989 = VERTEX_POINT('',#990);
#990 = CARTESIAN_POINT('',(56.4515,-41.61934553485,0.));
#991 = SURFACE_CURVE('',#992,(#996,#1003),.PCURVE_S1.);
#992 = LINE('',#993,#994);
#993 = CARTESIAN_POINT('',(56.4515,-40.259,1.110223024625E-15));
#994 = VECTOR('',#995,1.);
#995 = DIRECTION('',(-1.224646799147E-16,-1.,0.));
#996 = PCURVE('',#151,#997);
#997 = DEFINITIONAL_REPRESENTATION('',(#998),#1002);
#998 = LINE('',#999,#1000);
#999 = CARTESIAN_POINT('',(104.0765,-40.259));
#1000 = VECTOR('',#1001,1.);
#1001 = DIRECTION('',(-1.224646799147E-16,-1.));
#1002 = ( GEOMETRIC_REPRESENTATION_CONTEXT(2) 
PARAMETRIC_REPRESENTATION_CONTEXT() REPRESENTATION_CONTEXT('2D SPACE',''
  ) );
#1003 = PCURVE('',#1004,#1009);
#1004 = PLANE('',#1005);
#1005 = AXIS2_PLACEMENT_3D('',#1006,#1007,#1008);
#1006 = CARTESIAN_POINT('',(56.4515,-40.259,-19.812));
#1007 = DIRECTION('',(-1.,1.224646799147E-16,0.));
#1008 = DIRECTION('',(0.,0.,1.));
#1009 = DEFINITIONAL_REPRESENTATION('',(#1010),#1014);
#1010 = LINE('',#1011,#1012);
#1011 = CARTESIAN_POINT('',(19.812,0.));
#1012 = VECTOR('',#1013,1.);
#1013 = DIRECTION('',(0.,-1.));
#1014 = ( GEOMETRIC_REPRESENTATION_CONTEXT(2) 
PARAMETRIC_REPRESENTATION_CONTEXT() REPRESENTATION_CONTEXT('2D SPACE',''
  ) );
#1015 = ORIENTED_EDGE('',*,*,#1016,.T.);
#1016 = EDGE_CURVE('',#989,#1017,#1019,.T.);
#1017 = VERTEX_POINT('',#1018);
#1018 = CARTESIAN_POINT('',(35.6235,-40.81716578536,0.));
#1019 = SURFACE_CURVE('',#1020,(#1025,#1036),.PCURVE_S1.);
#1020 = CIRCLE('',#1021,42.545);
#1021 = AXIS2_PLACEMENT_3D('',#1022,#1023,#1024);
#1022 = CARTESIAN_POINT('',(47.625,0.,0.));
#1023 = DIRECTION('',(0.,-0.,-1.));
#1024 = DIRECTION('',(1.,0.,-0.));
#1025 = PCURVE('',#151,#1026);
#1026 = DEFINITIONAL_REPRESENTATION('',(#1027),#1035);
#1027 = ( BOUNDED_CURVE() B_SPLINE_CURVE(2,(#1028,#1029,#1030,#1031,
#1032,#1033,#1034),.UNSPECIFIED.,.T.,.F.) B_SPLINE_CURVE_WITH_KNOTS((1,2
    ,2,2,2,1),(-2.094395102393,0.,2.094395102393,4.188790204786,
6.28318530718,8.377580409573),.UNSPECIFIED.) CURVE() 
GEOMETRIC_REPRESENTATION_ITEM() RATIONAL_B_SPLINE_CURVE((1.,0.5,1.,0.5,
1.,0.5,1.)) REPRESENTATION_ITEM('') );
#1028 = CARTESIAN_POINT('',(137.795,-5.385487706847E-15));
#1029 = CARTESIAN_POINT('',(137.795,-73.69010160801));
#1030 = CARTESIAN_POINT('',(73.9775,-36.845050804));
#1031 = CARTESIAN_POINT('',(10.16,-1.580600732079E-14));
#1032 = CARTESIAN_POINT('',(73.9775,36.845050804009));
#1033 = CARTESIAN_POINT('',(137.795,73.690101608018));
#1034 = CARTESIAN_POINT('',(137.795,-5.385487706847E-15));
#1035 = ( GEOMETRIC_REPRESENTATION_CONTEXT(2) 
PARAMETRIC_REPRESENTATION_CONTEXT() REPRESENTATION_CONTEXT('2D SPACE',''
  ) );
#1036 = PCURVE('',#921,#1037);
#1037 = DEFINITIONAL_REPRESENTATION('',(#1038),#1041);
#1038 = B_SPLINE_CURVE_WITH_KNOTS('',1,(#1039,#1040),.UNSPECIFIED.,.F.,
  .F.,(2,2),(1.361815829452,1.856767745988),.PIECEWISE_BEZIER_KNOTS.);
#1039 = CARTESIAN_POINT('',(-4.921369477727,-13.97));
#1040 = CARTESIAN_POINT('',(-4.426417561192,-13.97));
#1041 = ( GEOMETRIC_REPRESENTATION_CONTEXT(2) 
PARAMETRIC_REPRESENTATION_CONTEXT() REPRESENTATION_CONTEXT('2D SPACE',''
  ) );
#1042 = ORIENTED_EDGE('',*,*,#1043,.T.);
#1043 = EDGE_CURVE('',#1017,#562,#1044,.T.);
#1044 = SURFACE_CURVE('',#1045,(#1049,#1056),.PCURVE_S1.);
#1045 = LINE('',#1046,#1047);
#1046 = CARTESIAN_POINT('',(35.6235,-40.259,1.110223024625E-15));
#1047 = VECTOR('',#1048,1.);
#1048 = DIRECTION('',(-1.224646799147E-16,-1.,0.));
#1049 = PCURVE('',#151,#1050);
#1050 = DEFINITIONAL_REPRESENTATION('',(#1051),#1055);
#1051 = LINE('',#1052,#1053);
#1052 = CARTESIAN_POINT('',(83.2485,-40.259));
#1053 = VECTOR('',#1054,1.);
#1054 = DIRECTION('',(-1.224646799147E-16,-1.));
#1055 = ( GEOMETRIC_REPRESENTATION_CONTEXT(2) 
PARAMETRIC_REPRESENTATION_CONTEXT() REPRESENTATION_CONTEXT('2D SPACE',''
  ) );
#1056 = PCURVE('',#1057,#1062);
#1057 = PLANE('',#1058);
#1058 = AXIS2_PLACEMENT_3D('',#1059,#1060,#1061);
#1059 = CARTESIAN_POINT('',(35.6235,-40.259,-19.812));
#1060 = DIRECTION('',(-1.,1.224646799147E-16,0.));
#1061 = DIRECTION('',(0.,0.,1.));
#1062 = DEFINITIONAL_REPRESENTATION('',(#1063),#1067);
#1063 = LINE('',#1064,#1065);
#1064 = CARTESIAN_POINT('',(19.812,0.));
#1065 = VECTOR('',#1066,1.);
#1066 = DIRECTION('',(0.,-1.));
#1067 = ( GEOMETRIC_REPRESENTATION_CONTEXT(2) 
PARAMETRIC_REPRESENTATION_CONTEXT() REPRESENTATION_CONTEXT('2D SPACE',''
  ) );
#1068 = FACE_BOUND('',#1069,.F.);
#1069 = EDGE_LOOP('',(#1070,#1100,#1128,#1156));
#1070 = ORIENTED_EDGE('',*,*,#1071,.T.);
#1071 = EDGE_CURVE('',#1072,#1074,#1076,.T.);
#1072 = VERTEX_POINT('',#1073);
#1073 = CARTESIAN_POINT('',(54.9275,47.074648276857,0.));
#1074 = VERTEX_POINT('',#1075);
#1075 = CARTESIAN_POINT('',(37.1475,47.074648276857,0.));
#1076 = SURFACE_CURVE('',#1077,(#1081,#1088),.PCURVE_S1.);
#1077 = LINE('',#1078,#1079);
#1078 = CARTESIAN_POINT('',(-5.23875,47.074648276857,0.));
#1079 = VECTOR('',#1080,1.);
#1080 = DIRECTION('',(-1.,0.,0.));
#1081 = PCURVE('',#151,#1082);
#1082 = DEFINITIONAL_REPRESENTATION('',(#1083),#1087);
#1083 = LINE('',#1084,#1085);
#1084 = CARTESIAN_POINT('',(42.38625,47.074648276857));
#1085 = VECTOR('',#1086,1.);
#1086 = DIRECTION('',(-1.,0.));
#1087 = ( GEOMETRIC_REPRESENTATION_CONTEXT(2) 
PARAMETRIC_REPRESENTATION_CONTEXT() REPRESENTATION_CONTEXT('2D SPACE',''
  ) );
#1088 = PCURVE('',#1089,#1094);
#1089 = PLANE('',#1090);
#1090 = AXIS2_PLACEMENT_3D('',#1091,#1092,#1093);
#1091 = CARTESIAN_POINT('',(37.1475,47.074648276857,-18.288));
#1092 = DIRECTION('',(0.,1.,0.));
#1093 = DIRECTION('',(0.,0.,1.));
#1094 = DEFINITIONAL_REPRESENTATION('',(#1095),#1099);
#1095 = LINE('',#1096,#1097);
#1096 = CARTESIAN_POINT('',(18.288,-42.38625));
#1097 = VECTOR('',#1098,1.);
#1098 = DIRECTION('',(0.,-1.));
#1099 = ( GEOMETRIC_REPRESENTATION_CONTEXT(2) 
PARAMETRIC_REPRESENTATION_CONTEXT() REPRESENTATION_CONTEXT('2D SPACE',''
  ) );
#1100 = ORIENTED_EDGE('',*,*,#1101,.T.);
#1101 = EDGE_CURVE('',#1074,#1102,#1104,.T.);
#1102 = VERTEX_POINT('',#1103);
#1103 = CARTESIAN_POINT('',(37.1475,48.725648276857,0.));
#1104 = SURFACE_CURVE('',#1105,(#1109,#1116),.PCURVE_S1.);
#1105 = LINE('',#1106,#1107);
#1106 = CARTESIAN_POINT('',(37.1475,23.537324138429,0.));
#1107 = VECTOR('',#1108,1.);
#1108 = DIRECTION('',(0.,1.,0.));
#1109 = PCURVE('',#151,#1110);
#1110 = DEFINITIONAL_REPRESENTATION('',(#1111),#1115);
#1111 = LINE('',#1112,#1113);
#1112 = CARTESIAN_POINT('',(84.7725,23.537324138429));
#1113 = VECTOR('',#1114,1.);
#1114 = DIRECTION('',(0.,1.));
#1115 = ( GEOMETRIC_REPRESENTATION_CONTEXT(2) 
PARAMETRIC_REPRESENTATION_CONTEXT() REPRESENTATION_CONTEXT('2D SPACE',''
  ) );
#1116 = PCURVE('',#1117,#1122);
#1117 = PLANE('',#1118);
#1118 = AXIS2_PLACEMENT_3D('',#1119,#1120,#1121);
#1119 = CARTESIAN_POINT('',(37.1475,47.074648276857,-18.288));
#1120 = DIRECTION('',(1.,0.,0.));
#1121 = DIRECTION('',(0.,0.,1.));
#1122 = DEFINITIONAL_REPRESENTATION('',(#1123),#1127);
#1123 = LINE('',#1124,#1125);
#1124 = CARTESIAN_POINT('',(18.288,23.537324138429));
#1125 = VECTOR('',#1126,1.);
#1126 = DIRECTION('',(0.,-1.));
#1127 = ( GEOMETRIC_REPRESENTATION_CONTEXT(2) 
PARAMETRIC_REPRESENTATION_CONTEXT() REPRESENTATION_CONTEXT('2D SPACE',''
  ) );
#1128 = ORIENTED_EDGE('',*,*,#1129,.F.);
#1129 = EDGE_CURVE('',#1130,#1102,#1132,.T.);
#1130 = VERTEX_POINT('',#1131);
#1131 = CARTESIAN_POINT('',(54.9275,48.725648276857,0.));
#1132 = SURFACE_CURVE('',#1133,(#1137,#1144),.PCURVE_S1.);
#1133 = LINE('',#1134,#1135);
#1134 = CARTESIAN_POINT('',(-5.23875,48.725648276857,0.));
#1135 = VECTOR('',#1136,1.);
#1136 = DIRECTION('',(-1.,0.,0.));
#1137 = PCURVE('',#151,#1138);
#1138 = DEFINITIONAL_REPRESENTATION('',(#1139),#1143);
#1139 = LINE('',#1140,#1141);
#1140 = CARTESIAN_POINT('',(42.38625,48.725648276857));
#1141 = VECTOR('',#1142,1.);
#1142 = DIRECTION('',(-1.,0.));
#1143 = ( GEOMETRIC_REPRESENTATION_CONTEXT(2) 
PARAMETRIC_REPRESENTATION_CONTEXT() REPRESENTATION_CONTEXT('2D SPACE',''
  ) );
#1144 = PCURVE('',#1145,#1150);
#1145 = PLANE('',#1146);
#1146 = AXIS2_PLACEMENT_3D('',#1147,#1148,#1149);
#1147 = CARTESIAN_POINT('',(37.1475,48.725648276857,-18.288));
#1148 = DIRECTION('',(0.,1.,0.));
#1149 = DIRECTION('',(0.,0.,1.));
#1150 = DEFINITIONAL_REPRESENTATION('',(#1151),#1155);
#1151 = LINE('',#1152,#1153);
#1152 = CARTESIAN_POINT('',(18.288,-42.38625));
#1153 = VECTOR('',#1154,1.);
#1154 = DIRECTION('',(0.,-1.));
#1155 = ( GEOMETRIC_REPRESENTATION_CONTEXT(2) 
PARAMETRIC_REPRESENTATION_CONTEXT() REPRESENTATION_CONTEXT('2D SPACE',''
  ) );
#1156 = ORIENTED_EDGE('',*,*,#1157,.F.);
#1157 = EDGE_CURVE('',#1072,#1130,#1158,.T.);
#1158 = SURFACE_CURVE('',#1159,(#1163,#1170),.PCURVE_S1.);
#1159 = LINE('',#1160,#1161);
#1160 = CARTESIAN_POINT('',(54.9275,23.537324138429,0.));
#1161 = VECTOR('',#1162,1.);
#1162 = DIRECTION('',(0.,1.,0.));
#1163 = PCURVE('',#151,#1164);
#1164 = DEFINITIONAL_REPRESENTATION('',(#1165),#1169);
#1165 = LINE('',#1166,#1167);
#1166 = CARTESIAN_POINT('',(102.5525,23.537324138429));
#1167 = VECTOR('',#1168,1.);
#1168 = DIRECTION('',(0.,1.));
#1169 = ( GEOMETRIC_REPRESENTATION_CONTEXT(2) 
PARAMETRIC_REPRESENTATION_CONTEXT() REPRESENTATION_CONTEXT('2D SPACE',''
  ) );
#1170 = PCURVE('',#1171,#1176);
#1171 = PLANE('',#1172);
#1172 = AXIS2_PLACEMENT_3D('',#1173,#1174,#1175);
#1173 = CARTESIAN_POINT('',(54.9275,47.074648276857,-18.288));
#1174 = DIRECTION('',(1.,0.,0.));
#1175 = DIRECTION('',(0.,0.,1.));
#1176 = DEFINITIONAL_REPRESENTATION('',(#1177),#1181);
#1177 = LINE('',#1178,#1179);
#1178 = CARTESIAN_POINT('',(18.288,23.537324138429));
#1179 = VECTOR('',#1180,1.);
#1180 = DIRECTION('',(0.,-1.));
#1181 = ( GEOMETRIC_REPRESENTATION_CONTEXT(2) 
PARAMETRIC_REPRESENTATION_CONTEXT() REPRESENTATION_CONTEXT('2D SPACE',''
  ) );
#1182 = ADVANCED_FACE('',(#1183,#1187,#1446),#104,.T.);
#1183 = FACE_BOUND('',#1184,.T.);
#1184 = EDGE_LOOP('',(#1185,#1186));
#1185 = ORIENTED_EDGE('',*,*,#88,.T.);
#1186 = ORIENTED_EDGE('',*,*,#167,.T.);
#1187 = FACE_BOUND('',#1188,.T.);
#1188 = EDGE_LOOP('',(#1189,#1218,#1245,#1273,#1305,#1333,#1360,#1388,
    #1420));
#1189 = ORIENTED_EDGE('',*,*,#1190,.T.);
#1190 = EDGE_CURVE('',#1191,#1193,#1195,.T.);
#1191 = VERTEX_POINT('',#1192);
#1192 = CARTESIAN_POINT('',(-83.70520625097,22.545415096802,3.3528));
#1193 = VERTEX_POINT('',#1194);
#1194 = CARTESIAN_POINT('',(-5.08,0.,3.3528));
#1195 = SURFACE_CURVE('',#1196,(#1201,#1212),.PCURVE_S1.);
#1196 = CIRCLE('',#1197,42.545);
#1197 = AXIS2_PLACEMENT_3D('',#1198,#1199,#1200);
#1198 = CARTESIAN_POINT('',(-47.625,0.,3.3528));
#1199 = DIRECTION('',(0.,-0.,-1.));
#1200 = DIRECTION('',(1.,0.,-0.));
#1201 = PCURVE('',#104,#1202);
#1202 = DEFINITIONAL_REPRESENTATION('',(#1203),#1211);
#1203 = ( BOUNDED_CURVE() B_SPLINE_CURVE(2,(#1204,#1205,#1206,#1207,
#1208,#1209,#1210),.UNSPECIFIED.,.T.,.F.) B_SPLINE_CURVE_WITH_KNOTS((1,2
    ,2,2,2,1),(-2.094395102393,0.,2.094395102393,4.188790204786,
6.28318530718,8.377580409573),.UNSPECIFIED.) CURVE() 
GEOMETRIC_REPRESENTATION_ITEM() RATIONAL_B_SPLINE_CURVE((1.,0.5,1.,0.5,
1.,0.5,1.)) REPRESENTATION_ITEM('') );
#1204 = CARTESIAN_POINT('',(42.545,-5.385487706847E-15));
#1205 = CARTESIAN_POINT('',(42.545,-73.69010160801));
#1206 = CARTESIAN_POINT('',(-21.2725,-36.845050804));
#1207 = CARTESIAN_POINT('',(-85.09,-1.580600732079E-14));
#1208 = CARTESIAN_POINT('',(-21.2725,36.845050804009));
#1209 = CARTESIAN_POINT('',(42.545,73.690101608018));
#1210 = CARTESIAN_POINT('',(42.545,-5.385487706847E-15));
#1211 = ( GEOMETRIC_REPRESENTATION_CONTEXT(2) 
PARAMETRIC_REPRESENTATION_CONTEXT() REPRESENTATION_CONTEXT('2D SPACE',''
  ) );
#1212 = PCURVE('',#666,#1213);
#1213 = DEFINITIONAL_REPRESENTATION('',(#1214),#1217);
#1214 = B_SPLINE_CURVE_WITH_KNOTS('',1,(#1215,#1216),.UNSPECIFIED.,.F.,
  .F.,(2,2),(3.700098014228,6.28318530718),.PIECEWISE_BEZIER_KNOTS.);
#1215 = CARTESIAN_POINT('',(-2.583087292952,-17.3228));
#1216 = CARTESIAN_POINT('',(0.,-17.3228));
#1217 = ( GEOMETRIC_REPRESENTATION_CONTEXT(2) 
PARAMETRIC_REPRESENTATION_CONTEXT() REPRESENTATION_CONTEXT('2D SPACE',''
  ) );
#1218 = ORIENTED_EDGE('',*,*,#1219,.T.);
#1219 = EDGE_CURVE('',#1193,#1220,#1222,.T.);
#1220 = VERTEX_POINT('',#1221);
#1221 = CARTESIAN_POINT('',(-5.49404501539,-5.921119580346,3.3528));
#1222 = SURFACE_CURVE('',#1223,(#1228,#1239),.PCURVE_S1.);
#1223 = CIRCLE('',#1224,42.545);
#1224 = AXIS2_PLACEMENT_3D('',#1225,#1226,#1227);
#1225 = CARTESIAN_POINT('',(-47.625,0.,3.3528));
#1226 = DIRECTION('',(0.,-0.,-1.));
#1227 = DIRECTION('',(1.,0.,-0.));
#1228 = PCURVE('',#104,#1229);
#1229 = DEFINITIONAL_REPRESENTATION('',(#1230),#1238);
#1230 = ( BOUNDED_CURVE() B_SPLINE_CURVE(2,(#1231,#1232,#1233,#1234,
#1235,#1236,#1237),.UNSPECIFIED.,.T.,.F.) B_SPLINE_CURVE_WITH_KNOTS((1,2
    ,2,2,2,1),(-2.094395102393,0.,2.094395102393,4.188790204786,
6.28318530718,8.377580409573),.UNSPECIFIED.) CURVE() 
GEOMETRIC_REPRESENTATION_ITEM() RATIONAL_B_SPLINE_CURVE((1.,0.5,1.,0.5,
1.,0.5,1.)) REPRESENTATION_ITEM('') );
#1231 = CARTESIAN_POINT('',(42.545,-5.385487706847E-15));
#1232 = CARTESIAN_POINT('',(42.545,-73.69010160801));
#1233 = CARTESIAN_POINT('',(-21.2725,-36.845050804));
#1234 = CARTESIAN_POINT('',(-85.09,-1.580600732079E-14));
#1235 = CARTESIAN_POINT('',(-21.2725,36.845050804009));
#1236 = CARTESIAN_POINT('',(42.545,73.690101608018));
#1237 = CARTESIAN_POINT('',(42.545,-5.385487706847E-15));
#1238 = ( GEOMETRIC_REPRESENTATION_CONTEXT(2) 
PARAMETRIC_REPRESENTATION_CONTEXT() REPRESENTATION_CONTEXT('2D SPACE',''
  ) );
#1239 = PCURVE('',#666,#1240);
#1240 = DEFINITIONAL_REPRESENTATION('',(#1241),#1244);
#1241 = B_SPLINE_CURVE_WITH_KNOTS('',1,(#1242,#1243),.UNSPECIFIED.,.F.,
  .F.,(2,2),(0.,0.13962634016),.PIECEWISE_BEZIER_KNOTS.);
#1242 = CARTESIAN_POINT('',(-6.28318530718,-17.3228));
#1243 = CARTESIAN_POINT('',(-6.14355896702,-17.3228));
#1244 = ( GEOMETRIC_REPRESENTATION_CONTEXT(2) 
PARAMETRIC_REPRESENTATION_CONTEXT() REPRESENTATION_CONTEXT('2D SPACE',''
  ) );
#1245 = ORIENTED_EDGE('',*,*,#1246,.T.);
#1246 = EDGE_CURVE('',#1220,#1247,#1249,.T.);
#1247 = VERTEX_POINT('',#1248);
#1248 = CARTESIAN_POINT('',(-1.595359628754,-6.469044078827,3.3528));
#1249 = SURFACE_CURVE('',#1250,(#1254,#1261),.PCURVE_S1.);
#1250 = LINE('',#1251,#1252);
#1251 = CARTESIAN_POINT('',(-24.61017981437,-3.234522039413,3.3528));
#1252 = VECTOR('',#1253,1.);
#1253 = DIRECTION('',(0.990268068742,-0.13917310096,0.));
#1254 = PCURVE('',#104,#1255);
#1255 = DEFINITIONAL_REPRESENTATION('',(#1256),#1260);
#1256 = LINE('',#1257,#1258);
#1257 = CARTESIAN_POINT('',(23.014820185623,-3.234522039413));
#1258 = VECTOR('',#1259,1.);
#1259 = DIRECTION('',(0.990268068742,-0.13917310096));
#1260 = ( GEOMETRIC_REPRESENTATION_CONTEXT(2) 
PARAMETRIC_REPRESENTATION_CONTEXT() REPRESENTATION_CONTEXT('2D SPACE',''
  ) );
#1261 = PCURVE('',#1262,#1267);
#1262 = PLANE('',#1263);
#1263 = AXIS2_PLACEMENT_3D('',#1264,#1265,#1266);
#1264 = CARTESIAN_POINT('',(-1.595359628754,-6.469044078826,-11.43));
#1265 = DIRECTION('',(-0.13917310096,-0.990268068742,0.));
#1266 = DIRECTION('',(-0.990268068742,0.13917310096,0.));
#1267 = DEFINITIONAL_REPRESENTATION('',(#1268),#1272);
#1268 = LINE('',#1269,#1270);
#1269 = CARTESIAN_POINT('',(23.241,-14.7828));
#1270 = VECTOR('',#1271,1.);
#1271 = DIRECTION('',(-1.,-0.));
#1272 = ( GEOMETRIC_REPRESENTATION_CONTEXT(2) 
PARAMETRIC_REPRESENTATION_CONTEXT() REPRESENTATION_CONTEXT('2D SPACE',''
  ) );
#1273 = ORIENTED_EDGE('',*,*,#1274,.T.);
#1274 = EDGE_CURVE('',#1247,#1275,#1277,.T.);
#1275 = VERTEX_POINT('',#1276);
#1276 = CARTESIAN_POINT('',(-8.206028394458,-24.63170724008,3.3528));
#1277 = SURFACE_CURVE('',#1278,(#1283,#1294),.PCURVE_S1.);
#1278 = CIRCLE('',#1279,46.482);
#1279 = AXIS2_PLACEMENT_3D('',#1280,#1281,#1282);
#1280 = CARTESIAN_POINT('',(-47.625,0.,3.3528));
#1281 = DIRECTION('',(0.,-0.,-1.));
#1282 = DIRECTION('',(1.,0.,-0.));
#1283 = PCURVE('',#104,#1284);
#1284 = DEFINITIONAL_REPRESENTATION('',(#1285),#1293);
#1285 = ( BOUNDED_CURVE() B_SPLINE_CURVE(2,(#1286,#1287,#1288,#1289,
#1290,#1291,#1292),.UNSPECIFIED.,.T.,.F.) B_SPLINE_CURVE_WITH_KNOTS((1,2
    ,2,2,2,1),(-2.094395102393,0.,2.094395102393,4.188790204786,
6.28318530718,8.377580409573),.UNSPECIFIED.) CURVE() 
GEOMETRIC_REPRESENTATION_ITEM() RATIONAL_B_SPLINE_CURVE((1.,0.5,1.,0.5,
1.,0.5,1.)) REPRESENTATION_ITEM('') );
#1286 = CARTESIAN_POINT('',(46.482,-5.385487706847E-15));
#1287 = CARTESIAN_POINT('',(46.482,-80.50918563741));
#1288 = CARTESIAN_POINT('',(-23.241,-40.2545928187));
#1289 = CARTESIAN_POINT('',(-92.964,-1.677029421044E-14));
#1290 = CARTESIAN_POINT('',(-23.241,40.254592818708));
#1291 = CARTESIAN_POINT('',(46.482,80.509185637417));
#1292 = CARTESIAN_POINT('',(46.482,-5.385487706847E-15));
#1293 = ( GEOMETRIC_REPRESENTATION_CONTEXT(2) 
PARAMETRIC_REPRESENTATION_CONTEXT() REPRESENTATION_CONTEXT('2D SPACE',''
  ) );
#1294 = PCURVE('',#1295,#1300);
#1295 = CYLINDRICAL_SURFACE('',#1296,46.482);
#1296 = AXIS2_PLACEMENT_3D('',#1297,#1298,#1299);
#1297 = CARTESIAN_POINT('',(-47.625,0.,-11.43));
#1298 = DIRECTION('',(-0.,-0.,-1.));
#1299 = DIRECTION('',(1.,0.,-0.));
#1300 = DEFINITIONAL_REPRESENTATION('',(#1301),#1304);
#1301 = B_SPLINE_CURVE_WITH_KNOTS('',1,(#1302,#1303),.UNSPECIFIED.,.F.,
  .F.,(2,2),(0.13962634016,0.558505360638),.PIECEWISE_BEZIER_KNOTS.);
#1302 = CARTESIAN_POINT('',(-6.14355896702,-14.7828));
#1303 = CARTESIAN_POINT('',(-5.724679946541,-14.7828));
#1304 = ( GEOMETRIC_REPRESENTATION_CONTEXT(2) 
PARAMETRIC_REPRESENTATION_CONTEXT() REPRESENTATION_CONTEXT('2D SPACE',''
  ) );
#1305 = ORIENTED_EDGE('',*,*,#1306,.T.);
#1306 = EDGE_CURVE('',#1275,#1307,#1309,.T.);
#1307 = VERTEX_POINT('',#1308);
#1308 = CARTESIAN_POINT('',(-11.54479374902,-22.5454150968,3.3528));
#1309 = SURFACE_CURVE('',#1310,(#1314,#1321),.PCURVE_S1.);
#1310 = LINE('',#1311,#1312);
#1311 = CARTESIAN_POINT('',(-30.60806690252,-10.6333599561,3.3528));
#1312 = VECTOR('',#1313,1.);
#1313 = DIRECTION('',(-0.848048096156,0.529919264233,0.));
#1314 = PCURVE('',#104,#1315);
#1315 = DEFINITIONAL_REPRESENTATION('',(#1316),#1320);
#1316 = LINE('',#1317,#1318);
#1317 = CARTESIAN_POINT('',(17.016933097475,-10.6333599561));
#1318 = VECTOR('',#1319,1.);
#1319 = DIRECTION('',(-0.848048096156,0.529919264233));
#1320 = ( GEOMETRIC_REPRESENTATION_CONTEXT(2) 
PARAMETRIC_REPRESENTATION_CONTEXT() REPRESENTATION_CONTEXT('2D SPACE',''
  ) );
#1321 = PCURVE('',#1322,#1327);
#1322 = PLANE('',#1323);
#1323 = AXIS2_PLACEMENT_3D('',#1324,#1325,#1326);
#1324 = CARTESIAN_POINT('',(-13.59113380505,-21.2667199122,-11.43));
#1325 = DIRECTION('',(0.529919264233,0.848048096156,-0.));
#1326 = DIRECTION('',(0.848048096156,-0.529919264233,0.));
#1327 = DEFINITIONAL_REPRESENTATION('',(#1328),#1332);
#1328 = LINE('',#1329,#1330);
#1329 = CARTESIAN_POINT('',(-20.066,-14.7828));
#1330 = VECTOR('',#1331,1.);
#1331 = DIRECTION('',(-1.,-0.));
#1332 = ( GEOMETRIC_REPRESENTATION_CONTEXT(2) 
PARAMETRIC_REPRESENTATION_CONTEXT() REPRESENTATION_CONTEXT('2D SPACE',''
  ) );
#1333 = ORIENTED_EDGE('',*,*,#1334,.T.);
#1334 = EDGE_CURVE('',#1307,#1335,#1337,.T.);
#1335 = VERTEX_POINT('',#1336);
#1336 = CARTESIAN_POINT('',(-89.75595498461,5.921119580346,3.3528));
#1337 = SURFACE_CURVE('',#1338,(#1343,#1354),.PCURVE_S1.);
#1338 = CIRCLE('',#1339,42.545);
#1339 = AXIS2_PLACEMENT_3D('',#1340,#1341,#1342);
#1340 = CARTESIAN_POINT('',(-47.625,0.,3.3528));
#1341 = DIRECTION('',(0.,-0.,-1.));
#1342 = DIRECTION('',(1.,0.,-0.));
#1343 = PCURVE('',#104,#1344);
#1344 = DEFINITIONAL_REPRESENTATION('',(#1345),#1353);
#1345 = ( BOUNDED_CURVE() B_SPLINE_CURVE(2,(#1346,#1347,#1348,#1349,
#1350,#1351,#1352),.UNSPECIFIED.,.T.,.F.) B_SPLINE_CURVE_WITH_KNOTS((1,2
    ,2,2,2,1),(-2.094395102393,0.,2.094395102393,4.188790204786,
6.28318530718,8.377580409573),.UNSPECIFIED.) CURVE() 
GEOMETRIC_REPRESENTATION_ITEM() RATIONAL_B_SPLINE_CURVE((1.,0.5,1.,0.5,
1.,0.5,1.)) REPRESENTATION_ITEM('') );
#1346 = CARTESIAN_POINT('',(42.545,-5.385487706847E-15));
#1347 = CARTESIAN_POINT('',(42.545,-73.69010160801));
#1348 = CARTESIAN_POINT('',(-21.2725,-36.845050804));
#1349 = CARTESIAN_POINT('',(-85.09,-1.580600732079E-14));
#1350 = CARTESIAN_POINT('',(-21.2725,36.845050804009));
#1351 = CARTESIAN_POINT('',(42.545,73.690101608018));
#1352 = CARTESIAN_POINT('',(42.545,-5.385487706847E-15));
#1353 = ( GEOMETRIC_REPRESENTATION_CONTEXT(2) 
PARAMETRIC_REPRESENTATION_CONTEXT() REPRESENTATION_CONTEXT('2D SPACE',''
  ) );
#1354 = PCURVE('',#666,#1355);
#1355 = DEFINITIONAL_REPRESENTATION('',(#1356),#1359);
#1356 = B_SPLINE_CURVE_WITH_KNOTS('',1,(#1357,#1358),.UNSPECIFIED.,.F.,
  .F.,(2,2),(0.558505360638,3.281218993749),.PIECEWISE_BEZIER_KNOTS.);
#1357 = CARTESIAN_POINT('',(-5.724679946541,-17.3228));
#1358 = CARTESIAN_POINT('',(-3.00196631343,-17.3228));
#1359 = ( GEOMETRIC_REPRESENTATION_CONTEXT(2) 
PARAMETRIC_REPRESENTATION_CONTEXT() REPRESENTATION_CONTEXT('2D SPACE',''
  ) );
#1360 = ORIENTED_EDGE('',*,*,#1361,.T.);
#1361 = EDGE_CURVE('',#1335,#1362,#1364,.T.);
#1362 = VERTEX_POINT('',#1363);
#1363 = CARTESIAN_POINT('',(-93.65464037124,6.469044078826,3.3528));
#1364 = SURFACE_CURVE('',#1365,(#1369,#1376),.PCURVE_S1.);
#1365 = LINE('',#1366,#1367);
#1366 = CARTESIAN_POINT('',(-70.63982018562,3.234522039413,3.3528));
#1367 = VECTOR('',#1368,1.);
#1368 = DIRECTION('',(-0.990268068742,0.13917310096,0.));
#1369 = PCURVE('',#104,#1370);
#1370 = DEFINITIONAL_REPRESENTATION('',(#1371),#1375);
#1371 = LINE('',#1372,#1373);
#1372 = CARTESIAN_POINT('',(-23.01482018562,3.234522039413));
#1373 = VECTOR('',#1374,1.);
#1374 = DIRECTION('',(-0.990268068742,0.13917310096));
#1375 = ( GEOMETRIC_REPRESENTATION_CONTEXT(2) 
PARAMETRIC_REPRESENTATION_CONTEXT() REPRESENTATION_CONTEXT('2D SPACE',''
  ) );
#1376 = PCURVE('',#1377,#1382);
#1377 = PLANE('',#1378);
#1378 = AXIS2_PLACEMENT_3D('',#1379,#1380,#1381);
#1379 = CARTESIAN_POINT('',(-93.65464037124,6.469044078826,-11.43));
#1380 = DIRECTION('',(0.13917310096,0.990268068742,-0.));
#1381 = DIRECTION('',(0.990268068742,-0.13917310096,0.));
#1382 = DEFINITIONAL_REPRESENTATION('',(#1383),#1387);
#1383 = LINE('',#1384,#1385);
#1384 = CARTESIAN_POINT('',(23.241,-14.7828));
#1385 = VECTOR('',#1386,1.);
#1386 = DIRECTION('',(-1.,-0.));
#1387 = ( GEOMETRIC_REPRESENTATION_CONTEXT(2) 
PARAMETRIC_REPRESENTATION_CONTEXT() REPRESENTATION_CONTEXT('2D SPACE',''
  ) );
#1388 = ORIENTED_EDGE('',*,*,#1389,.T.);
#1389 = EDGE_CURVE('',#1362,#1390,#1392,.T.);
#1390 = VERTEX_POINT('',#1391);
#1391 = CARTESIAN_POINT('',(-87.04397160554,24.631707240089,3.3528));
#1392 = SURFACE_CURVE('',#1393,(#1398,#1409),.PCURVE_S1.);
#1393 = CIRCLE('',#1394,46.482);
#1394 = AXIS2_PLACEMENT_3D('',#1395,#1396,#1397);
#1395 = CARTESIAN_POINT('',(-47.625,0.,3.3528));
#1396 = DIRECTION('',(0.,-0.,-1.));
#1397 = DIRECTION('',(1.,0.,-0.));
#1398 = PCURVE('',#104,#1399);
#1399 = DEFINITIONAL_REPRESENTATION('',(#1400),#1408);
#1400 = ( BOUNDED_CURVE() B_SPLINE_CURVE(2,(#1401,#1402,#1403,#1404,
#1405,#1406,#1407),.UNSPECIFIED.,.T.,.F.) B_SPLINE_CURVE_WITH_KNOTS((1,2
    ,2,2,2,1),(-2.094395102393,0.,2.094395102393,4.188790204786,
6.28318530718,8.377580409573),.UNSPECIFIED.) CURVE() 
GEOMETRIC_REPRESENTATION_ITEM() RATIONAL_B_SPLINE_CURVE((1.,0.5,1.,0.5,
1.,0.5,1.)) REPRESENTATION_ITEM('') );
#1401 = CARTESIAN_POINT('',(46.482,-5.385487706847E-15));
#1402 = CARTESIAN_POINT('',(46.482,-80.50918563741));
#1403 = CARTESIAN_POINT('',(-23.241,-40.2545928187));
#1404 = CARTESIAN_POINT('',(-92.964,-1.677029421044E-14));
#1405 = CARTESIAN_POINT('',(-23.241,40.254592818708));
#1406 = CARTESIAN_POINT('',(46.482,80.509185637417));
#1407 = CARTESIAN_POINT('',(46.482,-5.385487706847E-15));
#1408 = ( GEOMETRIC_REPRESENTATION_CONTEXT(2) 
PARAMETRIC_REPRESENTATION_CONTEXT() REPRESENTATION_CONTEXT('2D SPACE',''
  ) );
#1409 = PCURVE('',#1410,#1415);
#1410 = CYLINDRICAL_SURFACE('',#1411,46.482);
#1411 = AXIS2_PLACEMENT_3D('',#1412,#1413,#1414);
#1412 = CARTESIAN_POINT('',(-47.625,0.,-11.43));
#1413 = DIRECTION('',(-0.,-0.,-1.));
#1414 = DIRECTION('',(1.,0.,-0.));
#1415 = DEFINITIONAL_REPRESENTATION('',(#1416),#1419);
#1416 = B_SPLINE_CURVE_WITH_KNOTS('',1,(#1417,#1418),.UNSPECIFIED.,.F.,
  .F.,(2,2),(3.281218993749,3.700098014228),.PIECEWISE_BEZIER_KNOTS.);
#1417 = CARTESIAN_POINT('',(-3.00196631343,-14.7828));
#1418 = CARTESIAN_POINT('',(-2.583087292952,-14.7828));
#1419 = ( GEOMETRIC_REPRESENTATION_CONTEXT(2) 
PARAMETRIC_REPRESENTATION_CONTEXT() REPRESENTATION_CONTEXT('2D SPACE',''
  ) );
#1420 = ORIENTED_EDGE('',*,*,#1421,.T.);
#1421 = EDGE_CURVE('',#1390,#1191,#1422,.T.);
#1422 = SURFACE_CURVE('',#1423,(#1427,#1434),.PCURVE_S1.);
#1423 = LINE('',#1424,#1425);
#1424 = CARTESIAN_POINT('',(-64.64193309747,10.633359956103,3.3528));
#1425 = VECTOR('',#1426,1.);
#1426 = DIRECTION('',(0.848048096156,-0.529919264233,0.));
#1427 = PCURVE('',#104,#1428);
#1428 = DEFINITIONAL_REPRESENTATION('',(#1429),#1433);
#1429 = LINE('',#1430,#1431);
#1430 = CARTESIAN_POINT('',(-17.01693309747,10.633359956103));
#1431 = VECTOR('',#1432,1.);
#1432 = DIRECTION('',(0.848048096156,-0.529919264233));
#1433 = ( GEOMETRIC_REPRESENTATION_CONTEXT(2) 
PARAMETRIC_REPRESENTATION_CONTEXT() REPRESENTATION_CONTEXT('2D SPACE',''
  ) );
#1434 = PCURVE('',#1435,#1440);
#1435 = PLANE('',#1436);
#1436 = AXIS2_PLACEMENT_3D('',#1437,#1438,#1439);
#1437 = CARTESIAN_POINT('',(-81.65886619495,21.266719912207,-11.43));
#1438 = DIRECTION('',(-0.529919264233,-0.848048096156,0.));
#1439 = DIRECTION('',(-0.848048096156,0.529919264233,0.));
#1440 = DEFINITIONAL_REPRESENTATION('',(#1441),#1445);
#1441 = LINE('',#1442,#1443);
#1442 = CARTESIAN_POINT('',(-20.066,-14.7828));
#1443 = VECTOR('',#1444,1.);
#1444 = DIRECTION('',(-1.,-0.));
#1445 = ( GEOMETRIC_REPRESENTATION_CONTEXT(2) 
PARAMETRIC_REPRESENTATION_CONTEXT() REPRESENTATION_CONTEXT('2D SPACE',''
  ) );
#1446 = FACE_BOUND('',#1447,.T.);
#1447 = EDGE_LOOP('',(#1448,#1477,#1504,#1532,#1564,#1592,#1619,#1647,
    #1679));
#1448 = ORIENTED_EDGE('',*,*,#1449,.T.);
#1449 = EDGE_CURVE('',#1450,#1452,#1454,.T.);
#1450 = VERTEX_POINT('',#1451);
#1451 = CARTESIAN_POINT('',(11.544793749025,22.545415096802,3.3528));
#1452 = VERTEX_POINT('',#1453);
#1453 = CARTESIAN_POINT('',(90.17,0.,3.3528));
#1454 = SURFACE_CURVE('',#1455,(#1460,#1471),.PCURVE_S1.);
#1455 = CIRCLE('',#1456,42.545);
#1456 = AXIS2_PLACEMENT_3D('',#1457,#1458,#1459);
#1457 = CARTESIAN_POINT('',(47.625,0.,3.3528));
#1458 = DIRECTION('',(0.,-0.,-1.));
#1459 = DIRECTION('',(1.,0.,-0.));
#1460 = PCURVE('',#104,#1461);
#1461 = DEFINITIONAL_REPRESENTATION('',(#1462),#1470);
#1462 = ( BOUNDED_CURVE() B_SPLINE_CURVE(2,(#1463,#1464,#1465,#1466,
#1467,#1468,#1469),.UNSPECIFIED.,.T.,.F.) B_SPLINE_CURVE_WITH_KNOTS((1,2
    ,2,2,2,1),(-2.094395102393,0.,2.094395102393,4.188790204786,
6.28318530718,8.377580409573),.UNSPECIFIED.) CURVE() 
GEOMETRIC_REPRESENTATION_ITEM() RATIONAL_B_SPLINE_CURVE((1.,0.5,1.,0.5,
1.,0.5,1.)) REPRESENTATION_ITEM('') );
#1463 = CARTESIAN_POINT('',(137.795,-5.385487706847E-15));
#1464 = CARTESIAN_POINT('',(137.795,-73.69010160801));
#1465 = CARTESIAN_POINT('',(73.9775,-36.845050804));
#1466 = CARTESIAN_POINT('',(10.16,-1.580600732079E-14));
#1467 = CARTESIAN_POINT('',(73.9775,36.845050804009));
#1468 = CARTESIAN_POINT('',(137.795,73.690101608018));
#1469 = CARTESIAN_POINT('',(137.795,-5.385487706847E-15));
#1470 = ( GEOMETRIC_REPRESENTATION_CONTEXT(2) 
PARAMETRIC_REPRESENTATION_CONTEXT() REPRESENTATION_CONTEXT('2D SPACE',''
  ) );
#1471 = PCURVE('',#921,#1472);
#1472 = DEFINITIONAL_REPRESENTATION('',(#1473),#1476);
#1473 = B_SPLINE_CURVE_WITH_KNOTS('',1,(#1474,#1475),.UNSPECIFIED.,.F.,
  .F.,(2,2),(3.700098014228,6.28318530718),.PIECEWISE_BEZIER_KNOTS.);
#1474 = CARTESIAN_POINT('',(-2.583087292952,-17.3228));
#1475 = CARTESIAN_POINT('',(0.,-17.3228));
#1476 = ( GEOMETRIC_REPRESENTATION_CONTEXT(2) 
PARAMETRIC_REPRESENTATION_CONTEXT() REPRESENTATION_CONTEXT('2D SPACE',''
  ) );
#1477 = ORIENTED_EDGE('',*,*,#1478,.T.);
#1478 = EDGE_CURVE('',#1452,#1479,#1481,.T.);
#1479 = VERTEX_POINT('',#1480);
#1480 = CARTESIAN_POINT('',(89.75595498461,-5.921119580346,3.3528));
#1481 = SURFACE_CURVE('',#1482,(#1487,#1498),.PCURVE_S1.);
#1482 = CIRCLE('',#1483,42.545);
#1483 = AXIS2_PLACEMENT_3D('',#1484,#1485,#1486);
#1484 = CARTESIAN_POINT('',(47.625,0.,3.3528));
#1485 = DIRECTION('',(0.,-0.,-1.));
#1486 = DIRECTION('',(1.,0.,-0.));
#1487 = PCURVE('',#104,#1488);
#1488 = DEFINITIONAL_REPRESENTATION('',(#1489),#1497);
#1489 = ( BOUNDED_CURVE() B_SPLINE_CURVE(2,(#1490,#1491,#1492,#1493,
#1494,#1495,#1496),.UNSPECIFIED.,.T.,.F.) B_SPLINE_CURVE_WITH_KNOTS((1,2
    ,2,2,2,1),(-2.094395102393,0.,2.094395102393,4.188790204786,
6.28318530718,8.377580409573),.UNSPECIFIED.) CURVE() 
GEOMETRIC_REPRESENTATION_ITEM() RATIONAL_B_SPLINE_CURVE((1.,0.5,1.,0.5,
1.,0.5,1.)) REPRESENTATION_ITEM('') );
#1490 = CARTESIAN_POINT('',(137.795,-5.385487706847E-15));
#1491 = CARTESIAN_POINT('',(137.795,-73.69010160801));
#1492 = CARTESIAN_POINT('',(73.9775,-36.845050804));
#1493 = CARTESIAN_POINT('',(10.16,-1.580600732079E-14));
#1494 = CARTESIAN_POINT('',(73.9775,36.845050804009));
#1495 = CARTESIAN_POINT('',(137.795,73.690101608018));
#1496 = CARTESIAN_POINT('',(137.795,-5.385487706847E-15));
#1497 = ( GEOMETRIC_REPRESENTATION_CONTEXT(2) 
PARAMETRIC_REPRESENTATION_CONTEXT() REPRESENTATION_CONTEXT('2D SPACE',''
  ) );
#1498 = PCURVE('',#921,#1499);
#1499 = DEFINITIONAL_REPRESENTATION('',(#1500),#1503);
#1500 = B_SPLINE_CURVE_WITH_KNOTS('',1,(#1501,#1502),.UNSPECIFIED.,.F.,
  .F.,(2,2),(0.,0.13962634016),.PIECEWISE_BEZIER_KNOTS.);
#1501 = CARTESIAN_POINT('',(-6.28318530718,-17.3228));
#1502 = CARTESIAN_POINT('',(-6.14355896702,-17.3228));
#1503 = ( GEOMETRIC_REPRESENTATION_CONTEXT(2) 
PARAMETRIC_REPRESENTATION_CONTEXT() REPRESENTATION_CONTEXT('2D SPACE',''
  ) );
#1504 = ORIENTED_EDGE('',*,*,#1505,.T.);
#1505 = EDGE_CURVE('',#1479,#1506,#1508,.T.);
#1506 = VERTEX_POINT('',#1507);
#1507 = CARTESIAN_POINT('',(93.654640371246,-6.469044078826,3.3528));
#1508 = SURFACE_CURVE('',#1509,(#1513,#1520),.PCURVE_S1.);
#1509 = LINE('',#1510,#1511);
#1510 = CARTESIAN_POINT('',(23.937276051092,3.329092495979,3.3528));
#1511 = VECTOR('',#1512,1.);
#1512 = DIRECTION('',(0.990268068742,-0.13917310096,0.));
#1513 = PCURVE('',#104,#1514);
#1514 = DEFINITIONAL_REPRESENTATION('',(#1515),#1519);
#1515 = LINE('',#1516,#1517);
#1516 = CARTESIAN_POINT('',(71.562276051092,3.329092495979));
#1517 = VECTOR('',#1518,1.);
#1518 = DIRECTION('',(0.990268068742,-0.13917310096));
#1519 = ( GEOMETRIC_REPRESENTATION_CONTEXT(2) 
PARAMETRIC_REPRESENTATION_CONTEXT() REPRESENTATION_CONTEXT('2D SPACE',''
  ) );
#1520 = PCURVE('',#1521,#1526);
#1521 = PLANE('',#1522);
#1522 = AXIS2_PLACEMENT_3D('',#1523,#1524,#1525);
#1523 = CARTESIAN_POINT('',(93.654640371246,-6.469044078826,-11.43));
#1524 = DIRECTION('',(-0.13917310096,-0.990268068742,0.));
#1525 = DIRECTION('',(-0.990268068742,0.13917310096,0.));
#1526 = DEFINITIONAL_REPRESENTATION('',(#1527),#1531);
#1527 = LINE('',#1528,#1529);
#1528 = CARTESIAN_POINT('',(70.402516773817,-14.7828));
#1529 = VECTOR('',#1530,1.);
#1530 = DIRECTION('',(-1.,0.));
#1531 = ( GEOMETRIC_REPRESENTATION_CONTEXT(2) 
PARAMETRIC_REPRESENTATION_CONTEXT() REPRESENTATION_CONTEXT('2D SPACE',''
  ) );
#1532 = ORIENTED_EDGE('',*,*,#1533,.T.);
#1533 = EDGE_CURVE('',#1506,#1534,#1536,.T.);
#1534 = VERTEX_POINT('',#1535);
#1535 = CARTESIAN_POINT('',(87.043971605542,-24.63170724008,3.3528));
#1536 = SURFACE_CURVE('',#1537,(#1542,#1553),.PCURVE_S1.);
#1537 = CIRCLE('',#1538,46.482);
#1538 = AXIS2_PLACEMENT_3D('',#1539,#1540,#1541);
#1539 = CARTESIAN_POINT('',(47.625,0.,3.3528));
#1540 = DIRECTION('',(0.,0.,-1.));
#1541 = DIRECTION('',(-1.,1.224646799147E-16,0.));
#1542 = PCURVE('',#104,#1543);
#1543 = DEFINITIONAL_REPRESENTATION('',(#1544),#1552);
#1544 = ( BOUNDED_CURVE() B_SPLINE_CURVE(2,(#1545,#1546,#1547,#1548,
#1549,#1550,#1551),.UNSPECIFIED.,.T.,.F.) B_SPLINE_CURVE_WITH_KNOTS((1,2
    ,2,2,2,1),(-2.094395102393,0.,2.094395102393,4.188790204786,
6.28318530718,8.377580409573),.UNSPECIFIED.) CURVE() 
GEOMETRIC_REPRESENTATION_ITEM() RATIONAL_B_SPLINE_CURVE((1.,0.5,1.,0.5,
1.,0.5,1.)) REPRESENTATION_ITEM('') );
#1545 = CARTESIAN_POINT('',(48.768,3.069155449499E-16));
#1546 = CARTESIAN_POINT('',(48.768,80.509185637417));
#1547 = CARTESIAN_POINT('',(118.491,40.254592818708));
#1548 = CARTESIAN_POINT('',(188.214,-5.385487706847E-15));
#1549 = CARTESIAN_POINT('',(118.491,-40.2545928187));
#1550 = CARTESIAN_POINT('',(48.768,-80.50918563741));
#1551 = CARTESIAN_POINT('',(48.768,3.069155449499E-16));
#1552 = ( GEOMETRIC_REPRESENTATION_CONTEXT(2) 
PARAMETRIC_REPRESENTATION_CONTEXT() REPRESENTATION_CONTEXT('2D SPACE',''
  ) );
#1553 = PCURVE('',#1554,#1559);
#1554 = CYLINDRICAL_SURFACE('',#1555,46.482);
#1555 = AXIS2_PLACEMENT_3D('',#1556,#1557,#1558);
#1556 = CARTESIAN_POINT('',(47.625,7.88860905221E-31,-11.43));
#1557 = DIRECTION('',(0.,0.,-1.));
#1558 = DIRECTION('',(-1.,1.224646799147E-16,0.));
#1559 = DEFINITIONAL_REPRESENTATION('',(#1560),#1563);
#1560 = B_SPLINE_CURVE_WITH_KNOTS('',1,(#1561,#1562),.UNSPECIFIED.,.F.,
  .F.,(2,2),(3.281218993749,3.700098014228),.PIECEWISE_BEZIER_KNOTS.);
#1561 = CARTESIAN_POINT('',(-3.00196631343,-14.7828));
#1562 = CARTESIAN_POINT('',(-2.583087292952,-14.7828));
#1563 = ( GEOMETRIC_REPRESENTATION_CONTEXT(2) 
PARAMETRIC_REPRESENTATION_CONTEXT() REPRESENTATION_CONTEXT('2D SPACE',''
  ) );
#1564 = ORIENTED_EDGE('',*,*,#1565,.T.);
#1565 = EDGE_CURVE('',#1534,#1566,#1568,.T.);
#1566 = VERTEX_POINT('',#1567);
#1567 = CARTESIAN_POINT('',(83.705206250975,-22.5454150968,3.3528));
#1568 = SURFACE_CURVE('',#1569,(#1573,#1580),.PCURVE_S1.);
#1569 = LINE('',#1570,#1571);
#1570 = CARTESIAN_POINT('',(30.39072016456,10.769173271395,3.3528));
#1571 = VECTOR('',#1572,1.);
#1572 = DIRECTION('',(-0.848048096156,0.529919264233,0.));
#1573 = PCURVE('',#104,#1574);
#1574 = DEFINITIONAL_REPRESENTATION('',(#1575),#1579);
#1575 = LINE('',#1576,#1577);
#1576 = CARTESIAN_POINT('',(78.01572016456,10.769173271395));
#1577 = VECTOR('',#1578,1.);
#1578 = DIRECTION('',(-0.848048096156,0.529919264233));
#1579 = ( GEOMETRIC_REPRESENTATION_CONTEXT(2) 
PARAMETRIC_REPRESENTATION_CONTEXT() REPRESENTATION_CONTEXT('2D SPACE',''
  ) );
#1580 = PCURVE('',#1581,#1586);
#1581 = PLANE('',#1582);
#1582 = AXIS2_PLACEMENT_3D('',#1583,#1584,#1585);
#1583 = CARTESIAN_POINT('',(81.65886619495,-21.2667199122,-11.43));
#1584 = DIRECTION('',(0.529919264233,0.848048096156,0.));
#1585 = DIRECTION('',(0.848048096156,-0.529919264233,0.));
#1586 = DEFINITIONAL_REPRESENTATION('',(#1587),#1591);
#1587 = LINE('',#1588,#1589);
#1588 = CARTESIAN_POINT('',(-60.45429057945,-14.7828));
#1589 = VECTOR('',#1590,1.);
#1590 = DIRECTION('',(-1.,0.));
#1591 = ( GEOMETRIC_REPRESENTATION_CONTEXT(2) 
PARAMETRIC_REPRESENTATION_CONTEXT() REPRESENTATION_CONTEXT('2D SPACE',''
  ) );
#1592 = ORIENTED_EDGE('',*,*,#1593,.T.);
#1593 = EDGE_CURVE('',#1566,#1594,#1596,.T.);
#1594 = VERTEX_POINT('',#1595);
#1595 = CARTESIAN_POINT('',(5.49404501539,5.921119580346,3.3528));
#1596 = SURFACE_CURVE('',#1597,(#1602,#1613),.PCURVE_S1.);
#1597 = CIRCLE('',#1598,42.545);
#1598 = AXIS2_PLACEMENT_3D('',#1599,#1600,#1601);
#1599 = CARTESIAN_POINT('',(47.625,0.,3.3528));
#1600 = DIRECTION('',(0.,-0.,-1.));
#1601 = DIRECTION('',(1.,0.,-0.));
#1602 = PCURVE('',#104,#1603);
#1603 = DEFINITIONAL_REPRESENTATION('',(#1604),#1612);
#1604 = ( BOUNDED_CURVE() B_SPLINE_CURVE(2,(#1605,#1606,#1607,#1608,
#1609,#1610,#1611),.UNSPECIFIED.,.T.,.F.) B_SPLINE_CURVE_WITH_KNOTS((1,2
    ,2,2,2,1),(-2.094395102393,0.,2.094395102393,4.188790204786,
6.28318530718,8.377580409573),.UNSPECIFIED.) CURVE() 
GEOMETRIC_REPRESENTATION_ITEM() RATIONAL_B_SPLINE_CURVE((1.,0.5,1.,0.5,
1.,0.5,1.)) REPRESENTATION_ITEM('') );
#1605 = CARTESIAN_POINT('',(137.795,-5.385487706847E-15));
#1606 = CARTESIAN_POINT('',(137.795,-73.69010160801));
#1607 = CARTESIAN_POINT('',(73.9775,-36.845050804));
#1608 = CARTESIAN_POINT('',(10.16,-1.580600732079E-14));
#1609 = CARTESIAN_POINT('',(73.9775,36.845050804009));
#1610 = CARTESIAN_POINT('',(137.795,73.690101608018));
#1611 = CARTESIAN_POINT('',(137.795,-5.385487706847E-15));
#1612 = ( GEOMETRIC_REPRESENTATION_CONTEXT(2) 
PARAMETRIC_REPRESENTATION_CONTEXT() REPRESENTATION_CONTEXT('2D SPACE',''
  ) );
#1613 = PCURVE('',#921,#1614);
#1614 = DEFINITIONAL_REPRESENTATION('',(#1615),#1618);
#1615 = B_SPLINE_CURVE_WITH_KNOTS('',1,(#1616,#1617),.UNSPECIFIED.,.F.,
  .F.,(2,2),(0.558505360638,3.281218993749),.PIECEWISE_BEZIER_KNOTS.);
#1616 = CARTESIAN_POINT('',(-5.724679946541,-17.3228));
#1617 = CARTESIAN_POINT('',(-3.00196631343,-17.3228));
#1618 = ( GEOMETRIC_REPRESENTATION_CONTEXT(2) 
PARAMETRIC_REPRESENTATION_CONTEXT() REPRESENTATION_CONTEXT('2D SPACE',''
  ) );
#1619 = ORIENTED_EDGE('',*,*,#1620,.T.);
#1620 = EDGE_CURVE('',#1594,#1621,#1623,.T.);
#1621 = VERTEX_POINT('',#1622);
#1622 = CARTESIAN_POINT('',(1.595359628754,6.469044078827,3.3528));
#1623 = SURFACE_CURVE('',#1624,(#1628,#1635),.PCURVE_S1.);
#1624 = LINE('',#1625,#1626);
#1625 = CARTESIAN_POINT('',(-22.09236432015,9.798136574805,3.3528));
#1626 = VECTOR('',#1627,1.);
#1627 = DIRECTION('',(-0.990268068742,0.13917310096,0.));
#1628 = PCURVE('',#104,#1629);
#1629 = DEFINITIONAL_REPRESENTATION('',(#1630),#1634);
#1630 = LINE('',#1631,#1632);
#1631 = CARTESIAN_POINT('',(25.532635679846,9.798136574805));
#1632 = VECTOR('',#1633,1.);
#1633 = DIRECTION('',(-0.990268068742,0.13917310096));
#1634 = ( GEOMETRIC_REPRESENTATION_CONTEXT(2) 
PARAMETRIC_REPRESENTATION_CONTEXT() REPRESENTATION_CONTEXT('2D SPACE',''
  ) );
#1635 = PCURVE('',#1636,#1641);
#1636 = PLANE('',#1637);
#1637 = AXIS2_PLACEMENT_3D('',#1638,#1639,#1640);
#1638 = CARTESIAN_POINT('',(1.595359628754,6.469044078826,-11.43));
#1639 = DIRECTION('',(0.13917310096,0.990268068742,0.));
#1640 = DIRECTION('',(0.990268068742,-0.13917310096,0.));
#1641 = DEFINITIONAL_REPRESENTATION('',(#1642),#1646);
#1642 = LINE('',#1643,#1644);
#1643 = CARTESIAN_POINT('',(-23.92051677381,-14.7828));
#1644 = VECTOR('',#1645,1.);
#1645 = DIRECTION('',(-1.,0.));
#1646 = ( GEOMETRIC_REPRESENTATION_CONTEXT(2) 
PARAMETRIC_REPRESENTATION_CONTEXT() REPRESENTATION_CONTEXT('2D SPACE',''
  ) );
#1647 = ORIENTED_EDGE('',*,*,#1648,.T.);
#1648 = EDGE_CURVE('',#1621,#1649,#1651,.T.);
#1649 = VERTEX_POINT('',#1650);
#1650 = CARTESIAN_POINT('',(8.206028394458,24.631707240089,3.3528));
#1651 = SURFACE_CURVE('',#1652,(#1657,#1668),.PCURVE_S1.);
#1652 = CIRCLE('',#1653,46.482);
#1653 = AXIS2_PLACEMENT_3D('',#1654,#1655,#1656);
#1654 = CARTESIAN_POINT('',(47.625,0.,3.3528));
#1655 = DIRECTION('',(0.,0.,-1.));
#1656 = DIRECTION('',(-1.,1.224646799147E-16,0.));
#1657 = PCURVE('',#104,#1658);
#1658 = DEFINITIONAL_REPRESENTATION('',(#1659),#1667);
#1659 = ( BOUNDED_CURVE() B_SPLINE_CURVE(2,(#1660,#1661,#1662,#1663,
#1664,#1665,#1666),.UNSPECIFIED.,.T.,.F.) B_SPLINE_CURVE_WITH_KNOTS((1,2
    ,2,2,2,1),(-2.094395102393,0.,2.094395102393,4.188790204786,
6.28318530718,8.377580409573),.UNSPECIFIED.) CURVE() 
GEOMETRIC_REPRESENTATION_ITEM() RATIONAL_B_SPLINE_CURVE((1.,0.5,1.,0.5,
1.,0.5,1.)) REPRESENTATION_ITEM('') );
#1660 = CARTESIAN_POINT('',(48.768,3.069155449499E-16));
#1661 = CARTESIAN_POINT('',(48.768,80.509185637417));
#1662 = CARTESIAN_POINT('',(118.491,40.254592818708));
#1663 = CARTESIAN_POINT('',(188.214,-5.385487706847E-15));
#1664 = CARTESIAN_POINT('',(118.491,-40.2545928187));
#1665 = CARTESIAN_POINT('',(48.768,-80.50918563741));
#1666 = CARTESIAN_POINT('',(48.768,3.069155449499E-16));
#1667 = ( GEOMETRIC_REPRESENTATION_CONTEXT(2) 
PARAMETRIC_REPRESENTATION_CONTEXT() REPRESENTATION_CONTEXT('2D SPACE',''
  ) );
#1668 = PCURVE('',#1669,#1674);
#1669 = CYLINDRICAL_SURFACE('',#1670,46.482);
#1670 = AXIS2_PLACEMENT_3D('',#1671,#1672,#1673);
#1671 = CARTESIAN_POINT('',(47.625,7.88860905221E-31,-11.43));
#1672 = DIRECTION('',(0.,0.,-1.));
#1673 = DIRECTION('',(-1.,1.224646799147E-16,0.));
#1674 = DEFINITIONAL_REPRESENTATION('',(#1675),#1678);
#1675 = B_SPLINE_CURVE_WITH_KNOTS('',1,(#1676,#1677),.UNSPECIFIED.,.F.,
  .F.,(2,2),(0.13962634016,0.558505360638),.PIECEWISE_BEZIER_KNOTS.);
#1676 = CARTESIAN_POINT('',(-6.14355896702,-14.7828));
#1677 = CARTESIAN_POINT('',(-5.724679946541,-14.7828));
#1678 = ( GEOMETRIC_REPRESENTATION_CONTEXT(2) 
PARAMETRIC_REPRESENTATION_CONTEXT() REPRESENTATION_CONTEXT('2D SPACE',''
  ) );
#1679 = ORIENTED_EDGE('',*,*,#1680,.T.);
#1680 = EDGE_CURVE('',#1649,#1450,#1681,.T.);
#1681 = SURFACE_CURVE('',#1682,(#1686,#1693),.PCURVE_S1.);
#1682 = LINE('',#1683,#1684);
#1683 = CARTESIAN_POINT('',(-3.64314603039,32.035893183602,3.3528));
#1684 = VECTOR('',#1685,1.);
#1685 = DIRECTION('',(0.848048096156,-0.529919264233,0.));
#1686 = PCURVE('',#104,#1687);
#1687 = DEFINITIONAL_REPRESENTATION('',(#1688),#1692);
#1688 = LINE('',#1689,#1690);
#1689 = CARTESIAN_POINT('',(43.98185396961,32.035893183602));
#1690 = VECTOR('',#1691,1.);
#1691 = DIRECTION('',(0.848048096156,-0.529919264233));
#1692 = ( GEOMETRIC_REPRESENTATION_CONTEXT(2) 
PARAMETRIC_REPRESENTATION_CONTEXT() REPRESENTATION_CONTEXT('2D SPACE',''
  ) );
#1693 = PCURVE('',#1694,#1699);
#1694 = PLANE('',#1695);
#1695 = AXIS2_PLACEMENT_3D('',#1696,#1697,#1698);
#1696 = CARTESIAN_POINT('',(13.59113380505,21.266719912207,-11.43));
#1697 = DIRECTION('',(-0.529919264233,-0.848048096156,0.));
#1698 = DIRECTION('',(-0.848048096156,0.529919264233,0.));
#1699 = DEFINITIONAL_REPRESENTATION('',(#1700),#1704);
#1700 = LINE('',#1701,#1702);
#1701 = CARTESIAN_POINT('',(20.32229057945,-14.7828));
#1702 = VECTOR('',#1703,1.);
#1703 = DIRECTION('',(-1.,0.));
#1704 = ( GEOMETRIC_REPRESENTATION_CONTEXT(2) 
PARAMETRIC_REPRESENTATION_CONTEXT() REPRESENTATION_CONTEXT('2D SPACE',''
  ) );
#1705 = ADVANCED_FACE('',(#1706),#235,.F.);
#1706 = FACE_BOUND('',#1707,.F.);
#1707 = EDGE_LOOP('',(#1708,#1731,#1759,#1780));
#1708 = ORIENTED_EDGE('',*,*,#1709,.F.);
#1709 = EDGE_CURVE('',#1710,#218,#1712,.T.);
#1710 = VERTEX_POINT('',#1711);
#1711 = CARTESIAN_POINT('',(-54.9275,-47.07464827685,-18.288));
#1712 = SURFACE_CURVE('',#1713,(#1717,#1724),.PCURVE_S1.);
#1713 = LINE('',#1714,#1715);
#1714 = CARTESIAN_POINT('',(-54.9275,-47.07464827685,-18.288));
#1715 = VECTOR('',#1716,1.);
#1716 = DIRECTION('',(0.,0.,1.));
#1717 = PCURVE('',#235,#1718);
#1718 = DEFINITIONAL_REPRESENTATION('',(#1719),#1723);
#1719 = LINE('',#1720,#1721);
#1720 = CARTESIAN_POINT('',(0.,17.78));
#1721 = VECTOR('',#1722,1.);
#1722 = DIRECTION('',(1.,0.));
#1723 = ( GEOMETRIC_REPRESENTATION_CONTEXT(2) 
PARAMETRIC_REPRESENTATION_CONTEXT() REPRESENTATION_CONTEXT('2D SPACE',''
  ) );
#1724 = PCURVE('',#317,#1725);
#1725 = DEFINITIONAL_REPRESENTATION('',(#1726),#1730);
#1726 = LINE('',#1727,#1728);
#1727 = CARTESIAN_POINT('',(0.,0.));
#1728 = VECTOR('',#1729,1.);
#1729 = DIRECTION('',(1.,0.));
#1730 = ( GEOMETRIC_REPRESENTATION_CONTEXT(2) 
PARAMETRIC_REPRESENTATION_CONTEXT() REPRESENTATION_CONTEXT('2D SPACE',''
  ) );
#1731 = ORIENTED_EDGE('',*,*,#1732,.F.);
#1732 = EDGE_CURVE('',#1733,#1710,#1735,.T.);
#1733 = VERTEX_POINT('',#1734);
#1734 = CARTESIAN_POINT('',(-37.1475,-47.07464827685,-18.288));
#1735 = SURFACE_CURVE('',#1736,(#1740,#1747),.PCURVE_S1.);
#1736 = LINE('',#1737,#1738);
#1737 = CARTESIAN_POINT('',(-37.1475,-47.07464827685,-18.288));
#1738 = VECTOR('',#1739,1.);
#1739 = DIRECTION('',(-1.,1.224646799147E-16,0.));
#1740 = PCURVE('',#235,#1741);
#1741 = DEFINITIONAL_REPRESENTATION('',(#1742),#1746);
#1742 = LINE('',#1743,#1744);
#1743 = CARTESIAN_POINT('',(0.,0.));
#1744 = VECTOR('',#1745,1.);
#1745 = DIRECTION('',(0.,1.));
#1746 = ( GEOMETRIC_REPRESENTATION_CONTEXT(2) 
PARAMETRIC_REPRESENTATION_CONTEXT() REPRESENTATION_CONTEXT('2D SPACE',''
  ) );
#1747 = PCURVE('',#1748,#1753);
#1748 = PLANE('',#1749);
#1749 = AXIS2_PLACEMENT_3D('',#1750,#1751,#1752);
#1750 = CARTESIAN_POINT('',(-37.1475,-47.07464827685,-18.288));
#1751 = DIRECTION('',(0.,0.,1.));
#1752 = DIRECTION('',(-1.,1.224646799147E-16,0.));
#1753 = DEFINITIONAL_REPRESENTATION('',(#1754),#1758);
#1754 = LINE('',#1755,#1756);
#1755 = CARTESIAN_POINT('',(0.,0.));
#1756 = VECTOR('',#1757,1.);
#1757 = DIRECTION('',(1.,0.));
#1758 = ( GEOMETRIC_REPRESENTATION_CONTEXT(2) 
PARAMETRIC_REPRESENTATION_CONTEXT() REPRESENTATION_CONTEXT('2D SPACE',''
  ) );
#1759 = ORIENTED_EDGE('',*,*,#1760,.T.);
#1760 = EDGE_CURVE('',#1733,#220,#1761,.T.);
#1761 = SURFACE_CURVE('',#1762,(#1766,#1773),.PCURVE_S1.);
#1762 = LINE('',#1763,#1764);
#1763 = CARTESIAN_POINT('',(-37.1475,-47.07464827685,-18.288));
#1764 = VECTOR('',#1765,1.);
#1765 = DIRECTION('',(0.,0.,1.));
#1766 = PCURVE('',#235,#1767);
#1767 = DEFINITIONAL_REPRESENTATION('',(#1768),#1772);
#1768 = LINE('',#1769,#1770);
#1769 = CARTESIAN_POINT('',(0.,0.));
#1770 = VECTOR('',#1771,1.);
#1771 = DIRECTION('',(1.,0.));
#1772 = ( GEOMETRIC_REPRESENTATION_CONTEXT(2) 
PARAMETRIC_REPRESENTATION_CONTEXT() REPRESENTATION_CONTEXT('2D SPACE',''
  ) );
#1773 = PCURVE('',#263,#1774);
#1774 = DEFINITIONAL_REPRESENTATION('',(#1775),#1779);
#1775 = LINE('',#1776,#1777);
#1776 = CARTESIAN_POINT('',(0.,0.));
#1777 = VECTOR('',#1778,1.);
#1778 = DIRECTION('',(1.,0.));
#1779 = ( GEOMETRIC_REPRESENTATION_CONTEXT(2) 
PARAMETRIC_REPRESENTATION_CONTEXT() REPRESENTATION_CONTEXT('2D SPACE',''
  ) );
#1780 = ORIENTED_EDGE('',*,*,#217,.F.);
#1781 = ADVANCED_FACE('',(#1782),#317,.T.);
#1782 = FACE_BOUND('',#1783,.T.);
#1783 = EDGE_LOOP('',(#1784,#1785,#1808,#1836,#1864,#1885));
#1784 = ORIENTED_EDGE('',*,*,#1709,.F.);
#1785 = ORIENTED_EDGE('',*,*,#1786,.T.);
#1786 = EDGE_CURVE('',#1710,#1787,#1789,.T.);
#1787 = VERTEX_POINT('',#1788);
#1788 = CARTESIAN_POINT('',(-54.9275,-48.72564827685,-18.288));
#1789 = SURFACE_CURVE('',#1790,(#1794,#1801),.PCURVE_S1.);
#1790 = LINE('',#1791,#1792);
#1791 = CARTESIAN_POINT('',(-54.9275,-47.07464827685,-18.288));
#1792 = VECTOR('',#1793,1.);
#1793 = DIRECTION('',(-1.224646799147E-16,-1.,0.));
#1794 = PCURVE('',#317,#1795);
#1795 = DEFINITIONAL_REPRESENTATION('',(#1796),#1800);
#1796 = LINE('',#1797,#1798);
#1797 = CARTESIAN_POINT('',(0.,0.));
#1798 = VECTOR('',#1799,1.);
#1799 = DIRECTION('',(0.,-1.));
#1800 = ( GEOMETRIC_REPRESENTATION_CONTEXT(2) 
PARAMETRIC_REPRESENTATION_CONTEXT() REPRESENTATION_CONTEXT('2D SPACE',''
  ) );
#1801 = PCURVE('',#1748,#1802);
#1802 = DEFINITIONAL_REPRESENTATION('',(#1803),#1807);
#1803 = LINE('',#1804,#1805);
#1804 = CARTESIAN_POINT('',(17.78,0.));
#1805 = VECTOR('',#1806,1.);
#1806 = DIRECTION('',(0.,1.));
#1807 = ( GEOMETRIC_REPRESENTATION_CONTEXT(2) 
PARAMETRIC_REPRESENTATION_CONTEXT() REPRESENTATION_CONTEXT('2D SPACE',''
  ) );
#1808 = ORIENTED_EDGE('',*,*,#1809,.F.);
#1809 = EDGE_CURVE('',#1810,#1787,#1812,.T.);
#1810 = VERTEX_POINT('',#1811);
#1811 = CARTESIAN_POINT('',(-54.9275,-52.324,-16.51));
#1812 = SURFACE_CURVE('',#1813,(#1817,#1824),.PCURVE_S1.);
#1813 = LINE('',#1814,#1815);
#1814 = CARTESIAN_POINT('',(-54.9275,-52.324,-16.51));
#1815 = VECTOR('',#1816,1.);
#1816 = DIRECTION('',(1.097929673395E-16,0.89652761446,-0.442987851426)
  );
#1817 = PCURVE('',#317,#1818);
#1818 = DEFINITIONAL_REPRESENTATION('',(#1819),#1823);
#1819 = LINE('',#1820,#1821);
#1820 = CARTESIAN_POINT('',(1.778,-5.249351723143));
#1821 = VECTOR('',#1822,1.);
#1822 = DIRECTION('',(-0.442987851426,0.89652761446));
#1823 = ( GEOMETRIC_REPRESENTATION_CONTEXT(2) 
PARAMETRIC_REPRESENTATION_CONTEXT() REPRESENTATION_CONTEXT('2D SPACE',''
  ) );
#1824 = PCURVE('',#1825,#1830);
#1825 = PLANE('',#1826);
#1826 = AXIS2_PLACEMENT_3D('',#1827,#1828,#1829);
#1827 = CARTESIAN_POINT('',(-54.9275,-52.324,-16.51));
#1828 = DIRECTION('',(5.425036543099E-17,0.442987851426,0.89652761446));
#1829 = DIRECTION('',(1.097929673395E-16,0.89652761446,-0.442987851426)
  );
#1830 = DEFINITIONAL_REPRESENTATION('',(#1831),#1835);
#1831 = LINE('',#1832,#1833);
#1832 = CARTESIAN_POINT('',(0.,0.));
#1833 = VECTOR('',#1834,1.);
#1834 = DIRECTION('',(1.,0.));
#1835 = ( GEOMETRIC_REPRESENTATION_CONTEXT(2) 
PARAMETRIC_REPRESENTATION_CONTEXT() REPRESENTATION_CONTEXT('2D SPACE',''
  ) );
#1836 = ORIENTED_EDGE('',*,*,#1837,.F.);
#1837 = EDGE_CURVE('',#1838,#1810,#1840,.T.);
#1838 = VERTEX_POINT('',#1839);
#1839 = CARTESIAN_POINT('',(-54.9275,-48.72564827685,-13.462));
#1840 = SURFACE_CURVE('',#1841,(#1845,#1852),.PCURVE_S1.);
#1841 = LINE('',#1842,#1843);
#1842 = CARTESIAN_POINT('',(-54.9275,-48.72564827685,-13.462));
#1843 = VECTOR('',#1844,1.);
#1844 = DIRECTION('',(-9.344634350422E-17,-0.763047301224,
    -0.646342646043));
#1845 = PCURVE('',#317,#1846);
#1846 = DEFINITIONAL_REPRESENTATION('',(#1847),#1851);
#1847 = LINE('',#1848,#1849);
#1848 = CARTESIAN_POINT('',(4.826,-1.651));
#1849 = VECTOR('',#1850,1.);
#1850 = DIRECTION('',(-0.646342646043,-0.763047301224));
#1851 = ( GEOMETRIC_REPRESENTATION_CONTEXT(2) 
PARAMETRIC_REPRESENTATION_CONTEXT() REPRESENTATION_CONTEXT('2D SPACE',''
  ) );
#1852 = PCURVE('',#1853,#1858);
#1853 = PLANE('',#1854);
#1854 = AXIS2_PLACEMENT_3D('',#1855,#1856,#1857);
#1855 = CARTESIAN_POINT('',(-54.9275,-48.72564827685,-13.462));
#1856 = DIRECTION('',(7.915414526296E-17,0.646342646043,-0.763047301224)
  );
#1857 = DIRECTION('',(-9.344634350422E-17,-0.763047301224,
    -0.646342646043));
#1858 = DEFINITIONAL_REPRESENTATION('',(#1859),#1863);
#1859 = LINE('',#1860,#1861);
#1860 = CARTESIAN_POINT('',(0.,0.));
#1861 = VECTOR('',#1862,1.);
#1862 = DIRECTION('',(1.,0.));
#1863 = ( GEOMETRIC_REPRESENTATION_CONTEXT(2) 
PARAMETRIC_REPRESENTATION_CONTEXT() REPRESENTATION_CONTEXT('2D SPACE',''
  ) );
#1864 = ORIENTED_EDGE('',*,*,#1865,.T.);
#1865 = EDGE_CURVE('',#1838,#276,#1866,.T.);
#1866 = SURFACE_CURVE('',#1867,(#1871,#1878),.PCURVE_S1.);
#1867 = LINE('',#1868,#1869);
#1868 = CARTESIAN_POINT('',(-54.9275,-48.72564827685,-18.288));
#1869 = VECTOR('',#1870,1.);
#1870 = DIRECTION('',(0.,0.,1.));
#1871 = PCURVE('',#317,#1872);
#1872 = DEFINITIONAL_REPRESENTATION('',(#1873),#1877);
#1873 = LINE('',#1874,#1875);
#1874 = CARTESIAN_POINT('',(0.,-1.651));
#1875 = VECTOR('',#1876,1.);
#1876 = DIRECTION('',(1.,0.));
#1877 = ( GEOMETRIC_REPRESENTATION_CONTEXT(2) 
PARAMETRIC_REPRESENTATION_CONTEXT() REPRESENTATION_CONTEXT('2D SPACE',''
  ) );
#1878 = PCURVE('',#291,#1879);
#1879 = DEFINITIONAL_REPRESENTATION('',(#1880),#1884);
#1880 = LINE('',#1881,#1882);
#1881 = CARTESIAN_POINT('',(0.,17.78));
#1882 = VECTOR('',#1883,1.);
#1883 = DIRECTION('',(1.,0.));
#1884 = ( GEOMETRIC_REPRESENTATION_CONTEXT(2) 
PARAMETRIC_REPRESENTATION_CONTEXT() REPRESENTATION_CONTEXT('2D SPACE',''
  ) );
#1885 = ORIENTED_EDGE('',*,*,#303,.F.);
#1886 = ADVANCED_FACE('',(#1887),#263,.F.);
#1887 = FACE_BOUND('',#1888,.F.);
#1888 = EDGE_LOOP('',(#1889,#1890,#1913,#1936,#1959,#1980));
#1889 = ORIENTED_EDGE('',*,*,#1760,.F.);
#1890 = ORIENTED_EDGE('',*,*,#1891,.T.);
#1891 = EDGE_CURVE('',#1733,#1892,#1894,.T.);
#1892 = VERTEX_POINT('',#1893);
#1893 = CARTESIAN_POINT('',(-37.1475,-48.72564827685,-18.288));
#1894 = SURFACE_CURVE('',#1895,(#1899,#1906),.PCURVE_S1.);
#1895 = LINE('',#1896,#1897);
#1896 = CARTESIAN_POINT('',(-37.1475,-47.07464827685,-18.288));
#1897 = VECTOR('',#1898,1.);
#1898 = DIRECTION('',(-1.224646799147E-16,-1.,0.));
#1899 = PCURVE('',#263,#1900);
#1900 = DEFINITIONAL_REPRESENTATION('',(#1901),#1905);
#1901 = LINE('',#1902,#1903);
#1902 = CARTESIAN_POINT('',(0.,0.));
#1903 = VECTOR('',#1904,1.);
#1904 = DIRECTION('',(0.,-1.));
#1905 = ( GEOMETRIC_REPRESENTATION_CONTEXT(2) 
PARAMETRIC_REPRESENTATION_CONTEXT() REPRESENTATION_CONTEXT('2D SPACE',''
  ) );
#1906 = PCURVE('',#1748,#1907);
#1907 = DEFINITIONAL_REPRESENTATION('',(#1908),#1912);
#1908 = LINE('',#1909,#1910);
#1909 = CARTESIAN_POINT('',(0.,0.));
#1910 = VECTOR('',#1911,1.);
#1911 = DIRECTION('',(0.,1.));
#1912 = ( GEOMETRIC_REPRESENTATION_CONTEXT(2) 
PARAMETRIC_REPRESENTATION_CONTEXT() REPRESENTATION_CONTEXT('2D SPACE',''
  ) );
#1913 = ORIENTED_EDGE('',*,*,#1914,.F.);
#1914 = EDGE_CURVE('',#1915,#1892,#1917,.T.);
#1915 = VERTEX_POINT('',#1916);
#1916 = CARTESIAN_POINT('',(-37.1475,-52.324,-16.51));
#1917 = SURFACE_CURVE('',#1918,(#1922,#1929),.PCURVE_S1.);
#1918 = LINE('',#1919,#1920);
#1919 = CARTESIAN_POINT('',(-37.1475,-52.324,-16.51));
#1920 = VECTOR('',#1921,1.);
#1921 = DIRECTION('',(1.097929673395E-16,0.89652761446,-0.442987851426)
  );
#1922 = PCURVE('',#263,#1923);
#1923 = DEFINITIONAL_REPRESENTATION('',(#1924),#1928);
#1924 = LINE('',#1925,#1926);
#1925 = CARTESIAN_POINT('',(1.778,-5.249351723143));
#1926 = VECTOR('',#1927,1.);
#1927 = DIRECTION('',(-0.442987851426,0.89652761446));
#1928 = ( GEOMETRIC_REPRESENTATION_CONTEXT(2) 
PARAMETRIC_REPRESENTATION_CONTEXT() REPRESENTATION_CONTEXT('2D SPACE',''
  ) );
#1929 = PCURVE('',#1825,#1930);
#1930 = DEFINITIONAL_REPRESENTATION('',(#1931),#1935);
#1931 = LINE('',#1932,#1933);
#1932 = CARTESIAN_POINT('',(-0.,-17.78));
#1933 = VECTOR('',#1934,1.);
#1934 = DIRECTION('',(1.,0.));
#1935 = ( GEOMETRIC_REPRESENTATION_CONTEXT(2) 
PARAMETRIC_REPRESENTATION_CONTEXT() REPRESENTATION_CONTEXT('2D SPACE',''
  ) );
#1936 = ORIENTED_EDGE('',*,*,#1937,.F.);
#1937 = EDGE_CURVE('',#1938,#1915,#1940,.T.);
#1938 = VERTEX_POINT('',#1939);
#1939 = CARTESIAN_POINT('',(-37.1475,-48.72564827685,-13.462));
#1940 = SURFACE_CURVE('',#1941,(#1945,#1952),.PCURVE_S1.);
#1941 = LINE('',#1942,#1943);
#1942 = CARTESIAN_POINT('',(-37.1475,-48.72564827685,-13.462));
#1943 = VECTOR('',#1944,1.);
#1944 = DIRECTION('',(-9.344634350422E-17,-0.763047301224,
    -0.646342646043));
#1945 = PCURVE('',#263,#1946);
#1946 = DEFINITIONAL_REPRESENTATION('',(#1947),#1951);
#1947 = LINE('',#1948,#1949);
#1948 = CARTESIAN_POINT('',(4.826,-1.651));
#1949 = VECTOR('',#1950,1.);
#1950 = DIRECTION('',(-0.646342646043,-0.763047301224));
#1951 = ( GEOMETRIC_REPRESENTATION_CONTEXT(2) 
PARAMETRIC_REPRESENTATION_CONTEXT() REPRESENTATION_CONTEXT('2D SPACE',''
  ) );
#1952 = PCURVE('',#1853,#1953);
#1953 = DEFINITIONAL_REPRESENTATION('',(#1954),#1958);
#1954 = LINE('',#1955,#1956);
#1955 = CARTESIAN_POINT('',(0.,-17.78));
#1956 = VECTOR('',#1957,1.);
#1957 = DIRECTION('',(1.,0.));
#1958 = ( GEOMETRIC_REPRESENTATION_CONTEXT(2) 
PARAMETRIC_REPRESENTATION_CONTEXT() REPRESENTATION_CONTEXT('2D SPACE',''
  ) );
#1959 = ORIENTED_EDGE('',*,*,#1960,.T.);
#1960 = EDGE_CURVE('',#1938,#248,#1961,.T.);
#1961 = SURFACE_CURVE('',#1962,(#1966,#1973),.PCURVE_S1.);
#1962 = LINE('',#1963,#1964);
#1963 = CARTESIAN_POINT('',(-37.1475,-48.72564827685,-18.288));
#1964 = VECTOR('',#1965,1.);
#1965 = DIRECTION('',(0.,0.,1.));
#1966 = PCURVE('',#263,#1967);
#1967 = DEFINITIONAL_REPRESENTATION('',(#1968),#1972);
#1968 = LINE('',#1969,#1970);
#1969 = CARTESIAN_POINT('',(0.,-1.651));
#1970 = VECTOR('',#1971,1.);
#1971 = DIRECTION('',(1.,0.));
#1972 = ( GEOMETRIC_REPRESENTATION_CONTEXT(2) 
PARAMETRIC_REPRESENTATION_CONTEXT() REPRESENTATION_CONTEXT('2D SPACE',''
  ) );
#1973 = PCURVE('',#291,#1974);
#1974 = DEFINITIONAL_REPRESENTATION('',(#1975),#1979);
#1975 = LINE('',#1976,#1977);
#1976 = CARTESIAN_POINT('',(0.,0.));
#1977 = VECTOR('',#1978,1.);
#1978 = DIRECTION('',(1.,0.));
#1979 = ( GEOMETRIC_REPRESENTATION_CONTEXT(2) 
PARAMETRIC_REPRESENTATION_CONTEXT() REPRESENTATION_CONTEXT('2D SPACE',''
  ) );
#1980 = ORIENTED_EDGE('',*,*,#247,.F.);
#1981 = ADVANCED_FACE('',(#1982),#291,.T.);
#1982 = FACE_BOUND('',#1983,.T.);
#1983 = EDGE_LOOP('',(#1984,#1985,#2006,#2007));
#1984 = ORIENTED_EDGE('',*,*,#1865,.F.);
#1985 = ORIENTED_EDGE('',*,*,#1986,.T.);
#1986 = EDGE_CURVE('',#1838,#1938,#1987,.T.);
#1987 = SURFACE_CURVE('',#1988,(#1992,#1999),.PCURVE_S1.);
#1988 = LINE('',#1989,#1990);
#1989 = CARTESIAN_POINT('',(-54.9275,-48.72564827685,-13.462));
#1990 = VECTOR('',#1991,1.);
#1991 = DIRECTION('',(1.,-1.224646799147E-16,0.));
#1992 = PCURVE('',#291,#1993);
#1993 = DEFINITIONAL_REPRESENTATION('',(#1994),#1998);
#1994 = LINE('',#1995,#1996);
#1995 = CARTESIAN_POINT('',(4.826,17.78));
#1996 = VECTOR('',#1997,1.);
#1997 = DIRECTION('',(0.,-1.));
#1998 = ( GEOMETRIC_REPRESENTATION_CONTEXT(2) 
PARAMETRIC_REPRESENTATION_CONTEXT() REPRESENTATION_CONTEXT('2D SPACE',''
  ) );
#1999 = PCURVE('',#1853,#2000);
#2000 = DEFINITIONAL_REPRESENTATION('',(#2001),#2005);
#2001 = LINE('',#2002,#2003);
#2002 = CARTESIAN_POINT('',(0.,0.));
#2003 = VECTOR('',#2004,1.);
#2004 = DIRECTION('',(0.,-1.));
#2005 = ( GEOMETRIC_REPRESENTATION_CONTEXT(2) 
PARAMETRIC_REPRESENTATION_CONTEXT() REPRESENTATION_CONTEXT('2D SPACE',''
  ) );
#2006 = ORIENTED_EDGE('',*,*,#1960,.T.);
#2007 = ORIENTED_EDGE('',*,*,#275,.F.);
#2008 = ADVANCED_FACE('',(#2009),#349,.F.);
#2009 = FACE_BOUND('',#2010,.F.);
#2010 = EDGE_LOOP('',(#2011,#2034,#2062,#2083));
#2011 = ORIENTED_EDGE('',*,*,#2012,.F.);
#2012 = EDGE_CURVE('',#2013,#332,#2015,.T.);
#2013 = VERTEX_POINT('',#2014);
#2014 = CARTESIAN_POINT('',(37.1475,-47.07464827685,-18.288));
#2015 = SURFACE_CURVE('',#2016,(#2020,#2027),.PCURVE_S1.);
#2016 = LINE('',#2017,#2018);
#2017 = CARTESIAN_POINT('',(37.1475,-47.07464827685,-18.288));
#2018 = VECTOR('',#2019,1.);
#2019 = DIRECTION('',(0.,0.,1.));
#2020 = PCURVE('',#349,#2021);
#2021 = DEFINITIONAL_REPRESENTATION('',(#2022),#2026);
#2022 = LINE('',#2023,#2024);
#2023 = CARTESIAN_POINT('',(0.,17.78));
#2024 = VECTOR('',#2025,1.);
#2025 = DIRECTION('',(1.,0.));
#2026 = ( GEOMETRIC_REPRESENTATION_CONTEXT(2) 
PARAMETRIC_REPRESENTATION_CONTEXT() REPRESENTATION_CONTEXT('2D SPACE',''
  ) );
#2027 = PCURVE('',#431,#2028);
#2028 = DEFINITIONAL_REPRESENTATION('',(#2029),#2033);
#2029 = LINE('',#2030,#2031);
#2030 = CARTESIAN_POINT('',(0.,0.));
#2031 = VECTOR('',#2032,1.);
#2032 = DIRECTION('',(1.,0.));
#2033 = ( GEOMETRIC_REPRESENTATION_CONTEXT(2) 
PARAMETRIC_REPRESENTATION_CONTEXT() REPRESENTATION_CONTEXT('2D SPACE',''
  ) );
#2034 = ORIENTED_EDGE('',*,*,#2035,.F.);
#2035 = EDGE_CURVE('',#2036,#2013,#2038,.T.);
#2036 = VERTEX_POINT('',#2037);
#2037 = CARTESIAN_POINT('',(54.9275,-47.07464827685,-18.288));
#2038 = SURFACE_CURVE('',#2039,(#2043,#2050),.PCURVE_S1.);
#2039 = LINE('',#2040,#2041);
#2040 = CARTESIAN_POINT('',(54.9275,-47.07464827685,-18.288));
#2041 = VECTOR('',#2042,1.);
#2042 = DIRECTION('',(-1.,1.224646799147E-16,0.));
#2043 = PCURVE('',#349,#2044);
#2044 = DEFINITIONAL_REPRESENTATION('',(#2045),#2049);
#2045 = LINE('',#2046,#2047);
#2046 = CARTESIAN_POINT('',(0.,0.));
#2047 = VECTOR('',#2048,1.);
#2048 = DIRECTION('',(0.,1.));
#2049 = ( GEOMETRIC_REPRESENTATION_CONTEXT(2) 
PARAMETRIC_REPRESENTATION_CONTEXT() REPRESENTATION_CONTEXT('2D SPACE',''
  ) );
#2050 = PCURVE('',#2051,#2056);
#2051 = PLANE('',#2052);
#2052 = AXIS2_PLACEMENT_3D('',#2053,#2054,#2055);
#2053 = CARTESIAN_POINT('',(54.9275,-47.07464827685,-18.288));
#2054 = DIRECTION('',(0.,0.,1.));
#2055 = DIRECTION('',(-1.,1.224646799147E-16,0.));
#2056 = DEFINITIONAL_REPRESENTATION('',(#2057),#2061);
#2057 = LINE('',#2058,#2059);
#2058 = CARTESIAN_POINT('',(0.,0.));
#2059 = VECTOR('',#2060,1.);
#2060 = DIRECTION('',(1.,0.));
#2061 = ( GEOMETRIC_REPRESENTATION_CONTEXT(2) 
PARAMETRIC_REPRESENTATION_CONTEXT() REPRESENTATION_CONTEXT('2D SPACE',''
  ) );
#2062 = ORIENTED_EDGE('',*,*,#2063,.T.);
#2063 = EDGE_CURVE('',#2036,#334,#2064,.T.);
#2064 = SURFACE_CURVE('',#2065,(#2069,#2076),.PCURVE_S1.);
#2065 = LINE('',#2066,#2067);
#2066 = CARTESIAN_POINT('',(54.9275,-47.07464827685,-18.288));
#2067 = VECTOR('',#2068,1.);
#2068 = DIRECTION('',(0.,0.,1.));
#2069 = PCURVE('',#349,#2070);
#2070 = DEFINITIONAL_REPRESENTATION('',(#2071),#2075);
#2071 = LINE('',#2072,#2073);
#2072 = CARTESIAN_POINT('',(0.,0.));
#2073 = VECTOR('',#2074,1.);
#2074 = DIRECTION('',(1.,0.));
#2075 = ( GEOMETRIC_REPRESENTATION_CONTEXT(2) 
PARAMETRIC_REPRESENTATION_CONTEXT() REPRESENTATION_CONTEXT('2D SPACE',''
  ) );
#2076 = PCURVE('',#377,#2077);
#2077 = DEFINITIONAL_REPRESENTATION('',(#2078),#2082);
#2078 = LINE('',#2079,#2080);
#2079 = CARTESIAN_POINT('',(0.,0.));
#2080 = VECTOR('',#2081,1.);
#2081 = DIRECTION('',(1.,0.));
#2082 = ( GEOMETRIC_REPRESENTATION_CONTEXT(2) 
PARAMETRIC_REPRESENTATION_CONTEXT() REPRESENTATION_CONTEXT('2D SPACE',''
  ) );
#2083 = ORIENTED_EDGE('',*,*,#331,.F.);
#2084 = ADVANCED_FACE('',(#2085),#431,.T.);
#2085 = FACE_BOUND('',#2086,.T.);
#2086 = EDGE_LOOP('',(#2087,#2088,#2111,#2139,#2167,#2188));
#2087 = ORIENTED_EDGE('',*,*,#2012,.F.);
#2088 = ORIENTED_EDGE('',*,*,#2089,.T.);
#2089 = EDGE_CURVE('',#2013,#2090,#2092,.T.);
#2090 = VERTEX_POINT('',#2091);
#2091 = CARTESIAN_POINT('',(37.1475,-48.72564827685,-18.288));
#2092 = SURFACE_CURVE('',#2093,(#2097,#2104),.PCURVE_S1.);
#2093 = LINE('',#2094,#2095);
#2094 = CARTESIAN_POINT('',(37.1475,-47.07464827685,-18.288));
#2095 = VECTOR('',#2096,1.);
#2096 = DIRECTION('',(-1.224646799147E-16,-1.,0.));
#2097 = PCURVE('',#431,#2098);
#2098 = DEFINITIONAL_REPRESENTATION('',(#2099),#2103);
#2099 = LINE('',#2100,#2101);
#2100 = CARTESIAN_POINT('',(0.,0.));
#2101 = VECTOR('',#2102,1.);
#2102 = DIRECTION('',(0.,-1.));
#2103 = ( GEOMETRIC_REPRESENTATION_CONTEXT(2) 
PARAMETRIC_REPRESENTATION_CONTEXT() REPRESENTATION_CONTEXT('2D SPACE',''
  ) );
#2104 = PCURVE('',#2051,#2105);
#2105 = DEFINITIONAL_REPRESENTATION('',(#2106),#2110);
#2106 = LINE('',#2107,#2108);
#2107 = CARTESIAN_POINT('',(17.78,0.));
#2108 = VECTOR('',#2109,1.);
#2109 = DIRECTION('',(0.,1.));
#2110 = ( GEOMETRIC_REPRESENTATION_CONTEXT(2) 
PARAMETRIC_REPRESENTATION_CONTEXT() REPRESENTATION_CONTEXT('2D SPACE',''
  ) );
#2111 = ORIENTED_EDGE('',*,*,#2112,.F.);
#2112 = EDGE_CURVE('',#2113,#2090,#2115,.T.);
#2113 = VERTEX_POINT('',#2114);
#2114 = CARTESIAN_POINT('',(37.1475,-52.324,-16.51));
#2115 = SURFACE_CURVE('',#2116,(#2120,#2127),.PCURVE_S1.);
#2116 = LINE('',#2117,#2118);
#2117 = CARTESIAN_POINT('',(37.1475,-52.324,-16.51));
#2118 = VECTOR('',#2119,1.);
#2119 = DIRECTION('',(1.097929673395E-16,0.89652761446,-0.442987851426)
  );
#2120 = PCURVE('',#431,#2121);
#2121 = DEFINITIONAL_REPRESENTATION('',(#2122),#2126);
#2122 = LINE('',#2123,#2124);
#2123 = CARTESIAN_POINT('',(1.778,-5.249351723143));
#2124 = VECTOR('',#2125,1.);
#2125 = DIRECTION('',(-0.442987851426,0.89652761446));
#2126 = ( GEOMETRIC_REPRESENTATION_CONTEXT(2) 
PARAMETRIC_REPRESENTATION_CONTEXT() REPRESENTATION_CONTEXT('2D SPACE',''
  ) );
#2127 = PCURVE('',#2128,#2133);
#2128 = PLANE('',#2129);
#2129 = AXIS2_PLACEMENT_3D('',#2130,#2131,#2132);
#2130 = CARTESIAN_POINT('',(37.1475,-52.324,-16.51));
#2131 = DIRECTION('',(5.425036543099E-17,0.442987851426,0.89652761446));
#2132 = DIRECTION('',(1.097929673395E-16,0.89652761446,-0.442987851426)
  );
#2133 = DEFINITIONAL_REPRESENTATION('',(#2134),#2138);
#2134 = LINE('',#2135,#2136);
#2135 = CARTESIAN_POINT('',(0.,0.));
#2136 = VECTOR('',#2137,1.);
#2137 = DIRECTION('',(1.,0.));
#2138 = ( GEOMETRIC_REPRESENTATION_CONTEXT(2) 
PARAMETRIC_REPRESENTATION_CONTEXT() REPRESENTATION_CONTEXT('2D SPACE',''
  ) );
#2139 = ORIENTED_EDGE('',*,*,#2140,.F.);
#2140 = EDGE_CURVE('',#2141,#2113,#2143,.T.);
#2141 = VERTEX_POINT('',#2142);
#2142 = CARTESIAN_POINT('',(37.1475,-48.72564827685,-13.462));
#2143 = SURFACE_CURVE('',#2144,(#2148,#2155),.PCURVE_S1.);
#2144 = LINE('',#2145,#2146);
#2145 = CARTESIAN_POINT('',(37.1475,-48.72564827685,-13.462));
#2146 = VECTOR('',#2147,1.);
#2147 = DIRECTION('',(-9.344634350422E-17,-0.763047301224,
    -0.646342646043));
#2148 = PCURVE('',#431,#2149);
#2149 = DEFINITIONAL_REPRESENTATION('',(#2150),#2154);
#2150 = LINE('',#2151,#2152);
#2151 = CARTESIAN_POINT('',(4.826,-1.651));
#2152 = VECTOR('',#2153,1.);
#2153 = DIRECTION('',(-0.646342646043,-0.763047301224));
#2154 = ( GEOMETRIC_REPRESENTATION_CONTEXT(2) 
PARAMETRIC_REPRESENTATION_CONTEXT() REPRESENTATION_CONTEXT('2D SPACE',''
  ) );
#2155 = PCURVE('',#2156,#2161);
#2156 = PLANE('',#2157);
#2157 = AXIS2_PLACEMENT_3D('',#2158,#2159,#2160);
#2158 = CARTESIAN_POINT('',(37.1475,-48.72564827685,-13.462));
#2159 = DIRECTION('',(7.915414526296E-17,0.646342646043,-0.763047301224)
  );
#2160 = DIRECTION('',(-9.344634350422E-17,-0.763047301224,
    -0.646342646043));
#2161 = DEFINITIONAL_REPRESENTATION('',(#2162),#2166);
#2162 = LINE('',#2163,#2164);
#2163 = CARTESIAN_POINT('',(0.,0.));
#2164 = VECTOR('',#2165,1.);
#2165 = DIRECTION('',(1.,0.));
#2166 = ( GEOMETRIC_REPRESENTATION_CONTEXT(2) 
PARAMETRIC_REPRESENTATION_CONTEXT() REPRESENTATION_CONTEXT('2D SPACE',''
  ) );
#2167 = ORIENTED_EDGE('',*,*,#2168,.T.);
#2168 = EDGE_CURVE('',#2141,#390,#2169,.T.);
#2169 = SURFACE_CURVE('',#2170,(#2174,#2181),.PCURVE_S1.);
#2170 = LINE('',#2171,#2172);
#2171 = CARTESIAN_POINT('',(37.1475,-48.72564827685,-18.288));
#2172 = VECTOR('',#2173,1.);
#2173 = DIRECTION('',(0.,0.,1.));
#2174 = PCURVE('',#431,#2175);
#2175 = DEFINITIONAL_REPRESENTATION('',(#2176),#2180);
#2176 = LINE('',#2177,#2178);
#2177 = CARTESIAN_POINT('',(0.,-1.651));
#2178 = VECTOR('',#2179,1.);
#2179 = DIRECTION('',(1.,0.));
#2180 = ( GEOMETRIC_REPRESENTATION_CONTEXT(2) 
PARAMETRIC_REPRESENTATION_CONTEXT() REPRESENTATION_CONTEXT('2D SPACE',''
  ) );
#2181 = PCURVE('',#405,#2182);
#2182 = DEFINITIONAL_REPRESENTATION('',(#2183),#2187);
#2183 = LINE('',#2184,#2185);
#2184 = CARTESIAN_POINT('',(0.,17.78));
#2185 = VECTOR('',#2186,1.);
#2186 = DIRECTION('',(1.,0.));
#2187 = ( GEOMETRIC_REPRESENTATION_CONTEXT(2) 
PARAMETRIC_REPRESENTATION_CONTEXT() REPRESENTATION_CONTEXT('2D SPACE',''
  ) );
#2188 = ORIENTED_EDGE('',*,*,#417,.F.);
#2189 = ADVANCED_FACE('',(#2190),#405,.T.);
#2190 = FACE_BOUND('',#2191,.T.);
#2191 = EDGE_LOOP('',(#2192,#2193,#2216,#2237));
#2192 = ORIENTED_EDGE('',*,*,#2168,.F.);
#2193 = ORIENTED_EDGE('',*,*,#2194,.T.);
#2194 = EDGE_CURVE('',#2141,#2195,#2197,.T.);
#2195 = VERTEX_POINT('',#2196);
#2196 = CARTESIAN_POINT('',(54.9275,-48.72564827685,-13.462));
#2197 = SURFACE_CURVE('',#2198,(#2202,#2209),.PCURVE_S1.);
#2198 = LINE('',#2199,#2200);
#2199 = CARTESIAN_POINT('',(37.1475,-48.72564827685,-13.462));
#2200 = VECTOR('',#2201,1.);
#2201 = DIRECTION('',(1.,-1.224646799147E-16,0.));
#2202 = PCURVE('',#405,#2203);
#2203 = DEFINITIONAL_REPRESENTATION('',(#2204),#2208);
#2204 = LINE('',#2205,#2206);
#2205 = CARTESIAN_POINT('',(4.826,17.78));
#2206 = VECTOR('',#2207,1.);
#2207 = DIRECTION('',(0.,-1.));
#2208 = ( GEOMETRIC_REPRESENTATION_CONTEXT(2) 
PARAMETRIC_REPRESENTATION_CONTEXT() REPRESENTATION_CONTEXT('2D SPACE',''
  ) );
#2209 = PCURVE('',#2156,#2210);
#2210 = DEFINITIONAL_REPRESENTATION('',(#2211),#2215);
#2211 = LINE('',#2212,#2213);
#2212 = CARTESIAN_POINT('',(0.,0.));
#2213 = VECTOR('',#2214,1.);
#2214 = DIRECTION('',(0.,-1.));
#2215 = ( GEOMETRIC_REPRESENTATION_CONTEXT(2) 
PARAMETRIC_REPRESENTATION_CONTEXT() REPRESENTATION_CONTEXT('2D SPACE',''
  ) );
#2216 = ORIENTED_EDGE('',*,*,#2217,.T.);
#2217 = EDGE_CURVE('',#2195,#362,#2218,.T.);
#2218 = SURFACE_CURVE('',#2219,(#2223,#2230),.PCURVE_S1.);
#2219 = LINE('',#2220,#2221);
#2220 = CARTESIAN_POINT('',(54.9275,-48.72564827685,-18.288));
#2221 = VECTOR('',#2222,1.);
#2222 = DIRECTION('',(0.,0.,1.));
#2223 = PCURVE('',#405,#2224);
#2224 = DEFINITIONAL_REPRESENTATION('',(#2225),#2229);
#2225 = LINE('',#2226,#2227);
#2226 = CARTESIAN_POINT('',(0.,0.));
#2227 = VECTOR('',#2228,1.);
#2228 = DIRECTION('',(1.,0.));
#2229 = ( GEOMETRIC_REPRESENTATION_CONTEXT(2) 
PARAMETRIC_REPRESENTATION_CONTEXT() REPRESENTATION_CONTEXT('2D SPACE',''
  ) );
#2230 = PCURVE('',#377,#2231);
#2231 = DEFINITIONAL_REPRESENTATION('',(#2232),#2236);
#2232 = LINE('',#2233,#2234);
#2233 = CARTESIAN_POINT('',(0.,-1.651));
#2234 = VECTOR('',#2235,1.);
#2235 = DIRECTION('',(1.,0.));
#2236 = ( GEOMETRIC_REPRESENTATION_CONTEXT(2) 
PARAMETRIC_REPRESENTATION_CONTEXT() REPRESENTATION_CONTEXT('2D SPACE',''
  ) );
#2237 = ORIENTED_EDGE('',*,*,#389,.F.);
#2238 = ADVANCED_FACE('',(#2239),#377,.F.);
#2239 = FACE_BOUND('',#2240,.F.);
#2240 = EDGE_LOOP('',(#2241,#2242,#2265,#2288,#2309,#2310));
#2241 = ORIENTED_EDGE('',*,*,#2063,.F.);
#2242 = ORIENTED_EDGE('',*,*,#2243,.T.);
#2243 = EDGE_CURVE('',#2036,#2244,#2246,.T.);
#2244 = VERTEX_POINT('',#2245);
#2245 = CARTESIAN_POINT('',(54.9275,-48.72564827685,-18.288));
#2246 = SURFACE_CURVE('',#2247,(#2251,#2258),.PCURVE_S1.);
#2247 = LINE('',#2248,#2249);
#2248 = CARTESIAN_POINT('',(54.9275,-47.07464827685,-18.288));
#2249 = VECTOR('',#2250,1.);
#2250 = DIRECTION('',(-1.224646799147E-16,-1.,0.));
#2251 = PCURVE('',#377,#2252);
#2252 = DEFINITIONAL_REPRESENTATION('',(#2253),#2257);
#2253 = LINE('',#2254,#2255);
#2254 = CARTESIAN_POINT('',(0.,0.));
#2255 = VECTOR('',#2256,1.);
#2256 = DIRECTION('',(0.,-1.));
#2257 = ( GEOMETRIC_REPRESENTATION_CONTEXT(2) 
PARAMETRIC_REPRESENTATION_CONTEXT() REPRESENTATION_CONTEXT('2D SPACE',''
  ) );
#2258 = PCURVE('',#2051,#2259);
#2259 = DEFINITIONAL_REPRESENTATION('',(#2260),#2264);
#2260 = LINE('',#2261,#2262);
#2261 = CARTESIAN_POINT('',(0.,0.));
#2262 = VECTOR('',#2263,1.);
#2263 = DIRECTION('',(0.,1.));
#2264 = ( GEOMETRIC_REPRESENTATION_CONTEXT(2) 
PARAMETRIC_REPRESENTATION_CONTEXT() REPRESENTATION_CONTEXT('2D SPACE',''
  ) );
#2265 = ORIENTED_EDGE('',*,*,#2266,.F.);
#2266 = EDGE_CURVE('',#2267,#2244,#2269,.T.);
#2267 = VERTEX_POINT('',#2268);
#2268 = CARTESIAN_POINT('',(54.9275,-52.324,-16.51));
#2269 = SURFACE_CURVE('',#2270,(#2274,#2281),.PCURVE_S1.);
#2270 = LINE('',#2271,#2272);
#2271 = CARTESIAN_POINT('',(54.9275,-52.324,-16.51));
#2272 = VECTOR('',#2273,1.);
#2273 = DIRECTION('',(1.097929673395E-16,0.89652761446,-0.442987851426)
  );
#2274 = PCURVE('',#377,#2275);
#2275 = DEFINITIONAL_REPRESENTATION('',(#2276),#2280);
#2276 = LINE('',#2277,#2278);
#2277 = CARTESIAN_POINT('',(1.778,-5.249351723143));
#2278 = VECTOR('',#2279,1.);
#2279 = DIRECTION('',(-0.442987851426,0.89652761446));
#2280 = ( GEOMETRIC_REPRESENTATION_CONTEXT(2) 
PARAMETRIC_REPRESENTATION_CONTEXT() REPRESENTATION_CONTEXT('2D SPACE',''
  ) );
#2281 = PCURVE('',#2128,#2282);
#2282 = DEFINITIONAL_REPRESENTATION('',(#2283),#2287);
#2283 = LINE('',#2284,#2285);
#2284 = CARTESIAN_POINT('',(-0.,-17.78));
#2285 = VECTOR('',#2286,1.);
#2286 = DIRECTION('',(1.,0.));
#2287 = ( GEOMETRIC_REPRESENTATION_CONTEXT(2) 
PARAMETRIC_REPRESENTATION_CONTEXT() REPRESENTATION_CONTEXT('2D SPACE',''
  ) );
#2288 = ORIENTED_EDGE('',*,*,#2289,.F.);
#2289 = EDGE_CURVE('',#2195,#2267,#2290,.T.);
#2290 = SURFACE_CURVE('',#2291,(#2295,#2302),.PCURVE_S1.);
#2291 = LINE('',#2292,#2293);
#2292 = CARTESIAN_POINT('',(54.9275,-48.72564827685,-13.462));
#2293 = VECTOR('',#2294,1.);
#2294 = DIRECTION('',(-9.344634350422E-17,-0.763047301224,
    -0.646342646043));
#2295 = PCURVE('',#377,#2296);
#2296 = DEFINITIONAL_REPRESENTATION('',(#2297),#2301);
#2297 = LINE('',#2298,#2299);
#2298 = CARTESIAN_POINT('',(4.826,-1.651));
#2299 = VECTOR('',#2300,1.);
#2300 = DIRECTION('',(-0.646342646043,-0.763047301224));
#2301 = ( GEOMETRIC_REPRESENTATION_CONTEXT(2) 
PARAMETRIC_REPRESENTATION_CONTEXT() REPRESENTATION_CONTEXT('2D SPACE',''
  ) );
#2302 = PCURVE('',#2156,#2303);
#2303 = DEFINITIONAL_REPRESENTATION('',(#2304),#2308);
#2304 = LINE('',#2305,#2306);
#2305 = CARTESIAN_POINT('',(0.,-17.78));
#2306 = VECTOR('',#2307,1.);
#2307 = DIRECTION('',(1.,0.));
#2308 = ( GEOMETRIC_REPRESENTATION_CONTEXT(2) 
PARAMETRIC_REPRESENTATION_CONTEXT() REPRESENTATION_CONTEXT('2D SPACE',''
  ) );
#2309 = ORIENTED_EDGE('',*,*,#2217,.T.);
#2310 = ORIENTED_EDGE('',*,*,#361,.F.);
#2311 = ADVANCED_FACE('',(#2312),#463,.F.);
#2312 = FACE_BOUND('',#2313,.F.);
#2313 = EDGE_LOOP('',(#2314,#2337,#2365,#2386));
#2314 = ORIENTED_EDGE('',*,*,#2315,.F.);
#2315 = EDGE_CURVE('',#2316,#446,#2318,.T.);
#2316 = VERTEX_POINT('',#2317);
#2317 = CARTESIAN_POINT('',(-37.1475,47.074648276857,-18.288));
#2318 = SURFACE_CURVE('',#2319,(#2323,#2330),.PCURVE_S1.);
#2319 = LINE('',#2320,#2321);
#2320 = CARTESIAN_POINT('',(-37.1475,47.074648276857,-18.288));
#2321 = VECTOR('',#2322,1.);
#2322 = DIRECTION('',(0.,0.,1.));
#2323 = PCURVE('',#463,#2324);
#2324 = DEFINITIONAL_REPRESENTATION('',(#2325),#2329);
#2325 = LINE('',#2326,#2327);
#2326 = CARTESIAN_POINT('',(0.,17.78));
#2327 = VECTOR('',#2328,1.);
#2328 = DIRECTION('',(1.,0.));
#2329 = ( GEOMETRIC_REPRESENTATION_CONTEXT(2) 
PARAMETRIC_REPRESENTATION_CONTEXT() REPRESENTATION_CONTEXT('2D SPACE',''
  ) );
#2330 = PCURVE('',#545,#2331);
#2331 = DEFINITIONAL_REPRESENTATION('',(#2332),#2336);
#2332 = LINE('',#2333,#2334);
#2333 = CARTESIAN_POINT('',(0.,0.));
#2334 = VECTOR('',#2335,1.);
#2335 = DIRECTION('',(1.,0.));
#2336 = ( GEOMETRIC_REPRESENTATION_CONTEXT(2) 
PARAMETRIC_REPRESENTATION_CONTEXT() REPRESENTATION_CONTEXT('2D SPACE',''
  ) );
#2337 = ORIENTED_EDGE('',*,*,#2338,.F.);
#2338 = EDGE_CURVE('',#2339,#2316,#2341,.T.);
#2339 = VERTEX_POINT('',#2340);
#2340 = CARTESIAN_POINT('',(-54.9275,47.074648276857,-18.288));
#2341 = SURFACE_CURVE('',#2342,(#2346,#2353),.PCURVE_S1.);
#2342 = LINE('',#2343,#2344);
#2343 = CARTESIAN_POINT('',(-54.9275,47.074648276857,-18.288));
#2344 = VECTOR('',#2345,1.);
#2345 = DIRECTION('',(1.,0.,0.));
#2346 = PCURVE('',#463,#2347);
#2347 = DEFINITIONAL_REPRESENTATION('',(#2348),#2352);
#2348 = LINE('',#2349,#2350);
#2349 = CARTESIAN_POINT('',(0.,0.));
#2350 = VECTOR('',#2351,1.);
#2351 = DIRECTION('',(0.,1.));
#2352 = ( GEOMETRIC_REPRESENTATION_CONTEXT(2) 
PARAMETRIC_REPRESENTATION_CONTEXT() REPRESENTATION_CONTEXT('2D SPACE',''
  ) );
#2353 = PCURVE('',#2354,#2359);
#2354 = PLANE('',#2355);
#2355 = AXIS2_PLACEMENT_3D('',#2356,#2357,#2358);
#2356 = CARTESIAN_POINT('',(-54.9275,47.074648276857,-18.288));
#2357 = DIRECTION('',(0.,0.,1.));
#2358 = DIRECTION('',(1.,0.,0.));
#2359 = DEFINITIONAL_REPRESENTATION('',(#2360),#2364);
#2360 = LINE('',#2361,#2362);
#2361 = CARTESIAN_POINT('',(0.,0.));
#2362 = VECTOR('',#2363,1.);
#2363 = DIRECTION('',(1.,0.));
#2364 = ( GEOMETRIC_REPRESENTATION_CONTEXT(2) 
PARAMETRIC_REPRESENTATION_CONTEXT() REPRESENTATION_CONTEXT('2D SPACE',''
  ) );
#2365 = ORIENTED_EDGE('',*,*,#2366,.T.);
#2366 = EDGE_CURVE('',#2339,#448,#2367,.T.);
#2367 = SURFACE_CURVE('',#2368,(#2372,#2379),.PCURVE_S1.);
#2368 = LINE('',#2369,#2370);
#2369 = CARTESIAN_POINT('',(-54.9275,47.074648276857,-18.288));
#2370 = VECTOR('',#2371,1.);
#2371 = DIRECTION('',(0.,0.,1.));
#2372 = PCURVE('',#463,#2373);
#2373 = DEFINITIONAL_REPRESENTATION('',(#2374),#2378);
#2374 = LINE('',#2375,#2376);
#2375 = CARTESIAN_POINT('',(0.,0.));
#2376 = VECTOR('',#2377,1.);
#2377 = DIRECTION('',(1.,0.));
#2378 = ( GEOMETRIC_REPRESENTATION_CONTEXT(2) 
PARAMETRIC_REPRESENTATION_CONTEXT() REPRESENTATION_CONTEXT('2D SPACE',''
  ) );
#2379 = PCURVE('',#491,#2380);
#2380 = DEFINITIONAL_REPRESENTATION('',(#2381),#2385);
#2381 = LINE('',#2382,#2383);
#2382 = CARTESIAN_POINT('',(0.,0.));
#2383 = VECTOR('',#2384,1.);
#2384 = DIRECTION('',(1.,0.));
#2385 = ( GEOMETRIC_REPRESENTATION_CONTEXT(2) 
PARAMETRIC_REPRESENTATION_CONTEXT() REPRESENTATION_CONTEXT('2D SPACE',''
  ) );
#2386 = ORIENTED_EDGE('',*,*,#445,.F.);
#2387 = ADVANCED_FACE('',(#2388),#545,.T.);
#2388 = FACE_BOUND('',#2389,.T.);
#2389 = EDGE_LOOP('',(#2390,#2391,#2414,#2442,#2470,#2491));
#2390 = ORIENTED_EDGE('',*,*,#2315,.F.);
#2391 = ORIENTED_EDGE('',*,*,#2392,.T.);
#2392 = EDGE_CURVE('',#2316,#2393,#2395,.T.);
#2393 = VERTEX_POINT('',#2394);
#2394 = CARTESIAN_POINT('',(-37.1475,48.725648276857,-18.288));
#2395 = SURFACE_CURVE('',#2396,(#2400,#2407),.PCURVE_S1.);
#2396 = LINE('',#2397,#2398);
#2397 = CARTESIAN_POINT('',(-37.1475,47.074648276857,-18.288));
#2398 = VECTOR('',#2399,1.);
#2399 = DIRECTION('',(0.,1.,0.));
#2400 = PCURVE('',#545,#2401);
#2401 = DEFINITIONAL_REPRESENTATION('',(#2402),#2406);
#2402 = LINE('',#2403,#2404);
#2403 = CARTESIAN_POINT('',(0.,0.));
#2404 = VECTOR('',#2405,1.);
#2405 = DIRECTION('',(0.,-1.));
#2406 = ( GEOMETRIC_REPRESENTATION_CONTEXT(2) 
PARAMETRIC_REPRESENTATION_CONTEXT() REPRESENTATION_CONTEXT('2D SPACE',''
  ) );
#2407 = PCURVE('',#2354,#2408);
#2408 = DEFINITIONAL_REPRESENTATION('',(#2409),#2413);
#2409 = LINE('',#2410,#2411);
#2410 = CARTESIAN_POINT('',(17.78,0.));
#2411 = VECTOR('',#2412,1.);
#2412 = DIRECTION('',(0.,1.));
#2413 = ( GEOMETRIC_REPRESENTATION_CONTEXT(2) 
PARAMETRIC_REPRESENTATION_CONTEXT() REPRESENTATION_CONTEXT('2D SPACE',''
  ) );
#2414 = ORIENTED_EDGE('',*,*,#2415,.F.);
#2415 = EDGE_CURVE('',#2416,#2393,#2418,.T.);
#2416 = VERTEX_POINT('',#2417);
#2417 = CARTESIAN_POINT('',(-37.1475,52.324,-16.51));
#2418 = SURFACE_CURVE('',#2419,(#2423,#2430),.PCURVE_S1.);
#2419 = LINE('',#2420,#2421);
#2420 = CARTESIAN_POINT('',(-37.1475,52.324,-16.51));
#2421 = VECTOR('',#2422,1.);
#2422 = DIRECTION('',(0.,-0.89652761446,-0.442987851426));
#2423 = PCURVE('',#545,#2424);
#2424 = DEFINITIONAL_REPRESENTATION('',(#2425),#2429);
#2425 = LINE('',#2426,#2427);
#2426 = CARTESIAN_POINT('',(1.778,-5.249351723143));
#2427 = VECTOR('',#2428,1.);
#2428 = DIRECTION('',(-0.442987851426,0.89652761446));
#2429 = ( GEOMETRIC_REPRESENTATION_CONTEXT(2) 
PARAMETRIC_REPRESENTATION_CONTEXT() REPRESENTATION_CONTEXT('2D SPACE',''
  ) );
#2430 = PCURVE('',#2431,#2436);
#2431 = PLANE('',#2432);
#2432 = AXIS2_PLACEMENT_3D('',#2433,#2434,#2435);
#2433 = CARTESIAN_POINT('',(-37.1475,52.324,-16.51));
#2434 = DIRECTION('',(0.,-0.442987851426,0.89652761446));
#2435 = DIRECTION('',(0.,-0.89652761446,-0.442987851426));
#2436 = DEFINITIONAL_REPRESENTATION('',(#2437),#2441);
#2437 = LINE('',#2438,#2439);
#2438 = CARTESIAN_POINT('',(0.,0.));
#2439 = VECTOR('',#2440,1.);
#2440 = DIRECTION('',(1.,0.));
#2441 = ( GEOMETRIC_REPRESENTATION_CONTEXT(2) 
PARAMETRIC_REPRESENTATION_CONTEXT() REPRESENTATION_CONTEXT('2D SPACE',''
  ) );
#2442 = ORIENTED_EDGE('',*,*,#2443,.F.);
#2443 = EDGE_CURVE('',#2444,#2416,#2446,.T.);
#2444 = VERTEX_POINT('',#2445);
#2445 = CARTESIAN_POINT('',(-37.1475,48.725648276857,-13.462));
#2446 = SURFACE_CURVE('',#2447,(#2451,#2458),.PCURVE_S1.);
#2447 = LINE('',#2448,#2449);
#2448 = CARTESIAN_POINT('',(-37.1475,48.725648276857,-13.462));
#2449 = VECTOR('',#2450,1.);
#2450 = DIRECTION('',(0.,0.763047301224,-0.646342646043));
#2451 = PCURVE('',#545,#2452);
#2452 = DEFINITIONAL_REPRESENTATION('',(#2453),#2457);
#2453 = LINE('',#2454,#2455);
#2454 = CARTESIAN_POINT('',(4.826,-1.651));
#2455 = VECTOR('',#2456,1.);
#2456 = DIRECTION('',(-0.646342646043,-0.763047301224));
#2457 = ( GEOMETRIC_REPRESENTATION_CONTEXT(2) 
PARAMETRIC_REPRESENTATION_CONTEXT() REPRESENTATION_CONTEXT('2D SPACE',''
  ) );
#2458 = PCURVE('',#2459,#2464);
#2459 = PLANE('',#2460);
#2460 = AXIS2_PLACEMENT_3D('',#2461,#2462,#2463);
#2461 = CARTESIAN_POINT('',(-37.1475,48.725648276857,-13.462));
#2462 = DIRECTION('',(0.,-0.646342646043,-0.763047301224));
#2463 = DIRECTION('',(0.,0.763047301224,-0.646342646043));
#2464 = DEFINITIONAL_REPRESENTATION('',(#2465),#2469);
#2465 = LINE('',#2466,#2467);
#2466 = CARTESIAN_POINT('',(0.,0.));
#2467 = VECTOR('',#2468,1.);
#2468 = DIRECTION('',(1.,0.));
#2469 = ( GEOMETRIC_REPRESENTATION_CONTEXT(2) 
PARAMETRIC_REPRESENTATION_CONTEXT() REPRESENTATION_CONTEXT('2D SPACE',''
  ) );
#2470 = ORIENTED_EDGE('',*,*,#2471,.T.);
#2471 = EDGE_CURVE('',#2444,#504,#2472,.T.);
#2472 = SURFACE_CURVE('',#2473,(#2477,#2484),.PCURVE_S1.);
#2473 = LINE('',#2474,#2475);
#2474 = CARTESIAN_POINT('',(-37.1475,48.725648276857,-18.288));
#2475 = VECTOR('',#2476,1.);
#2476 = DIRECTION('',(0.,0.,1.));
#2477 = PCURVE('',#545,#2478);
#2478 = DEFINITIONAL_REPRESENTATION('',(#2479),#2483);
#2479 = LINE('',#2480,#2481);
#2480 = CARTESIAN_POINT('',(0.,-1.651));
#2481 = VECTOR('',#2482,1.);
#2482 = DIRECTION('',(1.,0.));
#2483 = ( GEOMETRIC_REPRESENTATION_CONTEXT(2) 
PARAMETRIC_REPRESENTATION_CONTEXT() REPRESENTATION_CONTEXT('2D SPACE',''
  ) );
#2484 = PCURVE('',#519,#2485);
#2485 = DEFINITIONAL_REPRESENTATION('',(#2486),#2490);
#2486 = LINE('',#2487,#2488);
#2487 = CARTESIAN_POINT('',(0.,17.78));
#2488 = VECTOR('',#2489,1.);
#2489 = DIRECTION('',(1.,0.));
#2490 = ( GEOMETRIC_REPRESENTATION_CONTEXT(2) 
PARAMETRIC_REPRESENTATION_CONTEXT() REPRESENTATION_CONTEXT('2D SPACE',''
  ) );
#2491 = ORIENTED_EDGE('',*,*,#531,.F.);
#2492 = ADVANCED_FACE('',(#2493),#491,.F.);
#2493 = FACE_BOUND('',#2494,.F.);
#2494 = EDGE_LOOP('',(#2495,#2496,#2519,#2542,#2565,#2586));
#2495 = ORIENTED_EDGE('',*,*,#2366,.F.);
#2496 = ORIENTED_EDGE('',*,*,#2497,.T.);
#2497 = EDGE_CURVE('',#2339,#2498,#2500,.T.);
#2498 = VERTEX_POINT('',#2499);
#2499 = CARTESIAN_POINT('',(-54.9275,48.725648276857,-18.288));
#2500 = SURFACE_CURVE('',#2501,(#2505,#2512),.PCURVE_S1.);
#2501 = LINE('',#2502,#2503);
#2502 = CARTESIAN_POINT('',(-54.9275,47.074648276857,-18.288));
#2503 = VECTOR('',#2504,1.);
#2504 = DIRECTION('',(0.,1.,0.));
#2505 = PCURVE('',#491,#2506);
#2506 = DEFINITIONAL_REPRESENTATION('',(#2507),#2511);
#2507 = LINE('',#2508,#2509);
#2508 = CARTESIAN_POINT('',(0.,0.));
#2509 = VECTOR('',#2510,1.);
#2510 = DIRECTION('',(0.,-1.));
#2511 = ( GEOMETRIC_REPRESENTATION_CONTEXT(2) 
PARAMETRIC_REPRESENTATION_CONTEXT() REPRESENTATION_CONTEXT('2D SPACE',''
  ) );
#2512 = PCURVE('',#2354,#2513);
#2513 = DEFINITIONAL_REPRESENTATION('',(#2514),#2518);
#2514 = LINE('',#2515,#2516);
#2515 = CARTESIAN_POINT('',(0.,0.));
#2516 = VECTOR('',#2517,1.);
#2517 = DIRECTION('',(0.,1.));
#2518 = ( GEOMETRIC_REPRESENTATION_CONTEXT(2) 
PARAMETRIC_REPRESENTATION_CONTEXT() REPRESENTATION_CONTEXT('2D SPACE',''
  ) );
#2519 = ORIENTED_EDGE('',*,*,#2520,.F.);
#2520 = EDGE_CURVE('',#2521,#2498,#2523,.T.);
#2521 = VERTEX_POINT('',#2522);
#2522 = CARTESIAN_POINT('',(-54.9275,52.324,-16.51));
#2523 = SURFACE_CURVE('',#2524,(#2528,#2535),.PCURVE_S1.);
#2524 = LINE('',#2525,#2526);
#2525 = CARTESIAN_POINT('',(-54.9275,52.324,-16.51));
#2526 = VECTOR('',#2527,1.);
#2527 = DIRECTION('',(0.,-0.89652761446,-0.442987851426));
#2528 = PCURVE('',#491,#2529);
#2529 = DEFINITIONAL_REPRESENTATION('',(#2530),#2534);
#2530 = LINE('',#2531,#2532);
#2531 = CARTESIAN_POINT('',(1.778,-5.249351723143));
#2532 = VECTOR('',#2533,1.);
#2533 = DIRECTION('',(-0.442987851426,0.89652761446));
#2534 = ( GEOMETRIC_REPRESENTATION_CONTEXT(2) 
PARAMETRIC_REPRESENTATION_CONTEXT() REPRESENTATION_CONTEXT('2D SPACE',''
  ) );
#2535 = PCURVE('',#2431,#2536);
#2536 = DEFINITIONAL_REPRESENTATION('',(#2537),#2541);
#2537 = LINE('',#2538,#2539);
#2538 = CARTESIAN_POINT('',(-0.,-17.78));
#2539 = VECTOR('',#2540,1.);
#2540 = DIRECTION('',(1.,0.));
#2541 = ( GEOMETRIC_REPRESENTATION_CONTEXT(2) 
PARAMETRIC_REPRESENTATION_CONTEXT() REPRESENTATION_CONTEXT('2D SPACE',''
  ) );
#2542 = ORIENTED_EDGE('',*,*,#2543,.F.);
#2543 = EDGE_CURVE('',#2544,#2521,#2546,.T.);
#2544 = VERTEX_POINT('',#2545);
#2545 = CARTESIAN_POINT('',(-54.9275,48.725648276857,-13.462));
#2546 = SURFACE_CURVE('',#2547,(#2551,#2558),.PCURVE_S1.);
#2547 = LINE('',#2548,#2549);
#2548 = CARTESIAN_POINT('',(-54.9275,48.725648276857,-13.462));
#2549 = VECTOR('',#2550,1.);
#2550 = DIRECTION('',(0.,0.763047301224,-0.646342646043));
#2551 = PCURVE('',#491,#2552);
#2552 = DEFINITIONAL_REPRESENTATION('',(#2553),#2557);
#2553 = LINE('',#2554,#2555);
#2554 = CARTESIAN_POINT('',(4.826,-1.651));
#2555 = VECTOR('',#2556,1.);
#2556 = DIRECTION('',(-0.646342646043,-0.763047301224));
#2557 = ( GEOMETRIC_REPRESENTATION_CONTEXT(2) 
PARAMETRIC_REPRESENTATION_CONTEXT() REPRESENTATION_CONTEXT('2D SPACE',''
  ) );
#2558 = PCURVE('',#2459,#2559);
#2559 = DEFINITIONAL_REPRESENTATION('',(#2560),#2564);
#2560 = LINE('',#2561,#2562);
#2561 = CARTESIAN_POINT('',(0.,-17.78));
#2562 = VECTOR('',#2563,1.);
#2563 = DIRECTION('',(1.,0.));
#2564 = ( GEOMETRIC_REPRESENTATION_CONTEXT(2) 
PARAMETRIC_REPRESENTATION_CONTEXT() REPRESENTATION_CONTEXT('2D SPACE',''
  ) );
#2565 = ORIENTED_EDGE('',*,*,#2566,.T.);
#2566 = EDGE_CURVE('',#2544,#476,#2567,.T.);
#2567 = SURFACE_CURVE('',#2568,(#2572,#2579),.PCURVE_S1.);
#2568 = LINE('',#2569,#2570);
#2569 = CARTESIAN_POINT('',(-54.9275,48.725648276857,-18.288));
#2570 = VECTOR('',#2571,1.);
#2571 = DIRECTION('',(0.,0.,1.));
#2572 = PCURVE('',#491,#2573);
#2573 = DEFINITIONAL_REPRESENTATION('',(#2574),#2578);
#2574 = LINE('',#2575,#2576);
#2575 = CARTESIAN_POINT('',(0.,-1.651));
#2576 = VECTOR('',#2577,1.);
#2577 = DIRECTION('',(1.,0.));
#2578 = ( GEOMETRIC_REPRESENTATION_CONTEXT(2) 
PARAMETRIC_REPRESENTATION_CONTEXT() REPRESENTATION_CONTEXT('2D SPACE',''
  ) );
#2579 = PCURVE('',#519,#2580);
#2580 = DEFINITIONAL_REPRESENTATION('',(#2581),#2585);
#2581 = LINE('',#2582,#2583);
#2582 = CARTESIAN_POINT('',(0.,0.));
#2583 = VECTOR('',#2584,1.);
#2584 = DIRECTION('',(1.,0.));
#2585 = ( GEOMETRIC_REPRESENTATION_CONTEXT(2) 
PARAMETRIC_REPRESENTATION_CONTEXT() REPRESENTATION_CONTEXT('2D SPACE',''
  ) );
#2586 = ORIENTED_EDGE('',*,*,#475,.F.);
#2587 = ADVANCED_FACE('',(#2588),#519,.T.);
#2588 = FACE_BOUND('',#2589,.T.);
#2589 = EDGE_LOOP('',(#2590,#2591,#2612,#2613));
#2590 = ORIENTED_EDGE('',*,*,#2471,.F.);
#2591 = ORIENTED_EDGE('',*,*,#2592,.T.);
#2592 = EDGE_CURVE('',#2444,#2544,#2593,.T.);
#2593 = SURFACE_CURVE('',#2594,(#2598,#2605),.PCURVE_S1.);
#2594 = LINE('',#2595,#2596);
#2595 = CARTESIAN_POINT('',(-37.1475,48.725648276857,-13.462));
#2596 = VECTOR('',#2597,1.);
#2597 = DIRECTION('',(-1.,0.,0.));
#2598 = PCURVE('',#519,#2599);
#2599 = DEFINITIONAL_REPRESENTATION('',(#2600),#2604);
#2600 = LINE('',#2601,#2602);
#2601 = CARTESIAN_POINT('',(4.826,17.78));
#2602 = VECTOR('',#2603,1.);
#2603 = DIRECTION('',(0.,-1.));
#2604 = ( GEOMETRIC_REPRESENTATION_CONTEXT(2) 
PARAMETRIC_REPRESENTATION_CONTEXT() REPRESENTATION_CONTEXT('2D SPACE',''
  ) );
#2605 = PCURVE('',#2459,#2606);
#2606 = DEFINITIONAL_REPRESENTATION('',(#2607),#2611);
#2607 = LINE('',#2608,#2609);
#2608 = CARTESIAN_POINT('',(0.,0.));
#2609 = VECTOR('',#2610,1.);
#2610 = DIRECTION('',(0.,-1.));
#2611 = ( GEOMETRIC_REPRESENTATION_CONTEXT(2) 
PARAMETRIC_REPRESENTATION_CONTEXT() REPRESENTATION_CONTEXT('2D SPACE',''
  ) );
#2612 = ORIENTED_EDGE('',*,*,#2566,.T.);
#2613 = ORIENTED_EDGE('',*,*,#503,.F.);
#2614 = ADVANCED_FACE('',(#2615),#578,.T.);
#2615 = FACE_BOUND('',#2616,.F.);
#2616 = EDGE_LOOP('',(#2617,#2647,#2666,#2667));
#2617 = ORIENTED_EDGE('',*,*,#2618,.F.);
#2618 = EDGE_CURVE('',#2619,#2621,#2623,.T.);
#2619 = VERTEX_POINT('',#2620);
#2620 = CARTESIAN_POINT('',(-1.691979889529E-14,-13.60442115637,-17.78)
  );
#2621 = VERTEX_POINT('',#2622);
#2622 = CARTESIAN_POINT('',(35.6235,-48.05397900018,-17.78));
#2623 = SURFACE_CURVE('',#2624,(#2629,#2635),.PCURVE_S1.);
#2624 = CIRCLE('',#2625,49.53);
#2625 = AXIS2_PLACEMENT_3D('',#2626,#2627,#2628);
#2626 = CARTESIAN_POINT('',(47.625,0.,-17.78));
#2627 = DIRECTION('',(0.,0.,1.));
#2628 = DIRECTION('',(-0.961538461538,-0.274670324175,0.));
#2629 = PCURVE('',#578,#2630);
#2630 = DEFINITIONAL_REPRESENTATION('',(#2631),#2634);
#2631 = B_SPLINE_CURVE_WITH_KNOTS('',1,(#2632,#2633),.UNSPECIFIED.,.F.,
  .F.,(2,2),(0.,1.047805781715),.PIECEWISE_BEZIER_KNOTS.);
#2632 = CARTESIAN_POINT('',(0.,0.));
#2633 = CARTESIAN_POINT('',(-1.047805781715,0.));
#2634 = ( GEOMETRIC_REPRESENTATION_CONTEXT(2) 
PARAMETRIC_REPRESENTATION_CONTEXT() REPRESENTATION_CONTEXT('2D SPACE',''
  ) );
#2635 = PCURVE('',#2636,#2641);
#2636 = PLANE('',#2637);
#2637 = AXIS2_PLACEMENT_3D('',#2638,#2639,#2640);
#2638 = CARTESIAN_POINT('',(-47.625,2.431054207236E-15,-17.78));
#2639 = DIRECTION('',(0.,0.,1.));
#2640 = DIRECTION('',(1.,0.,-0.));
#2641 = DEFINITIONAL_REPRESENTATION('',(#2642),#2646);
#2642 = CIRCLE('',#2643,49.53);
#2643 = AXIS2_PLACEMENT_2D('',#2644,#2645);
#2644 = CARTESIAN_POINT('',(95.25,-2.431054207236E-15));
#2645 = DIRECTION('',(-0.961538461538,-0.274670324175));
#2646 = ( GEOMETRIC_REPRESENTATION_CONTEXT(2) 
PARAMETRIC_REPRESENTATION_CONTEXT() REPRESENTATION_CONTEXT('2D SPACE',''
  ) );
#2647 = ORIENTED_EDGE('',*,*,#2648,.T.);
#2648 = EDGE_CURVE('',#2619,#560,#2649,.T.);
#2649 = SURFACE_CURVE('',#2650,(#2654,#2660),.PCURVE_S1.);
#2650 = LINE('',#2651,#2652);
#2651 = CARTESIAN_POINT('',(-1.691979889529E-14,-13.60442115637,-17.78)
  );
#2652 = VECTOR('',#2653,1.);
#2653 = DIRECTION('',(0.,0.,1.));
#2654 = PCURVE('',#578,#2655);
#2655 = DEFINITIONAL_REPRESENTATION('',(#2656),#2659);
#2656 = B_SPLINE_CURVE_WITH_KNOTS('',1,(#2657,#2658),.UNSPECIFIED.,.F.,
  .F.,(2,2),(0.,17.78),.PIECEWISE_BEZIER_KNOTS.);
#2657 = CARTESIAN_POINT('',(0.,0.));
#2658 = CARTESIAN_POINT('',(0.,-17.78));
#2659 = ( GEOMETRIC_REPRESENTATION_CONTEXT(2) 
PARAMETRIC_REPRESENTATION_CONTEXT() REPRESENTATION_CONTEXT('2D SPACE',''
  ) );
#2660 = PCURVE('',#606,#2661);
#2661 = DEFINITIONAL_REPRESENTATION('',(#2662),#2665);
#2662 = B_SPLINE_CURVE_WITH_KNOTS('',1,(#2663,#2664),.UNSPECIFIED.,.F.,
  .F.,(2,2),(0.,17.78),.PIECEWISE_BEZIER_KNOTS.);
#2663 = CARTESIAN_POINT('',(-6.004938484445,0.));
#2664 = CARTESIAN_POINT('',(-6.004938484445,-17.78));
#2665 = ( GEOMETRIC_REPRESENTATION_CONTEXT(2) 
PARAMETRIC_REPRESENTATION_CONTEXT() REPRESENTATION_CONTEXT('2D SPACE',''
  ) );
#2666 = ORIENTED_EDGE('',*,*,#559,.T.);
#2667 = ORIENTED_EDGE('',*,*,#2668,.T.);
#2668 = EDGE_CURVE('',#562,#2621,#2669,.T.);
#2669 = SURFACE_CURVE('',#2670,(#2674,#2680),.PCURVE_S1.);
#2670 = LINE('',#2671,#2672);
#2671 = CARTESIAN_POINT('',(35.6235,-48.05397900018,-17.78));
#2672 = VECTOR('',#2673,1.);
#2673 = DIRECTION('',(-0.,-0.,-1.));
#2674 = PCURVE('',#578,#2675);
#2675 = DEFINITIONAL_REPRESENTATION('',(#2676),#2679);
#2676 = B_SPLINE_CURVE_WITH_KNOTS('',1,(#2677,#2678),.UNSPECIFIED.,.F.,
  .F.,(2,2),(-17.78,0.),.PIECEWISE_BEZIER_KNOTS.);
#2677 = CARTESIAN_POINT('',(-1.047805781715,-17.78));
#2678 = CARTESIAN_POINT('',(-1.047805781715,0.));
#2679 = ( GEOMETRIC_REPRESENTATION_CONTEXT(2) 
PARAMETRIC_REPRESENTATION_CONTEXT() REPRESENTATION_CONTEXT('2D SPACE',''
  ) );
#2680 = PCURVE('',#1057,#2681);
#2681 = DEFINITIONAL_REPRESENTATION('',(#2682),#2686);
#2682 = LINE('',#2683,#2684);
#2683 = CARTESIAN_POINT('',(2.032,-7.794979000183));
#2684 = VECTOR('',#2685,1.);
#2685 = DIRECTION('',(-1.,0.));
#2686 = ( GEOMETRIC_REPRESENTATION_CONTEXT(2) 
PARAMETRIC_REPRESENTATION_CONTEXT() REPRESENTATION_CONTEXT('2D SPACE',''
  ) );
#2687 = ADVANCED_FACE('',(#2688),#606,.T.);
#2688 = FACE_BOUND('',#2689,.F.);
#2689 = EDGE_LOOP('',(#2690,#2713,#2733,#2734));
#2690 = ORIENTED_EDGE('',*,*,#2691,.F.);
#2691 = EDGE_CURVE('',#2692,#2619,#2694,.T.);
#2692 = VERTEX_POINT('',#2693);
#2693 = CARTESIAN_POINT('',(-35.6235,-48.05397900018,-17.78));
#2694 = SURFACE_CURVE('',#2695,(#2700,#2706),.PCURVE_S1.);
#2695 = CIRCLE('',#2696,49.53);
#2696 = AXIS2_PLACEMENT_3D('',#2697,#2698,#2699);
#2697 = CARTESIAN_POINT('',(-47.625,0.,-17.78));
#2698 = DIRECTION('',(0.,0.,1.));
#2699 = DIRECTION('',(1.,0.,-0.));
#2700 = PCURVE('',#606,#2701);
#2701 = DEFINITIONAL_REPRESENTATION('',(#2702),#2705);
#2702 = B_SPLINE_CURVE_WITH_KNOTS('',1,(#2703,#2704),.UNSPECIFIED.,.F.,
  .F.,(2,2),(4.95713270273,6.004938484445),.PIECEWISE_BEZIER_KNOTS.);
#2703 = CARTESIAN_POINT('',(-4.95713270273,0.));
#2704 = CARTESIAN_POINT('',(-6.004938484445,0.));
#2705 = ( GEOMETRIC_REPRESENTATION_CONTEXT(2) 
PARAMETRIC_REPRESENTATION_CONTEXT() REPRESENTATION_CONTEXT('2D SPACE',''
  ) );
#2706 = PCURVE('',#2636,#2707);
#2707 = DEFINITIONAL_REPRESENTATION('',(#2708),#2712);
#2708 = CIRCLE('',#2709,49.53);
#2709 = AXIS2_PLACEMENT_2D('',#2710,#2711);
#2710 = CARTESIAN_POINT('',(0.,-2.431054207236E-15));
#2711 = DIRECTION('',(1.,0.));
#2712 = ( GEOMETRIC_REPRESENTATION_CONTEXT(2) 
PARAMETRIC_REPRESENTATION_CONTEXT() REPRESENTATION_CONTEXT('2D SPACE',''
  ) );
#2713 = ORIENTED_EDGE('',*,*,#2714,.F.);
#2714 = EDGE_CURVE('',#590,#2692,#2715,.T.);
#2715 = SURFACE_CURVE('',#2716,(#2720,#2726),.PCURVE_S1.);
#2716 = LINE('',#2717,#2718);
#2717 = CARTESIAN_POINT('',(-35.6235,-48.05397900018,-17.78));
#2718 = VECTOR('',#2719,1.);
#2719 = DIRECTION('',(-0.,-0.,-1.));
#2720 = PCURVE('',#606,#2721);
#2721 = DEFINITIONAL_REPRESENTATION('',(#2722),#2725);
#2722 = B_SPLINE_CURVE_WITH_KNOTS('',1,(#2723,#2724),.UNSPECIFIED.,.F.,
  .F.,(2,2),(-17.78,0.),.PIECEWISE_BEZIER_KNOTS.);
#2723 = CARTESIAN_POINT('',(-4.95713270273,-17.78));
#2724 = CARTESIAN_POINT('',(-4.95713270273,0.));
#2725 = ( GEOMETRIC_REPRESENTATION_CONTEXT(2) 
PARAMETRIC_REPRESENTATION_CONTEXT() REPRESENTATION_CONTEXT('2D SPACE',''
  ) );
#2726 = PCURVE('',#633,#2727);
#2727 = DEFINITIONAL_REPRESENTATION('',(#2728),#2732);
#2728 = LINE('',#2729,#2730);
#2729 = CARTESIAN_POINT('',(2.032,-7.794979000183));
#2730 = VECTOR('',#2731,1.);
#2731 = DIRECTION('',(-1.,0.));
#2732 = ( GEOMETRIC_REPRESENTATION_CONTEXT(2) 
PARAMETRIC_REPRESENTATION_CONTEXT() REPRESENTATION_CONTEXT('2D SPACE',''
  ) );
#2733 = ORIENTED_EDGE('',*,*,#589,.T.);
#2734 = ORIENTED_EDGE('',*,*,#2648,.F.);
#2735 = ADVANCED_FACE('',(#2736),#1057,.F.);
#2736 = FACE_BOUND('',#2737,.F.);
#2737 = EDGE_LOOP('',(#2738,#2768,#2789,#2790,#2791,#2813));
#2738 = ORIENTED_EDGE('',*,*,#2739,.F.);
#2739 = EDGE_CURVE('',#2740,#2742,#2744,.T.);
#2740 = VERTEX_POINT('',#2741);
#2741 = CARTESIAN_POINT('',(35.6235,-40.259,-17.78));
#2742 = VERTEX_POINT('',#2743);
#2743 = CARTESIAN_POINT('',(35.6235,-40.259,-13.97));
#2744 = SURFACE_CURVE('',#2745,(#2749,#2756),.PCURVE_S1.);
#2745 = LINE('',#2746,#2747);
#2746 = CARTESIAN_POINT('',(35.6235,-40.259,-19.812));
#2747 = VECTOR('',#2748,1.);
#2748 = DIRECTION('',(0.,0.,1.));
#2749 = PCURVE('',#1057,#2750);
#2750 = DEFINITIONAL_REPRESENTATION('',(#2751),#2755);
#2751 = LINE('',#2752,#2753);
#2752 = CARTESIAN_POINT('',(0.,0.));
#2753 = VECTOR('',#2754,1.);
#2754 = DIRECTION('',(1.,0.));
#2755 = ( GEOMETRIC_REPRESENTATION_CONTEXT(2) 
PARAMETRIC_REPRESENTATION_CONTEXT() REPRESENTATION_CONTEXT('2D SPACE',''
  ) );
#2756 = PCURVE('',#2757,#2762);
#2757 = PLANE('',#2758);
#2758 = AXIS2_PLACEMENT_3D('',#2759,#2760,#2761);
#2759 = CARTESIAN_POINT('',(56.4515,-40.259,-19.812));
#2760 = DIRECTION('',(-1.224646799147E-16,-1.,0.));
#2761 = DIRECTION('',(0.,0.,1.));
#2762 = DEFINITIONAL_REPRESENTATION('',(#2763),#2767);
#2763 = LINE('',#2764,#2765);
#2764 = CARTESIAN_POINT('',(0.,20.828));
#2765 = VECTOR('',#2766,1.);
#2766 = DIRECTION('',(1.,0.));
#2767 = ( GEOMETRIC_REPRESENTATION_CONTEXT(2) 
PARAMETRIC_REPRESENTATION_CONTEXT() REPRESENTATION_CONTEXT('2D SPACE',''
  ) );
#2768 = ORIENTED_EDGE('',*,*,#2769,.T.);
#2769 = EDGE_CURVE('',#2740,#2621,#2770,.T.);
#2770 = SURFACE_CURVE('',#2771,(#2775,#2782),.PCURVE_S1.);
#2771 = LINE('',#2772,#2773);
#2772 = CARTESIAN_POINT('',(35.6235,-20.1295,-17.78));
#2773 = VECTOR('',#2774,1.);
#2774 = DIRECTION('',(-1.224646799147E-16,-1.,0.));
#2775 = PCURVE('',#1057,#2776);
#2776 = DEFINITIONAL_REPRESENTATION('',(#2777),#2781);
#2777 = LINE('',#2778,#2779);
#2778 = CARTESIAN_POINT('',(2.032,20.1295));
#2779 = VECTOR('',#2780,1.);
#2780 = DIRECTION('',(0.,-1.));
#2781 = ( GEOMETRIC_REPRESENTATION_CONTEXT(2) 
PARAMETRIC_REPRESENTATION_CONTEXT() REPRESENTATION_CONTEXT('2D SPACE',''
  ) );
#2782 = PCURVE('',#2636,#2783);
#2783 = DEFINITIONAL_REPRESENTATION('',(#2784),#2788);
#2784 = LINE('',#2785,#2786);
#2785 = CARTESIAN_POINT('',(83.2485,-20.1295));
#2786 = VECTOR('',#2787,1.);
#2787 = DIRECTION('',(-1.224646799147E-16,-1.));
#2788 = ( GEOMETRIC_REPRESENTATION_CONTEXT(2) 
PARAMETRIC_REPRESENTATION_CONTEXT() REPRESENTATION_CONTEXT('2D SPACE',''
  ) );
#2789 = ORIENTED_EDGE('',*,*,#2668,.F.);
#2790 = ORIENTED_EDGE('',*,*,#1043,.F.);
#2791 = ORIENTED_EDGE('',*,*,#2792,.T.);
#2792 = EDGE_CURVE('',#1017,#2793,#2795,.T.);
#2793 = VERTEX_POINT('',#2794);
#2794 = CARTESIAN_POINT('',(35.6235,-40.81716578536,-13.97));
#2795 = SURFACE_CURVE('',#2796,(#2800,#2807),.PCURVE_S1.);
#2796 = LINE('',#2797,#2798);
#2797 = CARTESIAN_POINT('',(35.6235,-40.81716578536,-13.97));
#2798 = VECTOR('',#2799,1.);
#2799 = DIRECTION('',(-0.,-0.,-1.));
#2800 = PCURVE('',#1057,#2801);
#2801 = DEFINITIONAL_REPRESENTATION('',(#2802),#2806);
#2802 = LINE('',#2803,#2804);
#2803 = CARTESIAN_POINT('',(5.842,-0.558165785365));
#2804 = VECTOR('',#2805,1.);
#2805 = DIRECTION('',(-1.,0.));
#2806 = ( GEOMETRIC_REPRESENTATION_CONTEXT(2) 
PARAMETRIC_REPRESENTATION_CONTEXT() REPRESENTATION_CONTEXT('2D SPACE',''
  ) );
#2807 = PCURVE('',#921,#2808);
#2808 = DEFINITIONAL_REPRESENTATION('',(#2809),#2812);
#2809 = B_SPLINE_CURVE_WITH_KNOTS('',1,(#2810,#2811),.UNSPECIFIED.,.F.,
  .F.,(2,2),(-13.97,0.),.PIECEWISE_BEZIER_KNOTS.);
#2810 = CARTESIAN_POINT('',(-4.426417561192,-13.97));
#2811 = CARTESIAN_POINT('',(-4.426417561192,0.));
#2812 = ( GEOMETRIC_REPRESENTATION_CONTEXT(2) 
PARAMETRIC_REPRESENTATION_CONTEXT() REPRESENTATION_CONTEXT('2D SPACE',''
  ) );
#2813 = ORIENTED_EDGE('',*,*,#2814,.F.);
#2814 = EDGE_CURVE('',#2742,#2793,#2815,.T.);
#2815 = SURFACE_CURVE('',#2816,(#2820,#2827),.PCURVE_S1.);
#2816 = LINE('',#2817,#2818);
#2817 = CARTESIAN_POINT('',(35.6235,-20.1295,-13.97));
#2818 = VECTOR('',#2819,1.);
#2819 = DIRECTION('',(-1.224646799147E-16,-1.,0.));
#2820 = PCURVE('',#1057,#2821);
#2821 = DEFINITIONAL_REPRESENTATION('',(#2822),#2826);
#2822 = LINE('',#2823,#2824);
#2823 = CARTESIAN_POINT('',(5.842,20.1295));
#2824 = VECTOR('',#2825,1.);
#2825 = DIRECTION('',(0.,-1.));
#2826 = ( GEOMETRIC_REPRESENTATION_CONTEXT(2) 
PARAMETRIC_REPRESENTATION_CONTEXT() REPRESENTATION_CONTEXT('2D SPACE',''
  ) );
#2827 = PCURVE('',#2828,#2833);
#2828 = PLANE('',#2829);
#2829 = AXIS2_PLACEMENT_3D('',#2830,#2831,#2832);
#2830 = CARTESIAN_POINT('',(47.625,3.447273502129E-15,-13.97));
#2831 = DIRECTION('',(0.,0.,1.));
#2832 = DIRECTION('',(1.,0.,-0.));
#2833 = DEFINITIONAL_REPRESENTATION('',(#2834),#2838);
#2834 = LINE('',#2835,#2836);
#2835 = CARTESIAN_POINT('',(-12.0015,-20.1295));
#2836 = VECTOR('',#2837,1.);
#2837 = DIRECTION('',(-1.224646799147E-16,-1.));
#2838 = ( GEOMETRIC_REPRESENTATION_CONTEXT(2) 
PARAMETRIC_REPRESENTATION_CONTEXT() REPRESENTATION_CONTEXT('2D SPACE',''
  ) );
#2839 = ADVANCED_FACE('',(#2840),#633,.T.);
#2840 = FACE_BOUND('',#2841,.T.);
#2841 = EDGE_LOOP('',(#2842,#2872,#2893,#2894,#2895,#2917));
#2842 = ORIENTED_EDGE('',*,*,#2843,.F.);
#2843 = EDGE_CURVE('',#2844,#2846,#2848,.T.);
#2844 = VERTEX_POINT('',#2845);
#2845 = CARTESIAN_POINT('',(-35.6235,-40.259,-17.78));
#2846 = VERTEX_POINT('',#2847);
#2847 = CARTESIAN_POINT('',(-35.6235,-40.259,-13.97));
#2848 = SURFACE_CURVE('',#2849,(#2853,#2860),.PCURVE_S1.);
#2849 = LINE('',#2850,#2851);
#2850 = CARTESIAN_POINT('',(-35.6235,-40.259,-19.812));
#2851 = VECTOR('',#2852,1.);
#2852 = DIRECTION('',(0.,0.,1.));
#2853 = PCURVE('',#633,#2854);
#2854 = DEFINITIONAL_REPRESENTATION('',(#2855),#2859);
#2855 = LINE('',#2856,#2857);
#2856 = CARTESIAN_POINT('',(0.,0.));
#2857 = VECTOR('',#2858,1.);
#2858 = DIRECTION('',(1.,0.));
#2859 = ( GEOMETRIC_REPRESENTATION_CONTEXT(2) 
PARAMETRIC_REPRESENTATION_CONTEXT() REPRESENTATION_CONTEXT('2D SPACE',''
  ) );
#2860 = PCURVE('',#2861,#2866);
#2861 = PLANE('',#2862);
#2862 = AXIS2_PLACEMENT_3D('',#2863,#2864,#2865);
#2863 = CARTESIAN_POINT('',(-35.6235,-40.259,-19.812));
#2864 = DIRECTION('',(-1.224646799147E-16,-1.,0.));
#2865 = DIRECTION('',(0.,0.,1.));
#2866 = DEFINITIONAL_REPRESENTATION('',(#2867),#2871);
#2867 = LINE('',#2868,#2869);
#2868 = CARTESIAN_POINT('',(0.,0.));
#2869 = VECTOR('',#2870,1.);
#2870 = DIRECTION('',(1.,0.));
#2871 = ( GEOMETRIC_REPRESENTATION_CONTEXT(2) 
PARAMETRIC_REPRESENTATION_CONTEXT() REPRESENTATION_CONTEXT('2D SPACE',''
  ) );
#2872 = ORIENTED_EDGE('',*,*,#2873,.T.);
#2873 = EDGE_CURVE('',#2844,#2692,#2874,.T.);
#2874 = SURFACE_CURVE('',#2875,(#2879,#2886),.PCURVE_S1.);
#2875 = LINE('',#2876,#2877);
#2876 = CARTESIAN_POINT('',(-35.6235,-20.1295,-17.78));
#2877 = VECTOR('',#2878,1.);
#2878 = DIRECTION('',(-1.224646799147E-16,-1.,0.));
#2879 = PCURVE('',#633,#2880);
#2880 = DEFINITIONAL_REPRESENTATION('',(#2881),#2885);
#2881 = LINE('',#2882,#2883);
#2882 = CARTESIAN_POINT('',(2.032,20.1295));
#2883 = VECTOR('',#2884,1.);
#2884 = DIRECTION('',(0.,-1.));
#2885 = ( GEOMETRIC_REPRESENTATION_CONTEXT(2) 
PARAMETRIC_REPRESENTATION_CONTEXT() REPRESENTATION_CONTEXT('2D SPACE',''
  ) );
#2886 = PCURVE('',#2636,#2887);
#2887 = DEFINITIONAL_REPRESENTATION('',(#2888),#2892);
#2888 = LINE('',#2889,#2890);
#2889 = CARTESIAN_POINT('',(12.0015,-20.1295));
#2890 = VECTOR('',#2891,1.);
#2891 = DIRECTION('',(-1.224646799147E-16,-1.));
#2892 = ( GEOMETRIC_REPRESENTATION_CONTEXT(2) 
PARAMETRIC_REPRESENTATION_CONTEXT() REPRESENTATION_CONTEXT('2D SPACE',''
  ) );
#2893 = ORIENTED_EDGE('',*,*,#2714,.F.);
#2894 = ORIENTED_EDGE('',*,*,#617,.F.);
#2895 = ORIENTED_EDGE('',*,*,#2896,.T.);
#2896 = EDGE_CURVE('',#618,#2897,#2899,.T.);
#2897 = VERTEX_POINT('',#2898);
#2898 = CARTESIAN_POINT('',(-35.6235,-40.81716578536,-13.97));
#2899 = SURFACE_CURVE('',#2900,(#2904,#2911),.PCURVE_S1.);
#2900 = LINE('',#2901,#2902);
#2901 = CARTESIAN_POINT('',(-35.6235,-40.81716578536,-13.97));
#2902 = VECTOR('',#2903,1.);
#2903 = DIRECTION('',(-0.,-0.,-1.));
#2904 = PCURVE('',#633,#2905);
#2905 = DEFINITIONAL_REPRESENTATION('',(#2906),#2910);
#2906 = LINE('',#2907,#2908);
#2907 = CARTESIAN_POINT('',(5.842,-0.558165785365));
#2908 = VECTOR('',#2909,1.);
#2909 = DIRECTION('',(-1.,0.));
#2910 = ( GEOMETRIC_REPRESENTATION_CONTEXT(2) 
PARAMETRIC_REPRESENTATION_CONTEXT() REPRESENTATION_CONTEXT('2D SPACE',''
  ) );
#2911 = PCURVE('',#666,#2912);
#2912 = DEFINITIONAL_REPRESENTATION('',(#2913),#2916);
#2913 = B_SPLINE_CURVE_WITH_KNOTS('',1,(#2914,#2915),.UNSPECIFIED.,.F.,
  .F.,(2,2),(-13.97,0.),.PIECEWISE_BEZIER_KNOTS.);
#2914 = CARTESIAN_POINT('',(-4.998360399577,-13.97));
#2915 = CARTESIAN_POINT('',(-4.998360399577,0.));
#2916 = ( GEOMETRIC_REPRESENTATION_CONTEXT(2) 
PARAMETRIC_REPRESENTATION_CONTEXT() REPRESENTATION_CONTEXT('2D SPACE',''
  ) );
#2917 = ORIENTED_EDGE('',*,*,#2918,.F.);
#2918 = EDGE_CURVE('',#2846,#2897,#2919,.T.);
#2919 = SURFACE_CURVE('',#2920,(#2924,#2931),.PCURVE_S1.);
#2920 = LINE('',#2921,#2922);
#2921 = CARTESIAN_POINT('',(-35.6235,-20.1295,-13.97));
#2922 = VECTOR('',#2923,1.);
#2923 = DIRECTION('',(-1.224646799147E-16,-1.,0.));
#2924 = PCURVE('',#633,#2925);
#2925 = DEFINITIONAL_REPRESENTATION('',(#2926),#2930);
#2926 = LINE('',#2927,#2928);
#2927 = CARTESIAN_POINT('',(5.842,20.1295));
#2928 = VECTOR('',#2929,1.);
#2929 = DIRECTION('',(0.,-1.));
#2930 = ( GEOMETRIC_REPRESENTATION_CONTEXT(2) 
PARAMETRIC_REPRESENTATION_CONTEXT() REPRESENTATION_CONTEXT('2D SPACE',''
  ) );
#2931 = PCURVE('',#2932,#2937);
#2932 = PLANE('',#2933);
#2933 = AXIS2_PLACEMENT_3D('',#2934,#2935,#2936);
#2934 = CARTESIAN_POINT('',(-47.625,3.447273502129E-15,-13.97));
#2935 = DIRECTION('',(0.,0.,1.));
#2936 = DIRECTION('',(1.,0.,-0.));
#2937 = DEFINITIONAL_REPRESENTATION('',(#2938),#2942);
#2938 = LINE('',#2939,#2940);
#2939 = CARTESIAN_POINT('',(12.0015,-20.1295));
#2940 = VECTOR('',#2941,1.);
#2941 = DIRECTION('',(-1.224646799147E-16,-1.));
#2942 = ( GEOMETRIC_REPRESENTATION_CONTEXT(2) 
PARAMETRIC_REPRESENTATION_CONTEXT() REPRESENTATION_CONTEXT('2D SPACE',''
  ) );
#2943 = ADVANCED_FACE('',(#2944),#921,.F.);
#2944 = FACE_BOUND('',#2945,.T.);
#2945 = EDGE_LOOP('',(#2946,#2967,#2990,#3010,#3011,#3012,#3035,#3055,
    #3056,#3078,#3099,#3100,#3101,#3123,#3155,#3182,#3214,#3234,#3235,
    #3257,#3289,#3316,#3348,#3368));
#2946 = ORIENTED_EDGE('',*,*,#2947,.F.);
#2947 = EDGE_CURVE('',#2948,#1452,#2950,.T.);
#2948 = VERTEX_POINT('',#2949);
#2949 = CARTESIAN_POINT('',(90.17,0.,-13.97));
#2950 = SEAM_CURVE('',#2951,(#2955,#2961),.PCURVE_S1.);
#2951 = LINE('',#2952,#2953);
#2952 = CARTESIAN_POINT('',(90.17,0.,-13.97));
#2953 = VECTOR('',#2954,1.);
#2954 = DIRECTION('',(0.,0.,1.));
#2955 = PCURVE('',#921,#2956);
#2956 = DEFINITIONAL_REPRESENTATION('',(#2957),#2960);
#2957 = B_SPLINE_CURVE_WITH_KNOTS('',1,(#2958,#2959),.UNSPECIFIED.,.F.,
  .F.,(2,2),(0.,17.3228),.PIECEWISE_BEZIER_KNOTS.);
#2958 = CARTESIAN_POINT('',(-6.28318530718,0.));
#2959 = CARTESIAN_POINT('',(-6.28318530718,-17.3228));
#2960 = ( GEOMETRIC_REPRESENTATION_CONTEXT(2) 
PARAMETRIC_REPRESENTATION_CONTEXT() REPRESENTATION_CONTEXT('2D SPACE',''
  ) );
#2961 = PCURVE('',#921,#2962);
#2962 = DEFINITIONAL_REPRESENTATION('',(#2963),#2966);
#2963 = B_SPLINE_CURVE_WITH_KNOTS('',1,(#2964,#2965),.UNSPECIFIED.,.F.,
  .F.,(2,2),(0.,17.3228),.PIECEWISE_BEZIER_KNOTS.);
#2964 = CARTESIAN_POINT('',(0.,0.));
#2965 = CARTESIAN_POINT('',(0.,-17.3228));
#2966 = ( GEOMETRIC_REPRESENTATION_CONTEXT(2) 
PARAMETRIC_REPRESENTATION_CONTEXT() REPRESENTATION_CONTEXT('2D SPACE',''
  ) );
#2967 = ORIENTED_EDGE('',*,*,#2968,.F.);
#2968 = EDGE_CURVE('',#2969,#2948,#2971,.T.);
#2969 = VERTEX_POINT('',#2970);
#2970 = CARTESIAN_POINT('',(56.4515,-41.61934553485,-13.97));
#2971 = SURFACE_CURVE('',#2972,(#2977,#2983),.PCURVE_S1.);
#2972 = CIRCLE('',#2973,42.545);
#2973 = AXIS2_PLACEMENT_3D('',#2974,#2975,#2976);
#2974 = CARTESIAN_POINT('',(47.625,0.,-13.97));
#2975 = DIRECTION('',(0.,0.,1.));
#2976 = DIRECTION('',(1.,0.,-0.));
#2977 = PCURVE('',#921,#2978);
#2978 = DEFINITIONAL_REPRESENTATION('',(#2979),#2982);
#2979 = B_SPLINE_CURVE_WITH_KNOTS('',1,(#2980,#2981),.UNSPECIFIED.,.F.,
  .F.,(2,2),(4.921369477727,6.28318530718),.PIECEWISE_BEZIER_KNOTS.);
#2980 = CARTESIAN_POINT('',(-4.921369477727,0.));
#2981 = CARTESIAN_POINT('',(-6.28318530718,0.));
#2982 = ( GEOMETRIC_REPRESENTATION_CONTEXT(2) 
PARAMETRIC_REPRESENTATION_CONTEXT() REPRESENTATION_CONTEXT('2D SPACE',''
  ) );
#2983 = PCURVE('',#2828,#2984);
#2984 = DEFINITIONAL_REPRESENTATION('',(#2985),#2989);
#2985 = CIRCLE('',#2986,42.545);
#2986 = AXIS2_PLACEMENT_2D('',#2987,#2988);
#2987 = CARTESIAN_POINT('',(0.,-3.447273502129E-15));
#2988 = DIRECTION('',(1.,0.));
#2989 = ( GEOMETRIC_REPRESENTATION_CONTEXT(2) 
PARAMETRIC_REPRESENTATION_CONTEXT() REPRESENTATION_CONTEXT('2D SPACE',''
  ) );
#2990 = ORIENTED_EDGE('',*,*,#2991,.F.);
#2991 = EDGE_CURVE('',#989,#2969,#2992,.T.);
#2992 = SURFACE_CURVE('',#2993,(#2997,#3003),.PCURVE_S1.);
#2993 = LINE('',#2994,#2995);
#2994 = CARTESIAN_POINT('',(56.4515,-41.61934553485,-13.97));
#2995 = VECTOR('',#2996,1.);
#2996 = DIRECTION('',(-0.,-0.,-1.));
#2997 = PCURVE('',#921,#2998);
#2998 = DEFINITIONAL_REPRESENTATION('',(#2999),#3002);
#2999 = B_SPLINE_CURVE_WITH_KNOTS('',1,(#3000,#3001),.UNSPECIFIED.,.F.,
  .F.,(2,2),(-13.97,0.),.PIECEWISE_BEZIER_KNOTS.);
#3000 = CARTESIAN_POINT('',(-4.921369477727,-13.97));
#3001 = CARTESIAN_POINT('',(-4.921369477727,0.));
#3002 = ( GEOMETRIC_REPRESENTATION_CONTEXT(2) 
PARAMETRIC_REPRESENTATION_CONTEXT() REPRESENTATION_CONTEXT('2D SPACE',''
  ) );
#3003 = PCURVE('',#1004,#3004);
#3004 = DEFINITIONAL_REPRESENTATION('',(#3005),#3009);
#3005 = LINE('',#3006,#3007);
#3006 = CARTESIAN_POINT('',(5.842,-1.360345534859));
#3007 = VECTOR('',#3008,1.);
#3008 = DIRECTION('',(-1.,0.));
#3009 = ( GEOMETRIC_REPRESENTATION_CONTEXT(2) 
PARAMETRIC_REPRESENTATION_CONTEXT() REPRESENTATION_CONTEXT('2D SPACE',''
  ) );
#3010 = ORIENTED_EDGE('',*,*,#1016,.T.);
#3011 = ORIENTED_EDGE('',*,*,#2792,.T.);
#3012 = ORIENTED_EDGE('',*,*,#3013,.F.);
#3013 = EDGE_CURVE('',#3014,#2793,#3016,.T.);
#3014 = VERTEX_POINT('',#3015);
#3015 = CARTESIAN_POINT('',(35.6235,40.817165785365,-13.97));
#3016 = SURFACE_CURVE('',#3017,(#3022,#3028),.PCURVE_S1.);
#3017 = CIRCLE('',#3018,42.545);
#3018 = AXIS2_PLACEMENT_3D('',#3019,#3020,#3021);
#3019 = CARTESIAN_POINT('',(47.625,0.,-13.97));
#3020 = DIRECTION('',(0.,0.,1.));
#3021 = DIRECTION('',(1.,0.,-0.));
#3022 = PCURVE('',#921,#3023);
#3023 = DEFINITIONAL_REPRESENTATION('',(#3024),#3027);
#3024 = B_SPLINE_CURVE_WITH_KNOTS('',1,(#3025,#3026),.UNSPECIFIED.,.F.,
  .F.,(2,2),(1.856767745988,4.426417561192),.PIECEWISE_BEZIER_KNOTS.);
#3025 = CARTESIAN_POINT('',(-1.856767745988,0.));
#3026 = CARTESIAN_POINT('',(-4.426417561192,0.));
#3027 = ( GEOMETRIC_REPRESENTATION_CONTEXT(2) 
PARAMETRIC_REPRESENTATION_CONTEXT() REPRESENTATION_CONTEXT('2D SPACE',''
  ) );
#3028 = PCURVE('',#2828,#3029);
#3029 = DEFINITIONAL_REPRESENTATION('',(#3030),#3034);
#3030 = CIRCLE('',#3031,42.545);
#3031 = AXIS2_PLACEMENT_2D('',#3032,#3033);
#3032 = CARTESIAN_POINT('',(0.,-3.447273502129E-15));
#3033 = DIRECTION('',(1.,0.));
#3034 = ( GEOMETRIC_REPRESENTATION_CONTEXT(2) 
PARAMETRIC_REPRESENTATION_CONTEXT() REPRESENTATION_CONTEXT('2D SPACE',''
  ) );
#3035 = ORIENTED_EDGE('',*,*,#3036,.F.);
#3036 = EDGE_CURVE('',#873,#3014,#3037,.T.);
#3037 = SURFACE_CURVE('',#3038,(#3042,#3048),.PCURVE_S1.);
#3038 = LINE('',#3039,#3040);
#3039 = CARTESIAN_POINT('',(35.6235,40.817165785365,-13.97));
#3040 = VECTOR('',#3041,1.);
#3041 = DIRECTION('',(-0.,-0.,-1.));
#3042 = PCURVE('',#921,#3043);
#3043 = DEFINITIONAL_REPRESENTATION('',(#3044),#3047);
#3044 = B_SPLINE_CURVE_WITH_KNOTS('',1,(#3045,#3046),.UNSPECIFIED.,.F.,
  .F.,(2,2),(-13.97,0.),.PIECEWISE_BEZIER_KNOTS.);
#3045 = CARTESIAN_POINT('',(-1.856767745988,-13.97));
#3046 = CARTESIAN_POINT('',(-1.856767745988,0.));
#3047 = ( GEOMETRIC_REPRESENTATION_CONTEXT(2) 
PARAMETRIC_REPRESENTATION_CONTEXT() REPRESENTATION_CONTEXT('2D SPACE',''
  ) );
#3048 = PCURVE('',#888,#3049);
#3049 = DEFINITIONAL_REPRESENTATION('',(#3050),#3054);
#3050 = LINE('',#3051,#3052);
#3051 = CARTESIAN_POINT('',(5.842,-0.558165785365));
#3052 = VECTOR('',#3053,1.);
#3053 = DIRECTION('',(-1.,-0.));
#3054 = ( GEOMETRIC_REPRESENTATION_CONTEXT(2) 
PARAMETRIC_REPRESENTATION_CONTEXT() REPRESENTATION_CONTEXT('2D SPACE',''
  ) );
#3055 = ORIENTED_EDGE('',*,*,#900,.T.);
#3056 = ORIENTED_EDGE('',*,*,#3057,.T.);
#3057 = EDGE_CURVE('',#901,#3058,#3060,.T.);
#3058 = VERTEX_POINT('',#3059);
#3059 = CARTESIAN_POINT('',(56.4515,41.619345534859,-13.97));
#3060 = SURFACE_CURVE('',#3061,(#3065,#3071),.PCURVE_S1.);
#3061 = LINE('',#3062,#3063);
#3062 = CARTESIAN_POINT('',(56.4515,41.619345534859,-13.97));
#3063 = VECTOR('',#3064,1.);
#3064 = DIRECTION('',(-0.,-0.,-1.));
#3065 = PCURVE('',#921,#3066);
#3066 = DEFINITIONAL_REPRESENTATION('',(#3067),#3070);
#3067 = B_SPLINE_CURVE_WITH_KNOTS('',1,(#3068,#3069),.UNSPECIFIED.,.F.,
  .F.,(2,2),(-13.97,0.),.PIECEWISE_BEZIER_KNOTS.);
#3068 = CARTESIAN_POINT('',(-1.361815829452,-13.97));
#3069 = CARTESIAN_POINT('',(-1.361815829452,0.));
#3070 = ( GEOMETRIC_REPRESENTATION_CONTEXT(2) 
PARAMETRIC_REPRESENTATION_CONTEXT() REPRESENTATION_CONTEXT('2D SPACE',''
  ) );
#3071 = PCURVE('',#948,#3072);
#3072 = DEFINITIONAL_REPRESENTATION('',(#3073),#3077);
#3073 = LINE('',#3074,#3075);
#3074 = CARTESIAN_POINT('',(5.842,-1.360345534859));
#3075 = VECTOR('',#3076,1.);
#3076 = DIRECTION('',(-1.,-0.));
#3077 = ( GEOMETRIC_REPRESENTATION_CONTEXT(2) 
PARAMETRIC_REPRESENTATION_CONTEXT() REPRESENTATION_CONTEXT('2D SPACE',''
  ) );
#3078 = ORIENTED_EDGE('',*,*,#3079,.F.);
#3079 = EDGE_CURVE('',#2948,#3058,#3080,.T.);
#3080 = SURFACE_CURVE('',#3081,(#3086,#3092),.PCURVE_S1.);
#3081 = CIRCLE('',#3082,42.545);
#3082 = AXIS2_PLACEMENT_3D('',#3083,#3084,#3085);
#3083 = CARTESIAN_POINT('',(47.625,0.,-13.97));
#3084 = DIRECTION('',(0.,0.,1.));
#3085 = DIRECTION('',(1.,0.,-0.));
#3086 = PCURVE('',#921,#3087);
#3087 = DEFINITIONAL_REPRESENTATION('',(#3088),#3091);
#3088 = B_SPLINE_CURVE_WITH_KNOTS('',1,(#3089,#3090),.UNSPECIFIED.,.F.,
  .F.,(2,2),(0.,1.361815829452),.PIECEWISE_BEZIER_KNOTS.);
#3089 = CARTESIAN_POINT('',(0.,0.));
#3090 = CARTESIAN_POINT('',(-1.361815829452,0.));
#3091 = ( GEOMETRIC_REPRESENTATION_CONTEXT(2) 
PARAMETRIC_REPRESENTATION_CONTEXT() REPRESENTATION_CONTEXT('2D SPACE',''
  ) );
#3092 = PCURVE('',#2828,#3093);
#3093 = DEFINITIONAL_REPRESENTATION('',(#3094),#3098);
#3094 = CIRCLE('',#3095,42.545);
#3095 = AXIS2_PLACEMENT_2D('',#3096,#3097);
#3096 = CARTESIAN_POINT('',(0.,-3.447273502129E-15));
#3097 = DIRECTION('',(1.,0.));
#3098 = ( GEOMETRIC_REPRESENTATION_CONTEXT(2) 
PARAMETRIC_REPRESENTATION_CONTEXT() REPRESENTATION_CONTEXT('2D SPACE',''
  ) );
#3099 = ORIENTED_EDGE('',*,*,#2947,.T.);
#3100 = ORIENTED_EDGE('',*,*,#1449,.F.);
#3101 = ORIENTED_EDGE('',*,*,#3102,.T.);
#3102 = EDGE_CURVE('',#1450,#3103,#3105,.T.);
#3103 = VERTEX_POINT('',#3104);
#3104 = CARTESIAN_POINT('',(11.544793749025,22.545415096802,-6.223));
#3105 = SURFACE_CURVE('',#3106,(#3110,#3116),.PCURVE_S1.);
#3106 = LINE('',#3107,#3108);
#3107 = CARTESIAN_POINT('',(11.544793749025,22.545415096802,-13.97));
#3108 = VECTOR('',#3109,1.);
#3109 = DIRECTION('',(-0.,-0.,-1.));
#3110 = PCURVE('',#921,#3111);
#3111 = DEFINITIONAL_REPRESENTATION('',(#3112),#3115);
#3112 = B_SPLINE_CURVE_WITH_KNOTS('',1,(#3113,#3114),.UNSPECIFIED.,.F.,
  .F.,(2,2),(-17.3228,-7.747),.PIECEWISE_BEZIER_KNOTS.);
#3113 = CARTESIAN_POINT('',(-2.583087292952,-17.3228));
#3114 = CARTESIAN_POINT('',(-2.583087292952,-7.747));
#3115 = ( GEOMETRIC_REPRESENTATION_CONTEXT(2) 
PARAMETRIC_REPRESENTATION_CONTEXT() REPRESENTATION_CONTEXT('2D SPACE',''
  ) );
#3116 = PCURVE('',#1694,#3117);
#3117 = DEFINITIONAL_REPRESENTATION('',(#3118),#3122);
#3118 = LINE('',#3119,#3120);
#3119 = CARTESIAN_POINT('',(2.413,2.54));
#3120 = VECTOR('',#3121,1.);
#3121 = DIRECTION('',(0.,1.));
#3122 = ( GEOMETRIC_REPRESENTATION_CONTEXT(2) 
PARAMETRIC_REPRESENTATION_CONTEXT() REPRESENTATION_CONTEXT('2D SPACE',''
  ) );
#3123 = ORIENTED_EDGE('',*,*,#3124,.T.);
#3124 = EDGE_CURVE('',#3103,#3125,#3127,.T.);
#3125 = VERTEX_POINT('',#3126);
#3126 = CARTESIAN_POINT('',(25.712705102952,36.468182808371,-6.223));
#3127 = SURFACE_CURVE('',#3128,(#3133,#3139),.PCURVE_S1.);
#3128 = CIRCLE('',#3129,42.545);
#3129 = AXIS2_PLACEMENT_3D('',#3130,#3131,#3132);
#3130 = CARTESIAN_POINT('',(47.625,0.,-6.223));
#3131 = DIRECTION('',(0.,-0.,-1.));
#3132 = DIRECTION('',(1.,0.,-0.));
#3133 = PCURVE('',#921,#3134);
#3134 = DEFINITIONAL_REPRESENTATION('',(#3135),#3138);
#3135 = B_SPLINE_CURVE_WITH_KNOTS('',1,(#3136,#3137),.UNSPECIFIED.,.F.,
  .F.,(2,2),(3.700098014228,4.171336912266),.PIECEWISE_BEZIER_KNOTS.);
#3136 = CARTESIAN_POINT('',(-2.583087292952,-7.747));
#3137 = CARTESIAN_POINT('',(-2.111848394913,-7.747));
#3138 = ( GEOMETRIC_REPRESENTATION_CONTEXT(2) 
PARAMETRIC_REPRESENTATION_CONTEXT() REPRESENTATION_CONTEXT('2D SPACE',''
  ) );
#3139 = PCURVE('',#3140,#3145);
#3140 = PLANE('',#3141);
#3141 = AXIS2_PLACEMENT_3D('',#3142,#3143,#3144);
#3142 = CARTESIAN_POINT('',(47.625,-5.219946054012E-15,-6.223));
#3143 = DIRECTION('',(0.,0.,1.));
#3144 = DIRECTION('',(-1.,1.224646799147E-16,0.));
#3145 = DEFINITIONAL_REPRESENTATION('',(#3146),#3154);
#3146 = ( BOUNDED_CURVE() B_SPLINE_CURVE(2,(#3147,#3148,#3149,#3150,
#3151,#3152,#3153),.UNSPECIFIED.,.T.,.F.) B_SPLINE_CURVE_WITH_KNOTS((1,2
    ,2,2,2,1),(-2.094395102393,0.,2.094395102393,4.188790204786,
6.28318530718,8.377580409573),.UNSPECIFIED.) CURVE() 
GEOMETRIC_REPRESENTATION_ITEM() RATIONAL_B_SPLINE_CURVE((1.,0.5,1.,0.5,
1.,0.5,1.)) REPRESENTATION_ITEM('') );
#3147 = CARTESIAN_POINT('',(-42.545,-1.043020586098E-14));
#3148 = CARTESIAN_POINT('',(-42.545,73.690101608018));
#3149 = CARTESIAN_POINT('',(21.2725,36.845050804009));
#3150 = CARTESIAN_POINT('',(85.09,1.562109317388E-14));
#3151 = CARTESIAN_POINT('',(21.2725,-36.845050804));
#3152 = CARTESIAN_POINT('',(-42.545,-73.69010160801));
#3153 = CARTESIAN_POINT('',(-42.545,-1.043020586098E-14));
#3154 = ( GEOMETRIC_REPRESENTATION_CONTEXT(2) 
PARAMETRIC_REPRESENTATION_CONTEXT() REPRESENTATION_CONTEXT('2D SPACE',''
  ) );
#3155 = ORIENTED_EDGE('',*,*,#3156,.T.);
#3156 = EDGE_CURVE('',#3125,#3157,#3159,.T.);
#3157 = VERTEX_POINT('',#3158);
#3158 = CARTESIAN_POINT('',(25.712705102952,36.468182808371,-11.43));
#3159 = SURFACE_CURVE('',#3160,(#3164,#3170),.PCURVE_S1.);
#3160 = LINE('',#3161,#3162);
#3161 = CARTESIAN_POINT('',(25.712705102952,36.468182808371,-13.97));
#3162 = VECTOR('',#3163,1.);
#3163 = DIRECTION('',(-0.,-0.,-1.));
#3164 = PCURVE('',#921,#3165);
#3165 = DEFINITIONAL_REPRESENTATION('',(#3166),#3169);
#3166 = B_SPLINE_CURVE_WITH_KNOTS('',1,(#3167,#3168),.UNSPECIFIED.,.F.,
  .F.,(2,2),(-7.747,-2.54),.PIECEWISE_BEZIER_KNOTS.);
#3167 = CARTESIAN_POINT('',(-2.111848394913,-7.747));
#3168 = CARTESIAN_POINT('',(-2.111848394913,-2.54));
#3169 = ( GEOMETRIC_REPRESENTATION_CONTEXT(2) 
PARAMETRIC_REPRESENTATION_CONTEXT() REPRESENTATION_CONTEXT('2D SPACE',''
  ) );
#3170 = PCURVE('',#3171,#3176);
#3171 = PLANE('',#3172);
#3172 = AXIS2_PLACEMENT_3D('',#3173,#3174,#3175);
#3173 = CARTESIAN_POINT('',(26.95549197771,34.399838111777,-11.43));
#3174 = DIRECTION('',(-0.857167300702,-0.51503807491,0.));
#3175 = DIRECTION('',(-0.51503807491,0.857167300702,0.));
#3176 = DEFINITIONAL_REPRESENTATION('',(#3177),#3181);
#3177 = LINE('',#3178,#3179);
#3178 = CARTESIAN_POINT('',(2.413,2.54));
#3179 = VECTOR('',#3180,1.);
#3180 = DIRECTION('',(0.,1.));
#3181 = ( GEOMETRIC_REPRESENTATION_CONTEXT(2) 
PARAMETRIC_REPRESENTATION_CONTEXT() REPRESENTATION_CONTEXT('2D SPACE',''
  ) );
#3182 = ORIENTED_EDGE('',*,*,#3183,.F.);
#3183 = EDGE_CURVE('',#3184,#3157,#3186,.T.);
#3184 = VERTEX_POINT('',#3185);
#3185 = CARTESIAN_POINT('',(5.49404501539,5.921119580346,-11.43));
#3186 = SURFACE_CURVE('',#3187,(#3192,#3198),.PCURVE_S1.);
#3187 = CIRCLE('',#3188,42.545);
#3188 = AXIS2_PLACEMENT_3D('',#3189,#3190,#3191);
#3189 = CARTESIAN_POINT('',(47.625,0.,-11.43));
#3190 = DIRECTION('',(0.,-0.,-1.));
#3191 = DIRECTION('',(1.,0.,-0.));
#3192 = PCURVE('',#921,#3193);
#3193 = DEFINITIONAL_REPRESENTATION('',(#3194),#3197);
#3194 = B_SPLINE_CURVE_WITH_KNOTS('',1,(#3195,#3196),.UNSPECIFIED.,.F.,
  .F.,(2,2),(3.281218993749,4.171336912266),.PIECEWISE_BEZIER_KNOTS.);
#3195 = CARTESIAN_POINT('',(-3.00196631343,-2.54));
#3196 = CARTESIAN_POINT('',(-2.111848394913,-2.54));
#3197 = ( GEOMETRIC_REPRESENTATION_CONTEXT(2) 
PARAMETRIC_REPRESENTATION_CONTEXT() REPRESENTATION_CONTEXT('2D SPACE',''
  ) );
#3198 = PCURVE('',#3199,#3204);
#3199 = PLANE('',#3200);
#3200 = AXIS2_PLACEMENT_3D('',#3201,#3202,#3203);
#3201 = CARTESIAN_POINT('',(47.625,-5.219946054012E-15,-11.43));
#3202 = DIRECTION('',(0.,0.,1.));
#3203 = DIRECTION('',(-1.,1.224646799147E-16,0.));
#3204 = DEFINITIONAL_REPRESENTATION('',(#3205),#3213);
#3205 = ( BOUNDED_CURVE() B_SPLINE_CURVE(2,(#3206,#3207,#3208,#3209,
#3210,#3211,#3212),.UNSPECIFIED.,.T.,.F.) B_SPLINE_CURVE_WITH_KNOTS((1,2
    ,2,2,2,1),(-2.094395102393,0.,2.094395102393,4.188790204786,
6.28318530718,8.377580409573),.UNSPECIFIED.) CURVE() 
GEOMETRIC_REPRESENTATION_ITEM() RATIONAL_B_SPLINE_CURVE((1.,0.5,1.,0.5,
1.,0.5,1.)) REPRESENTATION_ITEM('') );
#3206 = CARTESIAN_POINT('',(-42.545,-1.043020586098E-14));
#3207 = CARTESIAN_POINT('',(-42.545,73.690101608018));
#3208 = CARTESIAN_POINT('',(21.2725,36.845050804009));
#3209 = CARTESIAN_POINT('',(85.09,1.562109317388E-14));
#3210 = CARTESIAN_POINT('',(21.2725,-36.845050804));
#3211 = CARTESIAN_POINT('',(-42.545,-73.69010160801));
#3212 = CARTESIAN_POINT('',(-42.545,-1.043020586098E-14));
#3213 = ( GEOMETRIC_REPRESENTATION_CONTEXT(2) 
PARAMETRIC_REPRESENTATION_CONTEXT() REPRESENTATION_CONTEXT('2D SPACE',''
  ) );
#3214 = ORIENTED_EDGE('',*,*,#3215,.F.);
#3215 = EDGE_CURVE('',#1594,#3184,#3216,.T.);
#3216 = SURFACE_CURVE('',#3217,(#3221,#3227),.PCURVE_S1.);
#3217 = LINE('',#3218,#3219);
#3218 = CARTESIAN_POINT('',(5.49404501539,5.921119580346,-13.97));
#3219 = VECTOR('',#3220,1.);
#3220 = DIRECTION('',(-0.,-0.,-1.));
#3221 = PCURVE('',#921,#3222);
#3222 = DEFINITIONAL_REPRESENTATION('',(#3223),#3226);
#3223 = B_SPLINE_CURVE_WITH_KNOTS('',1,(#3224,#3225),.UNSPECIFIED.,.F.,
  .F.,(2,2),(-17.3228,-2.54),.PIECEWISE_BEZIER_KNOTS.);
#3224 = CARTESIAN_POINT('',(-3.00196631343,-17.3228));
#3225 = CARTESIAN_POINT('',(-3.00196631343,-2.54));
#3226 = ( GEOMETRIC_REPRESENTATION_CONTEXT(2) 
PARAMETRIC_REPRESENTATION_CONTEXT() REPRESENTATION_CONTEXT('2D SPACE',''
  ) );
#3227 = PCURVE('',#1636,#3228);
#3228 = DEFINITIONAL_REPRESENTATION('',(#3229),#3233);
#3229 = LINE('',#3230,#3231);
#3230 = CARTESIAN_POINT('',(3.937,2.54));
#3231 = VECTOR('',#3232,1.);
#3232 = DIRECTION('',(0.,1.));
#3233 = ( GEOMETRIC_REPRESENTATION_CONTEXT(2) 
PARAMETRIC_REPRESENTATION_CONTEXT() REPRESENTATION_CONTEXT('2D SPACE',''
  ) );
#3234 = ORIENTED_EDGE('',*,*,#1593,.F.);
#3235 = ORIENTED_EDGE('',*,*,#3236,.T.);
#3236 = EDGE_CURVE('',#1566,#3237,#3239,.T.);
#3237 = VERTEX_POINT('',#3238);
#3238 = CARTESIAN_POINT('',(83.705206250975,-22.5454150968,-6.223));
#3239 = SURFACE_CURVE('',#3240,(#3244,#3250),.PCURVE_S1.);
#3240 = LINE('',#3241,#3242);
#3241 = CARTESIAN_POINT('',(83.705206250975,-22.5454150968,-13.97));
#3242 = VECTOR('',#3243,1.);
#3243 = DIRECTION('',(-0.,-0.,-1.));
#3244 = PCURVE('',#921,#3245);
#3245 = DEFINITIONAL_REPRESENTATION('',(#3246),#3249);
#3246 = B_SPLINE_CURVE_WITH_KNOTS('',1,(#3247,#3248),.UNSPECIFIED.,.F.,
  .F.,(2,2),(-17.3228,-7.747),.PIECEWISE_BEZIER_KNOTS.);
#3247 = CARTESIAN_POINT('',(-5.724679946541,-17.3228));
#3248 = CARTESIAN_POINT('',(-5.724679946541,-7.747));
#3249 = ( GEOMETRIC_REPRESENTATION_CONTEXT(2) 
PARAMETRIC_REPRESENTATION_CONTEXT() REPRESENTATION_CONTEXT('2D SPACE',''
  ) );
#3250 = PCURVE('',#1581,#3251);
#3251 = DEFINITIONAL_REPRESENTATION('',(#3252),#3256);
#3252 = LINE('',#3253,#3254);
#3253 = CARTESIAN_POINT('',(2.413,2.54));
#3254 = VECTOR('',#3255,1.);
#3255 = DIRECTION('',(0.,1.));
#3256 = ( GEOMETRIC_REPRESENTATION_CONTEXT(2) 
PARAMETRIC_REPRESENTATION_CONTEXT() REPRESENTATION_CONTEXT('2D SPACE',''
  ) );
#3257 = ORIENTED_EDGE('',*,*,#3258,.T.);
#3258 = EDGE_CURVE('',#3237,#3259,#3261,.T.);
#3259 = VERTEX_POINT('',#3260);
#3260 = CARTESIAN_POINT('',(69.537294897048,-36.46818280837,-6.223));
#3261 = SURFACE_CURVE('',#3262,(#3267,#3273),.PCURVE_S1.);
#3262 = CIRCLE('',#3263,42.545);
#3263 = AXIS2_PLACEMENT_3D('',#3264,#3265,#3266);
#3264 = CARTESIAN_POINT('',(47.625,0.,-6.223));
#3265 = DIRECTION('',(0.,-0.,-1.));
#3266 = DIRECTION('',(1.,0.,-0.));
#3267 = PCURVE('',#921,#3268);
#3268 = DEFINITIONAL_REPRESENTATION('',(#3269),#3272);
#3269 = B_SPLINE_CURVE_WITH_KNOTS('',1,(#3270,#3271),.UNSPECIFIED.,.F.,
  .F.,(2,2),(0.558505360638,1.029744258677),.PIECEWISE_BEZIER_KNOTS.);
#3270 = CARTESIAN_POINT('',(-5.724679946541,-7.747));
#3271 = CARTESIAN_POINT('',(-5.253441048503,-7.747));
#3272 = ( GEOMETRIC_REPRESENTATION_CONTEXT(2) 
PARAMETRIC_REPRESENTATION_CONTEXT() REPRESENTATION_CONTEXT('2D SPACE',''
  ) );
#3273 = PCURVE('',#3274,#3279);
#3274 = PLANE('',#3275);
#3275 = AXIS2_PLACEMENT_3D('',#3276,#3277,#3278);
#3276 = CARTESIAN_POINT('',(47.625,-5.219946054012E-15,-6.223));
#3277 = DIRECTION('',(0.,0.,1.));
#3278 = DIRECTION('',(-1.,1.224646799147E-16,0.));
#3279 = DEFINITIONAL_REPRESENTATION('',(#3280),#3288);
#3280 = ( BOUNDED_CURVE() B_SPLINE_CURVE(2,(#3281,#3282,#3283,#3284,
#3285,#3286,#3287),.UNSPECIFIED.,.T.,.F.) B_SPLINE_CURVE_WITH_KNOTS((1,2
    ,2,2,2,1),(-2.094395102393,0.,2.094395102393,4.188790204786,
6.28318530718,8.377580409573),.UNSPECIFIED.) CURVE() 
GEOMETRIC_REPRESENTATION_ITEM() RATIONAL_B_SPLINE_CURVE((1.,0.5,1.,0.5,
1.,0.5,1.)) REPRESENTATION_ITEM('') );
#3281 = CARTESIAN_POINT('',(-42.545,-1.043020586098E-14));
#3282 = CARTESIAN_POINT('',(-42.545,73.690101608018));
#3283 = CARTESIAN_POINT('',(21.2725,36.845050804009));
#3284 = CARTESIAN_POINT('',(85.09,1.562109317388E-14));
#3285 = CARTESIAN_POINT('',(21.2725,-36.845050804));
#3286 = CARTESIAN_POINT('',(-42.545,-73.69010160801));
#3287 = CARTESIAN_POINT('',(-42.545,-1.043020586098E-14));
#3288 = ( GEOMETRIC_REPRESENTATION_CONTEXT(2) 
PARAMETRIC_REPRESENTATION_CONTEXT() REPRESENTATION_CONTEXT('2D SPACE',''
  ) );
#3289 = ORIENTED_EDGE('',*,*,#3290,.T.);
#3290 = EDGE_CURVE('',#3259,#3291,#3293,.T.);
#3291 = VERTEX_POINT('',#3292);
#3292 = CARTESIAN_POINT('',(69.537294897048,-36.46818280837,-11.43));
#3293 = SURFACE_CURVE('',#3294,(#3298,#3304),.PCURVE_S1.);
#3294 = LINE('',#3295,#3296);
#3295 = CARTESIAN_POINT('',(69.537294897048,-36.46818280837,-13.97));
#3296 = VECTOR('',#3297,1.);
#3297 = DIRECTION('',(-0.,-0.,-1.));
#3298 = PCURVE('',#921,#3299);
#3299 = DEFINITIONAL_REPRESENTATION('',(#3300),#3303);
#3300 = B_SPLINE_CURVE_WITH_KNOTS('',1,(#3301,#3302),.UNSPECIFIED.,.F.,
  .F.,(2,2),(-7.747,-2.54),.PIECEWISE_BEZIER_KNOTS.);
#3301 = CARTESIAN_POINT('',(-5.253441048503,-7.747));
#3302 = CARTESIAN_POINT('',(-5.253441048503,-2.54));
#3303 = ( GEOMETRIC_REPRESENTATION_CONTEXT(2) 
PARAMETRIC_REPRESENTATION_CONTEXT() REPRESENTATION_CONTEXT('2D SPACE',''
  ) );
#3304 = PCURVE('',#3305,#3310);
#3305 = PLANE('',#3306);
#3306 = AXIS2_PLACEMENT_3D('',#3307,#3308,#3309);
#3307 = CARTESIAN_POINT('',(68.29450802229,-34.39983811177,-11.43));
#3308 = DIRECTION('',(0.857167300702,0.51503807491,0.));
#3309 = DIRECTION('',(0.51503807491,-0.857167300702,0.));
#3310 = DEFINITIONAL_REPRESENTATION('',(#3311),#3315);
#3311 = LINE('',#3312,#3313);
#3312 = CARTESIAN_POINT('',(2.413,2.54));
#3313 = VECTOR('',#3314,1.);
#3314 = DIRECTION('',(0.,1.));
#3315 = ( GEOMETRIC_REPRESENTATION_CONTEXT(2) 
PARAMETRIC_REPRESENTATION_CONTEXT() REPRESENTATION_CONTEXT('2D SPACE',''
  ) );
#3316 = ORIENTED_EDGE('',*,*,#3317,.F.);
#3317 = EDGE_CURVE('',#3318,#3291,#3320,.T.);
#3318 = VERTEX_POINT('',#3319);
#3319 = CARTESIAN_POINT('',(89.75595498461,-5.921119580346,-11.43));
#3320 = SURFACE_CURVE('',#3321,(#3326,#3332),.PCURVE_S1.);
#3321 = CIRCLE('',#3322,42.545);
#3322 = AXIS2_PLACEMENT_3D('',#3323,#3324,#3325);
#3323 = CARTESIAN_POINT('',(47.625,0.,-11.43));
#3324 = DIRECTION('',(0.,-0.,-1.));
#3325 = DIRECTION('',(1.,0.,-0.));
#3326 = PCURVE('',#921,#3327);
#3327 = DEFINITIONAL_REPRESENTATION('',(#3328),#3331);
#3328 = B_SPLINE_CURVE_WITH_KNOTS('',1,(#3329,#3330),.UNSPECIFIED.,.F.,
  .F.,(2,2),(0.13962634016,1.029744258677),.PIECEWISE_BEZIER_KNOTS.);
#3329 = CARTESIAN_POINT('',(-6.14355896702,-2.54));
#3330 = CARTESIAN_POINT('',(-5.253441048503,-2.54));
#3331 = ( GEOMETRIC_REPRESENTATION_CONTEXT(2) 
PARAMETRIC_REPRESENTATION_CONTEXT() REPRESENTATION_CONTEXT('2D SPACE',''
  ) );
#3332 = PCURVE('',#3333,#3338);
#3333 = PLANE('',#3334);
#3334 = AXIS2_PLACEMENT_3D('',#3335,#3336,#3337);
#3335 = CARTESIAN_POINT('',(47.625,-5.219946054012E-15,-11.43));
#3336 = DIRECTION('',(0.,0.,1.));
#3337 = DIRECTION('',(-1.,1.224646799147E-16,0.));
#3338 = DEFINITIONAL_REPRESENTATION('',(#3339),#3347);
#3339 = ( BOUNDED_CURVE() B_SPLINE_CURVE(2,(#3340,#3341,#3342,#3343,
#3344,#3345,#3346),.UNSPECIFIED.,.T.,.F.) B_SPLINE_CURVE_WITH_KNOTS((1,2
    ,2,2,2,1),(-2.094395102393,0.,2.094395102393,4.188790204786,
6.28318530718,8.377580409573),.UNSPECIFIED.) CURVE() 
GEOMETRIC_REPRESENTATION_ITEM() RATIONAL_B_SPLINE_CURVE((1.,0.5,1.,0.5,
1.,0.5,1.)) REPRESENTATION_ITEM('') );
#3340 = CARTESIAN_POINT('',(-42.545,-1.043020586098E-14));
#3341 = CARTESIAN_POINT('',(-42.545,73.690101608018));
#3342 = CARTESIAN_POINT('',(21.2725,36.845050804009));
#3343 = CARTESIAN_POINT('',(85.09,1.562109317388E-14));
#3344 = CARTESIAN_POINT('',(21.2725,-36.845050804));
#3345 = CARTESIAN_POINT('',(-42.545,-73.69010160801));
#3346 = CARTESIAN_POINT('',(-42.545,-1.043020586098E-14));
#3347 = ( GEOMETRIC_REPRESENTATION_CONTEXT(2) 
PARAMETRIC_REPRESENTATION_CONTEXT() REPRESENTATION_CONTEXT('2D SPACE',''
  ) );
#3348 = ORIENTED_EDGE('',*,*,#3349,.F.);
#3349 = EDGE_CURVE('',#1479,#3318,#3350,.T.);
#3350 = SURFACE_CURVE('',#3351,(#3355,#3361),.PCURVE_S1.);
#3351 = LINE('',#3352,#3353);
#3352 = CARTESIAN_POINT('',(89.75595498461,-5.921119580346,-13.97));
#3353 = VECTOR('',#3354,1.);
#3354 = DIRECTION('',(-0.,-0.,-1.));
#3355 = PCURVE('',#921,#3356);
#3356 = DEFINITIONAL_REPRESENTATION('',(#3357),#3360);
#3357 = B_SPLINE_CURVE_WITH_KNOTS('',1,(#3358,#3359),.UNSPECIFIED.,.F.,
  .F.,(2,2),(-17.3228,-2.54),.PIECEWISE_BEZIER_KNOTS.);
#3358 = CARTESIAN_POINT('',(-6.14355896702,-17.3228));
#3359 = CARTESIAN_POINT('',(-6.14355896702,-2.54));
#3360 = ( GEOMETRIC_REPRESENTATION_CONTEXT(2) 
PARAMETRIC_REPRESENTATION_CONTEXT() REPRESENTATION_CONTEXT('2D SPACE',''
  ) );
#3361 = PCURVE('',#1521,#3362);
#3362 = DEFINITIONAL_REPRESENTATION('',(#3363),#3367);
#3363 = LINE('',#3364,#3365);
#3364 = CARTESIAN_POINT('',(3.937,2.54));
#3365 = VECTOR('',#3366,1.);
#3366 = DIRECTION('',(0.,1.));
#3367 = ( GEOMETRIC_REPRESENTATION_CONTEXT(2) 
PARAMETRIC_REPRESENTATION_CONTEXT() REPRESENTATION_CONTEXT('2D SPACE',''
  ) );
#3368 = ORIENTED_EDGE('',*,*,#1478,.F.);
#3369 = ADVANCED_FACE('',(#3370),#666,.F.);
#3370 = FACE_BOUND('',#3371,.T.);
#3371 = EDGE_LOOP('',(#3372,#3393,#3414,#3415,#3416,#3438,#3461,#3481,
    #3482,#3504,#3525,#3526,#3527,#3549,#3581,#3608,#3640,#3660,#3661,
    #3683,#3715,#3742,#3774,#3794));
#3372 = ORIENTED_EDGE('',*,*,#3373,.F.);
#3373 = EDGE_CURVE('',#3374,#1193,#3376,.T.);
#3374 = VERTEX_POINT('',#3375);
#3375 = CARTESIAN_POINT('',(-5.08,0.,-13.97));
#3376 = SEAM_CURVE('',#3377,(#3381,#3387),.PCURVE_S1.);
#3377 = LINE('',#3378,#3379);
#3378 = CARTESIAN_POINT('',(-5.08,0.,-13.97));
#3379 = VECTOR('',#3380,1.);
#3380 = DIRECTION('',(0.,0.,1.));
#3381 = PCURVE('',#666,#3382);
#3382 = DEFINITIONAL_REPRESENTATION('',(#3383),#3386);
#3383 = B_SPLINE_CURVE_WITH_KNOTS('',1,(#3384,#3385),.UNSPECIFIED.,.F.,
  .F.,(2,2),(0.,17.3228),.PIECEWISE_BEZIER_KNOTS.);
#3384 = CARTESIAN_POINT('',(-6.28318530718,0.));
#3385 = CARTESIAN_POINT('',(-6.28318530718,-17.3228));
#3386 = ( GEOMETRIC_REPRESENTATION_CONTEXT(2) 
PARAMETRIC_REPRESENTATION_CONTEXT() REPRESENTATION_CONTEXT('2D SPACE',''
  ) );
#3387 = PCURVE('',#666,#3388);
#3388 = DEFINITIONAL_REPRESENTATION('',(#3389),#3392);
#3389 = B_SPLINE_CURVE_WITH_KNOTS('',1,(#3390,#3391),.UNSPECIFIED.,.F.,
  .F.,(2,2),(0.,17.3228),.PIECEWISE_BEZIER_KNOTS.);
#3390 = CARTESIAN_POINT('',(0.,0.));
#3391 = CARTESIAN_POINT('',(0.,-17.3228));
#3392 = ( GEOMETRIC_REPRESENTATION_CONTEXT(2) 
PARAMETRIC_REPRESENTATION_CONTEXT() REPRESENTATION_CONTEXT('2D SPACE',''
  ) );
#3393 = ORIENTED_EDGE('',*,*,#3394,.F.);
#3394 = EDGE_CURVE('',#2897,#3374,#3395,.T.);
#3395 = SURFACE_CURVE('',#3396,(#3401,#3407),.PCURVE_S1.);
#3396 = CIRCLE('',#3397,42.545);
#3397 = AXIS2_PLACEMENT_3D('',#3398,#3399,#3400);
#3398 = CARTESIAN_POINT('',(-47.625,0.,-13.97));
#3399 = DIRECTION('',(0.,0.,1.));
#3400 = DIRECTION('',(1.,0.,-0.));
#3401 = PCURVE('',#666,#3402);
#3402 = DEFINITIONAL_REPRESENTATION('',(#3403),#3406);
#3403 = B_SPLINE_CURVE_WITH_KNOTS('',1,(#3404,#3405),.UNSPECIFIED.,.F.,
  .F.,(2,2),(4.998360399577,6.28318530718),.PIECEWISE_BEZIER_KNOTS.);
#3404 = CARTESIAN_POINT('',(-4.998360399577,0.));
#3405 = CARTESIAN_POINT('',(-6.28318530718,0.));
#3406 = ( GEOMETRIC_REPRESENTATION_CONTEXT(2) 
PARAMETRIC_REPRESENTATION_CONTEXT() REPRESENTATION_CONTEXT('2D SPACE',''
  ) );
#3407 = PCURVE('',#2932,#3408);
#3408 = DEFINITIONAL_REPRESENTATION('',(#3409),#3413);
#3409 = CIRCLE('',#3410,42.545);
#3410 = AXIS2_PLACEMENT_2D('',#3411,#3412);
#3411 = CARTESIAN_POINT('',(0.,-3.447273502129E-15));
#3412 = DIRECTION('',(1.,0.));
#3413 = ( GEOMETRIC_REPRESENTATION_CONTEXT(2) 
PARAMETRIC_REPRESENTATION_CONTEXT() REPRESENTATION_CONTEXT('2D SPACE',''
  ) );
#3414 = ORIENTED_EDGE('',*,*,#2896,.F.);
#3415 = ORIENTED_EDGE('',*,*,#645,.T.);
#3416 = ORIENTED_EDGE('',*,*,#3417,.T.);
#3417 = EDGE_CURVE('',#646,#3418,#3420,.T.);
#3418 = VERTEX_POINT('',#3419);
#3419 = CARTESIAN_POINT('',(-56.4515,-41.61934553485,-13.97));
#3420 = SURFACE_CURVE('',#3421,(#3425,#3431),.PCURVE_S1.);
#3421 = LINE('',#3422,#3423);
#3422 = CARTESIAN_POINT('',(-56.4515,-41.61934553485,-13.97));
#3423 = VECTOR('',#3424,1.);
#3424 = DIRECTION('',(-0.,-0.,-1.));
#3425 = PCURVE('',#666,#3426);
#3426 = DEFINITIONAL_REPRESENTATION('',(#3427),#3430);
#3427 = B_SPLINE_CURVE_WITH_KNOTS('',1,(#3428,#3429),.UNSPECIFIED.,.F.,
  .F.,(2,2),(-13.97,0.),.PIECEWISE_BEZIER_KNOTS.);
#3428 = CARTESIAN_POINT('',(-4.503408483042,-13.97));
#3429 = CARTESIAN_POINT('',(-4.503408483042,0.));
#3430 = ( GEOMETRIC_REPRESENTATION_CONTEXT(2) 
PARAMETRIC_REPRESENTATION_CONTEXT() REPRESENTATION_CONTEXT('2D SPACE',''
  ) );
#3431 = PCURVE('',#693,#3432);
#3432 = DEFINITIONAL_REPRESENTATION('',(#3433),#3437);
#3433 = LINE('',#3434,#3435);
#3434 = CARTESIAN_POINT('',(5.842,-1.360345534859));
#3435 = VECTOR('',#3436,1.);
#3436 = DIRECTION('',(-1.,0.));
#3437 = ( GEOMETRIC_REPRESENTATION_CONTEXT(2) 
PARAMETRIC_REPRESENTATION_CONTEXT() REPRESENTATION_CONTEXT('2D SPACE',''
  ) );
#3438 = ORIENTED_EDGE('',*,*,#3439,.F.);
#3439 = EDGE_CURVE('',#3440,#3418,#3442,.T.);
#3440 = VERTEX_POINT('',#3441);
#3441 = CARTESIAN_POINT('',(-56.4515,41.619345534859,-13.97));
#3442 = SURFACE_CURVE('',#3443,(#3448,#3454),.PCURVE_S1.);
#3443 = CIRCLE('',#3444,42.545);
#3444 = AXIS2_PLACEMENT_3D('',#3445,#3446,#3447);
#3445 = CARTESIAN_POINT('',(-47.625,0.,-13.97));
#3446 = DIRECTION('',(0.,0.,1.));
#3447 = DIRECTION('',(1.,0.,-0.));
#3448 = PCURVE('',#666,#3449);
#3449 = DEFINITIONAL_REPRESENTATION('',(#3450),#3453);
#3450 = B_SPLINE_CURVE_WITH_KNOTS('',1,(#3451,#3452),.UNSPECIFIED.,.F.,
  .F.,(2,2),(1.779776824138,4.503408483042),.PIECEWISE_BEZIER_KNOTS.);
#3451 = CARTESIAN_POINT('',(-1.779776824138,0.));
#3452 = CARTESIAN_POINT('',(-4.503408483042,0.));
#3453 = ( GEOMETRIC_REPRESENTATION_CONTEXT(2) 
PARAMETRIC_REPRESENTATION_CONTEXT() REPRESENTATION_CONTEXT('2D SPACE',''
  ) );
#3454 = PCURVE('',#2932,#3455);
#3455 = DEFINITIONAL_REPRESENTATION('',(#3456),#3460);
#3456 = CIRCLE('',#3457,42.545);
#3457 = AXIS2_PLACEMENT_2D('',#3458,#3459);
#3458 = CARTESIAN_POINT('',(0.,-3.447273502129E-15));
#3459 = DIRECTION('',(1.,0.));
#3460 = ( GEOMETRIC_REPRESENTATION_CONTEXT(2) 
PARAMETRIC_REPRESENTATION_CONTEXT() REPRESENTATION_CONTEXT('2D SPACE',''
  ) );
#3461 = ORIENTED_EDGE('',*,*,#3462,.F.);
#3462 = EDGE_CURVE('',#734,#3440,#3463,.T.);
#3463 = SURFACE_CURVE('',#3464,(#3468,#3474),.PCURVE_S1.);
#3464 = LINE('',#3465,#3466);
#3465 = CARTESIAN_POINT('',(-56.4515,41.619345534859,-13.97));
#3466 = VECTOR('',#3467,1.);
#3467 = DIRECTION('',(-0.,-0.,-1.));
#3468 = PCURVE('',#666,#3469);
#3469 = DEFINITIONAL_REPRESENTATION('',(#3470),#3473);
#3470 = B_SPLINE_CURVE_WITH_KNOTS('',1,(#3471,#3472),.UNSPECIFIED.,.F.,
  .F.,(2,2),(-13.97,0.),.PIECEWISE_BEZIER_KNOTS.);
#3471 = CARTESIAN_POINT('',(-1.779776824138,-13.97));
#3472 = CARTESIAN_POINT('',(-1.779776824138,0.));
#3473 = ( GEOMETRIC_REPRESENTATION_CONTEXT(2) 
PARAMETRIC_REPRESENTATION_CONTEXT() REPRESENTATION_CONTEXT('2D SPACE',''
  ) );
#3474 = PCURVE('',#749,#3475);
#3475 = DEFINITIONAL_REPRESENTATION('',(#3476),#3480);
#3476 = LINE('',#3477,#3478);
#3477 = CARTESIAN_POINT('',(5.842,-1.360345534859));
#3478 = VECTOR('',#3479,1.);
#3479 = DIRECTION('',(-1.,-0.));
#3480 = ( GEOMETRIC_REPRESENTATION_CONTEXT(2) 
PARAMETRIC_REPRESENTATION_CONTEXT() REPRESENTATION_CONTEXT('2D SPACE',''
  ) );
#3481 = ORIENTED_EDGE('',*,*,#761,.T.);
#3482 = ORIENTED_EDGE('',*,*,#3483,.T.);
#3483 = EDGE_CURVE('',#762,#3484,#3486,.T.);
#3484 = VERTEX_POINT('',#3485);
#3485 = CARTESIAN_POINT('',(-35.6235,40.817165785365,-13.97));
#3486 = SURFACE_CURVE('',#3487,(#3491,#3497),.PCURVE_S1.);
#3487 = LINE('',#3488,#3489);
#3488 = CARTESIAN_POINT('',(-35.6235,40.817165785365,-13.97));
#3489 = VECTOR('',#3490,1.);
#3490 = DIRECTION('',(-0.,-0.,-1.));
#3491 = PCURVE('',#666,#3492);
#3492 = DEFINITIONAL_REPRESENTATION('',(#3493),#3496);
#3493 = B_SPLINE_CURVE_WITH_KNOTS('',1,(#3494,#3495),.UNSPECIFIED.,.F.,
  .F.,(2,2),(-13.97,0.),.PIECEWISE_BEZIER_KNOTS.);
#3494 = CARTESIAN_POINT('',(-1.284824907602,-13.97));
#3495 = CARTESIAN_POINT('',(-1.284824907602,0.));
#3496 = ( GEOMETRIC_REPRESENTATION_CONTEXT(2) 
PARAMETRIC_REPRESENTATION_CONTEXT() REPRESENTATION_CONTEXT('2D SPACE',''
  ) );
#3497 = PCURVE('',#804,#3498);
#3498 = DEFINITIONAL_REPRESENTATION('',(#3499),#3503);
#3499 = LINE('',#3500,#3501);
#3500 = CARTESIAN_POINT('',(5.842,-0.558165785365));
#3501 = VECTOR('',#3502,1.);
#3502 = DIRECTION('',(-1.,-0.));
#3503 = ( GEOMETRIC_REPRESENTATION_CONTEXT(2) 
PARAMETRIC_REPRESENTATION_CONTEXT() REPRESENTATION_CONTEXT('2D SPACE',''
  ) );
#3504 = ORIENTED_EDGE('',*,*,#3505,.F.);
#3505 = EDGE_CURVE('',#3374,#3484,#3506,.T.);
#3506 = SURFACE_CURVE('',#3507,(#3512,#3518),.PCURVE_S1.);
#3507 = CIRCLE('',#3508,42.545);
#3508 = AXIS2_PLACEMENT_3D('',#3509,#3510,#3511);
#3509 = CARTESIAN_POINT('',(-47.625,0.,-13.97));
#3510 = DIRECTION('',(0.,0.,1.));
#3511 = DIRECTION('',(1.,0.,-0.));
#3512 = PCURVE('',#666,#3513);
#3513 = DEFINITIONAL_REPRESENTATION('',(#3514),#3517);
#3514 = B_SPLINE_CURVE_WITH_KNOTS('',1,(#3515,#3516),.UNSPECIFIED.,.F.,
  .F.,(2,2),(0.,1.284824907602),.PIECEWISE_BEZIER_KNOTS.);
#3515 = CARTESIAN_POINT('',(0.,0.));
#3516 = CARTESIAN_POINT('',(-1.284824907602,0.));
#3517 = ( GEOMETRIC_REPRESENTATION_CONTEXT(2) 
PARAMETRIC_REPRESENTATION_CONTEXT() REPRESENTATION_CONTEXT('2D SPACE',''
  ) );
#3518 = PCURVE('',#2932,#3519);
#3519 = DEFINITIONAL_REPRESENTATION('',(#3520),#3524);
#3520 = CIRCLE('',#3521,42.545);
#3521 = AXIS2_PLACEMENT_2D('',#3522,#3523);
#3522 = CARTESIAN_POINT('',(0.,-3.447273502129E-15));
#3523 = DIRECTION('',(1.,0.));
#3524 = ( GEOMETRIC_REPRESENTATION_CONTEXT(2) 
PARAMETRIC_REPRESENTATION_CONTEXT() REPRESENTATION_CONTEXT('2D SPACE',''
  ) );
#3525 = ORIENTED_EDGE('',*,*,#3373,.T.);
#3526 = ORIENTED_EDGE('',*,*,#1190,.F.);
#3527 = ORIENTED_EDGE('',*,*,#3528,.T.);
#3528 = EDGE_CURVE('',#1191,#3529,#3531,.T.);
#3529 = VERTEX_POINT('',#3530);
#3530 = CARTESIAN_POINT('',(-83.70520625097,22.545415096802,-6.223));
#3531 = SURFACE_CURVE('',#3532,(#3536,#3542),.PCURVE_S1.);
#3532 = LINE('',#3533,#3534);
#3533 = CARTESIAN_POINT('',(-83.70520625097,22.545415096802,-13.97));
#3534 = VECTOR('',#3535,1.);
#3535 = DIRECTION('',(-0.,-0.,-1.));
#3536 = PCURVE('',#666,#3537);
#3537 = DEFINITIONAL_REPRESENTATION('',(#3538),#3541);
#3538 = B_SPLINE_CURVE_WITH_KNOTS('',1,(#3539,#3540),.UNSPECIFIED.,.F.,
  .F.,(2,2),(-17.3228,-7.747),.PIECEWISE_BEZIER_KNOTS.);
#3539 = CARTESIAN_POINT('',(-2.583087292952,-17.3228));
#3540 = CARTESIAN_POINT('',(-2.583087292952,-7.747));
#3541 = ( GEOMETRIC_REPRESENTATION_CONTEXT(2) 
PARAMETRIC_REPRESENTATION_CONTEXT() REPRESENTATION_CONTEXT('2D SPACE',''
  ) );
#3542 = PCURVE('',#1435,#3543);
#3543 = DEFINITIONAL_REPRESENTATION('',(#3544),#3548);
#3544 = LINE('',#3545,#3546);
#3545 = CARTESIAN_POINT('',(2.413,2.54));
#3546 = VECTOR('',#3547,1.);
#3547 = DIRECTION('',(0.,1.));
#3548 = ( GEOMETRIC_REPRESENTATION_CONTEXT(2) 
PARAMETRIC_REPRESENTATION_CONTEXT() REPRESENTATION_CONTEXT('2D SPACE',''
  ) );
#3549 = ORIENTED_EDGE('',*,*,#3550,.T.);
#3550 = EDGE_CURVE('',#3529,#3551,#3553,.T.);
#3551 = VERTEX_POINT('',#3552);
#3552 = CARTESIAN_POINT('',(-69.53729489704,36.468182808371,-6.223));
#3553 = SURFACE_CURVE('',#3554,(#3559,#3565),.PCURVE_S1.);
#3554 = CIRCLE('',#3555,42.545);
#3555 = AXIS2_PLACEMENT_3D('',#3556,#3557,#3558);
#3556 = CARTESIAN_POINT('',(-47.625,0.,-6.223));
#3557 = DIRECTION('',(0.,-0.,-1.));
#3558 = DIRECTION('',(1.,0.,-0.));
#3559 = PCURVE('',#666,#3560);
#3560 = DEFINITIONAL_REPRESENTATION('',(#3561),#3564);
#3561 = B_SPLINE_CURVE_WITH_KNOTS('',1,(#3562,#3563),.UNSPECIFIED.,.F.,
  .F.,(2,2),(3.700098014228,4.171336912266),.PIECEWISE_BEZIER_KNOTS.);
#3562 = CARTESIAN_POINT('',(-2.583087292952,-7.747));
#3563 = CARTESIAN_POINT('',(-2.111848394913,-7.747));
#3564 = ( GEOMETRIC_REPRESENTATION_CONTEXT(2) 
PARAMETRIC_REPRESENTATION_CONTEXT() REPRESENTATION_CONTEXT('2D SPACE',''
  ) );
#3565 = PCURVE('',#3566,#3571);
#3566 = PLANE('',#3567);
#3567 = AXIS2_PLACEMENT_3D('',#3568,#3569,#3570);
#3568 = CARTESIAN_POINT('',(-47.625,5.219946054012E-15,-6.223));
#3569 = DIRECTION('',(0.,0.,1.));
#3570 = DIRECTION('',(1.,0.,-0.));
#3571 = DEFINITIONAL_REPRESENTATION('',(#3572),#3580);
#3572 = ( BOUNDED_CURVE() B_SPLINE_CURVE(2,(#3573,#3574,#3575,#3576,
#3577,#3578,#3579),.UNSPECIFIED.,.T.,.F.) B_SPLINE_CURVE_WITH_KNOTS((1,2
    ,2,2,2,1),(-2.094395102393,0.,2.094395102393,4.188790204786,
6.28318530718,8.377580409573),.UNSPECIFIED.) CURVE() 
GEOMETRIC_REPRESENTATION_ITEM() RATIONAL_B_SPLINE_CURVE((1.,0.5,1.,0.5,
1.,0.5,1.)) REPRESENTATION_ITEM('') );
#3573 = CARTESIAN_POINT('',(42.545,-5.219946054012E-15));
#3574 = CARTESIAN_POINT('',(42.545,-73.69010160801));
#3575 = CARTESIAN_POINT('',(-21.2725,-36.845050804));
#3576 = CARTESIAN_POINT('',(-85.09,-1.564046566796E-14));
#3577 = CARTESIAN_POINT('',(-21.2725,36.845050804009));
#3578 = CARTESIAN_POINT('',(42.545,73.690101608018));
#3579 = CARTESIAN_POINT('',(42.545,-5.219946054012E-15));
#3580 = ( GEOMETRIC_REPRESENTATION_CONTEXT(2) 
PARAMETRIC_REPRESENTATION_CONTEXT() REPRESENTATION_CONTEXT('2D SPACE',''
  ) );
#3581 = ORIENTED_EDGE('',*,*,#3582,.T.);
#3582 = EDGE_CURVE('',#3551,#3583,#3585,.T.);
#3583 = VERTEX_POINT('',#3584);
#3584 = CARTESIAN_POINT('',(-69.53729489704,36.468182808371,-11.43));
#3585 = SURFACE_CURVE('',#3586,(#3590,#3596),.PCURVE_S1.);
#3586 = LINE('',#3587,#3588);
#3587 = CARTESIAN_POINT('',(-69.53729489704,36.468182808371,-13.97));
#3588 = VECTOR('',#3589,1.);
#3589 = DIRECTION('',(-0.,-0.,-1.));
#3590 = PCURVE('',#666,#3591);
#3591 = DEFINITIONAL_REPRESENTATION('',(#3592),#3595);
#3592 = B_SPLINE_CURVE_WITH_KNOTS('',1,(#3593,#3594),.UNSPECIFIED.,.F.,
  .F.,(2,2),(-7.747,-2.54),.PIECEWISE_BEZIER_KNOTS.);
#3593 = CARTESIAN_POINT('',(-2.111848394913,-7.747));
#3594 = CARTESIAN_POINT('',(-2.111848394913,-2.54));
#3595 = ( GEOMETRIC_REPRESENTATION_CONTEXT(2) 
PARAMETRIC_REPRESENTATION_CONTEXT() REPRESENTATION_CONTEXT('2D SPACE',''
  ) );
#3596 = PCURVE('',#3597,#3602);
#3597 = PLANE('',#3598);
#3598 = AXIS2_PLACEMENT_3D('',#3599,#3600,#3601);
#3599 = CARTESIAN_POINT('',(-68.29450802229,34.399838111777,-11.43));
#3600 = DIRECTION('',(-0.857167300702,-0.51503807491,0.));
#3601 = DIRECTION('',(-0.51503807491,0.857167300702,0.));
#3602 = DEFINITIONAL_REPRESENTATION('',(#3603),#3607);
#3603 = LINE('',#3604,#3605);
#3604 = CARTESIAN_POINT('',(2.413,2.54));
#3605 = VECTOR('',#3606,1.);
#3606 = DIRECTION('',(0.,1.));
#3607 = ( GEOMETRIC_REPRESENTATION_CONTEXT(2) 
PARAMETRIC_REPRESENTATION_CONTEXT() REPRESENTATION_CONTEXT('2D SPACE',''
  ) );
#3608 = ORIENTED_EDGE('',*,*,#3609,.F.);
#3609 = EDGE_CURVE('',#3610,#3583,#3612,.T.);
#3610 = VERTEX_POINT('',#3611);
#3611 = CARTESIAN_POINT('',(-89.75595498461,5.921119580346,-11.43));
#3612 = SURFACE_CURVE('',#3613,(#3618,#3624),.PCURVE_S1.);
#3613 = CIRCLE('',#3614,42.545);
#3614 = AXIS2_PLACEMENT_3D('',#3615,#3616,#3617);
#3615 = CARTESIAN_POINT('',(-47.625,0.,-11.43));
#3616 = DIRECTION('',(0.,-0.,-1.));
#3617 = DIRECTION('',(1.,0.,-0.));
#3618 = PCURVE('',#666,#3619);
#3619 = DEFINITIONAL_REPRESENTATION('',(#3620),#3623);
#3620 = B_SPLINE_CURVE_WITH_KNOTS('',1,(#3621,#3622),.UNSPECIFIED.,.F.,
  .F.,(2,2),(3.281218993749,4.171336912266),.PIECEWISE_BEZIER_KNOTS.);
#3621 = CARTESIAN_POINT('',(-3.00196631343,-2.54));
#3622 = CARTESIAN_POINT('',(-2.111848394913,-2.54));
#3623 = ( GEOMETRIC_REPRESENTATION_CONTEXT(2) 
PARAMETRIC_REPRESENTATION_CONTEXT() REPRESENTATION_CONTEXT('2D SPACE',''
  ) );
#3624 = PCURVE('',#3625,#3630);
#3625 = PLANE('',#3626);
#3626 = AXIS2_PLACEMENT_3D('',#3627,#3628,#3629);
#3627 = CARTESIAN_POINT('',(-47.625,5.219946054012E-15,-11.43));
#3628 = DIRECTION('',(0.,0.,1.));
#3629 = DIRECTION('',(1.,0.,-0.));
#3630 = DEFINITIONAL_REPRESENTATION('',(#3631),#3639);
#3631 = ( BOUNDED_CURVE() B_SPLINE_CURVE(2,(#3632,#3633,#3634,#3635,
#3636,#3637,#3638),.UNSPECIFIED.,.T.,.F.) B_SPLINE_CURVE_WITH_KNOTS((1,2
    ,2,2,2,1),(-2.094395102393,0.,2.094395102393,4.188790204786,
6.28318530718,8.377580409573),.UNSPECIFIED.) CURVE() 
GEOMETRIC_REPRESENTATION_ITEM() RATIONAL_B_SPLINE_CURVE((1.,0.5,1.,0.5,
1.,0.5,1.)) REPRESENTATION_ITEM('') );
#3632 = CARTESIAN_POINT('',(42.545,-5.219946054012E-15));
#3633 = CARTESIAN_POINT('',(42.545,-73.69010160801));
#3634 = CARTESIAN_POINT('',(-21.2725,-36.845050804));
#3635 = CARTESIAN_POINT('',(-85.09,-1.564046566796E-14));
#3636 = CARTESIAN_POINT('',(-21.2725,36.845050804009));
#3637 = CARTESIAN_POINT('',(42.545,73.690101608018));
#3638 = CARTESIAN_POINT('',(42.545,-5.219946054012E-15));
#3639 = ( GEOMETRIC_REPRESENTATION_CONTEXT(2) 
PARAMETRIC_REPRESENTATION_CONTEXT() REPRESENTATION_CONTEXT('2D SPACE',''
  ) );
#3640 = ORIENTED_EDGE('',*,*,#3641,.F.);
#3641 = EDGE_CURVE('',#1335,#3610,#3642,.T.);
#3642 = SURFACE_CURVE('',#3643,(#3647,#3653),.PCURVE_S1.);
#3643 = LINE('',#3644,#3645);
#3644 = CARTESIAN_POINT('',(-89.75595498461,5.921119580346,-13.97));
#3645 = VECTOR('',#3646,1.);
#3646 = DIRECTION('',(-0.,-0.,-1.));
#3647 = PCURVE('',#666,#3648);
#3648 = DEFINITIONAL_REPRESENTATION('',(#3649),#3652);
#3649 = B_SPLINE_CURVE_WITH_KNOTS('',1,(#3650,#3651),.UNSPECIFIED.,.F.,
  .F.,(2,2),(-17.3228,-2.54),.PIECEWISE_BEZIER_KNOTS.);
#3650 = CARTESIAN_POINT('',(-3.00196631343,-17.3228));
#3651 = CARTESIAN_POINT('',(-3.00196631343,-2.54));
#3652 = ( GEOMETRIC_REPRESENTATION_CONTEXT(2) 
PARAMETRIC_REPRESENTATION_CONTEXT() REPRESENTATION_CONTEXT('2D SPACE',''
  ) );
#3653 = PCURVE('',#1377,#3654);
#3654 = DEFINITIONAL_REPRESENTATION('',(#3655),#3659);
#3655 = LINE('',#3656,#3657);
#3656 = CARTESIAN_POINT('',(3.937,2.54));
#3657 = VECTOR('',#3658,1.);
#3658 = DIRECTION('',(0.,1.));
#3659 = ( GEOMETRIC_REPRESENTATION_CONTEXT(2) 
PARAMETRIC_REPRESENTATION_CONTEXT() REPRESENTATION_CONTEXT('2D SPACE',''
  ) );
#3660 = ORIENTED_EDGE('',*,*,#1334,.F.);
#3661 = ORIENTED_EDGE('',*,*,#3662,.T.);
#3662 = EDGE_CURVE('',#1307,#3663,#3665,.T.);
#3663 = VERTEX_POINT('',#3664);
#3664 = CARTESIAN_POINT('',(-11.54479374902,-22.5454150968,-6.223));
#3665 = SURFACE_CURVE('',#3666,(#3670,#3676),.PCURVE_S1.);
#3666 = LINE('',#3667,#3668);
#3667 = CARTESIAN_POINT('',(-11.54479374902,-22.5454150968,-13.97));
#3668 = VECTOR('',#3669,1.);
#3669 = DIRECTION('',(-0.,-0.,-1.));
#3670 = PCURVE('',#666,#3671);
#3671 = DEFINITIONAL_REPRESENTATION('',(#3672),#3675);
#3672 = B_SPLINE_CURVE_WITH_KNOTS('',1,(#3673,#3674),.UNSPECIFIED.,.F.,
  .F.,(2,2),(-17.3228,-7.747),.PIECEWISE_BEZIER_KNOTS.);
#3673 = CARTESIAN_POINT('',(-5.724679946541,-17.3228));
#3674 = CARTESIAN_POINT('',(-5.724679946541,-7.747));
#3675 = ( GEOMETRIC_REPRESENTATION_CONTEXT(2) 
PARAMETRIC_REPRESENTATION_CONTEXT() REPRESENTATION_CONTEXT('2D SPACE',''
  ) );
#3676 = PCURVE('',#1322,#3677);
#3677 = DEFINITIONAL_REPRESENTATION('',(#3678),#3682);
#3678 = LINE('',#3679,#3680);
#3679 = CARTESIAN_POINT('',(2.413,2.54));
#3680 = VECTOR('',#3681,1.);
#3681 = DIRECTION('',(0.,1.));
#3682 = ( GEOMETRIC_REPRESENTATION_CONTEXT(2) 
PARAMETRIC_REPRESENTATION_CONTEXT() REPRESENTATION_CONTEXT('2D SPACE',''
  ) );
#3683 = ORIENTED_EDGE('',*,*,#3684,.T.);
#3684 = EDGE_CURVE('',#3663,#3685,#3687,.T.);
#3685 = VERTEX_POINT('',#3686);
#3686 = CARTESIAN_POINT('',(-25.71270510295,-36.46818280837,-6.223));
#3687 = SURFACE_CURVE('',#3688,(#3693,#3699),.PCURVE_S1.);
#3688 = CIRCLE('',#3689,42.545);
#3689 = AXIS2_PLACEMENT_3D('',#3690,#3691,#3692);
#3690 = CARTESIAN_POINT('',(-47.625,0.,-6.223));
#3691 = DIRECTION('',(0.,-0.,-1.));
#3692 = DIRECTION('',(1.,0.,-0.));
#3693 = PCURVE('',#666,#3694);
#3694 = DEFINITIONAL_REPRESENTATION('',(#3695),#3698);
#3695 = B_SPLINE_CURVE_WITH_KNOTS('',1,(#3696,#3697),.UNSPECIFIED.,.F.,
  .F.,(2,2),(0.558505360638,1.029744258677),.PIECEWISE_BEZIER_KNOTS.);
#3696 = CARTESIAN_POINT('',(-5.724679946541,-7.747));
#3697 = CARTESIAN_POINT('',(-5.253441048503,-7.747));
#3698 = ( GEOMETRIC_REPRESENTATION_CONTEXT(2) 
PARAMETRIC_REPRESENTATION_CONTEXT() REPRESENTATION_CONTEXT('2D SPACE',''
  ) );
#3699 = PCURVE('',#3700,#3705);
#3700 = PLANE('',#3701);
#3701 = AXIS2_PLACEMENT_3D('',#3702,#3703,#3704);
#3702 = CARTESIAN_POINT('',(-47.625,5.219946054012E-15,-6.223));
#3703 = DIRECTION('',(0.,0.,1.));
#3704 = DIRECTION('',(1.,0.,-0.));
#3705 = DEFINITIONAL_REPRESENTATION('',(#3706),#3714);
#3706 = ( BOUNDED_CURVE() B_SPLINE_CURVE(2,(#3707,#3708,#3709,#3710,
#3711,#3712,#3713),.UNSPECIFIED.,.T.,.F.) B_SPLINE_CURVE_WITH_KNOTS((1,2
    ,2,2,2,1),(-2.094395102393,0.,2.094395102393,4.188790204786,
6.28318530718,8.377580409573),.UNSPECIFIED.) CURVE() 
GEOMETRIC_REPRESENTATION_ITEM() RATIONAL_B_SPLINE_CURVE((1.,0.5,1.,0.5,
1.,0.5,1.)) REPRESENTATION_ITEM('') );
#3707 = CARTESIAN_POINT('',(42.545,-5.219946054012E-15));
#3708 = CARTESIAN_POINT('',(42.545,-73.69010160801));
#3709 = CARTESIAN_POINT('',(-21.2725,-36.845050804));
#3710 = CARTESIAN_POINT('',(-85.09,-1.564046566796E-14));
#3711 = CARTESIAN_POINT('',(-21.2725,36.845050804009));
#3712 = CARTESIAN_POINT('',(42.545,73.690101608018));
#3713 = CARTESIAN_POINT('',(42.545,-5.219946054012E-15));
#3714 = ( GEOMETRIC_REPRESENTATION_CONTEXT(2) 
PARAMETRIC_REPRESENTATION_CONTEXT() REPRESENTATION_CONTEXT('2D SPACE',''
  ) );
#3715 = ORIENTED_EDGE('',*,*,#3716,.T.);
#3716 = EDGE_CURVE('',#3685,#3717,#3719,.T.);
#3717 = VERTEX_POINT('',#3718);
#3718 = CARTESIAN_POINT('',(-25.71270510295,-36.46818280837,-11.43));
#3719 = SURFACE_CURVE('',#3720,(#3724,#3730),.PCURVE_S1.);
#3720 = LINE('',#3721,#3722);
#3721 = CARTESIAN_POINT('',(-25.71270510295,-36.46818280837,-13.97));
#3722 = VECTOR('',#3723,1.);
#3723 = DIRECTION('',(-0.,-0.,-1.));
#3724 = PCURVE('',#666,#3725);
#3725 = DEFINITIONAL_REPRESENTATION('',(#3726),#3729);
#3726 = B_SPLINE_CURVE_WITH_KNOTS('',1,(#3727,#3728),.UNSPECIFIED.,.F.,
  .F.,(2,2),(-7.747,-2.54),.PIECEWISE_BEZIER_KNOTS.);
#3727 = CARTESIAN_POINT('',(-5.253441048503,-7.747));
#3728 = CARTESIAN_POINT('',(-5.253441048503,-2.54));
#3729 = ( GEOMETRIC_REPRESENTATION_CONTEXT(2) 
PARAMETRIC_REPRESENTATION_CONTEXT() REPRESENTATION_CONTEXT('2D SPACE',''
  ) );
#3730 = PCURVE('',#3731,#3736);
#3731 = PLANE('',#3732);
#3732 = AXIS2_PLACEMENT_3D('',#3733,#3734,#3735);
#3733 = CARTESIAN_POINT('',(-26.95549197771,-34.39983811177,-11.43));
#3734 = DIRECTION('',(0.857167300702,0.51503807491,-0.));
#3735 = DIRECTION('',(0.51503807491,-0.857167300702,0.));
#3736 = DEFINITIONAL_REPRESENTATION('',(#3737),#3741);
#3737 = LINE('',#3738,#3739);
#3738 = CARTESIAN_POINT('',(2.413,2.54));
#3739 = VECTOR('',#3740,1.);
#3740 = DIRECTION('',(0.,1.));
#3741 = ( GEOMETRIC_REPRESENTATION_CONTEXT(2) 
PARAMETRIC_REPRESENTATION_CONTEXT() REPRESENTATION_CONTEXT('2D SPACE',''
  ) );
#3742 = ORIENTED_EDGE('',*,*,#3743,.F.);
#3743 = EDGE_CURVE('',#3744,#3717,#3746,.T.);
#3744 = VERTEX_POINT('',#3745);
#3745 = CARTESIAN_POINT('',(-5.49404501539,-5.921119580346,-11.43));
#3746 = SURFACE_CURVE('',#3747,(#3752,#3758),.PCURVE_S1.);
#3747 = CIRCLE('',#3748,42.545);
#3748 = AXIS2_PLACEMENT_3D('',#3749,#3750,#3751);
#3749 = CARTESIAN_POINT('',(-47.625,0.,-11.43));
#3750 = DIRECTION('',(0.,-0.,-1.));
#3751 = DIRECTION('',(1.,0.,-0.));
#3752 = PCURVE('',#666,#3753);
#3753 = DEFINITIONAL_REPRESENTATION('',(#3754),#3757);
#3754 = B_SPLINE_CURVE_WITH_KNOTS('',1,(#3755,#3756),.UNSPECIFIED.,.F.,
  .F.,(2,2),(0.13962634016,1.029744258677),.PIECEWISE_BEZIER_KNOTS.);
#3755 = CARTESIAN_POINT('',(-6.14355896702,-2.54));
#3756 = CARTESIAN_POINT('',(-5.253441048503,-2.54));
#3757 = ( GEOMETRIC_REPRESENTATION_CONTEXT(2) 
PARAMETRIC_REPRESENTATION_CONTEXT() REPRESENTATION_CONTEXT('2D SPACE',''
  ) );
#3758 = PCURVE('',#3759,#3764);
#3759 = PLANE('',#3760);
#3760 = AXIS2_PLACEMENT_3D('',#3761,#3762,#3763);
#3761 = CARTESIAN_POINT('',(-47.625,5.219946054012E-15,-11.43));
#3762 = DIRECTION('',(0.,0.,1.));
#3763 = DIRECTION('',(1.,0.,-0.));
#3764 = DEFINITIONAL_REPRESENTATION('',(#3765),#3773);
#3765 = ( BOUNDED_CURVE() B_SPLINE_CURVE(2,(#3766,#3767,#3768,#3769,
#3770,#3771,#3772),.UNSPECIFIED.,.T.,.F.) B_SPLINE_CURVE_WITH_KNOTS((1,2
    ,2,2,2,1),(-2.094395102393,0.,2.094395102393,4.188790204786,
6.28318530718,8.377580409573),.UNSPECIFIED.) CURVE() 
GEOMETRIC_REPRESENTATION_ITEM() RATIONAL_B_SPLINE_CURVE((1.,0.5,1.,0.5,
1.,0.5,1.)) REPRESENTATION_ITEM('') );
#3766 = CARTESIAN_POINT('',(42.545,-5.219946054012E-15));
#3767 = CARTESIAN_POINT('',(42.545,-73.69010160801));
#3768 = CARTESIAN_POINT('',(-21.2725,-36.845050804));
#3769 = CARTESIAN_POINT('',(-85.09,-1.564046566796E-14));
#3770 = CARTESIAN_POINT('',(-21.2725,36.845050804009));
#3771 = CARTESIAN_POINT('',(42.545,73.690101608018));
#3772 = CARTESIAN_POINT('',(42.545,-5.219946054012E-15));
#3773 = ( GEOMETRIC_REPRESENTATION_CONTEXT(2) 
PARAMETRIC_REPRESENTATION_CONTEXT() REPRESENTATION_CONTEXT('2D SPACE',''
  ) );
#3774 = ORIENTED_EDGE('',*,*,#3775,.F.);
#3775 = EDGE_CURVE('',#1220,#3744,#3776,.T.);
#3776 = SURFACE_CURVE('',#3777,(#3781,#3787),.PCURVE_S1.);
#3777 = LINE('',#3778,#3779);
#3778 = CARTESIAN_POINT('',(-5.49404501539,-5.921119580346,-13.97));
#3779 = VECTOR('',#3780,1.);
#3780 = DIRECTION('',(-0.,-0.,-1.));
#3781 = PCURVE('',#666,#3782);
#3782 = DEFINITIONAL_REPRESENTATION('',(#3783),#3786);
#3783 = B_SPLINE_CURVE_WITH_KNOTS('',1,(#3784,#3785),.UNSPECIFIED.,.F.,
  .F.,(2,2),(-17.3228,-2.54),.PIECEWISE_BEZIER_KNOTS.);
#3784 = CARTESIAN_POINT('',(-6.14355896702,-17.3228));
#3785 = CARTESIAN_POINT('',(-6.14355896702,-2.54));
#3786 = ( GEOMETRIC_REPRESENTATION_CONTEXT(2) 
PARAMETRIC_REPRESENTATION_CONTEXT() REPRESENTATION_CONTEXT('2D SPACE',''
  ) );
#3787 = PCURVE('',#1262,#3788);
#3788 = DEFINITIONAL_REPRESENTATION('',(#3789),#3793);
#3789 = LINE('',#3790,#3791);
#3790 = CARTESIAN_POINT('',(3.937,2.54));
#3791 = VECTOR('',#3792,1.);
#3792 = DIRECTION('',(0.,1.));
#3793 = ( GEOMETRIC_REPRESENTATION_CONTEXT(2) 
PARAMETRIC_REPRESENTATION_CONTEXT() REPRESENTATION_CONTEXT('2D SPACE',''
  ) );
#3794 = ORIENTED_EDGE('',*,*,#1219,.F.);
#3795 = ADVANCED_FACE('',(#3796),#1004,.T.);
#3796 = FACE_BOUND('',#3797,.T.);
#3797 = EDGE_LOOP('',(#3798,#3823,#3846,#3866,#3867,#3868));
#3798 = ORIENTED_EDGE('',*,*,#3799,.F.);
#3799 = EDGE_CURVE('',#3800,#3802,#3804,.T.);
#3800 = VERTEX_POINT('',#3801);
#3801 = CARTESIAN_POINT('',(56.4515,-40.259,-17.78));
#3802 = VERTEX_POINT('',#3803);
#3803 = CARTESIAN_POINT('',(56.4515,-40.259,-13.97));
#3804 = SURFACE_CURVE('',#3805,(#3809,#3816),.PCURVE_S1.);
#3805 = LINE('',#3806,#3807);
#3806 = CARTESIAN_POINT('',(56.4515,-40.259,-19.812));
#3807 = VECTOR('',#3808,1.);
#3808 = DIRECTION('',(0.,0.,1.));
#3809 = PCURVE('',#1004,#3810);
#3810 = DEFINITIONAL_REPRESENTATION('',(#3811),#3815);
#3811 = LINE('',#3812,#3813);
#3812 = CARTESIAN_POINT('',(0.,0.));
#3813 = VECTOR('',#3814,1.);
#3814 = DIRECTION('',(1.,0.));
#3815 = ( GEOMETRIC_REPRESENTATION_CONTEXT(2) 
PARAMETRIC_REPRESENTATION_CONTEXT() REPRESENTATION_CONTEXT('2D SPACE',''
  ) );
#3816 = PCURVE('',#2757,#3817);
#3817 = DEFINITIONAL_REPRESENTATION('',(#3818),#3822);
#3818 = LINE('',#3819,#3820);
#3819 = CARTESIAN_POINT('',(0.,0.));
#3820 = VECTOR('',#3821,1.);
#3821 = DIRECTION('',(1.,0.));
#3822 = ( GEOMETRIC_REPRESENTATION_CONTEXT(2) 
PARAMETRIC_REPRESENTATION_CONTEXT() REPRESENTATION_CONTEXT('2D SPACE',''
  ) );
#3823 = ORIENTED_EDGE('',*,*,#3824,.T.);
#3824 = EDGE_CURVE('',#3800,#3825,#3827,.T.);
#3825 = VERTEX_POINT('',#3826);
#3826 = CARTESIAN_POINT('',(56.4515,-48.73719111469,-17.78));
#3827 = SURFACE_CURVE('',#3828,(#3832,#3839),.PCURVE_S1.);
#3828 = LINE('',#3829,#3830);
#3829 = CARTESIAN_POINT('',(56.4515,-20.1295,-17.78));
#3830 = VECTOR('',#3831,1.);
#3831 = DIRECTION('',(-1.224646799147E-16,-1.,0.));
#3832 = PCURVE('',#1004,#3833);
#3833 = DEFINITIONAL_REPRESENTATION('',(#3834),#3838);
#3834 = LINE('',#3835,#3836);
#3835 = CARTESIAN_POINT('',(2.032,20.1295));
#3836 = VECTOR('',#3837,1.);
#3837 = DIRECTION('',(0.,-1.));
#3838 = ( GEOMETRIC_REPRESENTATION_CONTEXT(2) 
PARAMETRIC_REPRESENTATION_CONTEXT() REPRESENTATION_CONTEXT('2D SPACE',''
  ) );
#3839 = PCURVE('',#2636,#3840);
#3840 = DEFINITIONAL_REPRESENTATION('',(#3841),#3845);
#3841 = LINE('',#3842,#3843);
#3842 = CARTESIAN_POINT('',(104.0765,-20.1295));
#3843 = VECTOR('',#3844,1.);
#3844 = DIRECTION('',(-1.224646799147E-16,-1.));
#3845 = ( GEOMETRIC_REPRESENTATION_CONTEXT(2) 
PARAMETRIC_REPRESENTATION_CONTEXT() REPRESENTATION_CONTEXT('2D SPACE',''
  ) );
#3846 = ORIENTED_EDGE('',*,*,#3847,.F.);
#3847 = EDGE_CURVE('',#961,#3825,#3848,.T.);
#3848 = SURFACE_CURVE('',#3849,(#3853,#3860),.PCURVE_S1.);
#3849 = LINE('',#3850,#3851);
#3850 = CARTESIAN_POINT('',(56.4515,-48.73719111469,-17.78));
#3851 = VECTOR('',#3852,1.);
#3852 = DIRECTION('',(-0.,-0.,-1.));
#3853 = PCURVE('',#1004,#3854);
#3854 = DEFINITIONAL_REPRESENTATION('',(#3855),#3859);
#3855 = LINE('',#3856,#3857);
#3856 = CARTESIAN_POINT('',(2.032,-8.478191114692));
#3857 = VECTOR('',#3858,1.);
#3858 = DIRECTION('',(-1.,0.));
#3859 = ( GEOMETRIC_REPRESENTATION_CONTEXT(2) 
PARAMETRIC_REPRESENTATION_CONTEXT() REPRESENTATION_CONTEXT('2D SPACE',''
  ) );
#3860 = PCURVE('',#977,#3861);
#3861 = DEFINITIONAL_REPRESENTATION('',(#3862),#3865);
#3862 = B_SPLINE_CURVE_WITH_KNOTS('',1,(#3863,#3864),.UNSPECIFIED.,.F.,
  .F.,(2,2),(-17.78,0.),.PIECEWISE_BEZIER_KNOTS.);
#3863 = CARTESIAN_POINT('',(-1.471711583897,-17.78));
#3864 = CARTESIAN_POINT('',(-1.471711583897,0.));
#3865 = ( GEOMETRIC_REPRESENTATION_CONTEXT(2) 
PARAMETRIC_REPRESENTATION_CONTEXT() REPRESENTATION_CONTEXT('2D SPACE',''
  ) );
#3866 = ORIENTED_EDGE('',*,*,#988,.F.);
#3867 = ORIENTED_EDGE('',*,*,#2991,.T.);
#3868 = ORIENTED_EDGE('',*,*,#3869,.F.);
#3869 = EDGE_CURVE('',#3802,#2969,#3870,.T.);
#3870 = SURFACE_CURVE('',#3871,(#3875,#3882),.PCURVE_S1.);
#3871 = LINE('',#3872,#3873);
#3872 = CARTESIAN_POINT('',(56.4515,-20.1295,-13.97));
#3873 = VECTOR('',#3874,1.);
#3874 = DIRECTION('',(-1.224646799147E-16,-1.,0.));
#3875 = PCURVE('',#1004,#3876);
#3876 = DEFINITIONAL_REPRESENTATION('',(#3877),#3881);
#3877 = LINE('',#3878,#3879);
#3878 = CARTESIAN_POINT('',(5.842,20.1295));
#3879 = VECTOR('',#3880,1.);
#3880 = DIRECTION('',(0.,-1.));
#3881 = ( GEOMETRIC_REPRESENTATION_CONTEXT(2) 
PARAMETRIC_REPRESENTATION_CONTEXT() REPRESENTATION_CONTEXT('2D SPACE',''
  ) );
#3882 = PCURVE('',#2828,#3883);
#3883 = DEFINITIONAL_REPRESENTATION('',(#3884),#3888);
#3884 = LINE('',#3885,#3886);
#3885 = CARTESIAN_POINT('',(8.8265,-20.1295));
#3886 = VECTOR('',#3887,1.);
#3887 = DIRECTION('',(-1.224646799147E-16,-1.));
#3888 = ( GEOMETRIC_REPRESENTATION_CONTEXT(2) 
PARAMETRIC_REPRESENTATION_CONTEXT() REPRESENTATION_CONTEXT('2D SPACE',''
  ) );
#3889 = ADVANCED_FACE('',(#3890),#693,.F.);
#3890 = FACE_BOUND('',#3891,.F.);
#3891 = EDGE_LOOP('',(#3892,#3917,#3940,#3960,#3961,#3962));
#3892 = ORIENTED_EDGE('',*,*,#3893,.F.);
#3893 = EDGE_CURVE('',#3894,#3896,#3898,.T.);
#3894 = VERTEX_POINT('',#3895);
#3895 = CARTESIAN_POINT('',(-56.4515,-40.259,-17.78));
#3896 = VERTEX_POINT('',#3897);
#3897 = CARTESIAN_POINT('',(-56.4515,-40.259,-13.97));
#3898 = SURFACE_CURVE('',#3899,(#3903,#3910),.PCURVE_S1.);
#3899 = LINE('',#3900,#3901);
#3900 = CARTESIAN_POINT('',(-56.4515,-40.259,-19.812));
#3901 = VECTOR('',#3902,1.);
#3902 = DIRECTION('',(0.,0.,1.));
#3903 = PCURVE('',#693,#3904);
#3904 = DEFINITIONAL_REPRESENTATION('',(#3905),#3909);
#3905 = LINE('',#3906,#3907);
#3906 = CARTESIAN_POINT('',(0.,0.));
#3907 = VECTOR('',#3908,1.);
#3908 = DIRECTION('',(1.,0.));
#3909 = ( GEOMETRIC_REPRESENTATION_CONTEXT(2) 
PARAMETRIC_REPRESENTATION_CONTEXT() REPRESENTATION_CONTEXT('2D SPACE',''
  ) );
#3910 = PCURVE('',#2861,#3911);
#3911 = DEFINITIONAL_REPRESENTATION('',(#3912),#3916);
#3912 = LINE('',#3913,#3914);
#3913 = CARTESIAN_POINT('',(0.,20.828));
#3914 = VECTOR('',#3915,1.);
#3915 = DIRECTION('',(1.,0.));
#3916 = ( GEOMETRIC_REPRESENTATION_CONTEXT(2) 
PARAMETRIC_REPRESENTATION_CONTEXT() REPRESENTATION_CONTEXT('2D SPACE',''
  ) );
#3917 = ORIENTED_EDGE('',*,*,#3918,.T.);
#3918 = EDGE_CURVE('',#3894,#3919,#3921,.T.);
#3919 = VERTEX_POINT('',#3920);
#3920 = CARTESIAN_POINT('',(-56.4515,-48.73719111469,-17.78));
#3921 = SURFACE_CURVE('',#3922,(#3926,#3933),.PCURVE_S1.);
#3922 = LINE('',#3923,#3924);
#3923 = CARTESIAN_POINT('',(-56.4515,-20.1295,-17.78));
#3924 = VECTOR('',#3925,1.);
#3925 = DIRECTION('',(-1.224646799147E-16,-1.,0.));
#3926 = PCURVE('',#693,#3927);
#3927 = DEFINITIONAL_REPRESENTATION('',(#3928),#3932);
#3928 = LINE('',#3929,#3930);
#3929 = CARTESIAN_POINT('',(2.032,20.1295));
#3930 = VECTOR('',#3931,1.);
#3931 = DIRECTION('',(0.,-1.));
#3932 = ( GEOMETRIC_REPRESENTATION_CONTEXT(2) 
PARAMETRIC_REPRESENTATION_CONTEXT() REPRESENTATION_CONTEXT('2D SPACE',''
  ) );
#3933 = PCURVE('',#2636,#3934);
#3934 = DEFINITIONAL_REPRESENTATION('',(#3935),#3939);
#3935 = LINE('',#3936,#3937);
#3936 = CARTESIAN_POINT('',(-8.8265,-20.1295));
#3937 = VECTOR('',#3938,1.);
#3938 = DIRECTION('',(-1.224646799147E-16,-1.));
#3939 = ( GEOMETRIC_REPRESENTATION_CONTEXT(2) 
PARAMETRIC_REPRESENTATION_CONTEXT() REPRESENTATION_CONTEXT('2D SPACE',''
  ) );
#3940 = ORIENTED_EDGE('',*,*,#3941,.F.);
#3941 = EDGE_CURVE('',#678,#3919,#3942,.T.);
#3942 = SURFACE_CURVE('',#3943,(#3947,#3954),.PCURVE_S1.);
#3943 = LINE('',#3944,#3945);
#3944 = CARTESIAN_POINT('',(-56.4515,-48.73719111469,-17.78));
#3945 = VECTOR('',#3946,1.);
#3946 = DIRECTION('',(-0.,-0.,-1.));
#3947 = PCURVE('',#693,#3948);
#3948 = DEFINITIONAL_REPRESENTATION('',(#3949),#3953);
#3949 = LINE('',#3950,#3951);
#3950 = CARTESIAN_POINT('',(2.032,-8.478191114692));
#3951 = VECTOR('',#3952,1.);
#3952 = DIRECTION('',(-1.,0.));
#3953 = ( GEOMETRIC_REPRESENTATION_CONTEXT(2) 
PARAMETRIC_REPRESENTATION_CONTEXT() REPRESENTATION_CONTEXT('2D SPACE',''
  ) );
#3954 = PCURVE('',#722,#3955);
#3955 = DEFINITIONAL_REPRESENTATION('',(#3956),#3959);
#3956 = B_SPLINE_CURVE_WITH_KNOTS('',1,(#3957,#3958),.UNSPECIFIED.,.F.,
  .F.,(2,2),(-17.78,0.),.PIECEWISE_BEZIER_KNOTS.);
#3957 = CARTESIAN_POINT('',(-4.533226900548,-17.78));
#3958 = CARTESIAN_POINT('',(-4.533226900548,0.));
#3959 = ( GEOMETRIC_REPRESENTATION_CONTEXT(2) 
PARAMETRIC_REPRESENTATION_CONTEXT() REPRESENTATION_CONTEXT('2D SPACE',''
  ) );
#3960 = ORIENTED_EDGE('',*,*,#677,.F.);
#3961 = ORIENTED_EDGE('',*,*,#3417,.T.);
#3962 = ORIENTED_EDGE('',*,*,#3963,.F.);
#3963 = EDGE_CURVE('',#3896,#3418,#3964,.T.);
#3964 = SURFACE_CURVE('',#3965,(#3969,#3976),.PCURVE_S1.);
#3965 = LINE('',#3966,#3967);
#3966 = CARTESIAN_POINT('',(-56.4515,-20.1295,-13.97));
#3967 = VECTOR('',#3968,1.);
#3968 = DIRECTION('',(-1.224646799147E-16,-1.,0.));
#3969 = PCURVE('',#693,#3970);
#3970 = DEFINITIONAL_REPRESENTATION('',(#3971),#3975);
#3971 = LINE('',#3972,#3973);
#3972 = CARTESIAN_POINT('',(5.842,20.1295));
#3973 = VECTOR('',#3974,1.);
#3974 = DIRECTION('',(0.,-1.));
#3975 = ( GEOMETRIC_REPRESENTATION_CONTEXT(2) 
PARAMETRIC_REPRESENTATION_CONTEXT() REPRESENTATION_CONTEXT('2D SPACE',''
  ) );
#3976 = PCURVE('',#2932,#3977);
#3977 = DEFINITIONAL_REPRESENTATION('',(#3978),#3982);
#3978 = LINE('',#3979,#3980);
#3979 = CARTESIAN_POINT('',(-8.8265,-20.1295));
#3980 = VECTOR('',#3981,1.);
#3981 = DIRECTION('',(-1.224646799147E-16,-1.));
#3982 = ( GEOMETRIC_REPRESENTATION_CONTEXT(2) 
PARAMETRIC_REPRESENTATION_CONTEXT() REPRESENTATION_CONTEXT('2D SPACE',''
  ) );
#3983 = ADVANCED_FACE('',(#3984),#977,.T.);
#3984 = FACE_BOUND('',#3985,.F.);
#3985 = EDGE_LOOP('',(#3986,#4009,#4010,#4011));
#3986 = ORIENTED_EDGE('',*,*,#3987,.F.);
#3987 = EDGE_CURVE('',#3825,#3988,#3990,.T.);
#3988 = VERTEX_POINT('',#3989);
#3989 = CARTESIAN_POINT('',(56.4515,48.737191114692,-17.78));
#3990 = SURFACE_CURVE('',#3991,(#3996,#4002),.PCURVE_S1.);
#3991 = CIRCLE('',#3992,49.53);
#3992 = AXIS2_PLACEMENT_3D('',#3993,#3994,#3995);
#3993 = CARTESIAN_POINT('',(47.625,0.,-17.78));
#3994 = DIRECTION('',(0.,0.,1.));
#3995 = DIRECTION('',(-0.961538461538,-0.274670324175,0.));
#3996 = PCURVE('',#977,#3997);
#3997 = DEFINITIONAL_REPRESENTATION('',(#3998),#4001);
#3998 = B_SPLINE_CURVE_WITH_KNOTS('',1,(#3999,#4000),.UNSPECIFIED.,.F.,
  .F.,(2,2),(1.471711583897,4.254980077813),.PIECEWISE_BEZIER_KNOTS.);
#3999 = CARTESIAN_POINT('',(-1.471711583897,0.));
#4000 = CARTESIAN_POINT('',(-4.254980077813,0.));
#4001 = ( GEOMETRIC_REPRESENTATION_CONTEXT(2) 
PARAMETRIC_REPRESENTATION_CONTEXT() REPRESENTATION_CONTEXT('2D SPACE',''
  ) );
#4002 = PCURVE('',#2636,#4003);
#4003 = DEFINITIONAL_REPRESENTATION('',(#4004),#4008);
#4004 = CIRCLE('',#4005,49.53);
#4005 = AXIS2_PLACEMENT_2D('',#4006,#4007);
#4006 = CARTESIAN_POINT('',(95.25,-2.431054207236E-15));
#4007 = DIRECTION('',(-0.961538461538,-0.274670324175));
#4008 = ( GEOMETRIC_REPRESENTATION_CONTEXT(2) 
PARAMETRIC_REPRESENTATION_CONTEXT() REPRESENTATION_CONTEXT('2D SPACE',''
  ) );
#4009 = ORIENTED_EDGE('',*,*,#3847,.F.);
#4010 = ORIENTED_EDGE('',*,*,#960,.T.);
#4011 = ORIENTED_EDGE('',*,*,#4012,.T.);
#4012 = EDGE_CURVE('',#933,#3988,#4013,.T.);
#4013 = SURFACE_CURVE('',#4014,(#4018,#4024),.PCURVE_S1.);
#4014 = LINE('',#4015,#4016);
#4015 = CARTESIAN_POINT('',(56.4515,48.737191114692,-17.78));
#4016 = VECTOR('',#4017,1.);
#4017 = DIRECTION('',(-0.,-0.,-1.));
#4018 = PCURVE('',#977,#4019);
#4019 = DEFINITIONAL_REPRESENTATION('',(#4020),#4023);
#4020 = B_SPLINE_CURVE_WITH_KNOTS('',1,(#4021,#4022),.UNSPECIFIED.,.F.,
  .F.,(2,2),(-17.78,0.),.PIECEWISE_BEZIER_KNOTS.);
#4021 = CARTESIAN_POINT('',(-4.254980077813,-17.78));
#4022 = CARTESIAN_POINT('',(-4.254980077813,0.));
#4023 = ( GEOMETRIC_REPRESENTATION_CONTEXT(2) 
PARAMETRIC_REPRESENTATION_CONTEXT() REPRESENTATION_CONTEXT('2D SPACE',''
  ) );
#4024 = PCURVE('',#948,#4025);
#4025 = DEFINITIONAL_REPRESENTATION('',(#4026),#4030);
#4026 = LINE('',#4027,#4028);
#4027 = CARTESIAN_POINT('',(2.032,-8.478191114692));
#4028 = VECTOR('',#4029,1.);
#4029 = DIRECTION('',(-1.,-0.));
#4030 = ( GEOMETRIC_REPRESENTATION_CONTEXT(2) 
PARAMETRIC_REPRESENTATION_CONTEXT() REPRESENTATION_CONTEXT('2D SPACE',''
  ) );
#4031 = ADVANCED_FACE('',(#4032),#722,.T.);
#4032 = FACE_BOUND('',#4033,.F.);
#4033 = EDGE_LOOP('',(#4034,#4057,#4077,#4078));
#4034 = ORIENTED_EDGE('',*,*,#4035,.F.);
#4035 = EDGE_CURVE('',#4036,#3919,#4038,.T.);
#4036 = VERTEX_POINT('',#4037);
#4037 = CARTESIAN_POINT('',(-56.4515,48.737191114692,-17.78));
#4038 = SURFACE_CURVE('',#4039,(#4044,#4050),.PCURVE_S1.);
#4039 = CIRCLE('',#4040,49.53);
#4040 = AXIS2_PLACEMENT_3D('',#4041,#4042,#4043);
#4041 = CARTESIAN_POINT('',(-47.625,0.,-17.78));
#4042 = DIRECTION('',(0.,0.,1.));
#4043 = DIRECTION('',(1.,0.,-0.));
#4044 = PCURVE('',#722,#4045);
#4045 = DEFINITIONAL_REPRESENTATION('',(#4046),#4049);
#4046 = B_SPLINE_CURVE_WITH_KNOTS('',1,(#4047,#4048),.UNSPECIFIED.,.F.,
  .F.,(2,2),(1.749958406631,4.533226900548),.PIECEWISE_BEZIER_KNOTS.);
#4047 = CARTESIAN_POINT('',(-1.749958406631,0.));
#4048 = CARTESIAN_POINT('',(-4.533226900548,0.));
#4049 = ( GEOMETRIC_REPRESENTATION_CONTEXT(2) 
PARAMETRIC_REPRESENTATION_CONTEXT() REPRESENTATION_CONTEXT('2D SPACE',''
  ) );
#4050 = PCURVE('',#2636,#4051);
#4051 = DEFINITIONAL_REPRESENTATION('',(#4052),#4056);
#4052 = CIRCLE('',#4053,49.53);
#4053 = AXIS2_PLACEMENT_2D('',#4054,#4055);
#4054 = CARTESIAN_POINT('',(0.,-2.431054207236E-15));
#4055 = DIRECTION('',(1.,0.));
#4056 = ( GEOMETRIC_REPRESENTATION_CONTEXT(2) 
PARAMETRIC_REPRESENTATION_CONTEXT() REPRESENTATION_CONTEXT('2D SPACE',''
  ) );
#4057 = ORIENTED_EDGE('',*,*,#4058,.F.);
#4058 = EDGE_CURVE('',#706,#4036,#4059,.T.);
#4059 = SURFACE_CURVE('',#4060,(#4064,#4070),.PCURVE_S1.);
#4060 = LINE('',#4061,#4062);
#4061 = CARTESIAN_POINT('',(-56.4515,48.737191114692,-17.78));
#4062 = VECTOR('',#4063,1.);
#4063 = DIRECTION('',(-0.,-0.,-1.));
#4064 = PCURVE('',#722,#4065);
#4065 = DEFINITIONAL_REPRESENTATION('',(#4066),#4069);
#4066 = B_SPLINE_CURVE_WITH_KNOTS('',1,(#4067,#4068),.UNSPECIFIED.,.F.,
  .F.,(2,2),(-17.78,0.),.PIECEWISE_BEZIER_KNOTS.);
#4067 = CARTESIAN_POINT('',(-1.749958406631,-17.78));
#4068 = CARTESIAN_POINT('',(-1.749958406631,0.));
#4069 = ( GEOMETRIC_REPRESENTATION_CONTEXT(2) 
PARAMETRIC_REPRESENTATION_CONTEXT() REPRESENTATION_CONTEXT('2D SPACE',''
  ) );
#4070 = PCURVE('',#749,#4071);
#4071 = DEFINITIONAL_REPRESENTATION('',(#4072),#4076);
#4072 = LINE('',#4073,#4074);
#4073 = CARTESIAN_POINT('',(2.032,-8.478191114692));
#4074 = VECTOR('',#4075,1.);
#4075 = DIRECTION('',(-1.,-0.));
#4076 = ( GEOMETRIC_REPRESENTATION_CONTEXT(2) 
PARAMETRIC_REPRESENTATION_CONTEXT() REPRESENTATION_CONTEXT('2D SPACE',''
  ) );
#4077 = ORIENTED_EDGE('',*,*,#705,.T.);
#4078 = ORIENTED_EDGE('',*,*,#3941,.T.);
#4079 = ADVANCED_FACE('',(#4080),#948,.F.);
#4080 = FACE_BOUND('',#4081,.F.);
#4081 = EDGE_LOOP('',(#4082,#4112,#4133,#4134,#4135,#4136));
#4082 = ORIENTED_EDGE('',*,*,#4083,.F.);
#4083 = EDGE_CURVE('',#4084,#4086,#4088,.T.);
#4084 = VERTEX_POINT('',#4085);
#4085 = CARTESIAN_POINT('',(56.4515,40.259,-17.78));
#4086 = VERTEX_POINT('',#4087);
#4087 = CARTESIAN_POINT('',(56.4515,40.259,-13.97));
#4088 = SURFACE_CURVE('',#4089,(#4093,#4100),.PCURVE_S1.);
#4089 = LINE('',#4090,#4091);
#4090 = CARTESIAN_POINT('',(56.4515,40.259,-19.812));
#4091 = VECTOR('',#4092,1.);
#4092 = DIRECTION('',(0.,0.,1.));
#4093 = PCURVE('',#948,#4094);
#4094 = DEFINITIONAL_REPRESENTATION('',(#4095),#4099);
#4095 = LINE('',#4096,#4097);
#4096 = CARTESIAN_POINT('',(0.,0.));
#4097 = VECTOR('',#4098,1.);
#4098 = DIRECTION('',(1.,0.));
#4099 = ( GEOMETRIC_REPRESENTATION_CONTEXT(2) 
PARAMETRIC_REPRESENTATION_CONTEXT() REPRESENTATION_CONTEXT('2D SPACE',''
  ) );
#4100 = PCURVE('',#4101,#4106);
#4101 = PLANE('',#4102);
#4102 = AXIS2_PLACEMENT_3D('',#4103,#4104,#4105);
#4103 = CARTESIAN_POINT('',(35.6235,40.259,-19.812));
#4104 = DIRECTION('',(0.,1.,0.));
#4105 = DIRECTION('',(0.,0.,1.));
#4106 = DEFINITIONAL_REPRESENTATION('',(#4107),#4111);
#4107 = LINE('',#4108,#4109);
#4108 = CARTESIAN_POINT('',(0.,20.828));
#4109 = VECTOR('',#4110,1.);
#4110 = DIRECTION('',(1.,0.));
#4111 = ( GEOMETRIC_REPRESENTATION_CONTEXT(2) 
PARAMETRIC_REPRESENTATION_CONTEXT() REPRESENTATION_CONTEXT('2D SPACE',''
  ) );
#4112 = ORIENTED_EDGE('',*,*,#4113,.T.);
#4113 = EDGE_CURVE('',#4084,#3988,#4114,.T.);
#4114 = SURFACE_CURVE('',#4115,(#4119,#4126),.PCURVE_S1.);
#4115 = LINE('',#4116,#4117);
#4116 = CARTESIAN_POINT('',(56.4515,20.1295,-17.78));
#4117 = VECTOR('',#4118,1.);
#4118 = DIRECTION('',(0.,1.,0.));
#4119 = PCURVE('',#948,#4120);
#4120 = DEFINITIONAL_REPRESENTATION('',(#4121),#4125);
#4121 = LINE('',#4122,#4123);
#4122 = CARTESIAN_POINT('',(2.032,20.1295));
#4123 = VECTOR('',#4124,1.);
#4124 = DIRECTION('',(0.,-1.));
#4125 = ( GEOMETRIC_REPRESENTATION_CONTEXT(2) 
PARAMETRIC_REPRESENTATION_CONTEXT() REPRESENTATION_CONTEXT('2D SPACE',''
  ) );
#4126 = PCURVE('',#2636,#4127);
#4127 = DEFINITIONAL_REPRESENTATION('',(#4128),#4132);
#4128 = LINE('',#4129,#4130);
#4129 = CARTESIAN_POINT('',(104.0765,20.1295));
#4130 = VECTOR('',#4131,1.);
#4131 = DIRECTION('',(0.,1.));
#4132 = ( GEOMETRIC_REPRESENTATION_CONTEXT(2) 
PARAMETRIC_REPRESENTATION_CONTEXT() REPRESENTATION_CONTEXT('2D SPACE',''
  ) );
#4133 = ORIENTED_EDGE('',*,*,#4012,.F.);
#4134 = ORIENTED_EDGE('',*,*,#932,.F.);
#4135 = ORIENTED_EDGE('',*,*,#3057,.T.);
#4136 = ORIENTED_EDGE('',*,*,#4137,.F.);
#4137 = EDGE_CURVE('',#4086,#3058,#4138,.T.);
#4138 = SURFACE_CURVE('',#4139,(#4143,#4150),.PCURVE_S1.);
#4139 = LINE('',#4140,#4141);
#4140 = CARTESIAN_POINT('',(56.4515,20.1295,-13.97));
#4141 = VECTOR('',#4142,1.);
#4142 = DIRECTION('',(0.,1.,0.));
#4143 = PCURVE('',#948,#4144);
#4144 = DEFINITIONAL_REPRESENTATION('',(#4145),#4149);
#4145 = LINE('',#4146,#4147);
#4146 = CARTESIAN_POINT('',(5.842,20.1295));
#4147 = VECTOR('',#4148,1.);
#4148 = DIRECTION('',(0.,-1.));
#4149 = ( GEOMETRIC_REPRESENTATION_CONTEXT(2) 
PARAMETRIC_REPRESENTATION_CONTEXT() REPRESENTATION_CONTEXT('2D SPACE',''
  ) );
#4150 = PCURVE('',#2828,#4151);
#4151 = DEFINITIONAL_REPRESENTATION('',(#4152),#4156);
#4152 = LINE('',#4153,#4154);
#4153 = CARTESIAN_POINT('',(8.8265,20.1295));
#4154 = VECTOR('',#4155,1.);
#4155 = DIRECTION('',(0.,1.));
#4156 = ( GEOMETRIC_REPRESENTATION_CONTEXT(2) 
PARAMETRIC_REPRESENTATION_CONTEXT() REPRESENTATION_CONTEXT('2D SPACE',''
  ) );
#4157 = ADVANCED_FACE('',(#4158),#749,.T.);
#4158 = FACE_BOUND('',#4159,.T.);
#4159 = EDGE_LOOP('',(#4160,#4190,#4211,#4212,#4213,#4214));
#4160 = ORIENTED_EDGE('',*,*,#4161,.F.);
#4161 = EDGE_CURVE('',#4162,#4164,#4166,.T.);
#4162 = VERTEX_POINT('',#4163);
#4163 = CARTESIAN_POINT('',(-56.4515,40.259,-17.78));
#4164 = VERTEX_POINT('',#4165);
#4165 = CARTESIAN_POINT('',(-56.4515,40.259,-13.97));
#4166 = SURFACE_CURVE('',#4167,(#4171,#4178),.PCURVE_S1.);
#4167 = LINE('',#4168,#4169);
#4168 = CARTESIAN_POINT('',(-56.4515,40.259,-19.812));
#4169 = VECTOR('',#4170,1.);
#4170 = DIRECTION('',(0.,0.,1.));
#4171 = PCURVE('',#749,#4172);
#4172 = DEFINITIONAL_REPRESENTATION('',(#4173),#4177);
#4173 = LINE('',#4174,#4175);
#4174 = CARTESIAN_POINT('',(0.,0.));
#4175 = VECTOR('',#4176,1.);
#4176 = DIRECTION('',(1.,0.));
#4177 = ( GEOMETRIC_REPRESENTATION_CONTEXT(2) 
PARAMETRIC_REPRESENTATION_CONTEXT() REPRESENTATION_CONTEXT('2D SPACE',''
  ) );
#4178 = PCURVE('',#4179,#4184);
#4179 = PLANE('',#4180);
#4180 = AXIS2_PLACEMENT_3D('',#4181,#4182,#4183);
#4181 = CARTESIAN_POINT('',(-56.4515,40.259,-19.812));
#4182 = DIRECTION('',(0.,1.,0.));
#4183 = DIRECTION('',(0.,0.,1.));
#4184 = DEFINITIONAL_REPRESENTATION('',(#4185),#4189);
#4185 = LINE('',#4186,#4187);
#4186 = CARTESIAN_POINT('',(0.,0.));
#4187 = VECTOR('',#4188,1.);
#4188 = DIRECTION('',(1.,0.));
#4189 = ( GEOMETRIC_REPRESENTATION_CONTEXT(2) 
PARAMETRIC_REPRESENTATION_CONTEXT() REPRESENTATION_CONTEXT('2D SPACE',''
  ) );
#4190 = ORIENTED_EDGE('',*,*,#4191,.T.);
#4191 = EDGE_CURVE('',#4162,#4036,#4192,.T.);
#4192 = SURFACE_CURVE('',#4193,(#4197,#4204),.PCURVE_S1.);
#4193 = LINE('',#4194,#4195);
#4194 = CARTESIAN_POINT('',(-56.4515,20.1295,-17.78));
#4195 = VECTOR('',#4196,1.);
#4196 = DIRECTION('',(0.,1.,0.));
#4197 = PCURVE('',#749,#4198);
#4198 = DEFINITIONAL_REPRESENTATION('',(#4199),#4203);
#4199 = LINE('',#4200,#4201);
#4200 = CARTESIAN_POINT('',(2.032,20.1295));
#4201 = VECTOR('',#4202,1.);
#4202 = DIRECTION('',(0.,-1.));
#4203 = ( GEOMETRIC_REPRESENTATION_CONTEXT(2) 
PARAMETRIC_REPRESENTATION_CONTEXT() REPRESENTATION_CONTEXT('2D SPACE',''
  ) );
#4204 = PCURVE('',#2636,#4205);
#4205 = DEFINITIONAL_REPRESENTATION('',(#4206),#4210);
#4206 = LINE('',#4207,#4208);
#4207 = CARTESIAN_POINT('',(-8.8265,20.1295));
#4208 = VECTOR('',#4209,1.);
#4209 = DIRECTION('',(0.,1.));
#4210 = ( GEOMETRIC_REPRESENTATION_CONTEXT(2) 
PARAMETRIC_REPRESENTATION_CONTEXT() REPRESENTATION_CONTEXT('2D SPACE',''
  ) );
#4211 = ORIENTED_EDGE('',*,*,#4058,.F.);
#4212 = ORIENTED_EDGE('',*,*,#733,.F.);
#4213 = ORIENTED_EDGE('',*,*,#3462,.T.);
#4214 = ORIENTED_EDGE('',*,*,#4215,.F.);
#4215 = EDGE_CURVE('',#4164,#3440,#4216,.T.);
#4216 = SURFACE_CURVE('',#4217,(#4221,#4228),.PCURVE_S1.);
#4217 = LINE('',#4218,#4219);
#4218 = CARTESIAN_POINT('',(-56.4515,20.1295,-13.97));
#4219 = VECTOR('',#4220,1.);
#4220 = DIRECTION('',(0.,1.,0.));
#4221 = PCURVE('',#749,#4222);
#4222 = DEFINITIONAL_REPRESENTATION('',(#4223),#4227);
#4223 = LINE('',#4224,#4225);
#4224 = CARTESIAN_POINT('',(5.842,20.1295));
#4225 = VECTOR('',#4226,1.);
#4226 = DIRECTION('',(0.,-1.));
#4227 = ( GEOMETRIC_REPRESENTATION_CONTEXT(2) 
PARAMETRIC_REPRESENTATION_CONTEXT() REPRESENTATION_CONTEXT('2D SPACE',''
  ) );
#4228 = PCURVE('',#2932,#4229);
#4229 = DEFINITIONAL_REPRESENTATION('',(#4230),#4234);
#4230 = LINE('',#4231,#4232);
#4231 = CARTESIAN_POINT('',(-8.8265,20.1295));
#4232 = VECTOR('',#4233,1.);
#4233 = DIRECTION('',(0.,1.));
#4234 = ( GEOMETRIC_REPRESENTATION_CONTEXT(2) 
PARAMETRIC_REPRESENTATION_CONTEXT() REPRESENTATION_CONTEXT('2D SPACE',''
  ) );
#4235 = ADVANCED_FACE('',(#4236),#888,.T.);
#4236 = FACE_BOUND('',#4237,.T.);
#4237 = EDGE_LOOP('',(#4238,#4263,#4286,#4306,#4307,#4308));
#4238 = ORIENTED_EDGE('',*,*,#4239,.F.);
#4239 = EDGE_CURVE('',#4240,#4242,#4244,.T.);
#4240 = VERTEX_POINT('',#4241);
#4241 = CARTESIAN_POINT('',(35.6235,40.259,-17.78));
#4242 = VERTEX_POINT('',#4243);
#4243 = CARTESIAN_POINT('',(35.6235,40.259,-13.97));
#4244 = SURFACE_CURVE('',#4245,(#4249,#4256),.PCURVE_S1.);
#4245 = LINE('',#4246,#4247);
#4246 = CARTESIAN_POINT('',(35.6235,40.259,-19.812));
#4247 = VECTOR('',#4248,1.);
#4248 = DIRECTION('',(0.,0.,1.));
#4249 = PCURVE('',#888,#4250);
#4250 = DEFINITIONAL_REPRESENTATION('',(#4251),#4255);
#4251 = LINE('',#4252,#4253);
#4252 = CARTESIAN_POINT('',(0.,0.));
#4253 = VECTOR('',#4254,1.);
#4254 = DIRECTION('',(1.,0.));
#4255 = ( GEOMETRIC_REPRESENTATION_CONTEXT(2) 
PARAMETRIC_REPRESENTATION_CONTEXT() REPRESENTATION_CONTEXT('2D SPACE',''
  ) );
#4256 = PCURVE('',#4101,#4257);
#4257 = DEFINITIONAL_REPRESENTATION('',(#4258),#4262);
#4258 = LINE('',#4259,#4260);
#4259 = CARTESIAN_POINT('',(0.,0.));
#4260 = VECTOR('',#4261,1.);
#4261 = DIRECTION('',(1.,0.));
#4262 = ( GEOMETRIC_REPRESENTATION_CONTEXT(2) 
PARAMETRIC_REPRESENTATION_CONTEXT() REPRESENTATION_CONTEXT('2D SPACE',''
  ) );
#4263 = ORIENTED_EDGE('',*,*,#4264,.T.);
#4264 = EDGE_CURVE('',#4240,#4265,#4267,.T.);
#4265 = VERTEX_POINT('',#4266);
#4266 = CARTESIAN_POINT('',(35.6235,48.053979000183,-17.78));
#4267 = SURFACE_CURVE('',#4268,(#4272,#4279),.PCURVE_S1.);
#4268 = LINE('',#4269,#4270);
#4269 = CARTESIAN_POINT('',(35.6235,20.1295,-17.78));
#4270 = VECTOR('',#4271,1.);
#4271 = DIRECTION('',(0.,1.,0.));
#4272 = PCURVE('',#888,#4273);
#4273 = DEFINITIONAL_REPRESENTATION('',(#4274),#4278);
#4274 = LINE('',#4275,#4276);
#4275 = CARTESIAN_POINT('',(2.032,20.1295));
#4276 = VECTOR('',#4277,1.);
#4277 = DIRECTION('',(0.,-1.));
#4278 = ( GEOMETRIC_REPRESENTATION_CONTEXT(2) 
PARAMETRIC_REPRESENTATION_CONTEXT() REPRESENTATION_CONTEXT('2D SPACE',''
  ) );
#4279 = PCURVE('',#2636,#4280);
#4280 = DEFINITIONAL_REPRESENTATION('',(#4281),#4285);
#4281 = LINE('',#4282,#4283);
#4282 = CARTESIAN_POINT('',(83.2485,20.1295));
#4283 = VECTOR('',#4284,1.);
#4284 = DIRECTION('',(0.,1.));
#4285 = ( GEOMETRIC_REPRESENTATION_CONTEXT(2) 
PARAMETRIC_REPRESENTATION_CONTEXT() REPRESENTATION_CONTEXT('2D SPACE',''
  ) );
#4286 = ORIENTED_EDGE('',*,*,#4287,.F.);
#4287 = EDGE_CURVE('',#845,#4265,#4288,.T.);
#4288 = SURFACE_CURVE('',#4289,(#4293,#4300),.PCURVE_S1.);
#4289 = LINE('',#4290,#4291);
#4290 = CARTESIAN_POINT('',(35.6235,48.053979000183,-17.78));
#4291 = VECTOR('',#4292,1.);
#4292 = DIRECTION('',(-0.,-0.,-1.));
#4293 = PCURVE('',#888,#4294);
#4294 = DEFINITIONAL_REPRESENTATION('',(#4295),#4299);
#4295 = LINE('',#4296,#4297);
#4296 = CARTESIAN_POINT('',(2.032,-7.794979000183));
#4297 = VECTOR('',#4298,1.);
#4298 = DIRECTION('',(-1.,-0.));
#4299 = ( GEOMETRIC_REPRESENTATION_CONTEXT(2) 
PARAMETRIC_REPRESENTATION_CONTEXT() REPRESENTATION_CONTEXT('2D SPACE',''
  ) );
#4300 = PCURVE('',#861,#4301);
#4301 = DEFINITIONAL_REPRESENTATION('',(#4302),#4305);
#4302 = B_SPLINE_CURVE_WITH_KNOTS('',1,(#4303,#4304),.UNSPECIFIED.,.F.,
  .F.,(2,2),(-17.78,0.),.PIECEWISE_BEZIER_KNOTS.);
#4303 = CARTESIAN_POINT('',(-4.678885879995,-17.78));
#4304 = CARTESIAN_POINT('',(-4.678885879995,0.));
#4305 = ( GEOMETRIC_REPRESENTATION_CONTEXT(2) 
PARAMETRIC_REPRESENTATION_CONTEXT() REPRESENTATION_CONTEXT('2D SPACE',''
  ) );
#4306 = ORIENTED_EDGE('',*,*,#872,.F.);
#4307 = ORIENTED_EDGE('',*,*,#3036,.T.);
#4308 = ORIENTED_EDGE('',*,*,#4309,.F.);
#4309 = EDGE_CURVE('',#4242,#3014,#4310,.T.);
#4310 = SURFACE_CURVE('',#4311,(#4315,#4322),.PCURVE_S1.);
#4311 = LINE('',#4312,#4313);
#4312 = CARTESIAN_POINT('',(35.6235,20.1295,-13.97));
#4313 = VECTOR('',#4314,1.);
#4314 = DIRECTION('',(0.,1.,0.));
#4315 = PCURVE('',#888,#4316);
#4316 = DEFINITIONAL_REPRESENTATION('',(#4317),#4321);
#4317 = LINE('',#4318,#4319);
#4318 = CARTESIAN_POINT('',(5.842,20.1295));
#4319 = VECTOR('',#4320,1.);
#4320 = DIRECTION('',(0.,-1.));
#4321 = ( GEOMETRIC_REPRESENTATION_CONTEXT(2) 
PARAMETRIC_REPRESENTATION_CONTEXT() REPRESENTATION_CONTEXT('2D SPACE',''
  ) );
#4322 = PCURVE('',#2828,#4323);
#4323 = DEFINITIONAL_REPRESENTATION('',(#4324),#4328);
#4324 = LINE('',#4325,#4326);
#4325 = CARTESIAN_POINT('',(-12.0015,20.1295));
#4326 = VECTOR('',#4327,1.);
#4327 = DIRECTION('',(0.,1.));
#4328 = ( GEOMETRIC_REPRESENTATION_CONTEXT(2) 
PARAMETRIC_REPRESENTATION_CONTEXT() REPRESENTATION_CONTEXT('2D SPACE',''
  ) );
#4329 = ADVANCED_FACE('',(#4330),#804,.F.);
#4330 = FACE_BOUND('',#4331,.F.);
#4331 = EDGE_LOOP('',(#4332,#4357,#4380,#4400,#4401,#4402));
#4332 = ORIENTED_EDGE('',*,*,#4333,.F.);
#4333 = EDGE_CURVE('',#4334,#4336,#4338,.T.);
#4334 = VERTEX_POINT('',#4335);
#4335 = CARTESIAN_POINT('',(-35.6235,40.259,-17.78));
#4336 = VERTEX_POINT('',#4337);
#4337 = CARTESIAN_POINT('',(-35.6235,40.259,-13.97));
#4338 = SURFACE_CURVE('',#4339,(#4343,#4350),.PCURVE_S1.);
#4339 = LINE('',#4340,#4341);
#4340 = CARTESIAN_POINT('',(-35.6235,40.259,-19.812));
#4341 = VECTOR('',#4342,1.);
#4342 = DIRECTION('',(0.,0.,1.));
#4343 = PCURVE('',#804,#4344);
#4344 = DEFINITIONAL_REPRESENTATION('',(#4345),#4349);
#4345 = LINE('',#4346,#4347);
#4346 = CARTESIAN_POINT('',(0.,0.));
#4347 = VECTOR('',#4348,1.);
#4348 = DIRECTION('',(1.,0.));
#4349 = ( GEOMETRIC_REPRESENTATION_CONTEXT(2) 
PARAMETRIC_REPRESENTATION_CONTEXT() REPRESENTATION_CONTEXT('2D SPACE',''
  ) );
#4350 = PCURVE('',#4179,#4351);
#4351 = DEFINITIONAL_REPRESENTATION('',(#4352),#4356);
#4352 = LINE('',#4353,#4354);
#4353 = CARTESIAN_POINT('',(0.,20.828));
#4354 = VECTOR('',#4355,1.);
#4355 = DIRECTION('',(1.,0.));
#4356 = ( GEOMETRIC_REPRESENTATION_CONTEXT(2) 
PARAMETRIC_REPRESENTATION_CONTEXT() REPRESENTATION_CONTEXT('2D SPACE',''
  ) );
#4357 = ORIENTED_EDGE('',*,*,#4358,.T.);
#4358 = EDGE_CURVE('',#4334,#4359,#4361,.T.);
#4359 = VERTEX_POINT('',#4360);
#4360 = CARTESIAN_POINT('',(-35.6235,48.053979000183,-17.78));
#4361 = SURFACE_CURVE('',#4362,(#4366,#4373),.PCURVE_S1.);
#4362 = LINE('',#4363,#4364);
#4363 = CARTESIAN_POINT('',(-35.6235,20.1295,-17.78));
#4364 = VECTOR('',#4365,1.);
#4365 = DIRECTION('',(0.,1.,0.));
#4366 = PCURVE('',#804,#4367);
#4367 = DEFINITIONAL_REPRESENTATION('',(#4368),#4372);
#4368 = LINE('',#4369,#4370);
#4369 = CARTESIAN_POINT('',(2.032,20.1295));
#4370 = VECTOR('',#4371,1.);
#4371 = DIRECTION('',(0.,-1.));
#4372 = ( GEOMETRIC_REPRESENTATION_CONTEXT(2) 
PARAMETRIC_REPRESENTATION_CONTEXT() REPRESENTATION_CONTEXT('2D SPACE',''
  ) );
#4373 = PCURVE('',#2636,#4374);
#4374 = DEFINITIONAL_REPRESENTATION('',(#4375),#4379);
#4375 = LINE('',#4376,#4377);
#4376 = CARTESIAN_POINT('',(12.0015,20.1295));
#4377 = VECTOR('',#4378,1.);
#4378 = DIRECTION('',(0.,1.));
#4379 = ( GEOMETRIC_REPRESENTATION_CONTEXT(2) 
PARAMETRIC_REPRESENTATION_CONTEXT() REPRESENTATION_CONTEXT('2D SPACE',''
  ) );
#4380 = ORIENTED_EDGE('',*,*,#4381,.F.);
#4381 = EDGE_CURVE('',#789,#4359,#4382,.T.);
#4382 = SURFACE_CURVE('',#4383,(#4387,#4394),.PCURVE_S1.);
#4383 = LINE('',#4384,#4385);
#4384 = CARTESIAN_POINT('',(-35.6235,48.053979000183,-17.78));
#4385 = VECTOR('',#4386,1.);
#4386 = DIRECTION('',(-0.,-0.,-1.));
#4387 = PCURVE('',#804,#4388);
#4388 = DEFINITIONAL_REPRESENTATION('',(#4389),#4393);
#4389 = LINE('',#4390,#4391);
#4390 = CARTESIAN_POINT('',(2.032,-7.794979000183));
#4391 = VECTOR('',#4392,1.);
#4392 = DIRECTION('',(-1.,-0.));
#4393 = ( GEOMETRIC_REPRESENTATION_CONTEXT(2) 
PARAMETRIC_REPRESENTATION_CONTEXT() REPRESENTATION_CONTEXT('2D SPACE',''
  ) );
#4394 = PCURVE('',#833,#4395);
#4395 = DEFINITIONAL_REPRESENTATION('',(#4396),#4399);
#4396 = B_SPLINE_CURVE_WITH_KNOTS('',1,(#4397,#4398),.UNSPECIFIED.,.F.,
  .F.,(2,2),(-17.78,0.),.PIECEWISE_BEZIER_KNOTS.);
#4397 = CARTESIAN_POINT('',(-1.326052604449,-17.78));
#4398 = CARTESIAN_POINT('',(-1.326052604449,0.));
#4399 = ( GEOMETRIC_REPRESENTATION_CONTEXT(2) 
PARAMETRIC_REPRESENTATION_CONTEXT() REPRESENTATION_CONTEXT('2D SPACE',''
  ) );
#4400 = ORIENTED_EDGE('',*,*,#788,.F.);
#4401 = ORIENTED_EDGE('',*,*,#3483,.T.);
#4402 = ORIENTED_EDGE('',*,*,#4403,.F.);
#4403 = EDGE_CURVE('',#4336,#3484,#4404,.T.);
#4404 = SURFACE_CURVE('',#4405,(#4409,#4416),.PCURVE_S1.);
#4405 = LINE('',#4406,#4407);
#4406 = CARTESIAN_POINT('',(-35.6235,20.1295,-13.97));
#4407 = VECTOR('',#4408,1.);
#4408 = DIRECTION('',(0.,1.,0.));
#4409 = PCURVE('',#804,#4410);
#4410 = DEFINITIONAL_REPRESENTATION('',(#4411),#4415);
#4411 = LINE('',#4412,#4413);
#4412 = CARTESIAN_POINT('',(5.842,20.1295));
#4413 = VECTOR('',#4414,1.);
#4414 = DIRECTION('',(0.,-1.));
#4415 = ( GEOMETRIC_REPRESENTATION_CONTEXT(2) 
PARAMETRIC_REPRESENTATION_CONTEXT() REPRESENTATION_CONTEXT('2D SPACE',''
  ) );
#4416 = PCURVE('',#2932,#4417);
#4417 = DEFINITIONAL_REPRESENTATION('',(#4418),#4422);
#4418 = LINE('',#4419,#4420);
#4419 = CARTESIAN_POINT('',(12.0015,20.1295));
#4420 = VECTOR('',#4421,1.);
#4421 = DIRECTION('',(0.,1.));
#4422 = ( GEOMETRIC_REPRESENTATION_CONTEXT(2) 
PARAMETRIC_REPRESENTATION_CONTEXT() REPRESENTATION_CONTEXT('2D SPACE',''
  ) );
#4423 = ADVANCED_FACE('',(#4424),#861,.T.);
#4424 = FACE_BOUND('',#4425,.F.);
#4425 = EDGE_LOOP('',(#4426,#4449,#4450,#4451));
#4426 = ORIENTED_EDGE('',*,*,#4427,.F.);
#4427 = EDGE_CURVE('',#4265,#4428,#4430,.T.);
#4428 = VERTEX_POINT('',#4429);
#4429 = CARTESIAN_POINT('',(-1.691979889529E-14,13.604421156375,-17.78)
  );
#4430 = SURFACE_CURVE('',#4431,(#4436,#4442),.PCURVE_S1.);
#4431 = CIRCLE('',#4432,49.53);
#4432 = AXIS2_PLACEMENT_3D('',#4433,#4434,#4435);
#4433 = CARTESIAN_POINT('',(47.625,0.,-17.78));
#4434 = DIRECTION('',(0.,0.,1.));
#4435 = DIRECTION('',(-0.961538461538,-0.274670324175,0.));
#4436 = PCURVE('',#861,#4437);
#4437 = DEFINITIONAL_REPRESENTATION('',(#4438),#4441);
#4438 = B_SPLINE_CURVE_WITH_KNOTS('',1,(#4439,#4440),.UNSPECIFIED.,.F.,
  .F.,(2,2),(4.678885879995,5.72669166171),.PIECEWISE_BEZIER_KNOTS.);
#4439 = CARTESIAN_POINT('',(-4.678885879995,0.));
#4440 = CARTESIAN_POINT('',(-5.72669166171,0.));
#4441 = ( GEOMETRIC_REPRESENTATION_CONTEXT(2) 
PARAMETRIC_REPRESENTATION_CONTEXT() REPRESENTATION_CONTEXT('2D SPACE',''
  ) );
#4442 = PCURVE('',#2636,#4443);
#4443 = DEFINITIONAL_REPRESENTATION('',(#4444),#4448);
#4444 = CIRCLE('',#4445,49.53);
#4445 = AXIS2_PLACEMENT_2D('',#4446,#4447);
#4446 = CARTESIAN_POINT('',(95.25,-2.431054207236E-15));
#4447 = DIRECTION('',(-0.961538461538,-0.274670324175));
#4448 = ( GEOMETRIC_REPRESENTATION_CONTEXT(2) 
PARAMETRIC_REPRESENTATION_CONTEXT() REPRESENTATION_CONTEXT('2D SPACE',''
  ) );
#4449 = ORIENTED_EDGE('',*,*,#4287,.F.);
#4450 = ORIENTED_EDGE('',*,*,#844,.T.);
#4451 = ORIENTED_EDGE('',*,*,#4452,.F.);
#4452 = EDGE_CURVE('',#4428,#817,#4453,.T.);
#4453 = SURFACE_CURVE('',#4454,(#4458,#4464),.PCURVE_S1.);
#4454 = LINE('',#4455,#4456);
#4455 = CARTESIAN_POINT('',(-1.691979889529E-14,13.604421156375,-17.78)
  );
#4456 = VECTOR('',#4457,1.);
#4457 = DIRECTION('',(0.,0.,1.));
#4458 = PCURVE('',#861,#4459);
#4459 = DEFINITIONAL_REPRESENTATION('',(#4460),#4463);
#4460 = B_SPLINE_CURVE_WITH_KNOTS('',1,(#4461,#4462),.UNSPECIFIED.,.F.,
  .F.,(2,2),(0.,17.78),.PIECEWISE_BEZIER_KNOTS.);
#4461 = CARTESIAN_POINT('',(-5.72669166171,0.));
#4462 = CARTESIAN_POINT('',(-5.72669166171,-17.78));
#4463 = ( GEOMETRIC_REPRESENTATION_CONTEXT(2) 
PARAMETRIC_REPRESENTATION_CONTEXT() REPRESENTATION_CONTEXT('2D SPACE',''
  ) );
#4464 = PCURVE('',#833,#4465);
#4465 = DEFINITIONAL_REPRESENTATION('',(#4466),#4469);
#4466 = B_SPLINE_CURVE_WITH_KNOTS('',1,(#4467,#4468),.UNSPECIFIED.,.F.,
  .F.,(2,2),(0.,17.78),.PIECEWISE_BEZIER_KNOTS.);
#4467 = CARTESIAN_POINT('',(-0.278246822735,0.));
#4468 = CARTESIAN_POINT('',(-0.278246822735,-17.78));
#4469 = ( GEOMETRIC_REPRESENTATION_CONTEXT(2) 
PARAMETRIC_REPRESENTATION_CONTEXT() REPRESENTATION_CONTEXT('2D SPACE',''
  ) );
#4470 = ADVANCED_FACE('',(#4471),#833,.T.);
#4471 = FACE_BOUND('',#4472,.F.);
#4472 = EDGE_LOOP('',(#4473,#4494,#4495,#4496));
#4473 = ORIENTED_EDGE('',*,*,#4474,.F.);
#4474 = EDGE_CURVE('',#4428,#4359,#4475,.T.);
#4475 = SURFACE_CURVE('',#4476,(#4481,#4487),.PCURVE_S1.);
#4476 = CIRCLE('',#4477,49.53);
#4477 = AXIS2_PLACEMENT_3D('',#4478,#4479,#4480);
#4478 = CARTESIAN_POINT('',(-47.625,0.,-17.78));
#4479 = DIRECTION('',(0.,0.,1.));
#4480 = DIRECTION('',(1.,0.,-0.));
#4481 = PCURVE('',#833,#4482);
#4482 = DEFINITIONAL_REPRESENTATION('',(#4483),#4486);
#4483 = B_SPLINE_CURVE_WITH_KNOTS('',1,(#4484,#4485),.UNSPECIFIED.,.F.,
  .F.,(2,2),(0.278246822735,1.326052604449),.PIECEWISE_BEZIER_KNOTS.);
#4484 = CARTESIAN_POINT('',(-0.278246822735,0.));
#4485 = CARTESIAN_POINT('',(-1.326052604449,0.));
#4486 = ( GEOMETRIC_REPRESENTATION_CONTEXT(2) 
PARAMETRIC_REPRESENTATION_CONTEXT() REPRESENTATION_CONTEXT('2D SPACE',''
  ) );
#4487 = PCURVE('',#2636,#4488);
#4488 = DEFINITIONAL_REPRESENTATION('',(#4489),#4493);
#4489 = CIRCLE('',#4490,49.53);
#4490 = AXIS2_PLACEMENT_2D('',#4491,#4492);
#4491 = CARTESIAN_POINT('',(0.,-2.431054207236E-15));
#4492 = DIRECTION('',(1.,0.));
#4493 = ( GEOMETRIC_REPRESENTATION_CONTEXT(2) 
PARAMETRIC_REPRESENTATION_CONTEXT() REPRESENTATION_CONTEXT('2D SPACE',''
  ) );
#4494 = ORIENTED_EDGE('',*,*,#4452,.T.);
#4495 = ORIENTED_EDGE('',*,*,#816,.T.);
#4496 = ORIENTED_EDGE('',*,*,#4381,.T.);
#4497 = ADVANCED_FACE('',(#4498),#1089,.F.);
#4498 = FACE_BOUND('',#4499,.F.);
#4499 = EDGE_LOOP('',(#4500,#4523,#4551,#4572));
#4500 = ORIENTED_EDGE('',*,*,#4501,.F.);
#4501 = EDGE_CURVE('',#4502,#1072,#4504,.T.);
#4502 = VERTEX_POINT('',#4503);
#4503 = CARTESIAN_POINT('',(54.9275,47.074648276857,-18.288));
#4504 = SURFACE_CURVE('',#4505,(#4509,#4516),.PCURVE_S1.);
#4505 = LINE('',#4506,#4507);
#4506 = CARTESIAN_POINT('',(54.9275,47.074648276857,-18.288));
#4507 = VECTOR('',#4508,1.);
#4508 = DIRECTION('',(0.,0.,1.));
#4509 = PCURVE('',#1089,#4510);
#4510 = DEFINITIONAL_REPRESENTATION('',(#4511),#4515);
#4511 = LINE('',#4512,#4513);
#4512 = CARTESIAN_POINT('',(0.,17.78));
#4513 = VECTOR('',#4514,1.);
#4514 = DIRECTION('',(1.,0.));
#4515 = ( GEOMETRIC_REPRESENTATION_CONTEXT(2) 
PARAMETRIC_REPRESENTATION_CONTEXT() REPRESENTATION_CONTEXT('2D SPACE',''
  ) );
#4516 = PCURVE('',#1171,#4517);
#4517 = DEFINITIONAL_REPRESENTATION('',(#4518),#4522);
#4518 = LINE('',#4519,#4520);
#4519 = CARTESIAN_POINT('',(0.,0.));
#4520 = VECTOR('',#4521,1.);
#4521 = DIRECTION('',(1.,0.));
#4522 = ( GEOMETRIC_REPRESENTATION_CONTEXT(2) 
PARAMETRIC_REPRESENTATION_CONTEXT() REPRESENTATION_CONTEXT('2D SPACE',''
  ) );
#4523 = ORIENTED_EDGE('',*,*,#4524,.F.);
#4524 = EDGE_CURVE('',#4525,#4502,#4527,.T.);
#4525 = VERTEX_POINT('',#4526);
#4526 = CARTESIAN_POINT('',(37.1475,47.074648276857,-18.288));
#4527 = SURFACE_CURVE('',#4528,(#4532,#4539),.PCURVE_S1.);
#4528 = LINE('',#4529,#4530);
#4529 = CARTESIAN_POINT('',(37.1475,47.074648276857,-18.288));
#4530 = VECTOR('',#4531,1.);
#4531 = DIRECTION('',(1.,0.,0.));
#4532 = PCURVE('',#1089,#4533);
#4533 = DEFINITIONAL_REPRESENTATION('',(#4534),#4538);
#4534 = LINE('',#4535,#4536);
#4535 = CARTESIAN_POINT('',(0.,0.));
#4536 = VECTOR('',#4537,1.);
#4537 = DIRECTION('',(0.,1.));
#4538 = ( GEOMETRIC_REPRESENTATION_CONTEXT(2) 
PARAMETRIC_REPRESENTATION_CONTEXT() REPRESENTATION_CONTEXT('2D SPACE',''
  ) );
#4539 = PCURVE('',#4540,#4545);
#4540 = PLANE('',#4541);
#4541 = AXIS2_PLACEMENT_3D('',#4542,#4543,#4544);
#4542 = CARTESIAN_POINT('',(37.1475,47.074648276857,-18.288));
#4543 = DIRECTION('',(0.,0.,1.));
#4544 = DIRECTION('',(1.,0.,0.));
#4545 = DEFINITIONAL_REPRESENTATION('',(#4546),#4550);
#4546 = LINE('',#4547,#4548);
#4547 = CARTESIAN_POINT('',(0.,0.));
#4548 = VECTOR('',#4549,1.);
#4549 = DIRECTION('',(1.,0.));
#4550 = ( GEOMETRIC_REPRESENTATION_CONTEXT(2) 
PARAMETRIC_REPRESENTATION_CONTEXT() REPRESENTATION_CONTEXT('2D SPACE',''
  ) );
#4551 = ORIENTED_EDGE('',*,*,#4552,.T.);
#4552 = EDGE_CURVE('',#4525,#1074,#4553,.T.);
#4553 = SURFACE_CURVE('',#4554,(#4558,#4565),.PCURVE_S1.);
#4554 = LINE('',#4555,#4556);
#4555 = CARTESIAN_POINT('',(37.1475,47.074648276857,-18.288));
#4556 = VECTOR('',#4557,1.);
#4557 = DIRECTION('',(0.,0.,1.));
#4558 = PCURVE('',#1089,#4559);
#4559 = DEFINITIONAL_REPRESENTATION('',(#4560),#4564);
#4560 = LINE('',#4561,#4562);
#4561 = CARTESIAN_POINT('',(0.,0.));
#4562 = VECTOR('',#4563,1.);
#4563 = DIRECTION('',(1.,0.));
#4564 = ( GEOMETRIC_REPRESENTATION_CONTEXT(2) 
PARAMETRIC_REPRESENTATION_CONTEXT() REPRESENTATION_CONTEXT('2D SPACE',''
  ) );
#4565 = PCURVE('',#1117,#4566);
#4566 = DEFINITIONAL_REPRESENTATION('',(#4567),#4571);
#4567 = LINE('',#4568,#4569);
#4568 = CARTESIAN_POINT('',(0.,0.));
#4569 = VECTOR('',#4570,1.);
#4570 = DIRECTION('',(1.,0.));
#4571 = ( GEOMETRIC_REPRESENTATION_CONTEXT(2) 
PARAMETRIC_REPRESENTATION_CONTEXT() REPRESENTATION_CONTEXT('2D SPACE',''
  ) );
#4572 = ORIENTED_EDGE('',*,*,#1071,.F.);
#4573 = ADVANCED_FACE('',(#4574),#1171,.T.);
#4574 = FACE_BOUND('',#4575,.T.);
#4575 = EDGE_LOOP('',(#4576,#4577,#4600,#4628,#4656,#4677));
#4576 = ORIENTED_EDGE('',*,*,#4501,.F.);
#4577 = ORIENTED_EDGE('',*,*,#4578,.T.);
#4578 = EDGE_CURVE('',#4502,#4579,#4581,.T.);
#4579 = VERTEX_POINT('',#4580);
#4580 = CARTESIAN_POINT('',(54.9275,48.725648276857,-18.288));
#4581 = SURFACE_CURVE('',#4582,(#4586,#4593),.PCURVE_S1.);
#4582 = LINE('',#4583,#4584);
#4583 = CARTESIAN_POINT('',(54.9275,47.074648276857,-18.288));
#4584 = VECTOR('',#4585,1.);
#4585 = DIRECTION('',(0.,1.,0.));
#4586 = PCURVE('',#1171,#4587);
#4587 = DEFINITIONAL_REPRESENTATION('',(#4588),#4592);
#4588 = LINE('',#4589,#4590);
#4589 = CARTESIAN_POINT('',(0.,0.));
#4590 = VECTOR('',#4591,1.);
#4591 = DIRECTION('',(0.,-1.));
#4592 = ( GEOMETRIC_REPRESENTATION_CONTEXT(2) 
PARAMETRIC_REPRESENTATION_CONTEXT() REPRESENTATION_CONTEXT('2D SPACE',''
  ) );
#4593 = PCURVE('',#4540,#4594);
#4594 = DEFINITIONAL_REPRESENTATION('',(#4595),#4599);
#4595 = LINE('',#4596,#4597);
#4596 = CARTESIAN_POINT('',(17.78,0.));
#4597 = VECTOR('',#4598,1.);
#4598 = DIRECTION('',(0.,1.));
#4599 = ( GEOMETRIC_REPRESENTATION_CONTEXT(2) 
PARAMETRIC_REPRESENTATION_CONTEXT() REPRESENTATION_CONTEXT('2D SPACE',''
  ) );
#4600 = ORIENTED_EDGE('',*,*,#4601,.F.);
#4601 = EDGE_CURVE('',#4602,#4579,#4604,.T.);
#4602 = VERTEX_POINT('',#4603);
#4603 = CARTESIAN_POINT('',(54.9275,52.324,-16.51));
#4604 = SURFACE_CURVE('',#4605,(#4609,#4616),.PCURVE_S1.);
#4605 = LINE('',#4606,#4607);
#4606 = CARTESIAN_POINT('',(54.9275,52.324,-16.51));
#4607 = VECTOR('',#4608,1.);
#4608 = DIRECTION('',(0.,-0.89652761446,-0.442987851426));
#4609 = PCURVE('',#1171,#4610);
#4610 = DEFINITIONAL_REPRESENTATION('',(#4611),#4615);
#4611 = LINE('',#4612,#4613);
#4612 = CARTESIAN_POINT('',(1.778,-5.249351723143));
#4613 = VECTOR('',#4614,1.);
#4614 = DIRECTION('',(-0.442987851426,0.89652761446));
#4615 = ( GEOMETRIC_REPRESENTATION_CONTEXT(2) 
PARAMETRIC_REPRESENTATION_CONTEXT() REPRESENTATION_CONTEXT('2D SPACE',''
  ) );
#4616 = PCURVE('',#4617,#4622);
#4617 = PLANE('',#4618);
#4618 = AXIS2_PLACEMENT_3D('',#4619,#4620,#4621);
#4619 = CARTESIAN_POINT('',(54.9275,52.324,-16.51));
#4620 = DIRECTION('',(0.,-0.442987851426,0.89652761446));
#4621 = DIRECTION('',(0.,-0.89652761446,-0.442987851426));
#4622 = DEFINITIONAL_REPRESENTATION('',(#4623),#4627);
#4623 = LINE('',#4624,#4625);
#4624 = CARTESIAN_POINT('',(0.,0.));
#4625 = VECTOR('',#4626,1.);
#4626 = DIRECTION('',(1.,0.));
#4627 = ( GEOMETRIC_REPRESENTATION_CONTEXT(2) 
PARAMETRIC_REPRESENTATION_CONTEXT() REPRESENTATION_CONTEXT('2D SPACE',''
  ) );
#4628 = ORIENTED_EDGE('',*,*,#4629,.F.);
#4629 = EDGE_CURVE('',#4630,#4602,#4632,.T.);
#4630 = VERTEX_POINT('',#4631);
#4631 = CARTESIAN_POINT('',(54.9275,48.725648276857,-13.462));
#4632 = SURFACE_CURVE('',#4633,(#4637,#4644),.PCURVE_S1.);
#4633 = LINE('',#4634,#4635);
#4634 = CARTESIAN_POINT('',(54.9275,48.725648276857,-13.462));
#4635 = VECTOR('',#4636,1.);
#4636 = DIRECTION('',(0.,0.763047301224,-0.646342646043));
#4637 = PCURVE('',#1171,#4638);
#4638 = DEFINITIONAL_REPRESENTATION('',(#4639),#4643);
#4639 = LINE('',#4640,#4641);
#4640 = CARTESIAN_POINT('',(4.826,-1.651));
#4641 = VECTOR('',#4642,1.);
#4642 = DIRECTION('',(-0.646342646043,-0.763047301224));
#4643 = ( GEOMETRIC_REPRESENTATION_CONTEXT(2) 
PARAMETRIC_REPRESENTATION_CONTEXT() REPRESENTATION_CONTEXT('2D SPACE',''
  ) );
#4644 = PCURVE('',#4645,#4650);
#4645 = PLANE('',#4646);
#4646 = AXIS2_PLACEMENT_3D('',#4647,#4648,#4649);
#4647 = CARTESIAN_POINT('',(54.9275,48.725648276857,-13.462));
#4648 = DIRECTION('',(0.,-0.646342646043,-0.763047301224));
#4649 = DIRECTION('',(0.,0.763047301224,-0.646342646043));
#4650 = DEFINITIONAL_REPRESENTATION('',(#4651),#4655);
#4651 = LINE('',#4652,#4653);
#4652 = CARTESIAN_POINT('',(0.,0.));
#4653 = VECTOR('',#4654,1.);
#4654 = DIRECTION('',(1.,0.));
#4655 = ( GEOMETRIC_REPRESENTATION_CONTEXT(2) 
PARAMETRIC_REPRESENTATION_CONTEXT() REPRESENTATION_CONTEXT('2D SPACE',''
  ) );
#4656 = ORIENTED_EDGE('',*,*,#4657,.T.);
#4657 = EDGE_CURVE('',#4630,#1130,#4658,.T.);
#4658 = SURFACE_CURVE('',#4659,(#4663,#4670),.PCURVE_S1.);
#4659 = LINE('',#4660,#4661);
#4660 = CARTESIAN_POINT('',(54.9275,48.725648276857,-18.288));
#4661 = VECTOR('',#4662,1.);
#4662 = DIRECTION('',(0.,0.,1.));
#4663 = PCURVE('',#1171,#4664);
#4664 = DEFINITIONAL_REPRESENTATION('',(#4665),#4669);
#4665 = LINE('',#4666,#4667);
#4666 = CARTESIAN_POINT('',(0.,-1.651));
#4667 = VECTOR('',#4668,1.);
#4668 = DIRECTION('',(1.,0.));
#4669 = ( GEOMETRIC_REPRESENTATION_CONTEXT(2) 
PARAMETRIC_REPRESENTATION_CONTEXT() REPRESENTATION_CONTEXT('2D SPACE',''
  ) );
#4670 = PCURVE('',#1145,#4671);
#4671 = DEFINITIONAL_REPRESENTATION('',(#4672),#4676);
#4672 = LINE('',#4673,#4674);
#4673 = CARTESIAN_POINT('',(0.,17.78));
#4674 = VECTOR('',#4675,1.);
#4675 = DIRECTION('',(1.,0.));
#4676 = ( GEOMETRIC_REPRESENTATION_CONTEXT(2) 
PARAMETRIC_REPRESENTATION_CONTEXT() REPRESENTATION_CONTEXT('2D SPACE',''
  ) );
#4677 = ORIENTED_EDGE('',*,*,#1157,.F.);
#4678 = ADVANCED_FACE('',(#4679),#1117,.F.);
#4679 = FACE_BOUND('',#4680,.F.);
#4680 = EDGE_LOOP('',(#4681,#4682,#4705,#4728,#4751,#4772));
#4681 = ORIENTED_EDGE('',*,*,#4552,.F.);
#4682 = ORIENTED_EDGE('',*,*,#4683,.T.);
#4683 = EDGE_CURVE('',#4525,#4684,#4686,.T.);
#4684 = VERTEX_POINT('',#4685);
#4685 = CARTESIAN_POINT('',(37.1475,48.725648276857,-18.288));
#4686 = SURFACE_CURVE('',#4687,(#4691,#4698),.PCURVE_S1.);
#4687 = LINE('',#4688,#4689);
#4688 = CARTESIAN_POINT('',(37.1475,47.074648276857,-18.288));
#4689 = VECTOR('',#4690,1.);
#4690 = DIRECTION('',(0.,1.,0.));
#4691 = PCURVE('',#1117,#4692);
#4692 = DEFINITIONAL_REPRESENTATION('',(#4693),#4697);
#4693 = LINE('',#4694,#4695);
#4694 = CARTESIAN_POINT('',(0.,0.));
#4695 = VECTOR('',#4696,1.);
#4696 = DIRECTION('',(0.,-1.));
#4697 = ( GEOMETRIC_REPRESENTATION_CONTEXT(2) 
PARAMETRIC_REPRESENTATION_CONTEXT() REPRESENTATION_CONTEXT('2D SPACE',''
  ) );
#4698 = PCURVE('',#4540,#4699);
#4699 = DEFINITIONAL_REPRESENTATION('',(#4700),#4704);
#4700 = LINE('',#4701,#4702);
#4701 = CARTESIAN_POINT('',(0.,0.));
#4702 = VECTOR('',#4703,1.);
#4703 = DIRECTION('',(0.,1.));
#4704 = ( GEOMETRIC_REPRESENTATION_CONTEXT(2) 
PARAMETRIC_REPRESENTATION_CONTEXT() REPRESENTATION_CONTEXT('2D SPACE',''
  ) );
#4705 = ORIENTED_EDGE('',*,*,#4706,.F.);
#4706 = EDGE_CURVE('',#4707,#4684,#4709,.T.);
#4707 = VERTEX_POINT('',#4708);
#4708 = CARTESIAN_POINT('',(37.1475,52.324,-16.51));
#4709 = SURFACE_CURVE('',#4710,(#4714,#4721),.PCURVE_S1.);
#4710 = LINE('',#4711,#4712);
#4711 = CARTESIAN_POINT('',(37.1475,52.324,-16.51));
#4712 = VECTOR('',#4713,1.);
#4713 = DIRECTION('',(0.,-0.89652761446,-0.442987851426));
#4714 = PCURVE('',#1117,#4715);
#4715 = DEFINITIONAL_REPRESENTATION('',(#4716),#4720);
#4716 = LINE('',#4717,#4718);
#4717 = CARTESIAN_POINT('',(1.778,-5.249351723143));
#4718 = VECTOR('',#4719,1.);
#4719 = DIRECTION('',(-0.442987851426,0.89652761446));
#4720 = ( GEOMETRIC_REPRESENTATION_CONTEXT(2) 
PARAMETRIC_REPRESENTATION_CONTEXT() REPRESENTATION_CONTEXT('2D SPACE',''
  ) );
#4721 = PCURVE('',#4617,#4722);
#4722 = DEFINITIONAL_REPRESENTATION('',(#4723),#4727);
#4723 = LINE('',#4724,#4725);
#4724 = CARTESIAN_POINT('',(-0.,-17.78));
#4725 = VECTOR('',#4726,1.);
#4726 = DIRECTION('',(1.,0.));
#4727 = ( GEOMETRIC_REPRESENTATION_CONTEXT(2) 
PARAMETRIC_REPRESENTATION_CONTEXT() REPRESENTATION_CONTEXT('2D SPACE',''
  ) );
#4728 = ORIENTED_EDGE('',*,*,#4729,.F.);
#4729 = EDGE_CURVE('',#4730,#4707,#4732,.T.);
#4730 = VERTEX_POINT('',#4731);
#4731 = CARTESIAN_POINT('',(37.1475,48.725648276857,-13.462));
#4732 = SURFACE_CURVE('',#4733,(#4737,#4744),.PCURVE_S1.);
#4733 = LINE('',#4734,#4735);
#4734 = CARTESIAN_POINT('',(37.1475,48.725648276857,-13.462));
#4735 = VECTOR('',#4736,1.);
#4736 = DIRECTION('',(0.,0.763047301224,-0.646342646043));
#4737 = PCURVE('',#1117,#4738);
#4738 = DEFINITIONAL_REPRESENTATION('',(#4739),#4743);
#4739 = LINE('',#4740,#4741);
#4740 = CARTESIAN_POINT('',(4.826,-1.651));
#4741 = VECTOR('',#4742,1.);
#4742 = DIRECTION('',(-0.646342646043,-0.763047301224));
#4743 = ( GEOMETRIC_REPRESENTATION_CONTEXT(2) 
PARAMETRIC_REPRESENTATION_CONTEXT() REPRESENTATION_CONTEXT('2D SPACE',''
  ) );
#4744 = PCURVE('',#4645,#4745);
#4745 = DEFINITIONAL_REPRESENTATION('',(#4746),#4750);
#4746 = LINE('',#4747,#4748);
#4747 = CARTESIAN_POINT('',(0.,-17.78));
#4748 = VECTOR('',#4749,1.);
#4749 = DIRECTION('',(1.,0.));
#4750 = ( GEOMETRIC_REPRESENTATION_CONTEXT(2) 
PARAMETRIC_REPRESENTATION_CONTEXT() REPRESENTATION_CONTEXT('2D SPACE',''
  ) );
#4751 = ORIENTED_EDGE('',*,*,#4752,.T.);
#4752 = EDGE_CURVE('',#4730,#1102,#4753,.T.);
#4753 = SURFACE_CURVE('',#4754,(#4758,#4765),.PCURVE_S1.);
#4754 = LINE('',#4755,#4756);
#4755 = CARTESIAN_POINT('',(37.1475,48.725648276857,-18.288));
#4756 = VECTOR('',#4757,1.);
#4757 = DIRECTION('',(0.,0.,1.));
#4758 = PCURVE('',#1117,#4759);
#4759 = DEFINITIONAL_REPRESENTATION('',(#4760),#4764);
#4760 = LINE('',#4761,#4762);
#4761 = CARTESIAN_POINT('',(0.,-1.651));
#4762 = VECTOR('',#4763,1.);
#4763 = DIRECTION('',(1.,0.));
#4764 = ( GEOMETRIC_REPRESENTATION_CONTEXT(2) 
PARAMETRIC_REPRESENTATION_CONTEXT() REPRESENTATION_CONTEXT('2D SPACE',''
  ) );
#4765 = PCURVE('',#1145,#4766);
#4766 = DEFINITIONAL_REPRESENTATION('',(#4767),#4771);
#4767 = LINE('',#4768,#4769);
#4768 = CARTESIAN_POINT('',(0.,0.));
#4769 = VECTOR('',#4770,1.);
#4770 = DIRECTION('',(1.,0.));
#4771 = ( GEOMETRIC_REPRESENTATION_CONTEXT(2) 
PARAMETRIC_REPRESENTATION_CONTEXT() REPRESENTATION_CONTEXT('2D SPACE',''
  ) );
#4772 = ORIENTED_EDGE('',*,*,#1101,.F.);
#4773 = ADVANCED_FACE('',(#4774),#1145,.T.);
#4774 = FACE_BOUND('',#4775,.T.);
#4775 = EDGE_LOOP('',(#4776,#4777,#4798,#4799));
#4776 = ORIENTED_EDGE('',*,*,#4657,.F.);
#4777 = ORIENTED_EDGE('',*,*,#4778,.T.);
#4778 = EDGE_CURVE('',#4630,#4730,#4779,.T.);
#4779 = SURFACE_CURVE('',#4780,(#4784,#4791),.PCURVE_S1.);
#4780 = LINE('',#4781,#4782);
#4781 = CARTESIAN_POINT('',(54.9275,48.725648276857,-13.462));
#4782 = VECTOR('',#4783,1.);
#4783 = DIRECTION('',(-1.,0.,0.));
#4784 = PCURVE('',#1145,#4785);
#4785 = DEFINITIONAL_REPRESENTATION('',(#4786),#4790);
#4786 = LINE('',#4787,#4788);
#4787 = CARTESIAN_POINT('',(4.826,17.78));
#4788 = VECTOR('',#4789,1.);
#4789 = DIRECTION('',(0.,-1.));
#4790 = ( GEOMETRIC_REPRESENTATION_CONTEXT(2) 
PARAMETRIC_REPRESENTATION_CONTEXT() REPRESENTATION_CONTEXT('2D SPACE',''
  ) );
#4791 = PCURVE('',#4645,#4792);
#4792 = DEFINITIONAL_REPRESENTATION('',(#4793),#4797);
#4793 = LINE('',#4794,#4795);
#4794 = CARTESIAN_POINT('',(0.,0.));
#4795 = VECTOR('',#4796,1.);
#4796 = DIRECTION('',(0.,-1.));
#4797 = ( GEOMETRIC_REPRESENTATION_CONTEXT(2) 
PARAMETRIC_REPRESENTATION_CONTEXT() REPRESENTATION_CONTEXT('2D SPACE',''
  ) );
#4798 = ORIENTED_EDGE('',*,*,#4752,.T.);
#4799 = ORIENTED_EDGE('',*,*,#1129,.F.);
#4800 = ADVANCED_FACE('',(#4801),#1435,.T.);
#4801 = FACE_BOUND('',#4802,.T.);
#4802 = EDGE_LOOP('',(#4803,#4826,#4827,#4828));
#4803 = ORIENTED_EDGE('',*,*,#4804,.F.);
#4804 = EDGE_CURVE('',#3529,#4805,#4807,.T.);
#4805 = VERTEX_POINT('',#4806);
#4806 = CARTESIAN_POINT('',(-87.04397160554,24.631707240088,-6.223));
#4807 = SURFACE_CURVE('',#4808,(#4812,#4819),.PCURVE_S1.);
#4808 = LINE('',#4809,#4810);
#4809 = CARTESIAN_POINT('',(-64.64193309747,10.633359956103,-6.223));
#4810 = VECTOR('',#4811,1.);
#4811 = DIRECTION('',(-0.848048096156,0.529919264233,0.));
#4812 = PCURVE('',#1435,#4813);
#4813 = DEFINITIONAL_REPRESENTATION('',(#4814),#4818);
#4814 = LINE('',#4815,#4816);
#4815 = CARTESIAN_POINT('',(-20.066,-5.207));
#4816 = VECTOR('',#4817,1.);
#4817 = DIRECTION('',(1.,0.));
#4818 = ( GEOMETRIC_REPRESENTATION_CONTEXT(2) 
PARAMETRIC_REPRESENTATION_CONTEXT() REPRESENTATION_CONTEXT('2D SPACE',''
  ) );
#4819 = PCURVE('',#3566,#4820);
#4820 = DEFINITIONAL_REPRESENTATION('',(#4821),#4825);
#4821 = LINE('',#4822,#4823);
#4822 = CARTESIAN_POINT('',(-17.01693309747,10.633359956103));
#4823 = VECTOR('',#4824,1.);
#4824 = DIRECTION('',(-0.848048096156,0.529919264233));
#4825 = ( GEOMETRIC_REPRESENTATION_CONTEXT(2) 
PARAMETRIC_REPRESENTATION_CONTEXT() REPRESENTATION_CONTEXT('2D SPACE',''
  ) );
#4826 = ORIENTED_EDGE('',*,*,#3528,.F.);
#4827 = ORIENTED_EDGE('',*,*,#1421,.F.);
#4828 = ORIENTED_EDGE('',*,*,#4829,.F.);
#4829 = EDGE_CURVE('',#4805,#1390,#4830,.T.);
#4830 = SURFACE_CURVE('',#4831,(#4835,#4842),.PCURVE_S1.);
#4831 = LINE('',#4832,#4833);
#4832 = CARTESIAN_POINT('',(-87.04397160554,24.631707240089,-11.43));
#4833 = VECTOR('',#4834,1.);
#4834 = DIRECTION('',(0.,0.,1.));
#4835 = PCURVE('',#1435,#4836);
#4836 = DEFINITIONAL_REPRESENTATION('',(#4837),#4841);
#4837 = LINE('',#4838,#4839);
#4838 = CARTESIAN_POINT('',(6.35,0.));
#4839 = VECTOR('',#4840,1.);
#4840 = DIRECTION('',(0.,-1.));
#4841 = ( GEOMETRIC_REPRESENTATION_CONTEXT(2) 
PARAMETRIC_REPRESENTATION_CONTEXT() REPRESENTATION_CONTEXT('2D SPACE',''
  ) );
#4842 = PCURVE('',#1410,#4843);
#4843 = DEFINITIONAL_REPRESENTATION('',(#4844),#4847);
#4844 = B_SPLINE_CURVE_WITH_KNOTS('',1,(#4845,#4846),.UNSPECIFIED.,.F.,
  .F.,(2,2),(5.207,14.7828),.PIECEWISE_BEZIER_KNOTS.);
#4845 = CARTESIAN_POINT('',(-2.583087292952,-5.207));
#4846 = CARTESIAN_POINT('',(-2.583087292952,-14.7828));
#4847 = ( GEOMETRIC_REPRESENTATION_CONTEXT(2) 
PARAMETRIC_REPRESENTATION_CONTEXT() REPRESENTATION_CONTEXT('2D SPACE',''
  ) );
#4848 = ADVANCED_FACE('',(#4849),#1410,.F.);
#4849 = FACE_BOUND('',#4850,.T.);
#4850 = EDGE_LOOP('',(#4851,#4873,#4900,#4922,#4943,#4944));
#4851 = ORIENTED_EDGE('',*,*,#4852,.T.);
#4852 = EDGE_CURVE('',#1362,#4853,#4855,.T.);
#4853 = VERTEX_POINT('',#4854);
#4854 = CARTESIAN_POINT('',(-93.65464037124,6.469044078826,-11.43));
#4855 = SURFACE_CURVE('',#4856,(#4860,#4866),.PCURVE_S1.);
#4856 = LINE('',#4857,#4858);
#4857 = CARTESIAN_POINT('',(-93.65464037124,6.469044078826,5.8928));
#4858 = VECTOR('',#4859,1.);
#4859 = DIRECTION('',(0.,0.,-1.));
#4860 = PCURVE('',#1410,#4861);
#4861 = DEFINITIONAL_REPRESENTATION('',(#4862),#4865);
#4862 = B_SPLINE_CURVE_WITH_KNOTS('',1,(#4863,#4864),.UNSPECIFIED.,.F.,
  .F.,(2,2),(2.54,17.3228),.PIECEWISE_BEZIER_KNOTS.);
#4863 = CARTESIAN_POINT('',(-3.00196631343,-14.7828));
#4864 = CARTESIAN_POINT('',(-3.00196631343,0.));
#4865 = ( GEOMETRIC_REPRESENTATION_CONTEXT(2) 
PARAMETRIC_REPRESENTATION_CONTEXT() REPRESENTATION_CONTEXT('2D SPACE',''
  ) );
#4866 = PCURVE('',#1377,#4867);
#4867 = DEFINITIONAL_REPRESENTATION('',(#4868),#4872);
#4868 = LINE('',#4869,#4870);
#4869 = CARTESIAN_POINT('',(-1.431977674374E-14,-17.3228));
#4870 = VECTOR('',#4871,1.);
#4871 = DIRECTION('',(0.,1.));
#4872 = ( GEOMETRIC_REPRESENTATION_CONTEXT(2) 
PARAMETRIC_REPRESENTATION_CONTEXT() REPRESENTATION_CONTEXT('2D SPACE',''
  ) );
#4873 = ORIENTED_EDGE('',*,*,#4874,.T.);
#4874 = EDGE_CURVE('',#4853,#4875,#4877,.T.);
#4875 = VERTEX_POINT('',#4876);
#4876 = CARTESIAN_POINT('',(-71.56499979796,39.842850471236,-11.43));
#4877 = SURFACE_CURVE('',#4878,(#4883,#4889),.PCURVE_S1.);
#4878 = CIRCLE('',#4879,46.482);
#4879 = AXIS2_PLACEMENT_3D('',#4880,#4881,#4882);
#4880 = CARTESIAN_POINT('',(-47.625,0.,-11.43));
#4881 = DIRECTION('',(0.,0.,-1.));
#4882 = DIRECTION('',(-0.990268068742,0.13917310096,0.));
#4883 = PCURVE('',#1410,#4884);
#4884 = DEFINITIONAL_REPRESENTATION('',(#4885),#4888);
#4885 = B_SPLINE_CURVE_WITH_KNOTS('',1,(#4886,#4887),.UNSPECIFIED.,.F.,
  .F.,(2,2),(0.,0.890117918517),.PIECEWISE_BEZIER_KNOTS.);
#4886 = CARTESIAN_POINT('',(-3.00196631343,0.));
#4887 = CARTESIAN_POINT('',(-2.111848394913,0.));
#4888 = ( GEOMETRIC_REPRESENTATION_CONTEXT(2) 
PARAMETRIC_REPRESENTATION_CONTEXT() REPRESENTATION_CONTEXT('2D SPACE',''
  ) );
#4889 = PCURVE('',#3625,#4890);
#4890 = DEFINITIONAL_REPRESENTATION('',(#4891),#4899);
#4891 = ( BOUNDED_CURVE() B_SPLINE_CURVE(2,(#4892,#4893,#4894,#4895,
#4896,#4897,#4898),.UNSPECIFIED.,.T.,.F.) B_SPLINE_CURVE_WITH_KNOTS((1,2
    ,2,2,2,1),(-2.094395102393,0.,2.094395102393,4.188790204786,
6.28318530718,8.377580409573),.UNSPECIFIED.) CURVE() 
GEOMETRIC_REPRESENTATION_ITEM() RATIONAL_B_SPLINE_CURVE((1.,0.5,1.,0.5,
1.,0.5,1.)) REPRESENTATION_ITEM('') );
#4892 = CARTESIAN_POINT('',(-46.02964037124,6.469044078826));
#4893 = CARTESIAN_POINT('',(-34.82492735031,86.194719855947));
#4894 = CARTESIAN_POINT('',(28.617176696088,36.628315849147));
#4895 = CARTESIAN_POINT('',(92.059280742491,-12.93808815765));
#4896 = CARTESIAN_POINT('',(17.412463675158,-43.09735992797));
#4897 = CARTESIAN_POINT('',(-57.23435339217,-73.25663169829));
#4898 = CARTESIAN_POINT('',(-46.02964037124,6.469044078826));
#4899 = ( GEOMETRIC_REPRESENTATION_CONTEXT(2) 
PARAMETRIC_REPRESENTATION_CONTEXT() REPRESENTATION_CONTEXT('2D SPACE',''
  ) );
#4900 = ORIENTED_EDGE('',*,*,#4901,.T.);
#4901 = EDGE_CURVE('',#4875,#4902,#4904,.T.);
#4902 = VERTEX_POINT('',#4903);
#4903 = CARTESIAN_POINT('',(-71.56499979796,39.842850471236,-6.223));
#4904 = SURFACE_CURVE('',#4905,(#4909,#4915),.PCURVE_S1.);
#4905 = LINE('',#4906,#4907);
#4906 = CARTESIAN_POINT('',(-71.56499979796,39.842850471236,-11.43));
#4907 = VECTOR('',#4908,1.);
#4908 = DIRECTION('',(0.,0.,1.));
#4909 = PCURVE('',#1410,#4910);
#4910 = DEFINITIONAL_REPRESENTATION('',(#4911),#4914);
#4911 = B_SPLINE_CURVE_WITH_KNOTS('',1,(#4912,#4913),.UNSPECIFIED.,.F.,
  .F.,(2,2),(0.,5.207),.PIECEWISE_BEZIER_KNOTS.);
#4912 = CARTESIAN_POINT('',(-2.111848394913,0.));
#4913 = CARTESIAN_POINT('',(-2.111848394913,-5.207));
#4914 = ( GEOMETRIC_REPRESENTATION_CONTEXT(2) 
PARAMETRIC_REPRESENTATION_CONTEXT() REPRESENTATION_CONTEXT('2D SPACE',''
  ) );
#4915 = PCURVE('',#3597,#4916);
#4916 = DEFINITIONAL_REPRESENTATION('',(#4917),#4921);
#4917 = LINE('',#4918,#4919);
#4918 = CARTESIAN_POINT('',(6.35,0.));
#4919 = VECTOR('',#4920,1.);
#4920 = DIRECTION('',(0.,-1.));
#4921 = ( GEOMETRIC_REPRESENTATION_CONTEXT(2) 
PARAMETRIC_REPRESENTATION_CONTEXT() REPRESENTATION_CONTEXT('2D SPACE',''
  ) );
#4922 = ORIENTED_EDGE('',*,*,#4923,.T.);
#4923 = EDGE_CURVE('',#4902,#4805,#4924,.T.);
#4924 = SURFACE_CURVE('',#4925,(#4930,#4936),.PCURVE_S1.);
#4925 = CIRCLE('',#4926,46.482);
#4926 = AXIS2_PLACEMENT_3D('',#4927,#4928,#4929);
#4927 = CARTESIAN_POINT('',(-47.625,0.,-6.223));
#4928 = DIRECTION('',(0.,0.,1.));
#4929 = DIRECTION('',(1.,0.,-0.));
#4930 = PCURVE('',#1410,#4931);
#4931 = DEFINITIONAL_REPRESENTATION('',(#4932),#4935);
#4932 = B_SPLINE_CURVE_WITH_KNOTS('',1,(#4933,#4934),.UNSPECIFIED.,.F.,
  .F.,(2,2),(2.111848394913,2.583087292952),.PIECEWISE_BEZIER_KNOTS.);
#4933 = CARTESIAN_POINT('',(-2.111848394913,-5.207));
#4934 = CARTESIAN_POINT('',(-2.583087292952,-5.207));
#4935 = ( GEOMETRIC_REPRESENTATION_CONTEXT(2) 
PARAMETRIC_REPRESENTATION_CONTEXT() REPRESENTATION_CONTEXT('2D SPACE',''
  ) );
#4936 = PCURVE('',#3566,#4937);
#4937 = DEFINITIONAL_REPRESENTATION('',(#4938),#4942);
#4938 = CIRCLE('',#4939,46.482);
#4939 = AXIS2_PLACEMENT_2D('',#4940,#4941);
#4940 = CARTESIAN_POINT('',(0.,-5.219946054012E-15));
#4941 = DIRECTION('',(1.,0.));
#4942 = ( GEOMETRIC_REPRESENTATION_CONTEXT(2) 
PARAMETRIC_REPRESENTATION_CONTEXT() REPRESENTATION_CONTEXT('2D SPACE',''
  ) );
#4943 = ORIENTED_EDGE('',*,*,#4829,.T.);
#4944 = ORIENTED_EDGE('',*,*,#1389,.F.);
#4945 = ADVANCED_FACE('',(#4946),#1262,.T.);
#4946 = FACE_BOUND('',#4947,.T.);
#4947 = EDGE_LOOP('',(#4948,#4971,#4991,#4992));
#4948 = ORIENTED_EDGE('',*,*,#4949,.F.);
#4949 = EDGE_CURVE('',#4950,#3744,#4952,.T.);
#4950 = VERTEX_POINT('',#4951);
#4951 = CARTESIAN_POINT('',(-1.595359628754,-6.469044078827,-11.43));
#4952 = SURFACE_CURVE('',#4953,(#4957,#4964),.PCURVE_S1.);
#4953 = LINE('',#4954,#4955);
#4954 = CARTESIAN_POINT('',(203.90308946035,-35.34996764385,-11.43));
#4955 = VECTOR('',#4956,1.);
#4956 = DIRECTION('',(-0.990268068742,0.13917310096,0.));
#4957 = PCURVE('',#1262,#4958);
#4958 = DEFINITIONAL_REPRESENTATION('',(#4959),#4963);
#4959 = LINE('',#4960,#4961);
#4960 = CARTESIAN_POINT('',(-207.518,-0.));
#4961 = VECTOR('',#4962,1.);
#4962 = DIRECTION('',(1.,0.));
#4963 = ( GEOMETRIC_REPRESENTATION_CONTEXT(2) 
PARAMETRIC_REPRESENTATION_CONTEXT() REPRESENTATION_CONTEXT('2D SPACE',''
  ) );
#4964 = PCURVE('',#3759,#4965);
#4965 = DEFINITIONAL_REPRESENTATION('',(#4966),#4970);
#4966 = LINE('',#4967,#4968);
#4967 = CARTESIAN_POINT('',(251.52808946035,-35.34996764385));
#4968 = VECTOR('',#4969,1.);
#4969 = DIRECTION('',(-0.990268068742,0.13917310096));
#4970 = ( GEOMETRIC_REPRESENTATION_CONTEXT(2) 
PARAMETRIC_REPRESENTATION_CONTEXT() REPRESENTATION_CONTEXT('2D SPACE',''
  ) );
#4971 = ORIENTED_EDGE('',*,*,#4972,.F.);
#4972 = EDGE_CURVE('',#1247,#4950,#4973,.T.);
#4973 = SURFACE_CURVE('',#4974,(#4978,#4985),.PCURVE_S1.);
#4974 = LINE('',#4975,#4976);
#4975 = CARTESIAN_POINT('',(-1.595359628754,-6.469044078827,5.8928));
#4976 = VECTOR('',#4977,1.);
#4977 = DIRECTION('',(0.,0.,-1.));
#4978 = PCURVE('',#1262,#4979);
#4979 = DEFINITIONAL_REPRESENTATION('',(#4980),#4984);
#4980 = LINE('',#4981,#4982);
#4981 = CARTESIAN_POINT('',(-6.214388538868E-14,-17.3228));
#4982 = VECTOR('',#4983,1.);
#4983 = DIRECTION('',(0.,1.));
#4984 = ( GEOMETRIC_REPRESENTATION_CONTEXT(2) 
PARAMETRIC_REPRESENTATION_CONTEXT() REPRESENTATION_CONTEXT('2D SPACE',''
  ) );
#4985 = PCURVE('',#1295,#4986);
#4986 = DEFINITIONAL_REPRESENTATION('',(#4987),#4990);
#4987 = B_SPLINE_CURVE_WITH_KNOTS('',1,(#4988,#4989),.UNSPECIFIED.,.F.,
  .F.,(2,2),(2.54,17.3228),.PIECEWISE_BEZIER_KNOTS.);
#4988 = CARTESIAN_POINT('',(-6.14355896702,-14.7828));
#4989 = CARTESIAN_POINT('',(-6.14355896702,0.));
#4990 = ( GEOMETRIC_REPRESENTATION_CONTEXT(2) 
PARAMETRIC_REPRESENTATION_CONTEXT() REPRESENTATION_CONTEXT('2D SPACE',''
  ) );
#4991 = ORIENTED_EDGE('',*,*,#1246,.F.);
#4992 = ORIENTED_EDGE('',*,*,#3775,.T.);
#4993 = ADVANCED_FACE('',(#4994),#1377,.T.);
#4994 = FACE_BOUND('',#4995,.T.);
#4995 = EDGE_LOOP('',(#4996,#5017,#5018,#5019));
#4996 = ORIENTED_EDGE('',*,*,#4997,.F.);
#4997 = EDGE_CURVE('',#4853,#3610,#4998,.T.);
#4998 = SURFACE_CURVE('',#4999,(#5003,#5010),.PCURVE_S1.);
#4999 = LINE('',#5000,#5001);
#5000 = CARTESIAN_POINT('',(-299.1530894603,35.349967643857,-11.43));
#5001 = VECTOR('',#5002,1.);
#5002 = DIRECTION('',(0.990268068742,-0.13917310096,0.));
#5003 = PCURVE('',#1377,#5004);
#5004 = DEFINITIONAL_REPRESENTATION('',(#5005),#5009);
#5005 = LINE('',#5006,#5007);
#5006 = CARTESIAN_POINT('',(-207.518,-0.));
#5007 = VECTOR('',#5008,1.);
#5008 = DIRECTION('',(1.,0.));
#5009 = ( GEOMETRIC_REPRESENTATION_CONTEXT(2) 
PARAMETRIC_REPRESENTATION_CONTEXT() REPRESENTATION_CONTEXT('2D SPACE',''
  ) );
#5010 = PCURVE('',#3625,#5011);
#5011 = DEFINITIONAL_REPRESENTATION('',(#5012),#5016);
#5012 = LINE('',#5013,#5014);
#5013 = CARTESIAN_POINT('',(-251.5280894603,35.349967643857));
#5014 = VECTOR('',#5015,1.);
#5015 = DIRECTION('',(0.990268068742,-0.13917310096));
#5016 = ( GEOMETRIC_REPRESENTATION_CONTEXT(2) 
PARAMETRIC_REPRESENTATION_CONTEXT() REPRESENTATION_CONTEXT('2D SPACE',''
  ) );
#5017 = ORIENTED_EDGE('',*,*,#4852,.F.);
#5018 = ORIENTED_EDGE('',*,*,#1361,.F.);
#5019 = ORIENTED_EDGE('',*,*,#3641,.T.);
#5020 = ADVANCED_FACE('',(#5021),#1295,.F.);
#5021 = FACE_BOUND('',#5022,.T.);
#5022 = EDGE_LOOP('',(#5023,#5024,#5051,#5073,#5096,#5116));
#5023 = ORIENTED_EDGE('',*,*,#4972,.T.);
#5024 = ORIENTED_EDGE('',*,*,#5025,.T.);
#5025 = EDGE_CURVE('',#4950,#5026,#5028,.T.);
#5026 = VERTEX_POINT('',#5027);
#5027 = CARTESIAN_POINT('',(-23.68500020203,-39.84285047123,-11.43));
#5028 = SURFACE_CURVE('',#5029,(#5034,#5040),.PCURVE_S1.);
#5029 = CIRCLE('',#5030,46.482);
#5030 = AXIS2_PLACEMENT_3D('',#5031,#5032,#5033);
#5031 = CARTESIAN_POINT('',(-47.625,0.,-11.43));
#5032 = DIRECTION('',(0.,0.,-1.));
#5033 = DIRECTION('',(0.990268068742,-0.13917310096,0.));
#5034 = PCURVE('',#1295,#5035);
#5035 = DEFINITIONAL_REPRESENTATION('',(#5036),#5039);
#5036 = B_SPLINE_CURVE_WITH_KNOTS('',1,(#5037,#5038),.UNSPECIFIED.,.F.,
  .F.,(2,2),(0.,0.890117918517),.PIECEWISE_BEZIER_KNOTS.);
#5037 = CARTESIAN_POINT('',(-6.14355896702,0.));
#5038 = CARTESIAN_POINT('',(-5.253441048503,0.));
#5039 = ( GEOMETRIC_REPRESENTATION_CONTEXT(2) 
PARAMETRIC_REPRESENTATION_CONTEXT() REPRESENTATION_CONTEXT('2D SPACE',''
  ) );
#5040 = PCURVE('',#3759,#5041);
#5041 = DEFINITIONAL_REPRESENTATION('',(#5042),#5050);
#5042 = ( BOUNDED_CURVE() B_SPLINE_CURVE(2,(#5043,#5044,#5045,#5046,
#5047,#5048,#5049),.UNSPECIFIED.,.T.,.F.) B_SPLINE_CURVE_WITH_KNOTS((1,2
    ,2,2,2,1),(-2.094395102393,0.,2.094395102393,4.188790204786,
6.28318530718,8.377580409573),.UNSPECIFIED.) CURVE() 
GEOMETRIC_REPRESENTATION_ITEM() RATIONAL_B_SPLINE_CURVE((1.,0.5,1.,0.5,
1.,0.5,1.)) REPRESENTATION_ITEM('') );
#5043 = CARTESIAN_POINT('',(46.029640371246,-6.469044078827));
#5044 = CARTESIAN_POINT('',(34.824927350315,-86.19471985594));
#5045 = CARTESIAN_POINT('',(-28.61717669608,-36.62831584914));
#5046 = CARTESIAN_POINT('',(-92.05928074249,12.938088157653));
#5047 = CARTESIAN_POINT('',(-17.41246367515,43.097359927974));
#5048 = CARTESIAN_POINT('',(57.234353392176,73.256631698294));
#5049 = CARTESIAN_POINT('',(46.029640371246,-6.469044078827));
#5050 = ( GEOMETRIC_REPRESENTATION_CONTEXT(2) 
PARAMETRIC_REPRESENTATION_CONTEXT() REPRESENTATION_CONTEXT('2D SPACE',''
  ) );
#5051 = ORIENTED_EDGE('',*,*,#5052,.T.);
#5052 = EDGE_CURVE('',#5026,#5053,#5055,.T.);
#5053 = VERTEX_POINT('',#5054);
#5054 = CARTESIAN_POINT('',(-23.68500020203,-39.84285047123,-6.223));
#5055 = SURFACE_CURVE('',#5056,(#5060,#5066),.PCURVE_S1.);
#5056 = LINE('',#5057,#5058);
#5057 = CARTESIAN_POINT('',(-23.68500020203,-39.84285047123,-11.43));
#5058 = VECTOR('',#5059,1.);
#5059 = DIRECTION('',(0.,0.,1.));
#5060 = PCURVE('',#1295,#5061);
#5061 = DEFINITIONAL_REPRESENTATION('',(#5062),#5065);
#5062 = B_SPLINE_CURVE_WITH_KNOTS('',1,(#5063,#5064),.UNSPECIFIED.,.F.,
  .F.,(2,2),(0.,5.207),.PIECEWISE_BEZIER_KNOTS.);
#5063 = CARTESIAN_POINT('',(-5.253441048503,0.));
#5064 = CARTESIAN_POINT('',(-5.253441048503,-5.207));
#5065 = ( GEOMETRIC_REPRESENTATION_CONTEXT(2) 
PARAMETRIC_REPRESENTATION_CONTEXT() REPRESENTATION_CONTEXT('2D SPACE',''
  ) );
#5066 = PCURVE('',#3731,#5067);
#5067 = DEFINITIONAL_REPRESENTATION('',(#5068),#5072);
#5068 = LINE('',#5069,#5070);
#5069 = CARTESIAN_POINT('',(6.35,0.));
#5070 = VECTOR('',#5071,1.);
#5071 = DIRECTION('',(0.,-1.));
#5072 = ( GEOMETRIC_REPRESENTATION_CONTEXT(2) 
PARAMETRIC_REPRESENTATION_CONTEXT() REPRESENTATION_CONTEXT('2D SPACE',''
  ) );
#5073 = ORIENTED_EDGE('',*,*,#5074,.T.);
#5074 = EDGE_CURVE('',#5053,#5075,#5077,.T.);
#5075 = VERTEX_POINT('',#5076);
#5076 = CARTESIAN_POINT('',(-8.206028394457,-24.63170724008,-6.223));
#5077 = SURFACE_CURVE('',#5078,(#5083,#5089),.PCURVE_S1.);
#5078 = CIRCLE('',#5079,46.482);
#5079 = AXIS2_PLACEMENT_3D('',#5080,#5081,#5082);
#5080 = CARTESIAN_POINT('',(-47.625,0.,-6.223));
#5081 = DIRECTION('',(0.,0.,1.));
#5082 = DIRECTION('',(1.,0.,-0.));
#5083 = PCURVE('',#1295,#5084);
#5084 = DEFINITIONAL_REPRESENTATION('',(#5085),#5088);
#5085 = B_SPLINE_CURVE_WITH_KNOTS('',1,(#5086,#5087),.UNSPECIFIED.,.F.,
  .F.,(2,2),(5.253441048503,5.724679946541),.PIECEWISE_BEZIER_KNOTS.);
#5086 = CARTESIAN_POINT('',(-5.253441048503,-5.207));
#5087 = CARTESIAN_POINT('',(-5.724679946541,-5.207));
#5088 = ( GEOMETRIC_REPRESENTATION_CONTEXT(2) 
PARAMETRIC_REPRESENTATION_CONTEXT() REPRESENTATION_CONTEXT('2D SPACE',''
  ) );
#5089 = PCURVE('',#3700,#5090);
#5090 = DEFINITIONAL_REPRESENTATION('',(#5091),#5095);
#5091 = CIRCLE('',#5092,46.482);
#5092 = AXIS2_PLACEMENT_2D('',#5093,#5094);
#5093 = CARTESIAN_POINT('',(0.,-5.219946054012E-15));
#5094 = DIRECTION('',(1.,0.));
#5095 = ( GEOMETRIC_REPRESENTATION_CONTEXT(2) 
PARAMETRIC_REPRESENTATION_CONTEXT() REPRESENTATION_CONTEXT('2D SPACE',''
  ) );
#5096 = ORIENTED_EDGE('',*,*,#5097,.T.);
#5097 = EDGE_CURVE('',#5075,#1275,#5098,.T.);
#5098 = SURFACE_CURVE('',#5099,(#5103,#5109),.PCURVE_S1.);
#5099 = LINE('',#5100,#5101);
#5100 = CARTESIAN_POINT('',(-8.206028394458,-24.63170724008,-11.43));
#5101 = VECTOR('',#5102,1.);
#5102 = DIRECTION('',(0.,0.,1.));
#5103 = PCURVE('',#1295,#5104);
#5104 = DEFINITIONAL_REPRESENTATION('',(#5105),#5108);
#5105 = B_SPLINE_CURVE_WITH_KNOTS('',1,(#5106,#5107),.UNSPECIFIED.,.F.,
  .F.,(2,2),(5.207,14.7828),.PIECEWISE_BEZIER_KNOTS.);
#5106 = CARTESIAN_POINT('',(-5.724679946541,-5.207));
#5107 = CARTESIAN_POINT('',(-5.724679946541,-14.7828));
#5108 = ( GEOMETRIC_REPRESENTATION_CONTEXT(2) 
PARAMETRIC_REPRESENTATION_CONTEXT() REPRESENTATION_CONTEXT('2D SPACE',''
  ) );
#5109 = PCURVE('',#1322,#5110);
#5110 = DEFINITIONAL_REPRESENTATION('',(#5111),#5115);
#5111 = LINE('',#5112,#5113);
#5112 = CARTESIAN_POINT('',(6.35,0.));
#5113 = VECTOR('',#5114,1.);
#5114 = DIRECTION('',(0.,-1.));
#5115 = ( GEOMETRIC_REPRESENTATION_CONTEXT(2) 
PARAMETRIC_REPRESENTATION_CONTEXT() REPRESENTATION_CONTEXT('2D SPACE',''
  ) );
#5116 = ORIENTED_EDGE('',*,*,#1274,.F.);
#5117 = ADVANCED_FACE('',(#5118),#1322,.T.);
#5118 = FACE_BOUND('',#5119,.T.);
#5119 = EDGE_LOOP('',(#5120,#5141,#5142,#5143));
#5120 = ORIENTED_EDGE('',*,*,#5121,.F.);
#5121 = EDGE_CURVE('',#3663,#5075,#5122,.T.);
#5122 = SURFACE_CURVE('',#5123,(#5127,#5134),.PCURVE_S1.);
#5123 = LINE('',#5124,#5125);
#5124 = CARTESIAN_POINT('',(-30.60806690252,-10.6333599561,-6.223));
#5125 = VECTOR('',#5126,1.);
#5126 = DIRECTION('',(0.848048096156,-0.529919264233,0.));
#5127 = PCURVE('',#1322,#5128);
#5128 = DEFINITIONAL_REPRESENTATION('',(#5129),#5133);
#5129 = LINE('',#5130,#5131);
#5130 = CARTESIAN_POINT('',(-20.066,-5.207));
#5131 = VECTOR('',#5132,1.);
#5132 = DIRECTION('',(1.,0.));
#5133 = ( GEOMETRIC_REPRESENTATION_CONTEXT(2) 
PARAMETRIC_REPRESENTATION_CONTEXT() REPRESENTATION_CONTEXT('2D SPACE',''
  ) );
#5134 = PCURVE('',#3700,#5135);
#5135 = DEFINITIONAL_REPRESENTATION('',(#5136),#5140);
#5136 = LINE('',#5137,#5138);
#5137 = CARTESIAN_POINT('',(17.016933097475,-10.6333599561));
#5138 = VECTOR('',#5139,1.);
#5139 = DIRECTION('',(0.848048096156,-0.529919264233));
#5140 = ( GEOMETRIC_REPRESENTATION_CONTEXT(2) 
PARAMETRIC_REPRESENTATION_CONTEXT() REPRESENTATION_CONTEXT('2D SPACE',''
  ) );
#5141 = ORIENTED_EDGE('',*,*,#3662,.F.);
#5142 = ORIENTED_EDGE('',*,*,#1306,.F.);
#5143 = ORIENTED_EDGE('',*,*,#5097,.F.);
#5144 = ADVANCED_FACE('',(#5145),#1694,.T.);
#5145 = FACE_BOUND('',#5146,.T.);
#5146 = EDGE_LOOP('',(#5147,#5170,#5171,#5172));
#5147 = ORIENTED_EDGE('',*,*,#5148,.F.);
#5148 = EDGE_CURVE('',#3103,#5149,#5151,.T.);
#5149 = VERTEX_POINT('',#5150);
#5150 = CARTESIAN_POINT('',(8.206028394457,24.631707240088,-6.223));
#5151 = SURFACE_CURVE('',#5152,(#5156,#5163),.PCURVE_S1.);
#5152 = LINE('',#5153,#5154);
#5153 = CARTESIAN_POINT('',(30.608066902525,10.633359956103,-6.223));
#5154 = VECTOR('',#5155,1.);
#5155 = DIRECTION('',(-0.848048096156,0.529919264233,0.));
#5156 = PCURVE('',#1694,#5157);
#5157 = DEFINITIONAL_REPRESENTATION('',(#5158),#5162);
#5158 = LINE('',#5159,#5160);
#5159 = CARTESIAN_POINT('',(-20.066,-5.207));
#5160 = VECTOR('',#5161,1.);
#5161 = DIRECTION('',(1.,0.));
#5162 = ( GEOMETRIC_REPRESENTATION_CONTEXT(2) 
PARAMETRIC_REPRESENTATION_CONTEXT() REPRESENTATION_CONTEXT('2D SPACE',''
  ) );
#5163 = PCURVE('',#3140,#5164);
#5164 = DEFINITIONAL_REPRESENTATION('',(#5165),#5169);
#5165 = LINE('',#5166,#5167);
#5166 = CARTESIAN_POINT('',(17.016933097475,-10.6333599561));
#5167 = VECTOR('',#5168,1.);
#5168 = DIRECTION('',(0.848048096156,-0.529919264233));
#5169 = ( GEOMETRIC_REPRESENTATION_CONTEXT(2) 
PARAMETRIC_REPRESENTATION_CONTEXT() REPRESENTATION_CONTEXT('2D SPACE',''
  ) );
#5170 = ORIENTED_EDGE('',*,*,#3102,.F.);
#5171 = ORIENTED_EDGE('',*,*,#1680,.F.);
#5172 = ORIENTED_EDGE('',*,*,#5173,.F.);
#5173 = EDGE_CURVE('',#5149,#1649,#5174,.T.);
#5174 = SURFACE_CURVE('',#5175,(#5179,#5186),.PCURVE_S1.);
#5175 = LINE('',#5176,#5177);
#5176 = CARTESIAN_POINT('',(8.206028394458,24.631707240089,-11.43));
#5177 = VECTOR('',#5178,1.);
#5178 = DIRECTION('',(0.,0.,1.));
#5179 = PCURVE('',#1694,#5180);
#5180 = DEFINITIONAL_REPRESENTATION('',(#5181),#5185);
#5181 = LINE('',#5182,#5183);
#5182 = CARTESIAN_POINT('',(6.35,0.));
#5183 = VECTOR('',#5184,1.);
#5184 = DIRECTION('',(0.,-1.));
#5185 = ( GEOMETRIC_REPRESENTATION_CONTEXT(2) 
PARAMETRIC_REPRESENTATION_CONTEXT() REPRESENTATION_CONTEXT('2D SPACE',''
  ) );
#5186 = PCURVE('',#1669,#5187);
#5187 = DEFINITIONAL_REPRESENTATION('',(#5188),#5191);
#5188 = B_SPLINE_CURVE_WITH_KNOTS('',1,(#5189,#5190),.UNSPECIFIED.,.F.,
  .F.,(2,2),(5.207,14.7828),.PIECEWISE_BEZIER_KNOTS.);
#5189 = CARTESIAN_POINT('',(-5.724679946541,-5.207));
#5190 = CARTESIAN_POINT('',(-5.724679946541,-14.7828));
#5191 = ( GEOMETRIC_REPRESENTATION_CONTEXT(2) 
PARAMETRIC_REPRESENTATION_CONTEXT() REPRESENTATION_CONTEXT('2D SPACE',''
  ) );
#5192 = ADVANCED_FACE('',(#5193),#1669,.F.);
#5193 = FACE_BOUND('',#5194,.T.);
#5194 = EDGE_LOOP('',(#5195,#5217,#5244,#5266,#5287,#5288));
#5195 = ORIENTED_EDGE('',*,*,#5196,.T.);
#5196 = EDGE_CURVE('',#1621,#5197,#5199,.T.);
#5197 = VERTEX_POINT('',#5198);
#5198 = CARTESIAN_POINT('',(1.595359628754,6.469044078827,-11.43));
#5199 = SURFACE_CURVE('',#5200,(#5204,#5210),.PCURVE_S1.);
#5200 = LINE('',#5201,#5202);
#5201 = CARTESIAN_POINT('',(1.595359628754,6.469044078827,5.8928));
#5202 = VECTOR('',#5203,1.);
#5203 = DIRECTION('',(-0.,0.,-1.));
#5204 = PCURVE('',#1669,#5205);
#5205 = DEFINITIONAL_REPRESENTATION('',(#5206),#5209);
#5206 = B_SPLINE_CURVE_WITH_KNOTS('',1,(#5207,#5208),.UNSPECIFIED.,.F.,
  .F.,(2,2),(2.54,17.3228),.PIECEWISE_BEZIER_KNOTS.);
#5207 = CARTESIAN_POINT('',(-6.14355896702,-14.7828));
#5208 = CARTESIAN_POINT('',(-6.14355896702,0.));
#5209 = ( GEOMETRIC_REPRESENTATION_CONTEXT(2) 
PARAMETRIC_REPRESENTATION_CONTEXT() REPRESENTATION_CONTEXT('2D SPACE',''
  ) );
#5210 = PCURVE('',#1636,#5211);
#5211 = DEFINITIONAL_REPRESENTATION('',(#5212),#5216);
#5212 = LINE('',#5213,#5214);
#5213 = CARTESIAN_POINT('',(-6.214388538868E-14,-17.3228));
#5214 = VECTOR('',#5215,1.);
#5215 = DIRECTION('',(0.,1.));
#5216 = ( GEOMETRIC_REPRESENTATION_CONTEXT(2) 
PARAMETRIC_REPRESENTATION_CONTEXT() REPRESENTATION_CONTEXT('2D SPACE',''
  ) );
#5217 = ORIENTED_EDGE('',*,*,#5218,.T.);
#5218 = EDGE_CURVE('',#5197,#5219,#5221,.T.);
#5219 = VERTEX_POINT('',#5220);
#5220 = CARTESIAN_POINT('',(23.685000202032,39.842850471236,-11.43));
#5221 = SURFACE_CURVE('',#5222,(#5227,#5233),.PCURVE_S1.);
#5222 = CIRCLE('',#5223,46.482);
#5223 = AXIS2_PLACEMENT_3D('',#5224,#5225,#5226);
#5224 = CARTESIAN_POINT('',(47.625,7.88860905221E-31,-11.43));
#5225 = DIRECTION('',(-0.,0.,-1.));
#5226 = DIRECTION('',(-0.990268068742,0.13917310096,0.));
#5227 = PCURVE('',#1669,#5228);
#5228 = DEFINITIONAL_REPRESENTATION('',(#5229),#5232);
#5229 = B_SPLINE_CURVE_WITH_KNOTS('',1,(#5230,#5231),.UNSPECIFIED.,.F.,
  .F.,(2,2),(0.,0.890117918517),.PIECEWISE_BEZIER_KNOTS.);
#5230 = CARTESIAN_POINT('',(-6.14355896702,0.));
#5231 = CARTESIAN_POINT('',(-5.253441048503,0.));
#5232 = ( GEOMETRIC_REPRESENTATION_CONTEXT(2) 
PARAMETRIC_REPRESENTATION_CONTEXT() REPRESENTATION_CONTEXT('2D SPACE',''
  ) );
#5233 = PCURVE('',#3199,#5234);
#5234 = DEFINITIONAL_REPRESENTATION('',(#5235),#5243);
#5235 = ( BOUNDED_CURVE() B_SPLINE_CURVE(2,(#5236,#5237,#5238,#5239,
#5240,#5241,#5242),.UNSPECIFIED.,.T.,.F.) B_SPLINE_CURVE_WITH_KNOTS((1,2
    ,2,2,2,1),(-2.094395102393,0.,2.094395102393,4.188790204786,
6.28318530718,8.377580409573),.UNSPECIFIED.) CURVE() 
GEOMETRIC_REPRESENTATION_ITEM() RATIONAL_B_SPLINE_CURVE((1.,0.5,1.,0.5,
1.,0.5,1.)) REPRESENTATION_ITEM('') );
#5236 = CARTESIAN_POINT('',(46.029640371246,-6.469044078827));
#5237 = CARTESIAN_POINT('',(34.824927350315,-86.19471985594));
#5238 = CARTESIAN_POINT('',(-28.61717669608,-36.62831584914));
#5239 = CARTESIAN_POINT('',(-92.05928074249,12.938088157653));
#5240 = CARTESIAN_POINT('',(-17.41246367515,43.097359927974));
#5241 = CARTESIAN_POINT('',(57.234353392176,73.256631698294));
#5242 = CARTESIAN_POINT('',(46.029640371246,-6.469044078827));
#5243 = ( GEOMETRIC_REPRESENTATION_CONTEXT(2) 
PARAMETRIC_REPRESENTATION_CONTEXT() REPRESENTATION_CONTEXT('2D SPACE',''
  ) );
#5244 = ORIENTED_EDGE('',*,*,#5245,.T.);
#5245 = EDGE_CURVE('',#5219,#5246,#5248,.T.);
#5246 = VERTEX_POINT('',#5247);
#5247 = CARTESIAN_POINT('',(23.685000202032,39.842850471236,-6.223));
#5248 = SURFACE_CURVE('',#5249,(#5253,#5259),.PCURVE_S1.);
#5249 = LINE('',#5250,#5251);
#5250 = CARTESIAN_POINT('',(23.685000202032,39.842850471236,-11.43));
#5251 = VECTOR('',#5252,1.);
#5252 = DIRECTION('',(0.,0.,1.));
#5253 = PCURVE('',#1669,#5254);
#5254 = DEFINITIONAL_REPRESENTATION('',(#5255),#5258);
#5255 = B_SPLINE_CURVE_WITH_KNOTS('',1,(#5256,#5257),.UNSPECIFIED.,.F.,
  .F.,(2,2),(0.,5.207),.PIECEWISE_BEZIER_KNOTS.);
#5256 = CARTESIAN_POINT('',(-5.253441048503,0.));
#5257 = CARTESIAN_POINT('',(-5.253441048503,-5.207));
#5258 = ( GEOMETRIC_REPRESENTATION_CONTEXT(2) 
PARAMETRIC_REPRESENTATION_CONTEXT() REPRESENTATION_CONTEXT('2D SPACE',''
  ) );
#5259 = PCURVE('',#3171,#5260);
#5260 = DEFINITIONAL_REPRESENTATION('',(#5261),#5265);
#5261 = LINE('',#5262,#5263);
#5262 = CARTESIAN_POINT('',(6.35,0.));
#5263 = VECTOR('',#5264,1.);
#5264 = DIRECTION('',(0.,-1.));
#5265 = ( GEOMETRIC_REPRESENTATION_CONTEXT(2) 
PARAMETRIC_REPRESENTATION_CONTEXT() REPRESENTATION_CONTEXT('2D SPACE',''
  ) );
#5266 = ORIENTED_EDGE('',*,*,#5267,.T.);
#5267 = EDGE_CURVE('',#5246,#5149,#5268,.T.);
#5268 = SURFACE_CURVE('',#5269,(#5274,#5280),.PCURVE_S1.);
#5269 = CIRCLE('',#5270,46.482);
#5270 = AXIS2_PLACEMENT_3D('',#5271,#5272,#5273);
#5271 = CARTESIAN_POINT('',(47.625,7.88860905221E-31,-6.223));
#5272 = DIRECTION('',(0.,0.,1.));
#5273 = DIRECTION('',(-1.,1.224646799147E-16,0.));
#5274 = PCURVE('',#1669,#5275);
#5275 = DEFINITIONAL_REPRESENTATION('',(#5276),#5279);
#5276 = B_SPLINE_CURVE_WITH_KNOTS('',1,(#5277,#5278),.UNSPECIFIED.,.F.,
  .F.,(2,2),(5.253441048503,5.724679946541),.PIECEWISE_BEZIER_KNOTS.);
#5277 = CARTESIAN_POINT('',(-5.253441048503,-5.207));
#5278 = CARTESIAN_POINT('',(-5.724679946541,-5.207));
#5279 = ( GEOMETRIC_REPRESENTATION_CONTEXT(2) 
PARAMETRIC_REPRESENTATION_CONTEXT() REPRESENTATION_CONTEXT('2D SPACE',''
  ) );
#5280 = PCURVE('',#3140,#5281);
#5281 = DEFINITIONAL_REPRESENTATION('',(#5282),#5286);
#5282 = CIRCLE('',#5283,46.482);
#5283 = AXIS2_PLACEMENT_2D('',#5284,#5285);
#5284 = CARTESIAN_POINT('',(0.,-5.219946054012E-15));
#5285 = DIRECTION('',(1.,0.));
#5286 = ( GEOMETRIC_REPRESENTATION_CONTEXT(2) 
PARAMETRIC_REPRESENTATION_CONTEXT() REPRESENTATION_CONTEXT('2D SPACE',''
  ) );
#5287 = ORIENTED_EDGE('',*,*,#5173,.T.);
#5288 = ORIENTED_EDGE('',*,*,#1648,.F.);
#5289 = ADVANCED_FACE('',(#5290),#1636,.T.);
#5290 = FACE_BOUND('',#5291,.T.);
#5291 = EDGE_LOOP('',(#5292,#5313,#5314,#5315));
#5292 = ORIENTED_EDGE('',*,*,#5293,.F.);
#5293 = EDGE_CURVE('',#5197,#3184,#5294,.T.);
#5294 = SURFACE_CURVE('',#5295,(#5299,#5306),.PCURVE_S1.);
#5295 = LINE('',#5296,#5297);
#5296 = CARTESIAN_POINT('',(-203.9030894603,35.349967643857,-11.43));
#5297 = VECTOR('',#5298,1.);
#5298 = DIRECTION('',(0.990268068742,-0.13917310096,0.));
#5299 = PCURVE('',#1636,#5300);
#5300 = DEFINITIONAL_REPRESENTATION('',(#5301),#5305);
#5301 = LINE('',#5302,#5303);
#5302 = CARTESIAN_POINT('',(-207.518,0.));
#5303 = VECTOR('',#5304,1.);
#5304 = DIRECTION('',(1.,0.));
#5305 = ( GEOMETRIC_REPRESENTATION_CONTEXT(2) 
PARAMETRIC_REPRESENTATION_CONTEXT() REPRESENTATION_CONTEXT('2D SPACE',''
  ) );
#5306 = PCURVE('',#3199,#5307);
#5307 = DEFINITIONAL_REPRESENTATION('',(#5308),#5312);
#5308 = LINE('',#5309,#5310);
#5309 = CARTESIAN_POINT('',(251.52808946035,-35.34996764385));
#5310 = VECTOR('',#5311,1.);
#5311 = DIRECTION('',(-0.990268068742,0.13917310096));
#5312 = ( GEOMETRIC_REPRESENTATION_CONTEXT(2) 
PARAMETRIC_REPRESENTATION_CONTEXT() REPRESENTATION_CONTEXT('2D SPACE',''
  ) );
#5313 = ORIENTED_EDGE('',*,*,#5196,.F.);
#5314 = ORIENTED_EDGE('',*,*,#1620,.F.);
#5315 = ORIENTED_EDGE('',*,*,#3215,.T.);
#5316 = ADVANCED_FACE('',(#5317),#1581,.T.);
#5317 = FACE_BOUND('',#5318,.T.);
#5318 = EDGE_LOOP('',(#5319,#5342,#5343,#5344));
#5319 = ORIENTED_EDGE('',*,*,#5320,.F.);
#5320 = EDGE_CURVE('',#3237,#5321,#5323,.T.);
#5321 = VERTEX_POINT('',#5322);
#5322 = CARTESIAN_POINT('',(87.043971605543,-24.63170724008,-6.223));
#5323 = SURFACE_CURVE('',#5324,(#5328,#5335),.PCURVE_S1.);
#5324 = LINE('',#5325,#5326);
#5325 = CARTESIAN_POINT('',(64.641933097475,-10.6333599561,-6.223));
#5326 = VECTOR('',#5327,1.);
#5327 = DIRECTION('',(0.848048096156,-0.529919264233,0.));
#5328 = PCURVE('',#1581,#5329);
#5329 = DEFINITIONAL_REPRESENTATION('',(#5330),#5334);
#5330 = LINE('',#5331,#5332);
#5331 = CARTESIAN_POINT('',(-20.066,-5.207));
#5332 = VECTOR('',#5333,1.);
#5333 = DIRECTION('',(1.,0.));
#5334 = ( GEOMETRIC_REPRESENTATION_CONTEXT(2) 
PARAMETRIC_REPRESENTATION_CONTEXT() REPRESENTATION_CONTEXT('2D SPACE',''
  ) );
#5335 = PCURVE('',#3274,#5336);
#5336 = DEFINITIONAL_REPRESENTATION('',(#5337),#5341);
#5337 = LINE('',#5338,#5339);
#5338 = CARTESIAN_POINT('',(-17.01693309747,10.633359956103));
#5339 = VECTOR('',#5340,1.);
#5340 = DIRECTION('',(-0.848048096156,0.529919264233));
#5341 = ( GEOMETRIC_REPRESENTATION_CONTEXT(2) 
PARAMETRIC_REPRESENTATION_CONTEXT() REPRESENTATION_CONTEXT('2D SPACE',''
  ) );
#5342 = ORIENTED_EDGE('',*,*,#3236,.F.);
#5343 = ORIENTED_EDGE('',*,*,#1565,.F.);
#5344 = ORIENTED_EDGE('',*,*,#5345,.F.);
#5345 = EDGE_CURVE('',#5321,#1534,#5346,.T.);
#5346 = SURFACE_CURVE('',#5347,(#5351,#5358),.PCURVE_S1.);
#5347 = LINE('',#5348,#5349);
#5348 = CARTESIAN_POINT('',(87.043971605542,-24.63170724008,-11.43));
#5349 = VECTOR('',#5350,1.);
#5350 = DIRECTION('',(0.,0.,1.));
#5351 = PCURVE('',#1581,#5352);
#5352 = DEFINITIONAL_REPRESENTATION('',(#5353),#5357);
#5353 = LINE('',#5354,#5355);
#5354 = CARTESIAN_POINT('',(6.35,0.));
#5355 = VECTOR('',#5356,1.);
#5356 = DIRECTION('',(0.,-1.));
#5357 = ( GEOMETRIC_REPRESENTATION_CONTEXT(2) 
PARAMETRIC_REPRESENTATION_CONTEXT() REPRESENTATION_CONTEXT('2D SPACE',''
  ) );
#5358 = PCURVE('',#1554,#5359);
#5359 = DEFINITIONAL_REPRESENTATION('',(#5360),#5363);
#5360 = B_SPLINE_CURVE_WITH_KNOTS('',1,(#5361,#5362),.UNSPECIFIED.,.F.,
  .F.,(2,2),(5.207,14.7828),.PIECEWISE_BEZIER_KNOTS.);
#5361 = CARTESIAN_POINT('',(-2.583087292952,-5.207));
#5362 = CARTESIAN_POINT('',(-2.583087292952,-14.7828));
#5363 = ( GEOMETRIC_REPRESENTATION_CONTEXT(2) 
PARAMETRIC_REPRESENTATION_CONTEXT() REPRESENTATION_CONTEXT('2D SPACE',''
  ) );
#5364 = ADVANCED_FACE('',(#5365),#1554,.F.);
#5365 = FACE_BOUND('',#5366,.T.);
#5366 = EDGE_LOOP('',(#5367,#5389,#5416,#5438,#5459,#5460));
#5367 = ORIENTED_EDGE('',*,*,#5368,.T.);
#5368 = EDGE_CURVE('',#1506,#5369,#5371,.T.);
#5369 = VERTEX_POINT('',#5370);
#5370 = CARTESIAN_POINT('',(93.654640371246,-6.469044078826,-11.43));
#5371 = SURFACE_CURVE('',#5372,(#5376,#5382),.PCURVE_S1.);
#5372 = LINE('',#5373,#5374);
#5373 = CARTESIAN_POINT('',(93.654640371246,-6.469044078826,5.8928));
#5374 = VECTOR('',#5375,1.);
#5375 = DIRECTION('',(-0.,0.,-1.));
#5376 = PCURVE('',#1554,#5377);
#5377 = DEFINITIONAL_REPRESENTATION('',(#5378),#5381);
#5378 = B_SPLINE_CURVE_WITH_KNOTS('',1,(#5379,#5380),.UNSPECIFIED.,.F.,
  .F.,(2,2),(2.54,17.3228),.PIECEWISE_BEZIER_KNOTS.);
#5379 = CARTESIAN_POINT('',(-3.00196631343,-14.7828));
#5380 = CARTESIAN_POINT('',(-3.00196631343,0.));
#5381 = ( GEOMETRIC_REPRESENTATION_CONTEXT(2) 
PARAMETRIC_REPRESENTATION_CONTEXT() REPRESENTATION_CONTEXT('2D SPACE',''
  ) );
#5382 = PCURVE('',#1521,#5383);
#5383 = DEFINITIONAL_REPRESENTATION('',(#5384),#5388);
#5384 = LINE('',#5385,#5386);
#5385 = CARTESIAN_POINT('',(-1.431977674374E-14,-17.3228));
#5386 = VECTOR('',#5387,1.);
#5387 = DIRECTION('',(0.,1.));
#5388 = ( GEOMETRIC_REPRESENTATION_CONTEXT(2) 
PARAMETRIC_REPRESENTATION_CONTEXT() REPRESENTATION_CONTEXT('2D SPACE',''
  ) );
#5389 = ORIENTED_EDGE('',*,*,#5390,.T.);
#5390 = EDGE_CURVE('',#5369,#5391,#5393,.T.);
#5391 = VERTEX_POINT('',#5392);
#5392 = CARTESIAN_POINT('',(71.564999797968,-39.84285047123,-11.43));
#5393 = SURFACE_CURVE('',#5394,(#5399,#5405),.PCURVE_S1.);
#5394 = CIRCLE('',#5395,46.482);
#5395 = AXIS2_PLACEMENT_3D('',#5396,#5397,#5398);
#5396 = CARTESIAN_POINT('',(47.625,7.88860905221E-31,-11.43));
#5397 = DIRECTION('',(0.,-0.,-1.));
#5398 = DIRECTION('',(0.990268068742,-0.13917310096,0.));
#5399 = PCURVE('',#1554,#5400);
#5400 = DEFINITIONAL_REPRESENTATION('',(#5401),#5404);
#5401 = B_SPLINE_CURVE_WITH_KNOTS('',1,(#5402,#5403),.UNSPECIFIED.,.F.,
  .F.,(2,2),(0.,0.890117918517),.PIECEWISE_BEZIER_KNOTS.);
#5402 = CARTESIAN_POINT('',(-3.00196631343,0.));
#5403 = CARTESIAN_POINT('',(-2.111848394913,0.));
#5404 = ( GEOMETRIC_REPRESENTATION_CONTEXT(2) 
PARAMETRIC_REPRESENTATION_CONTEXT() REPRESENTATION_CONTEXT('2D SPACE',''
  ) );
#5405 = PCURVE('',#3333,#5406);
#5406 = DEFINITIONAL_REPRESENTATION('',(#5407),#5415);
#5407 = ( BOUNDED_CURVE() B_SPLINE_CURVE(2,(#5408,#5409,#5410,#5411,
#5412,#5413,#5414),.UNSPECIFIED.,.T.,.F.) B_SPLINE_CURVE_WITH_KNOTS((1,2
    ,2,2,2,1),(-2.094395102393,0.,2.094395102393,4.188790204786,
6.28318530718,8.377580409573),.UNSPECIFIED.) CURVE() 
GEOMETRIC_REPRESENTATION_ITEM() RATIONAL_B_SPLINE_CURVE((1.,0.5,1.,0.5,
1.,0.5,1.)) REPRESENTATION_ITEM('') );
#5408 = CARTESIAN_POINT('',(-46.02964037124,6.469044078826));
#5409 = CARTESIAN_POINT('',(-34.82492735031,86.194719855947));
#5410 = CARTESIAN_POINT('',(28.617176696088,36.628315849147));
#5411 = CARTESIAN_POINT('',(92.059280742491,-12.93808815765));
#5412 = CARTESIAN_POINT('',(17.412463675158,-43.09735992797));
#5413 = CARTESIAN_POINT('',(-57.23435339217,-73.25663169829));
#5414 = CARTESIAN_POINT('',(-46.02964037124,6.469044078826));
#5415 = ( GEOMETRIC_REPRESENTATION_CONTEXT(2) 
PARAMETRIC_REPRESENTATION_CONTEXT() REPRESENTATION_CONTEXT('2D SPACE',''
  ) );
#5416 = ORIENTED_EDGE('',*,*,#5417,.T.);
#5417 = EDGE_CURVE('',#5391,#5418,#5420,.T.);
#5418 = VERTEX_POINT('',#5419);
#5419 = CARTESIAN_POINT('',(71.564999797968,-39.84285047123,-6.223));
#5420 = SURFACE_CURVE('',#5421,(#5425,#5431),.PCURVE_S1.);
#5421 = LINE('',#5422,#5423);
#5422 = CARTESIAN_POINT('',(71.564999797968,-39.84285047123,-11.43));
#5423 = VECTOR('',#5424,1.);
#5424 = DIRECTION('',(0.,0.,1.));
#5425 = PCURVE('',#1554,#5426);
#5426 = DEFINITIONAL_REPRESENTATION('',(#5427),#5430);
#5427 = B_SPLINE_CURVE_WITH_KNOTS('',1,(#5428,#5429),.UNSPECIFIED.,.F.,
  .F.,(2,2),(0.,5.207),.PIECEWISE_BEZIER_KNOTS.);
#5428 = CARTESIAN_POINT('',(-2.111848394913,0.));
#5429 = CARTESIAN_POINT('',(-2.111848394913,-5.207));
#5430 = ( GEOMETRIC_REPRESENTATION_CONTEXT(2) 
PARAMETRIC_REPRESENTATION_CONTEXT() REPRESENTATION_CONTEXT('2D SPACE',''
  ) );
#5431 = PCURVE('',#3305,#5432);
#5432 = DEFINITIONAL_REPRESENTATION('',(#5433),#5437);
#5433 = LINE('',#5434,#5435);
#5434 = CARTESIAN_POINT('',(6.35,0.));
#5435 = VECTOR('',#5436,1.);
#5436 = DIRECTION('',(0.,-1.));
#5437 = ( GEOMETRIC_REPRESENTATION_CONTEXT(2) 
PARAMETRIC_REPRESENTATION_CONTEXT() REPRESENTATION_CONTEXT('2D SPACE',''
  ) );
#5438 = ORIENTED_EDGE('',*,*,#5439,.T.);
#5439 = EDGE_CURVE('',#5418,#5321,#5440,.T.);
#5440 = SURFACE_CURVE('',#5441,(#5446,#5452),.PCURVE_S1.);
#5441 = CIRCLE('',#5442,46.482);
#5442 = AXIS2_PLACEMENT_3D('',#5443,#5444,#5445);
#5443 = CARTESIAN_POINT('',(47.625,7.88860905221E-31,-6.223));
#5444 = DIRECTION('',(0.,0.,1.));
#5445 = DIRECTION('',(-1.,1.224646799147E-16,0.));
#5446 = PCURVE('',#1554,#5447);
#5447 = DEFINITIONAL_REPRESENTATION('',(#5448),#5451);
#5448 = B_SPLINE_CURVE_WITH_KNOTS('',1,(#5449,#5450),.UNSPECIFIED.,.F.,
  .F.,(2,2),(2.111848394913,2.583087292952),.PIECEWISE_BEZIER_KNOTS.);
#5449 = CARTESIAN_POINT('',(-2.111848394913,-5.207));
#5450 = CARTESIAN_POINT('',(-2.583087292952,-5.207));
#5451 = ( GEOMETRIC_REPRESENTATION_CONTEXT(2) 
PARAMETRIC_REPRESENTATION_CONTEXT() REPRESENTATION_CONTEXT('2D SPACE',''
  ) );
#5452 = PCURVE('',#3274,#5453);
#5453 = DEFINITIONAL_REPRESENTATION('',(#5454),#5458);
#5454 = CIRCLE('',#5455,46.482);
#5455 = AXIS2_PLACEMENT_2D('',#5456,#5457);
#5456 = CARTESIAN_POINT('',(0.,-5.219946054012E-15));
#5457 = DIRECTION('',(1.,0.));
#5458 = ( GEOMETRIC_REPRESENTATION_CONTEXT(2) 
PARAMETRIC_REPRESENTATION_CONTEXT() REPRESENTATION_CONTEXT('2D SPACE',''
  ) );
#5459 = ORIENTED_EDGE('',*,*,#5345,.T.);
#5460 = ORIENTED_EDGE('',*,*,#1533,.F.);
#5461 = ADVANCED_FACE('',(#5462),#1521,.T.);
#5462 = FACE_BOUND('',#5463,.T.);
#5463 = EDGE_LOOP('',(#5464,#5485,#5486,#5487));
#5464 = ORIENTED_EDGE('',*,*,#5465,.F.);
#5465 = EDGE_CURVE('',#5369,#3318,#5466,.T.);
#5466 = SURFACE_CURVE('',#5467,(#5471,#5478),.PCURVE_S1.);
#5467 = LINE('',#5468,#5469);
#5468 = CARTESIAN_POINT('',(299.15308946035,-35.34996764385,-11.43));
#5469 = VECTOR('',#5470,1.);
#5470 = DIRECTION('',(-0.990268068742,0.13917310096,0.));
#5471 = PCURVE('',#1521,#5472);
#5472 = DEFINITIONAL_REPRESENTATION('',(#5473),#5477);
#5473 = LINE('',#5474,#5475);
#5474 = CARTESIAN_POINT('',(-207.518,0.));
#5475 = VECTOR('',#5476,1.);
#5476 = DIRECTION('',(1.,0.));
#5477 = ( GEOMETRIC_REPRESENTATION_CONTEXT(2) 
PARAMETRIC_REPRESENTATION_CONTEXT() REPRESENTATION_CONTEXT('2D SPACE',''
  ) );
#5478 = PCURVE('',#3333,#5479);
#5479 = DEFINITIONAL_REPRESENTATION('',(#5480),#5484);
#5480 = LINE('',#5481,#5482);
#5481 = CARTESIAN_POINT('',(-251.5280894603,35.349967643857));
#5482 = VECTOR('',#5483,1.);
#5483 = DIRECTION('',(0.990268068742,-0.13917310096));
#5484 = ( GEOMETRIC_REPRESENTATION_CONTEXT(2) 
PARAMETRIC_REPRESENTATION_CONTEXT() REPRESENTATION_CONTEXT('2D SPACE',''
  ) );
#5485 = ORIENTED_EDGE('',*,*,#5368,.F.);
#5486 = ORIENTED_EDGE('',*,*,#1505,.F.);
#5487 = ORIENTED_EDGE('',*,*,#3349,.T.);
#5488 = ADVANCED_FACE('',(#5489),#1748,.F.);
#5489 = FACE_BOUND('',#5490,.F.);
#5490 = EDGE_LOOP('',(#5491,#5492,#5493,#5494));
#5491 = ORIENTED_EDGE('',*,*,#1891,.F.);
#5492 = ORIENTED_EDGE('',*,*,#1732,.T.);
#5493 = ORIENTED_EDGE('',*,*,#1786,.T.);
#5494 = ORIENTED_EDGE('',*,*,#5495,.F.);
#5495 = EDGE_CURVE('',#1892,#1787,#5496,.T.);
#5496 = SURFACE_CURVE('',#5497,(#5501,#5508),.PCURVE_S1.);
#5497 = LINE('',#5498,#5499);
#5498 = CARTESIAN_POINT('',(-37.1475,-48.72564827685,-18.288));
#5499 = VECTOR('',#5500,1.);
#5500 = DIRECTION('',(-1.,1.224646799147E-16,0.));
#5501 = PCURVE('',#1748,#5502);
#5502 = DEFINITIONAL_REPRESENTATION('',(#5503),#5507);
#5503 = LINE('',#5504,#5505);
#5504 = CARTESIAN_POINT('',(0.,1.651));
#5505 = VECTOR('',#5506,1.);
#5506 = DIRECTION('',(1.,0.));
#5507 = ( GEOMETRIC_REPRESENTATION_CONTEXT(2) 
PARAMETRIC_REPRESENTATION_CONTEXT() REPRESENTATION_CONTEXT('2D SPACE',''
  ) );
#5508 = PCURVE('',#1825,#5509);
#5509 = DEFINITIONAL_REPRESENTATION('',(#5510),#5514);
#5510 = LINE('',#5511,#5512);
#5511 = CARTESIAN_POINT('',(4.013654086172,-17.78));
#5512 = VECTOR('',#5513,1.);
#5513 = DIRECTION('',(0.,1.));
#5514 = ( GEOMETRIC_REPRESENTATION_CONTEXT(2) 
PARAMETRIC_REPRESENTATION_CONTEXT() REPRESENTATION_CONTEXT('2D SPACE',''
  ) );
#5515 = ADVANCED_FACE('',(#5516),#1853,.F.);
#5516 = FACE_BOUND('',#5517,.F.);
#5517 = EDGE_LOOP('',(#5518,#5519,#5520,#5541));
#5518 = ORIENTED_EDGE('',*,*,#1986,.T.);
#5519 = ORIENTED_EDGE('',*,*,#1937,.T.);
#5520 = ORIENTED_EDGE('',*,*,#5521,.F.);
#5521 = EDGE_CURVE('',#1810,#1915,#5522,.T.);
#5522 = SURFACE_CURVE('',#5523,(#5527,#5534),.PCURVE_S1.);
#5523 = LINE('',#5524,#5525);
#5524 = CARTESIAN_POINT('',(-54.9275,-52.324,-16.51));
#5525 = VECTOR('',#5526,1.);
#5526 = DIRECTION('',(1.,-1.224646799147E-16,0.));
#5527 = PCURVE('',#1853,#5528);
#5528 = DEFINITIONAL_REPRESENTATION('',(#5529),#5533);
#5529 = LINE('',#5530,#5531);
#5530 = CARTESIAN_POINT('',(4.71576495634,0.));
#5531 = VECTOR('',#5532,1.);
#5532 = DIRECTION('',(0.,-1.));
#5533 = ( GEOMETRIC_REPRESENTATION_CONTEXT(2) 
PARAMETRIC_REPRESENTATION_CONTEXT() REPRESENTATION_CONTEXT('2D SPACE',''
  ) );
#5534 = PCURVE('',#1825,#5535);
#5535 = DEFINITIONAL_REPRESENTATION('',(#5536),#5540);
#5536 = LINE('',#5537,#5538);
#5537 = CARTESIAN_POINT('',(0.,0.));
#5538 = VECTOR('',#5539,1.);
#5539 = DIRECTION('',(-0.,-1.));
#5540 = ( GEOMETRIC_REPRESENTATION_CONTEXT(2) 
PARAMETRIC_REPRESENTATION_CONTEXT() REPRESENTATION_CONTEXT('2D SPACE',''
  ) );
#5541 = ORIENTED_EDGE('',*,*,#1837,.F.);
#5542 = ADVANCED_FACE('',(#5543),#1825,.F.);
#5543 = FACE_BOUND('',#5544,.F.);
#5544 = EDGE_LOOP('',(#5545,#5546,#5547,#5548));
#5545 = ORIENTED_EDGE('',*,*,#5521,.T.);
#5546 = ORIENTED_EDGE('',*,*,#1914,.T.);
#5547 = ORIENTED_EDGE('',*,*,#5495,.T.);
#5548 = ORIENTED_EDGE('',*,*,#1809,.F.);
#5549 = ADVANCED_FACE('',(#5550),#2051,.F.);
#5550 = FACE_BOUND('',#5551,.F.);
#5551 = EDGE_LOOP('',(#5552,#5553,#5554,#5555));
#5552 = ORIENTED_EDGE('',*,*,#2243,.F.);
#5553 = ORIENTED_EDGE('',*,*,#2035,.T.);
#5554 = ORIENTED_EDGE('',*,*,#2089,.T.);
#5555 = ORIENTED_EDGE('',*,*,#5556,.F.);
#5556 = EDGE_CURVE('',#2244,#2090,#5557,.T.);
#5557 = SURFACE_CURVE('',#5558,(#5562,#5569),.PCURVE_S1.);
#5558 = LINE('',#5559,#5560);
#5559 = CARTESIAN_POINT('',(54.9275,-48.72564827685,-18.288));
#5560 = VECTOR('',#5561,1.);
#5561 = DIRECTION('',(-1.,1.224646799147E-16,0.));
#5562 = PCURVE('',#2051,#5563);
#5563 = DEFINITIONAL_REPRESENTATION('',(#5564),#5568);
#5564 = LINE('',#5565,#5566);
#5565 = CARTESIAN_POINT('',(0.,1.651));
#5566 = VECTOR('',#5567,1.);
#5567 = DIRECTION('',(1.,0.));
#5568 = ( GEOMETRIC_REPRESENTATION_CONTEXT(2) 
PARAMETRIC_REPRESENTATION_CONTEXT() REPRESENTATION_CONTEXT('2D SPACE',''
  ) );
#5569 = PCURVE('',#2128,#5570);
#5570 = DEFINITIONAL_REPRESENTATION('',(#5571),#5575);
#5571 = LINE('',#5572,#5573);
#5572 = CARTESIAN_POINT('',(4.013654086172,-17.78));
#5573 = VECTOR('',#5574,1.);
#5574 = DIRECTION('',(0.,1.));
#5575 = ( GEOMETRIC_REPRESENTATION_CONTEXT(2) 
PARAMETRIC_REPRESENTATION_CONTEXT() REPRESENTATION_CONTEXT('2D SPACE',''
  ) );
#5576 = ADVANCED_FACE('',(#5577),#2156,.F.);
#5577 = FACE_BOUND('',#5578,.F.);
#5578 = EDGE_LOOP('',(#5579,#5580,#5581,#5602));
#5579 = ORIENTED_EDGE('',*,*,#2194,.T.);
#5580 = ORIENTED_EDGE('',*,*,#2289,.T.);
#5581 = ORIENTED_EDGE('',*,*,#5582,.F.);
#5582 = EDGE_CURVE('',#2113,#2267,#5583,.T.);
#5583 = SURFACE_CURVE('',#5584,(#5588,#5595),.PCURVE_S1.);
#5584 = LINE('',#5585,#5586);
#5585 = CARTESIAN_POINT('',(37.1475,-52.324,-16.51));
#5586 = VECTOR('',#5587,1.);
#5587 = DIRECTION('',(1.,-1.224646799147E-16,0.));
#5588 = PCURVE('',#2156,#5589);
#5589 = DEFINITIONAL_REPRESENTATION('',(#5590),#5594);
#5590 = LINE('',#5591,#5592);
#5591 = CARTESIAN_POINT('',(4.71576495634,0.));
#5592 = VECTOR('',#5593,1.);
#5593 = DIRECTION('',(0.,-1.));
#5594 = ( GEOMETRIC_REPRESENTATION_CONTEXT(2) 
PARAMETRIC_REPRESENTATION_CONTEXT() REPRESENTATION_CONTEXT('2D SPACE',''
  ) );
#5595 = PCURVE('',#2128,#5596);
#5596 = DEFINITIONAL_REPRESENTATION('',(#5597),#5601);
#5597 = LINE('',#5598,#5599);
#5598 = CARTESIAN_POINT('',(0.,0.));
#5599 = VECTOR('',#5600,1.);
#5600 = DIRECTION('',(-0.,-1.));
#5601 = ( GEOMETRIC_REPRESENTATION_CONTEXT(2) 
PARAMETRIC_REPRESENTATION_CONTEXT() REPRESENTATION_CONTEXT('2D SPACE',''
  ) );
#5602 = ORIENTED_EDGE('',*,*,#2140,.F.);
#5603 = ADVANCED_FACE('',(#5604),#2128,.F.);
#5604 = FACE_BOUND('',#5605,.F.);
#5605 = EDGE_LOOP('',(#5606,#5607,#5608,#5609));
#5606 = ORIENTED_EDGE('',*,*,#5582,.T.);
#5607 = ORIENTED_EDGE('',*,*,#2266,.T.);
#5608 = ORIENTED_EDGE('',*,*,#5556,.T.);
#5609 = ORIENTED_EDGE('',*,*,#2112,.F.);
#5610 = ADVANCED_FACE('',(#5611),#2354,.F.);
#5611 = FACE_BOUND('',#5612,.F.);
#5612 = EDGE_LOOP('',(#5613,#5614,#5615,#5616));
#5613 = ORIENTED_EDGE('',*,*,#2497,.F.);
#5614 = ORIENTED_EDGE('',*,*,#2338,.T.);
#5615 = ORIENTED_EDGE('',*,*,#2392,.T.);
#5616 = ORIENTED_EDGE('',*,*,#5617,.F.);
#5617 = EDGE_CURVE('',#2498,#2393,#5618,.T.);
#5618 = SURFACE_CURVE('',#5619,(#5623,#5630),.PCURVE_S1.);
#5619 = LINE('',#5620,#5621);
#5620 = CARTESIAN_POINT('',(-54.9275,48.725648276857,-18.288));
#5621 = VECTOR('',#5622,1.);
#5622 = DIRECTION('',(1.,0.,0.));
#5623 = PCURVE('',#2354,#5624);
#5624 = DEFINITIONAL_REPRESENTATION('',(#5625),#5629);
#5625 = LINE('',#5626,#5627);
#5626 = CARTESIAN_POINT('',(0.,1.651));
#5627 = VECTOR('',#5628,1.);
#5628 = DIRECTION('',(1.,0.));
#5629 = ( GEOMETRIC_REPRESENTATION_CONTEXT(2) 
PARAMETRIC_REPRESENTATION_CONTEXT() REPRESENTATION_CONTEXT('2D SPACE',''
  ) );
#5630 = PCURVE('',#2431,#5631);
#5631 = DEFINITIONAL_REPRESENTATION('',(#5632),#5636);
#5632 = LINE('',#5633,#5634);
#5633 = CARTESIAN_POINT('',(4.013654086172,-17.78));
#5634 = VECTOR('',#5635,1.);
#5635 = DIRECTION('',(0.,1.));
#5636 = ( GEOMETRIC_REPRESENTATION_CONTEXT(2) 
PARAMETRIC_REPRESENTATION_CONTEXT() REPRESENTATION_CONTEXT('2D SPACE',''
  ) );
#5637 = ADVANCED_FACE('',(#5638),#2459,.F.);
#5638 = FACE_BOUND('',#5639,.F.);
#5639 = EDGE_LOOP('',(#5640,#5641,#5642,#5663));
#5640 = ORIENTED_EDGE('',*,*,#2592,.T.);
#5641 = ORIENTED_EDGE('',*,*,#2543,.T.);
#5642 = ORIENTED_EDGE('',*,*,#5643,.F.);
#5643 = EDGE_CURVE('',#2416,#2521,#5644,.T.);
#5644 = SURFACE_CURVE('',#5645,(#5649,#5656),.PCURVE_S1.);
#5645 = LINE('',#5646,#5647);
#5646 = CARTESIAN_POINT('',(-37.1475,52.324,-16.51));
#5647 = VECTOR('',#5648,1.);
#5648 = DIRECTION('',(-1.,0.,0.));
#5649 = PCURVE('',#2459,#5650);
#5650 = DEFINITIONAL_REPRESENTATION('',(#5651),#5655);
#5651 = LINE('',#5652,#5653);
#5652 = CARTESIAN_POINT('',(4.71576495634,0.));
#5653 = VECTOR('',#5654,1.);
#5654 = DIRECTION('',(0.,-1.));
#5655 = ( GEOMETRIC_REPRESENTATION_CONTEXT(2) 
PARAMETRIC_REPRESENTATION_CONTEXT() REPRESENTATION_CONTEXT('2D SPACE',''
  ) );
#5656 = PCURVE('',#2431,#5657);
#5657 = DEFINITIONAL_REPRESENTATION('',(#5658),#5662);
#5658 = LINE('',#5659,#5660);
#5659 = CARTESIAN_POINT('',(0.,0.));
#5660 = VECTOR('',#5661,1.);
#5661 = DIRECTION('',(-0.,-1.));
#5662 = ( GEOMETRIC_REPRESENTATION_CONTEXT(2) 
PARAMETRIC_REPRESENTATION_CONTEXT() REPRESENTATION_CONTEXT('2D SPACE',''
  ) );
#5663 = ORIENTED_EDGE('',*,*,#2443,.F.);
#5664 = ADVANCED_FACE('',(#5665),#2431,.F.);
#5665 = FACE_BOUND('',#5666,.F.);
#5666 = EDGE_LOOP('',(#5667,#5668,#5669,#5670));
#5667 = ORIENTED_EDGE('',*,*,#5643,.T.);
#5668 = ORIENTED_EDGE('',*,*,#2520,.T.);
#5669 = ORIENTED_EDGE('',*,*,#5617,.T.);
#5670 = ORIENTED_EDGE('',*,*,#2415,.F.);
#5671 = ADVANCED_FACE('',(#5672,#5772,#5806),#2636,.F.);
#5672 = FACE_BOUND('',#5673,.F.);
#5673 = EDGE_LOOP('',(#5674,#5675,#5696,#5697,#5698,#5699,#5720,#5721,
    #5722,#5723,#5724,#5745,#5746,#5747,#5748,#5769,#5770,#5771));
#5674 = ORIENTED_EDGE('',*,*,#4358,.F.);
#5675 = ORIENTED_EDGE('',*,*,#5676,.T.);
#5676 = EDGE_CURVE('',#4334,#4162,#5677,.T.);
#5677 = SURFACE_CURVE('',#5678,(#5682,#5689),.PCURVE_S1.);
#5678 = LINE('',#5679,#5680);
#5679 = CARTESIAN_POINT('',(-52.03825,40.259,-17.78));
#5680 = VECTOR('',#5681,1.);
#5681 = DIRECTION('',(-1.,0.,0.));
#5682 = PCURVE('',#2636,#5683);
#5683 = DEFINITIONAL_REPRESENTATION('',(#5684),#5688);
#5684 = LINE('',#5685,#5686);
#5685 = CARTESIAN_POINT('',(-4.41325,40.259));
#5686 = VECTOR('',#5687,1.);
#5687 = DIRECTION('',(-1.,0.));
#5688 = ( GEOMETRIC_REPRESENTATION_CONTEXT(2) 
PARAMETRIC_REPRESENTATION_CONTEXT() REPRESENTATION_CONTEXT('2D SPACE',''
  ) );
#5689 = PCURVE('',#4179,#5690);
#5690 = DEFINITIONAL_REPRESENTATION('',(#5691),#5695);
#5691 = LINE('',#5692,#5693);
#5692 = CARTESIAN_POINT('',(2.032,4.41325));
#5693 = VECTOR('',#5694,1.);
#5694 = DIRECTION('',(0.,-1.));
#5695 = ( GEOMETRIC_REPRESENTATION_CONTEXT(2) 
PARAMETRIC_REPRESENTATION_CONTEXT() REPRESENTATION_CONTEXT('2D SPACE',''
  ) );
#5696 = ORIENTED_EDGE('',*,*,#4191,.T.);
#5697 = ORIENTED_EDGE('',*,*,#4035,.T.);
#5698 = ORIENTED_EDGE('',*,*,#3918,.F.);
#5699 = ORIENTED_EDGE('',*,*,#5700,.T.);
#5700 = EDGE_CURVE('',#3894,#2844,#5701,.T.);
#5701 = SURFACE_CURVE('',#5702,(#5706,#5713),.PCURVE_S1.);
#5702 = LINE('',#5703,#5704);
#5703 = CARTESIAN_POINT('',(-41.62425,-40.259,-17.78));
#5704 = VECTOR('',#5705,1.);
#5705 = DIRECTION('',(1.,-1.224646799147E-16,0.));
#5706 = PCURVE('',#2636,#5707);
#5707 = DEFINITIONAL_REPRESENTATION('',(#5708),#5712);
#5708 = LINE('',#5709,#5710);
#5709 = CARTESIAN_POINT('',(6.00075,-40.259));
#5710 = VECTOR('',#5711,1.);
#5711 = DIRECTION('',(1.,-1.224646799147E-16));
#5712 = ( GEOMETRIC_REPRESENTATION_CONTEXT(2) 
PARAMETRIC_REPRESENTATION_CONTEXT() REPRESENTATION_CONTEXT('2D SPACE',''
  ) );
#5713 = PCURVE('',#2861,#5714);
#5714 = DEFINITIONAL_REPRESENTATION('',(#5715),#5719);
#5715 = LINE('',#5716,#5717);
#5716 = CARTESIAN_POINT('',(2.032,6.00075));
#5717 = VECTOR('',#5718,1.);
#5718 = DIRECTION('',(0.,-1.));
#5719 = ( GEOMETRIC_REPRESENTATION_CONTEXT(2) 
PARAMETRIC_REPRESENTATION_CONTEXT() REPRESENTATION_CONTEXT('2D SPACE',''
  ) );
#5720 = ORIENTED_EDGE('',*,*,#2873,.T.);
#5721 = ORIENTED_EDGE('',*,*,#2691,.T.);
#5722 = ORIENTED_EDGE('',*,*,#2618,.T.);
#5723 = ORIENTED_EDGE('',*,*,#2769,.F.);
#5724 = ORIENTED_EDGE('',*,*,#5725,.T.);
#5725 = EDGE_CURVE('',#2740,#3800,#5726,.T.);
#5726 = SURFACE_CURVE('',#5727,(#5731,#5738),.PCURVE_S1.);
#5727 = LINE('',#5728,#5729);
#5728 = CARTESIAN_POINT('',(4.41325,-40.259,-17.78));
#5729 = VECTOR('',#5730,1.);
#5730 = DIRECTION('',(1.,-1.224646799147E-16,0.));
#5731 = PCURVE('',#2636,#5732);
#5732 = DEFINITIONAL_REPRESENTATION('',(#5733),#5737);
#5733 = LINE('',#5734,#5735);
#5734 = CARTESIAN_POINT('',(52.03825,-40.259));
#5735 = VECTOR('',#5736,1.);
#5736 = DIRECTION('',(1.,-1.224646799147E-16));
#5737 = ( GEOMETRIC_REPRESENTATION_CONTEXT(2) 
PARAMETRIC_REPRESENTATION_CONTEXT() REPRESENTATION_CONTEXT('2D SPACE',''
  ) );
#5738 = PCURVE('',#2757,#5739);
#5739 = DEFINITIONAL_REPRESENTATION('',(#5740),#5744);
#5740 = LINE('',#5741,#5742);
#5741 = CARTESIAN_POINT('',(2.032,52.03825));
#5742 = VECTOR('',#5743,1.);
#5743 = DIRECTION('',(0.,-1.));
#5744 = ( GEOMETRIC_REPRESENTATION_CONTEXT(2) 
PARAMETRIC_REPRESENTATION_CONTEXT() REPRESENTATION_CONTEXT('2D SPACE',''
  ) );
#5745 = ORIENTED_EDGE('',*,*,#3824,.T.);
#5746 = ORIENTED_EDGE('',*,*,#3987,.T.);
#5747 = ORIENTED_EDGE('',*,*,#4113,.F.);
#5748 = ORIENTED_EDGE('',*,*,#5749,.T.);
#5749 = EDGE_CURVE('',#4084,#4240,#5750,.T.);
#5750 = SURFACE_CURVE('',#5751,(#5755,#5762),.PCURVE_S1.);
#5751 = LINE('',#5752,#5753);
#5752 = CARTESIAN_POINT('',(-6.00075,40.259,-17.78));
#5753 = VECTOR('',#5754,1.);
#5754 = DIRECTION('',(-1.,0.,0.));
#5755 = PCURVE('',#2636,#5756);
#5756 = DEFINITIONAL_REPRESENTATION('',(#5757),#5761);
#5757 = LINE('',#5758,#5759);
#5758 = CARTESIAN_POINT('',(41.62425,40.259));
#5759 = VECTOR('',#5760,1.);
#5760 = DIRECTION('',(-1.,0.));
#5761 = ( GEOMETRIC_REPRESENTATION_CONTEXT(2) 
PARAMETRIC_REPRESENTATION_CONTEXT() REPRESENTATION_CONTEXT('2D SPACE',''
  ) );
#5762 = PCURVE('',#4101,#5763);
#5763 = DEFINITIONAL_REPRESENTATION('',(#5764),#5768);
#5764 = LINE('',#5765,#5766);
#5765 = CARTESIAN_POINT('',(2.032,-41.62425));
#5766 = VECTOR('',#5767,1.);
#5767 = DIRECTION('',(0.,-1.));
#5768 = ( GEOMETRIC_REPRESENTATION_CONTEXT(2) 
PARAMETRIC_REPRESENTATION_CONTEXT() REPRESENTATION_CONTEXT('2D SPACE',''
  ) );
#5769 = ORIENTED_EDGE('',*,*,#4264,.T.);
#5770 = ORIENTED_EDGE('',*,*,#4427,.T.);
#5771 = ORIENTED_EDGE('',*,*,#4474,.T.);
#5772 = FACE_BOUND('',#5773,.F.);
#5773 = EDGE_LOOP('',(#5774));
#5774 = ORIENTED_EDGE('',*,*,#5775,.T.);
#5775 = EDGE_CURVE('',#5776,#5776,#5778,.T.);
#5776 = VERTEX_POINT('',#5777);
#5777 = CARTESIAN_POINT('',(-44.45,0.,-17.78));
#5778 = SURFACE_CURVE('',#5779,(#5784,#5795),.PCURVE_S1.);
#5779 = CIRCLE('',#5780,3.175);
#5780 = AXIS2_PLACEMENT_3D('',#5781,#5782,#5783);
#5781 = CARTESIAN_POINT('',(-47.625,0.,-17.78));
#5782 = DIRECTION('',(0.,-0.,-1.));
#5783 = DIRECTION('',(1.,0.,-0.));
#5784 = PCURVE('',#2636,#5785);
#5785 = DEFINITIONAL_REPRESENTATION('',(#5786),#5794);
#5786 = ( BOUNDED_CURVE() B_SPLINE_CURVE(2,(#5787,#5788,#5789,#5790,
#5791,#5792,#5793),.UNSPECIFIED.,.T.,.F.) B_SPLINE_CURVE_WITH_KNOTS((1,2
    ,2,2,2,1),(-2.094395102393,0.,2.094395102393,4.188790204786,
6.28318530718,8.377580409573),.UNSPECIFIED.) CURVE() 
GEOMETRIC_REPRESENTATION_ITEM() RATIONAL_B_SPLINE_CURVE((1.,0.5,1.,0.5,
1.,0.5,1.)) REPRESENTATION_ITEM('') );
#5787 = CARTESIAN_POINT('',(3.175,-2.431054207236E-15));
#5788 = CARTESIAN_POINT('',(3.175,-5.499261314031));
#5789 = CARTESIAN_POINT('',(-1.5875,-2.749630657016));
#5790 = CARTESIAN_POINT('',(-6.35,-3.208704924695E-15));
#5791 = CARTESIAN_POINT('',(-1.5875,2.749630657016));
#5792 = CARTESIAN_POINT('',(3.175,5.499261314031));
#5793 = CARTESIAN_POINT('',(3.175,-2.431054207236E-15));
#5794 = ( GEOMETRIC_REPRESENTATION_CONTEXT(2) 
PARAMETRIC_REPRESENTATION_CONTEXT() REPRESENTATION_CONTEXT('2D SPACE',''
  ) );
#5795 = PCURVE('',#5796,#5801);
#5796 = CYLINDRICAL_SURFACE('',#5797,3.175);
#5797 = AXIS2_PLACEMENT_3D('',#5798,#5799,#5800);
#5798 = CARTESIAN_POINT('',(-47.625,0.,-22.86));
#5799 = DIRECTION('',(-0.,-0.,-1.));
#5800 = DIRECTION('',(1.,0.,-0.));
#5801 = DEFINITIONAL_REPRESENTATION('',(#5802),#5805);
#5802 = B_SPLINE_CURVE_WITH_KNOTS('',1,(#5803,#5804),.UNSPECIFIED.,.F.,
  .F.,(2,2),(0.,6.28318530718),.PIECEWISE_BEZIER_KNOTS.);
#5803 = CARTESIAN_POINT('',(-6.28318530718,-5.08));
#5804 = CARTESIAN_POINT('',(0.,-5.08));
#5805 = ( GEOMETRIC_REPRESENTATION_CONTEXT(2) 
PARAMETRIC_REPRESENTATION_CONTEXT() REPRESENTATION_CONTEXT('2D SPACE',''
  ) );
#5806 = FACE_BOUND('',#5807,.F.);
#5807 = EDGE_LOOP('',(#5808));
#5808 = ORIENTED_EDGE('',*,*,#5809,.T.);
#5809 = EDGE_CURVE('',#5810,#5810,#5812,.T.);
#5810 = VERTEX_POINT('',#5811);
#5811 = CARTESIAN_POINT('',(50.8,0.,-17.78));
#5812 = SURFACE_CURVE('',#5813,(#5818,#5829),.PCURVE_S1.);
#5813 = CIRCLE('',#5814,3.175);
#5814 = AXIS2_PLACEMENT_3D('',#5815,#5816,#5817);
#5815 = CARTESIAN_POINT('',(47.625,0.,-17.78));
#5816 = DIRECTION('',(0.,-0.,-1.));
#5817 = DIRECTION('',(1.,0.,-0.));
#5818 = PCURVE('',#2636,#5819);
#5819 = DEFINITIONAL_REPRESENTATION('',(#5820),#5828);
#5820 = ( BOUNDED_CURVE() B_SPLINE_CURVE(2,(#5821,#5822,#5823,#5824,
#5825,#5826,#5827),.UNSPECIFIED.,.T.,.F.) B_SPLINE_CURVE_WITH_KNOTS((1,2
    ,2,2,2,1),(-2.094395102393,0.,2.094395102393,4.188790204786,
6.28318530718,8.377580409573),.UNSPECIFIED.) CURVE() 
GEOMETRIC_REPRESENTATION_ITEM() RATIONAL_B_SPLINE_CURVE((1.,0.5,1.,0.5,
1.,0.5,1.)) REPRESENTATION_ITEM('') );
#5821 = CARTESIAN_POINT('',(98.425,-2.431054207236E-15));
#5822 = CARTESIAN_POINT('',(98.425,-5.499261314031));
#5823 = CARTESIAN_POINT('',(93.6625,-2.749630657016));
#5824 = CARTESIAN_POINT('',(88.9,-3.208704924695E-15));
#5825 = CARTESIAN_POINT('',(93.6625,2.749630657016));
#5826 = CARTESIAN_POINT('',(98.425,5.499261314031));
#5827 = CARTESIAN_POINT('',(98.425,-2.431054207236E-15));
#5828 = ( GEOMETRIC_REPRESENTATION_CONTEXT(2) 
PARAMETRIC_REPRESENTATION_CONTEXT() REPRESENTATION_CONTEXT('2D SPACE',''
  ) );
#5829 = PCURVE('',#5830,#5835);
#5830 = CYLINDRICAL_SURFACE('',#5831,3.175);
#5831 = AXIS2_PLACEMENT_3D('',#5832,#5833,#5834);
#5832 = CARTESIAN_POINT('',(47.625,0.,-22.86));
#5833 = DIRECTION('',(-0.,-0.,-1.));
#5834 = DIRECTION('',(1.,0.,-0.));
#5835 = DEFINITIONAL_REPRESENTATION('',(#5836),#5839);
#5836 = B_SPLINE_CURVE_WITH_KNOTS('',1,(#5837,#5838),.UNSPECIFIED.,.F.,
  .F.,(2,2),(0.,6.28318530718),.PIECEWISE_BEZIER_KNOTS.);
#5837 = CARTESIAN_POINT('',(-6.28318530718,-5.08));
#5838 = CARTESIAN_POINT('',(0.,-5.08));
#5839 = ( GEOMETRIC_REPRESENTATION_CONTEXT(2) 
PARAMETRIC_REPRESENTATION_CONTEXT() REPRESENTATION_CONTEXT('2D SPACE',''
  ) );
#5840 = ADVANCED_FACE('',(#5841),#2757,.T.);
#5841 = FACE_BOUND('',#5842,.T.);
#5842 = EDGE_LOOP('',(#5843,#5844,#5845,#5846));
#5843 = ORIENTED_EDGE('',*,*,#2739,.F.);
#5844 = ORIENTED_EDGE('',*,*,#5725,.T.);
#5845 = ORIENTED_EDGE('',*,*,#3799,.T.);
#5846 = ORIENTED_EDGE('',*,*,#5847,.F.);
#5847 = EDGE_CURVE('',#2742,#3802,#5848,.T.);
#5848 = SURFACE_CURVE('',#5849,(#5853,#5860),.PCURVE_S1.);
#5849 = LINE('',#5850,#5851);
#5850 = CARTESIAN_POINT('',(52.03825,-40.259,-13.97));
#5851 = VECTOR('',#5852,1.);
#5852 = DIRECTION('',(1.,-1.224646799147E-16,0.));
#5853 = PCURVE('',#2757,#5854);
#5854 = DEFINITIONAL_REPRESENTATION('',(#5855),#5859);
#5855 = LINE('',#5856,#5857);
#5856 = CARTESIAN_POINT('',(5.842,4.41325));
#5857 = VECTOR('',#5858,1.);
#5858 = DIRECTION('',(0.,-1.));
#5859 = ( GEOMETRIC_REPRESENTATION_CONTEXT(2) 
PARAMETRIC_REPRESENTATION_CONTEXT() REPRESENTATION_CONTEXT('2D SPACE',''
  ) );
#5860 = PCURVE('',#2828,#5861);
#5861 = DEFINITIONAL_REPRESENTATION('',(#5862),#5866);
#5862 = LINE('',#5863,#5864);
#5863 = CARTESIAN_POINT('',(4.41325,-40.259));
#5864 = VECTOR('',#5865,1.);
#5865 = DIRECTION('',(1.,-1.224646799147E-16));
#5866 = ( GEOMETRIC_REPRESENTATION_CONTEXT(2) 
PARAMETRIC_REPRESENTATION_CONTEXT() REPRESENTATION_CONTEXT('2D SPACE',''
  ) );
#5867 = ADVANCED_FACE('',(#5868,#5899),#2828,.T.);
#5868 = FACE_BOUND('',#5869,.T.);
#5869 = EDGE_LOOP('',(#5870,#5871,#5872,#5873,#5874,#5875,#5876,#5877,
    #5878));
#5870 = ORIENTED_EDGE('',*,*,#4309,.T.);
#5871 = ORIENTED_EDGE('',*,*,#3013,.T.);
#5872 = ORIENTED_EDGE('',*,*,#2814,.F.);
#5873 = ORIENTED_EDGE('',*,*,#5847,.T.);
#5874 = ORIENTED_EDGE('',*,*,#3869,.T.);
#5875 = ORIENTED_EDGE('',*,*,#2968,.T.);
#5876 = ORIENTED_EDGE('',*,*,#3079,.T.);
#5877 = ORIENTED_EDGE('',*,*,#4137,.F.);
#5878 = ORIENTED_EDGE('',*,*,#5879,.T.);
#5879 = EDGE_CURVE('',#4086,#4242,#5880,.T.);
#5880 = SURFACE_CURVE('',#5881,(#5885,#5892),.PCURVE_S1.);
#5881 = LINE('',#5882,#5883);
#5882 = CARTESIAN_POINT('',(41.62425,40.259,-13.97));
#5883 = VECTOR('',#5884,1.);
#5884 = DIRECTION('',(-1.,0.,0.));
#5885 = PCURVE('',#2828,#5886);
#5886 = DEFINITIONAL_REPRESENTATION('',(#5887),#5891);
#5887 = LINE('',#5888,#5889);
#5888 = CARTESIAN_POINT('',(-6.00075,40.259));
#5889 = VECTOR('',#5890,1.);
#5890 = DIRECTION('',(-1.,0.));
#5891 = ( GEOMETRIC_REPRESENTATION_CONTEXT(2) 
PARAMETRIC_REPRESENTATION_CONTEXT() REPRESENTATION_CONTEXT('2D SPACE',''
  ) );
#5892 = PCURVE('',#4101,#5893);
#5893 = DEFINITIONAL_REPRESENTATION('',(#5894),#5898);
#5894 = LINE('',#5895,#5896);
#5895 = CARTESIAN_POINT('',(5.842,6.00075));
#5896 = VECTOR('',#5897,1.);
#5897 = DIRECTION('',(0.,-1.));
#5898 = ( GEOMETRIC_REPRESENTATION_CONTEXT(2) 
PARAMETRIC_REPRESENTATION_CONTEXT() REPRESENTATION_CONTEXT('2D SPACE',''
  ) );
#5899 = FACE_BOUND('',#5900,.T.);
#5900 = EDGE_LOOP('',(#5901));
#5901 = ORIENTED_EDGE('',*,*,#5902,.T.);
#5902 = EDGE_CURVE('',#5903,#5903,#5905,.T.);
#5903 = VERTEX_POINT('',#5904);
#5904 = CARTESIAN_POINT('',(50.8,0.,-13.97));
#5905 = SURFACE_CURVE('',#5906,(#5911,#5922),.PCURVE_S1.);
#5906 = CIRCLE('',#5907,3.175);
#5907 = AXIS2_PLACEMENT_3D('',#5908,#5909,#5910);
#5908 = CARTESIAN_POINT('',(47.625,0.,-13.97));
#5909 = DIRECTION('',(0.,-0.,-1.));
#5910 = DIRECTION('',(1.,0.,-0.));
#5911 = PCURVE('',#2828,#5912);
#5912 = DEFINITIONAL_REPRESENTATION('',(#5913),#5921);
#5913 = ( BOUNDED_CURVE() B_SPLINE_CURVE(2,(#5914,#5915,#5916,#5917,
#5918,#5919,#5920),.UNSPECIFIED.,.T.,.F.) B_SPLINE_CURVE_WITH_KNOTS((1,2
    ,2,2,2,1),(-2.094395102393,0.,2.094395102393,4.188790204786,
6.28318530718,8.377580409573),.UNSPECIFIED.) CURVE() 
GEOMETRIC_REPRESENTATION_ITEM() RATIONAL_B_SPLINE_CURVE((1.,0.5,1.,0.5,
1.,0.5,1.)) REPRESENTATION_ITEM('') );
#5914 = CARTESIAN_POINT('',(3.175,-3.447273502129E-15));
#5915 = CARTESIAN_POINT('',(3.175,-5.499261314031));
#5916 = CARTESIAN_POINT('',(-1.5875,-2.749630657016));
#5917 = CARTESIAN_POINT('',(-6.35,-4.224924219587E-15));
#5918 = CARTESIAN_POINT('',(-1.5875,2.749630657016));
#5919 = CARTESIAN_POINT('',(3.175,5.499261314031));
#5920 = CARTESIAN_POINT('',(3.175,-3.447273502129E-15));
#5921 = ( GEOMETRIC_REPRESENTATION_CONTEXT(2) 
PARAMETRIC_REPRESENTATION_CONTEXT() REPRESENTATION_CONTEXT('2D SPACE',''
  ) );
#5922 = PCURVE('',#5830,#5923);
#5923 = DEFINITIONAL_REPRESENTATION('',(#5924),#5927);
#5924 = B_SPLINE_CURVE_WITH_KNOTS('',1,(#5925,#5926),.UNSPECIFIED.,.F.,
  .F.,(2,2),(0.,6.28318530718),.PIECEWISE_BEZIER_KNOTS.);
#5925 = CARTESIAN_POINT('',(-6.28318530718,-8.89));
#5926 = CARTESIAN_POINT('',(0.,-8.89));
#5927 = ( GEOMETRIC_REPRESENTATION_CONTEXT(2) 
PARAMETRIC_REPRESENTATION_CONTEXT() REPRESENTATION_CONTEXT('2D SPACE',''
  ) );
#5928 = ADVANCED_FACE('',(#5929),#2861,.T.);
#5929 = FACE_BOUND('',#5930,.T.);
#5930 = EDGE_LOOP('',(#5931,#5932,#5933,#5934));
#5931 = ORIENTED_EDGE('',*,*,#3893,.F.);
#5932 = ORIENTED_EDGE('',*,*,#5700,.T.);
#5933 = ORIENTED_EDGE('',*,*,#2843,.T.);
#5934 = ORIENTED_EDGE('',*,*,#5935,.F.);
#5935 = EDGE_CURVE('',#3896,#2846,#5936,.T.);
#5936 = SURFACE_CURVE('',#5937,(#5941,#5948),.PCURVE_S1.);
#5937 = LINE('',#5938,#5939);
#5938 = CARTESIAN_POINT('',(-41.62425,-40.259,-13.97));
#5939 = VECTOR('',#5940,1.);
#5940 = DIRECTION('',(1.,-1.224646799147E-16,0.));
#5941 = PCURVE('',#2861,#5942);
#5942 = DEFINITIONAL_REPRESENTATION('',(#5943),#5947);
#5943 = LINE('',#5944,#5945);
#5944 = CARTESIAN_POINT('',(5.842,6.00075));
#5945 = VECTOR('',#5946,1.);
#5946 = DIRECTION('',(0.,-1.));
#5947 = ( GEOMETRIC_REPRESENTATION_CONTEXT(2) 
PARAMETRIC_REPRESENTATION_CONTEXT() REPRESENTATION_CONTEXT('2D SPACE',''
  ) );
#5948 = PCURVE('',#2932,#5949);
#5949 = DEFINITIONAL_REPRESENTATION('',(#5950),#5954);
#5950 = LINE('',#5951,#5952);
#5951 = CARTESIAN_POINT('',(6.00075,-40.259));
#5952 = VECTOR('',#5953,1.);
#5953 = DIRECTION('',(1.,-1.224646799147E-16));
#5954 = ( GEOMETRIC_REPRESENTATION_CONTEXT(2) 
PARAMETRIC_REPRESENTATION_CONTEXT() REPRESENTATION_CONTEXT('2D SPACE',''
  ) );
#5955 = ADVANCED_FACE('',(#5956,#5987),#2932,.T.);
#5956 = FACE_BOUND('',#5957,.T.);
#5957 = EDGE_LOOP('',(#5958,#5959,#5960,#5961,#5962,#5963,#5964,#5965,
    #5966));
#5958 = ORIENTED_EDGE('',*,*,#4215,.T.);
#5959 = ORIENTED_EDGE('',*,*,#3439,.T.);
#5960 = ORIENTED_EDGE('',*,*,#3963,.F.);
#5961 = ORIENTED_EDGE('',*,*,#5935,.T.);
#5962 = ORIENTED_EDGE('',*,*,#2918,.T.);
#5963 = ORIENTED_EDGE('',*,*,#3394,.T.);
#5964 = ORIENTED_EDGE('',*,*,#3505,.T.);
#5965 = ORIENTED_EDGE('',*,*,#4403,.F.);
#5966 = ORIENTED_EDGE('',*,*,#5967,.T.);
#5967 = EDGE_CURVE('',#4336,#4164,#5968,.T.);
#5968 = SURFACE_CURVE('',#5969,(#5973,#5980),.PCURVE_S1.);
#5969 = LINE('',#5970,#5971);
#5970 = CARTESIAN_POINT('',(-52.03825,40.259,-13.97));
#5971 = VECTOR('',#5972,1.);
#5972 = DIRECTION('',(-1.,0.,0.));
#5973 = PCURVE('',#2932,#5974);
#5974 = DEFINITIONAL_REPRESENTATION('',(#5975),#5979);
#5975 = LINE('',#5976,#5977);
#5976 = CARTESIAN_POINT('',(-4.41325,40.259));
#5977 = VECTOR('',#5978,1.);
#5978 = DIRECTION('',(-1.,0.));
#5979 = ( GEOMETRIC_REPRESENTATION_CONTEXT(2) 
PARAMETRIC_REPRESENTATION_CONTEXT() REPRESENTATION_CONTEXT('2D SPACE',''
  ) );
#5980 = PCURVE('',#4179,#5981);
#5981 = DEFINITIONAL_REPRESENTATION('',(#5982),#5986);
#5982 = LINE('',#5983,#5984);
#5983 = CARTESIAN_POINT('',(5.842,4.41325));
#5984 = VECTOR('',#5985,1.);
#5985 = DIRECTION('',(0.,-1.));
#5986 = ( GEOMETRIC_REPRESENTATION_CONTEXT(2) 
PARAMETRIC_REPRESENTATION_CONTEXT() REPRESENTATION_CONTEXT('2D SPACE',''
  ) );
#5987 = FACE_BOUND('',#5988,.T.);
#5988 = EDGE_LOOP('',(#5989));
#5989 = ORIENTED_EDGE('',*,*,#5990,.T.);
#5990 = EDGE_CURVE('',#5991,#5991,#5993,.T.);
#5991 = VERTEX_POINT('',#5992);
#5992 = CARTESIAN_POINT('',(-44.45,0.,-13.97));
#5993 = SURFACE_CURVE('',#5994,(#5999,#6010),.PCURVE_S1.);
#5994 = CIRCLE('',#5995,3.175);
#5995 = AXIS2_PLACEMENT_3D('',#5996,#5997,#5998);
#5996 = CARTESIAN_POINT('',(-47.625,0.,-13.97));
#5997 = DIRECTION('',(0.,-0.,-1.));
#5998 = DIRECTION('',(1.,0.,-0.));
#5999 = PCURVE('',#2932,#6000);
#6000 = DEFINITIONAL_REPRESENTATION('',(#6001),#6009);
#6001 = ( BOUNDED_CURVE() B_SPLINE_CURVE(2,(#6002,#6003,#6004,#6005,
#6006,#6007,#6008),.UNSPECIFIED.,.T.,.F.) B_SPLINE_CURVE_WITH_KNOTS((1,2
    ,2,2,2,1),(-2.094395102393,0.,2.094395102393,4.188790204786,
6.28318530718,8.377580409573),.UNSPECIFIED.) CURVE() 
GEOMETRIC_REPRESENTATION_ITEM() RATIONAL_B_SPLINE_CURVE((1.,0.5,1.,0.5,
1.,0.5,1.)) REPRESENTATION_ITEM('') );
#6002 = CARTESIAN_POINT('',(3.175,-3.447273502129E-15));
#6003 = CARTESIAN_POINT('',(3.175,-5.499261314031));
#6004 = CARTESIAN_POINT('',(-1.5875,-2.749630657016));
#6005 = CARTESIAN_POINT('',(-6.35,-4.224924219587E-15));
#6006 = CARTESIAN_POINT('',(-1.5875,2.749630657016));
#6007 = CARTESIAN_POINT('',(3.175,5.499261314031));
#6008 = CARTESIAN_POINT('',(3.175,-3.447273502129E-15));
#6009 = ( GEOMETRIC_REPRESENTATION_CONTEXT(2) 
PARAMETRIC_REPRESENTATION_CONTEXT() REPRESENTATION_CONTEXT('2D SPACE',''
  ) );
#6010 = PCURVE('',#5796,#6011);
#6011 = DEFINITIONAL_REPRESENTATION('',(#6012),#6015);
#6012 = B_SPLINE_CURVE_WITH_KNOTS('',1,(#6013,#6014),.UNSPECIFIED.,.F.,
  .F.,(2,2),(0.,6.28318530718),.PIECEWISE_BEZIER_KNOTS.);
#6013 = CARTESIAN_POINT('',(-6.28318530718,-8.89));
#6014 = CARTESIAN_POINT('',(0.,-8.89));
#6015 = ( GEOMETRIC_REPRESENTATION_CONTEXT(2) 
PARAMETRIC_REPRESENTATION_CONTEXT() REPRESENTATION_CONTEXT('2D SPACE',''
  ) );
#6016 = ADVANCED_FACE('',(#6017),#3333,.T.);
#6017 = FACE_BOUND('',#6018,.T.);
#6018 = EDGE_LOOP('',(#6019,#6020,#6041,#6042));
#6019 = ORIENTED_EDGE('',*,*,#3317,.T.);
#6020 = ORIENTED_EDGE('',*,*,#6021,.T.);
#6021 = EDGE_CURVE('',#3291,#5391,#6022,.T.);
#6022 = SURFACE_CURVE('',#6023,(#6027,#6034),.PCURVE_S1.);
#6023 = LINE('',#6024,#6025);
#6024 = CARTESIAN_POINT('',(47.625,7.88860905221E-31,-11.43));
#6025 = VECTOR('',#6026,1.);
#6026 = DIRECTION('',(0.51503807491,-0.857167300702,0.));
#6027 = PCURVE('',#3333,#6028);
#6028 = DEFINITIONAL_REPRESENTATION('',(#6029),#6033);
#6029 = LINE('',#6030,#6031);
#6030 = CARTESIAN_POINT('',(0.,-5.219946054012E-15));
#6031 = VECTOR('',#6032,1.);
#6032 = DIRECTION('',(-0.51503807491,0.857167300702));
#6033 = ( GEOMETRIC_REPRESENTATION_CONTEXT(2) 
PARAMETRIC_REPRESENTATION_CONTEXT() REPRESENTATION_CONTEXT('2D SPACE',''
  ) );
#6034 = PCURVE('',#3305,#6035);
#6035 = DEFINITIONAL_REPRESENTATION('',(#6036),#6040);
#6036 = LINE('',#6037,#6038);
#6037 = CARTESIAN_POINT('',(-40.132,0.));
#6038 = VECTOR('',#6039,1.);
#6039 = DIRECTION('',(1.,0.));
#6040 = ( GEOMETRIC_REPRESENTATION_CONTEXT(2) 
PARAMETRIC_REPRESENTATION_CONTEXT() REPRESENTATION_CONTEXT('2D SPACE',''
  ) );
#6041 = ORIENTED_EDGE('',*,*,#5390,.F.);
#6042 = ORIENTED_EDGE('',*,*,#5465,.T.);
#6043 = ADVANCED_FACE('',(#6044),#3305,.T.);
#6044 = FACE_BOUND('',#6045,.T.);
#6045 = EDGE_LOOP('',(#6046,#6047,#6048,#6069));
#6046 = ORIENTED_EDGE('',*,*,#6021,.F.);
#6047 = ORIENTED_EDGE('',*,*,#3290,.F.);
#6048 = ORIENTED_EDGE('',*,*,#6049,.T.);
#6049 = EDGE_CURVE('',#3259,#5418,#6050,.T.);
#6050 = SURFACE_CURVE('',#6051,(#6055,#6062),.PCURVE_S1.);
#6051 = LINE('',#6052,#6053);
#6052 = CARTESIAN_POINT('',(47.625,7.88860905221E-31,-6.223));
#6053 = VECTOR('',#6054,1.);
#6054 = DIRECTION('',(0.51503807491,-0.857167300702,0.));
#6055 = PCURVE('',#3305,#6056);
#6056 = DEFINITIONAL_REPRESENTATION('',(#6057),#6061);
#6057 = LINE('',#6058,#6059);
#6058 = CARTESIAN_POINT('',(-40.132,-5.207));
#6059 = VECTOR('',#6060,1.);
#6060 = DIRECTION('',(1.,0.));
#6061 = ( GEOMETRIC_REPRESENTATION_CONTEXT(2) 
PARAMETRIC_REPRESENTATION_CONTEXT() REPRESENTATION_CONTEXT('2D SPACE',''
  ) );
#6062 = PCURVE('',#3274,#6063);
#6063 = DEFINITIONAL_REPRESENTATION('',(#6064),#6068);
#6064 = LINE('',#6065,#6066);
#6065 = CARTESIAN_POINT('',(0.,-5.219946054012E-15));
#6066 = VECTOR('',#6067,1.);
#6067 = DIRECTION('',(-0.51503807491,0.857167300702));
#6068 = ( GEOMETRIC_REPRESENTATION_CONTEXT(2) 
PARAMETRIC_REPRESENTATION_CONTEXT() REPRESENTATION_CONTEXT('2D SPACE',''
  ) );
#6069 = ORIENTED_EDGE('',*,*,#5417,.F.);
#6070 = ADVANCED_FACE('',(#6071),#3274,.F.);
#6071 = FACE_BOUND('',#6072,.F.);
#6072 = EDGE_LOOP('',(#6073,#6074,#6075,#6076));
#6073 = ORIENTED_EDGE('',*,*,#3258,.T.);
#6074 = ORIENTED_EDGE('',*,*,#6049,.T.);
#6075 = ORIENTED_EDGE('',*,*,#5439,.T.);
#6076 = ORIENTED_EDGE('',*,*,#5320,.F.);
#6077 = ADVANCED_FACE('',(#6078),#3199,.T.);
#6078 = FACE_BOUND('',#6079,.T.);
#6079 = EDGE_LOOP('',(#6080,#6081,#6102,#6103));
#6080 = ORIENTED_EDGE('',*,*,#3183,.T.);
#6081 = ORIENTED_EDGE('',*,*,#6082,.T.);
#6082 = EDGE_CURVE('',#3157,#5219,#6083,.T.);
#6083 = SURFACE_CURVE('',#6084,(#6088,#6095),.PCURVE_S1.);
#6084 = LINE('',#6085,#6086);
#6085 = CARTESIAN_POINT('',(47.625,7.88860905221E-31,-11.43));
#6086 = VECTOR('',#6087,1.);
#6087 = DIRECTION('',(-0.51503807491,0.857167300702,0.));
#6088 = PCURVE('',#3199,#6089);
#6089 = DEFINITIONAL_REPRESENTATION('',(#6090),#6094);
#6090 = LINE('',#6091,#6092);
#6091 = CARTESIAN_POINT('',(0.,-5.219946054012E-15));
#6092 = VECTOR('',#6093,1.);
#6093 = DIRECTION('',(0.51503807491,-0.857167300702));
#6094 = ( GEOMETRIC_REPRESENTATION_CONTEXT(2) 
PARAMETRIC_REPRESENTATION_CONTEXT() REPRESENTATION_CONTEXT('2D SPACE',''
  ) );
#6095 = PCURVE('',#3171,#6096);
#6096 = DEFINITIONAL_REPRESENTATION('',(#6097),#6101);
#6097 = LINE('',#6098,#6099);
#6098 = CARTESIAN_POINT('',(-40.132,0.));
#6099 = VECTOR('',#6100,1.);
#6100 = DIRECTION('',(1.,0.));
#6101 = ( GEOMETRIC_REPRESENTATION_CONTEXT(2) 
PARAMETRIC_REPRESENTATION_CONTEXT() REPRESENTATION_CONTEXT('2D SPACE',''
  ) );
#6102 = ORIENTED_EDGE('',*,*,#5218,.F.);
#6103 = ORIENTED_EDGE('',*,*,#5293,.T.);
#6104 = ADVANCED_FACE('',(#6105),#3171,.T.);
#6105 = FACE_BOUND('',#6106,.T.);
#6106 = EDGE_LOOP('',(#6107,#6108,#6109,#6130));
#6107 = ORIENTED_EDGE('',*,*,#6082,.F.);
#6108 = ORIENTED_EDGE('',*,*,#3156,.F.);
#6109 = ORIENTED_EDGE('',*,*,#6110,.T.);
#6110 = EDGE_CURVE('',#3125,#5246,#6111,.T.);
#6111 = SURFACE_CURVE('',#6112,(#6116,#6123),.PCURVE_S1.);
#6112 = LINE('',#6113,#6114);
#6113 = CARTESIAN_POINT('',(47.625,7.88860905221E-31,-6.223));
#6114 = VECTOR('',#6115,1.);
#6115 = DIRECTION('',(-0.51503807491,0.857167300702,0.));
#6116 = PCURVE('',#3171,#6117);
#6117 = DEFINITIONAL_REPRESENTATION('',(#6118),#6122);
#6118 = LINE('',#6119,#6120);
#6119 = CARTESIAN_POINT('',(-40.132,-5.207));
#6120 = VECTOR('',#6121,1.);
#6121 = DIRECTION('',(1.,0.));
#6122 = ( GEOMETRIC_REPRESENTATION_CONTEXT(2) 
PARAMETRIC_REPRESENTATION_CONTEXT() REPRESENTATION_CONTEXT('2D SPACE',''
  ) );
#6123 = PCURVE('',#3140,#6124);
#6124 = DEFINITIONAL_REPRESENTATION('',(#6125),#6129);
#6125 = LINE('',#6126,#6127);
#6126 = CARTESIAN_POINT('',(0.,-5.219946054012E-15));
#6127 = VECTOR('',#6128,1.);
#6128 = DIRECTION('',(0.51503807491,-0.857167300702));
#6129 = ( GEOMETRIC_REPRESENTATION_CONTEXT(2) 
PARAMETRIC_REPRESENTATION_CONTEXT() REPRESENTATION_CONTEXT('2D SPACE',''
  ) );
#6130 = ORIENTED_EDGE('',*,*,#5245,.F.);
#6131 = ADVANCED_FACE('',(#6132),#3140,.F.);
#6132 = FACE_BOUND('',#6133,.F.);
#6133 = EDGE_LOOP('',(#6134,#6135,#6136,#6137));
#6134 = ORIENTED_EDGE('',*,*,#3124,.T.);
#6135 = ORIENTED_EDGE('',*,*,#6110,.T.);
#6136 = ORIENTED_EDGE('',*,*,#5267,.T.);
#6137 = ORIENTED_EDGE('',*,*,#5148,.F.);
#6138 = ADVANCED_FACE('',(#6139),#3759,.T.);
#6139 = FACE_BOUND('',#6140,.T.);
#6140 = EDGE_LOOP('',(#6141,#6142,#6163,#6164));
#6141 = ORIENTED_EDGE('',*,*,#3743,.T.);
#6142 = ORIENTED_EDGE('',*,*,#6143,.T.);
#6143 = EDGE_CURVE('',#3717,#5026,#6144,.T.);
#6144 = SURFACE_CURVE('',#6145,(#6149,#6156),.PCURVE_S1.);
#6145 = LINE('',#6146,#6147);
#6146 = CARTESIAN_POINT('',(-47.625,0.,-11.43));
#6147 = VECTOR('',#6148,1.);
#6148 = DIRECTION('',(0.51503807491,-0.857167300702,0.));
#6149 = PCURVE('',#3759,#6150);
#6150 = DEFINITIONAL_REPRESENTATION('',(#6151),#6155);
#6151 = LINE('',#6152,#6153);
#6152 = CARTESIAN_POINT('',(0.,-5.219946054012E-15));
#6153 = VECTOR('',#6154,1.);
#6154 = DIRECTION('',(0.51503807491,-0.857167300702));
#6155 = ( GEOMETRIC_REPRESENTATION_CONTEXT(2) 
PARAMETRIC_REPRESENTATION_CONTEXT() REPRESENTATION_CONTEXT('2D SPACE',''
  ) );
#6156 = PCURVE('',#3731,#6157);
#6157 = DEFINITIONAL_REPRESENTATION('',(#6158),#6162);
#6158 = LINE('',#6159,#6160);
#6159 = CARTESIAN_POINT('',(-40.132,-0.));
#6160 = VECTOR('',#6161,1.);
#6161 = DIRECTION('',(1.,0.));
#6162 = ( GEOMETRIC_REPRESENTATION_CONTEXT(2) 
PARAMETRIC_REPRESENTATION_CONTEXT() REPRESENTATION_CONTEXT('2D SPACE',''
  ) );
#6163 = ORIENTED_EDGE('',*,*,#5025,.F.);
#6164 = ORIENTED_EDGE('',*,*,#4949,.T.);
#6165 = ADVANCED_FACE('',(#6166),#3731,.T.);
#6166 = FACE_BOUND('',#6167,.T.);
#6167 = EDGE_LOOP('',(#6168,#6169,#6170,#6191));
#6168 = ORIENTED_EDGE('',*,*,#6143,.F.);
#6169 = ORIENTED_EDGE('',*,*,#3716,.F.);
#6170 = ORIENTED_EDGE('',*,*,#6171,.T.);
#6171 = EDGE_CURVE('',#3685,#5053,#6172,.T.);
#6172 = SURFACE_CURVE('',#6173,(#6177,#6184),.PCURVE_S1.);
#6173 = LINE('',#6174,#6175);
#6174 = CARTESIAN_POINT('',(-47.625,0.,-6.223));
#6175 = VECTOR('',#6176,1.);
#6176 = DIRECTION('',(0.51503807491,-0.857167300702,0.));
#6177 = PCURVE('',#3731,#6178);
#6178 = DEFINITIONAL_REPRESENTATION('',(#6179),#6183);
#6179 = LINE('',#6180,#6181);
#6180 = CARTESIAN_POINT('',(-40.132,-5.207));
#6181 = VECTOR('',#6182,1.);
#6182 = DIRECTION('',(1.,0.));
#6183 = ( GEOMETRIC_REPRESENTATION_CONTEXT(2) 
PARAMETRIC_REPRESENTATION_CONTEXT() REPRESENTATION_CONTEXT('2D SPACE',''
  ) );
#6184 = PCURVE('',#3700,#6185);
#6185 = DEFINITIONAL_REPRESENTATION('',(#6186),#6190);
#6186 = LINE('',#6187,#6188);
#6187 = CARTESIAN_POINT('',(0.,-5.219946054012E-15));
#6188 = VECTOR('',#6189,1.);
#6189 = DIRECTION('',(0.51503807491,-0.857167300702));
#6190 = ( GEOMETRIC_REPRESENTATION_CONTEXT(2) 
PARAMETRIC_REPRESENTATION_CONTEXT() REPRESENTATION_CONTEXT('2D SPACE',''
  ) );
#6191 = ORIENTED_EDGE('',*,*,#5052,.F.);
#6192 = ADVANCED_FACE('',(#6193),#3700,.F.);
#6193 = FACE_BOUND('',#6194,.F.);
#6194 = EDGE_LOOP('',(#6195,#6196,#6197,#6198));
#6195 = ORIENTED_EDGE('',*,*,#3684,.T.);
#6196 = ORIENTED_EDGE('',*,*,#6171,.T.);
#6197 = ORIENTED_EDGE('',*,*,#5074,.T.);
#6198 = ORIENTED_EDGE('',*,*,#5121,.F.);
#6199 = ADVANCED_FACE('',(#6200),#3625,.T.);
#6200 = FACE_BOUND('',#6201,.T.);
#6201 = EDGE_LOOP('',(#6202,#6203,#6224,#6225));
#6202 = ORIENTED_EDGE('',*,*,#3609,.T.);
#6203 = ORIENTED_EDGE('',*,*,#6204,.T.);
#6204 = EDGE_CURVE('',#3583,#4875,#6205,.T.);
#6205 = SURFACE_CURVE('',#6206,(#6210,#6217),.PCURVE_S1.);
#6206 = LINE('',#6207,#6208);
#6207 = CARTESIAN_POINT('',(-47.625,0.,-11.43));
#6208 = VECTOR('',#6209,1.);
#6209 = DIRECTION('',(-0.51503807491,0.857167300702,0.));
#6210 = PCURVE('',#3625,#6211);
#6211 = DEFINITIONAL_REPRESENTATION('',(#6212),#6216);
#6212 = LINE('',#6213,#6214);
#6213 = CARTESIAN_POINT('',(0.,-5.219946054012E-15));
#6214 = VECTOR('',#6215,1.);
#6215 = DIRECTION('',(-0.51503807491,0.857167300702));
#6216 = ( GEOMETRIC_REPRESENTATION_CONTEXT(2) 
PARAMETRIC_REPRESENTATION_CONTEXT() REPRESENTATION_CONTEXT('2D SPACE',''
  ) );
#6217 = PCURVE('',#3597,#6218);
#6218 = DEFINITIONAL_REPRESENTATION('',(#6219),#6223);
#6219 = LINE('',#6220,#6221);
#6220 = CARTESIAN_POINT('',(-40.132,-0.));
#6221 = VECTOR('',#6222,1.);
#6222 = DIRECTION('',(1.,0.));
#6223 = ( GEOMETRIC_REPRESENTATION_CONTEXT(2) 
PARAMETRIC_REPRESENTATION_CONTEXT() REPRESENTATION_CONTEXT('2D SPACE',''
  ) );
#6224 = ORIENTED_EDGE('',*,*,#4874,.F.);
#6225 = ORIENTED_EDGE('',*,*,#4997,.T.);
#6226 = ADVANCED_FACE('',(#6227),#3597,.T.);
#6227 = FACE_BOUND('',#6228,.T.);
#6228 = EDGE_LOOP('',(#6229,#6230,#6231,#6252));
#6229 = ORIENTED_EDGE('',*,*,#6204,.F.);
#6230 = ORIENTED_EDGE('',*,*,#3582,.F.);
#6231 = ORIENTED_EDGE('',*,*,#6232,.T.);
#6232 = EDGE_CURVE('',#3551,#4902,#6233,.T.);
#6233 = SURFACE_CURVE('',#6234,(#6238,#6245),.PCURVE_S1.);
#6234 = LINE('',#6235,#6236);
#6235 = CARTESIAN_POINT('',(-47.625,0.,-6.223));
#6236 = VECTOR('',#6237,1.);
#6237 = DIRECTION('',(-0.51503807491,0.857167300702,0.));
#6238 = PCURVE('',#3597,#6239);
#6239 = DEFINITIONAL_REPRESENTATION('',(#6240),#6244);
#6240 = LINE('',#6241,#6242);
#6241 = CARTESIAN_POINT('',(-40.132,-5.207));
#6242 = VECTOR('',#6243,1.);
#6243 = DIRECTION('',(1.,0.));
#6244 = ( GEOMETRIC_REPRESENTATION_CONTEXT(2) 
PARAMETRIC_REPRESENTATION_CONTEXT() REPRESENTATION_CONTEXT('2D SPACE',''
  ) );
#6245 = PCURVE('',#3566,#6246);
#6246 = DEFINITIONAL_REPRESENTATION('',(#6247),#6251);
#6247 = LINE('',#6248,#6249);
#6248 = CARTESIAN_POINT('',(0.,-5.219946054012E-15));
#6249 = VECTOR('',#6250,1.);
#6250 = DIRECTION('',(-0.51503807491,0.857167300702));
#6251 = ( GEOMETRIC_REPRESENTATION_CONTEXT(2) 
PARAMETRIC_REPRESENTATION_CONTEXT() REPRESENTATION_CONTEXT('2D SPACE',''
  ) );
#6252 = ORIENTED_EDGE('',*,*,#4901,.F.);
#6253 = ADVANCED_FACE('',(#6254),#3566,.F.);
#6254 = FACE_BOUND('',#6255,.F.);
#6255 = EDGE_LOOP('',(#6256,#6257,#6258,#6259));
#6256 = ORIENTED_EDGE('',*,*,#3550,.T.);
#6257 = ORIENTED_EDGE('',*,*,#6232,.T.);
#6258 = ORIENTED_EDGE('',*,*,#4923,.T.);
#6259 = ORIENTED_EDGE('',*,*,#4804,.F.);
#6260 = ADVANCED_FACE('',(#6261),#4101,.T.);
#6261 = FACE_BOUND('',#6262,.T.);
#6262 = EDGE_LOOP('',(#6263,#6264,#6265,#6266));
#6263 = ORIENTED_EDGE('',*,*,#4083,.F.);
#6264 = ORIENTED_EDGE('',*,*,#5749,.T.);
#6265 = ORIENTED_EDGE('',*,*,#4239,.T.);
#6266 = ORIENTED_EDGE('',*,*,#5879,.F.);
#6267 = ADVANCED_FACE('',(#6268),#4179,.T.);
#6268 = FACE_BOUND('',#6269,.T.);
#6269 = EDGE_LOOP('',(#6270,#6271,#6272,#6273));
#6270 = ORIENTED_EDGE('',*,*,#4333,.F.);
#6271 = ORIENTED_EDGE('',*,*,#5676,.T.);
#6272 = ORIENTED_EDGE('',*,*,#4161,.T.);
#6273 = ORIENTED_EDGE('',*,*,#5967,.F.);
#6274 = ADVANCED_FACE('',(#6275),#4540,.F.);
#6275 = FACE_BOUND('',#6276,.F.);
#6276 = EDGE_LOOP('',(#6277,#6278,#6279,#6280));
#6277 = ORIENTED_EDGE('',*,*,#4683,.F.);
#6278 = ORIENTED_EDGE('',*,*,#4524,.T.);
#6279 = ORIENTED_EDGE('',*,*,#4578,.T.);
#6280 = ORIENTED_EDGE('',*,*,#6281,.F.);
#6281 = EDGE_CURVE('',#4684,#4579,#6282,.T.);
#6282 = SURFACE_CURVE('',#6283,(#6287,#6294),.PCURVE_S1.);
#6283 = LINE('',#6284,#6285);
#6284 = CARTESIAN_POINT('',(37.1475,48.725648276857,-18.288));
#6285 = VECTOR('',#6286,1.);
#6286 = DIRECTION('',(1.,0.,0.));
#6287 = PCURVE('',#4540,#6288);
#6288 = DEFINITIONAL_REPRESENTATION('',(#6289),#6293);
#6289 = LINE('',#6290,#6291);
#6290 = CARTESIAN_POINT('',(0.,1.651));
#6291 = VECTOR('',#6292,1.);
#6292 = DIRECTION('',(1.,0.));
#6293 = ( GEOMETRIC_REPRESENTATION_CONTEXT(2) 
PARAMETRIC_REPRESENTATION_CONTEXT() REPRESENTATION_CONTEXT('2D SPACE',''
  ) );
#6294 = PCURVE('',#4617,#6295);
#6295 = DEFINITIONAL_REPRESENTATION('',(#6296),#6300);
#6296 = LINE('',#6297,#6298);
#6297 = CARTESIAN_POINT('',(4.013654086172,-17.78));
#6298 = VECTOR('',#6299,1.);
#6299 = DIRECTION('',(0.,1.));
#6300 = ( GEOMETRIC_REPRESENTATION_CONTEXT(2) 
PARAMETRIC_REPRESENTATION_CONTEXT() REPRESENTATION_CONTEXT('2D SPACE',''
  ) );
#6301 = ADVANCED_FACE('',(#6302),#4645,.F.);
#6302 = FACE_BOUND('',#6303,.F.);
#6303 = EDGE_LOOP('',(#6304,#6305,#6306,#6327));
#6304 = ORIENTED_EDGE('',*,*,#4778,.T.);
#6305 = ORIENTED_EDGE('',*,*,#4729,.T.);
#6306 = ORIENTED_EDGE('',*,*,#6307,.F.);
#6307 = EDGE_CURVE('',#4602,#4707,#6308,.T.);
#6308 = SURFACE_CURVE('',#6309,(#6313,#6320),.PCURVE_S1.);
#6309 = LINE('',#6310,#6311);
#6310 = CARTESIAN_POINT('',(54.9275,52.324,-16.51));
#6311 = VECTOR('',#6312,1.);
#6312 = DIRECTION('',(-1.,0.,0.));
#6313 = PCURVE('',#4645,#6314);
#6314 = DEFINITIONAL_REPRESENTATION('',(#6315),#6319);
#6315 = LINE('',#6316,#6317);
#6316 = CARTESIAN_POINT('',(4.71576495634,0.));
#6317 = VECTOR('',#6318,1.);
#6318 = DIRECTION('',(0.,-1.));
#6319 = ( GEOMETRIC_REPRESENTATION_CONTEXT(2) 
PARAMETRIC_REPRESENTATION_CONTEXT() REPRESENTATION_CONTEXT('2D SPACE',''
  ) );
#6320 = PCURVE('',#4617,#6321);
#6321 = DEFINITIONAL_REPRESENTATION('',(#6322),#6326);
#6322 = LINE('',#6323,#6324);
#6323 = CARTESIAN_POINT('',(0.,0.));
#6324 = VECTOR('',#6325,1.);
#6325 = DIRECTION('',(-0.,-1.));
#6326 = ( GEOMETRIC_REPRESENTATION_CONTEXT(2) 
PARAMETRIC_REPRESENTATION_CONTEXT() REPRESENTATION_CONTEXT('2D SPACE',''
  ) );
#6327 = ORIENTED_EDGE('',*,*,#4629,.F.);
#6328 = ADVANCED_FACE('',(#6329),#4617,.F.);
#6329 = FACE_BOUND('',#6330,.F.);
#6330 = EDGE_LOOP('',(#6331,#6332,#6333,#6334));
#6331 = ORIENTED_EDGE('',*,*,#6307,.T.);
#6332 = ORIENTED_EDGE('',*,*,#4706,.T.);
#6333 = ORIENTED_EDGE('',*,*,#6281,.T.);
#6334 = ORIENTED_EDGE('',*,*,#4601,.F.);
#6335 = ADVANCED_FACE('',(#6336),#5796,.F.);
#6336 = FACE_BOUND('',#6337,.T.);
#6337 = EDGE_LOOP('',(#6338,#6339,#6358,#6359));
#6338 = ORIENTED_EDGE('',*,*,#5775,.T.);
#6339 = ORIENTED_EDGE('',*,*,#6340,.T.);
#6340 = EDGE_CURVE('',#5776,#5991,#6341,.T.);
#6341 = SEAM_CURVE('',#6342,(#6346,#6352),.PCURVE_S1.);
#6342 = LINE('',#6343,#6344);
#6343 = CARTESIAN_POINT('',(-44.45,0.,-22.86));
#6344 = VECTOR('',#6345,1.);
#6345 = DIRECTION('',(0.,0.,1.));
#6346 = PCURVE('',#5796,#6347);
#6347 = DEFINITIONAL_REPRESENTATION('',(#6348),#6351);
#6348 = B_SPLINE_CURVE_WITH_KNOTS('',1,(#6349,#6350),.UNSPECIFIED.,.F.,
  .F.,(2,2),(5.08,8.89),.PIECEWISE_BEZIER_KNOTS.);
#6349 = CARTESIAN_POINT('',(-6.28318530718,-5.08));
#6350 = CARTESIAN_POINT('',(-6.28318530718,-8.89));
#6351 = ( GEOMETRIC_REPRESENTATION_CONTEXT(2) 
PARAMETRIC_REPRESENTATION_CONTEXT() REPRESENTATION_CONTEXT('2D SPACE',''
  ) );
#6352 = PCURVE('',#5796,#6353);
#6353 = DEFINITIONAL_REPRESENTATION('',(#6354),#6357);
#6354 = B_SPLINE_CURVE_WITH_KNOTS('',1,(#6355,#6356),.UNSPECIFIED.,.F.,
  .F.,(2,2),(5.08,8.89),.PIECEWISE_BEZIER_KNOTS.);
#6355 = CARTESIAN_POINT('',(0.,-5.08));
#6356 = CARTESIAN_POINT('',(0.,-8.89));
#6357 = ( GEOMETRIC_REPRESENTATION_CONTEXT(2) 
PARAMETRIC_REPRESENTATION_CONTEXT() REPRESENTATION_CONTEXT('2D SPACE',''
  ) );
#6358 = ORIENTED_EDGE('',*,*,#5990,.F.);
#6359 = ORIENTED_EDGE('',*,*,#6340,.F.);
#6360 = ADVANCED_FACE('',(#6361),#5830,.F.);
#6361 = FACE_BOUND('',#6362,.T.);
#6362 = EDGE_LOOP('',(#6363,#6364,#6383,#6384));
#6363 = ORIENTED_EDGE('',*,*,#5809,.T.);
#6364 = ORIENTED_EDGE('',*,*,#6365,.T.);
#6365 = EDGE_CURVE('',#5810,#5903,#6366,.T.);
#6366 = SEAM_CURVE('',#6367,(#6371,#6377),.PCURVE_S1.);
#6367 = LINE('',#6368,#6369);
#6368 = CARTESIAN_POINT('',(50.8,0.,-22.86));
#6369 = VECTOR('',#6370,1.);
#6370 = DIRECTION('',(0.,0.,1.));
#6371 = PCURVE('',#5830,#6372);
#6372 = DEFINITIONAL_REPRESENTATION('',(#6373),#6376);
#6373 = B_SPLINE_CURVE_WITH_KNOTS('',1,(#6374,#6375),.UNSPECIFIED.,.F.,
  .F.,(2,2),(5.08,8.89),.PIECEWISE_BEZIER_KNOTS.);
#6374 = CARTESIAN_POINT('',(-6.28318530718,-5.08));
#6375 = CARTESIAN_POINT('',(-6.28318530718,-8.89));
#6376 = ( GEOMETRIC_REPRESENTATION_CONTEXT(2) 
PARAMETRIC_REPRESENTATION_CONTEXT() REPRESENTATION_CONTEXT('2D SPACE',''
  ) );
#6377 = PCURVE('',#5830,#6378);
#6378 = DEFINITIONAL_REPRESENTATION('',(#6379),#6382);
#6379 = B_SPLINE_CURVE_WITH_KNOTS('',1,(#6380,#6381),.UNSPECIFIED.,.F.,
  .F.,(2,2),(5.08,8.89),.PIECEWISE_BEZIER_KNOTS.);
#6380 = CARTESIAN_POINT('',(0.,-5.08));
#6381 = CARTESIAN_POINT('',(0.,-8.89));
#6382 = ( GEOMETRIC_REPRESENTATION_CONTEXT(2) 
PARAMETRIC_REPRESENTATION_CONTEXT() REPRESENTATION_CONTEXT('2D SPACE',''
  ) );
#6383 = ORIENTED_EDGE('',*,*,#5902,.F.);
#6384 = ORIENTED_EDGE('',*,*,#6365,.F.);
#6385 = ( GEOMETRIC_REPRESENTATION_CONTEXT(3) 
GLOBAL_UNCERTAINTY_ASSIGNED_CONTEXT((#6389)) 
GLOBAL_UNIT_ASSIGNED_CONTEXT((#6386,#6387,#6388)) REPRESENTATION_CONTEXT
('Context #1','3D Context with UNIT and UNCERTAINTY') );
#6386 = ( LENGTH_UNIT() NAMED_UNIT(*) SI_UNIT(.MILLI.,.METRE.) );
#6387 = ( NAMED_UNIT(*) PLANE_ANGLE_UNIT() SI_UNIT($,.RADIAN.) );
#6388 = ( NAMED_UNIT(*) SI_UNIT($,.STERADIAN.) SOLID_ANGLE_UNIT() );
#6389 = UNCERTAINTY_MEASURE_WITH_UNIT(LENGTH_MEASURE(5.E-06),#6386,
  'distance_accuracy_value','confusion accuracy');
#6390 = CONTEXT_DEPENDENT_SHAPE_REPRESENTATION(#6391,#6393);
#6391 = ( REPRESENTATION_RELATIONSHIP('','',#48,#10) 
REPRESENTATION_RELATIONSHIP_WITH_TRANSFORMATION(#6392) 
SHAPE_REPRESENTATION_RELATIONSHIP() );
#6392 = ITEM_DEFINED_TRANSFORMATION('','',#11,#15);
#6393 = PRODUCT_DEFINITION_SHAPE('Placement','Placement of an item',
  #6394);
#6394 = NEXT_ASSEMBLY_USAGE_OCCURRENCE('1','base','',#5,#43,$);
#6395 = PRODUCT_RELATED_PRODUCT_CATEGORY('part',$,(#45));
#6396 = SHAPE_DEFINITION_REPRESENTATION(#6397,#6403);
#6397 = PRODUCT_DEFINITION_SHAPE('','',#6398);
#6398 = PRODUCT_DEFINITION('design','',#6399,#6402);
#6399 = PRODUCT_DEFINITION_FORMATION('','',#6400);
#6400 = PRODUCT('collar-L','collar-L','',(#6401));
#6401 = PRODUCT_CONTEXT('',#2,'mechanical');
#6402 = PRODUCT_DEFINITION_CONTEXT('part definition',#2,'design');
#6403 = ADVANCED_BREP_SHAPE_REPRESENTATION('',(#11,#6404),#8017);
#6404 = MANIFOLD_SOLID_BREP('',#6405);
#6405 = CLOSED_SHELL('',(#6406,#6766,#6828,#7132,#7159,#7231,#7258,#7312
    ,#7347,#7590,#7757,#7805,#7853,#7880,#7928,#7976,#8003,#8010));
#6406 = ADVANCED_FACE('',(#6407),#6420,.T.);
#6407 = FACE_BOUND('',#6408,.T.);
#6408 = EDGE_LOOP('',(#6409,#6442,#6463,#6614,#6642,#6765));
#6409 = ORIENTED_EDGE('',*,*,#6410,.T.);
#6410 = EDGE_CURVE('',#6411,#6411,#6413,.T.);
#6411 = VERTEX_POINT('',#6412);
#6412 = CARTESIAN_POINT('',(42.286766666667,-1.035727068892E-14,5.8928)
  );
#6413 = SURFACE_CURVE('',#6414,(#6419,#6430),.PCURVE_S1.);
#6414 = CIRCLE('',#6415,42.286766666667);
#6415 = AXIS2_PLACEMENT_3D('',#6416,#6417,#6418);
#6416 = CARTESIAN_POINT('',(0.,0.,5.8928));
#6417 = DIRECTION('',(0.,0.,1.));
#6418 = DIRECTION('',(1.,0.,-0.));
#6419 = PCURVE('',#6420,#6425);
#6420 = CONICAL_SURFACE('',#6421,42.037,9.801821662382E-02);
#6421 = AXIS2_PLACEMENT_3D('',#6422,#6423,#6424);
#6422 = CARTESIAN_POINT('',(0.,0.,3.3528));
#6423 = DIRECTION('',(0.,0.,1.));
#6424 = DIRECTION('',(1.,0.,-0.));
#6425 = DEFINITIONAL_REPRESENTATION('',(#6426),#6429);
#6426 = B_SPLINE_CURVE_WITH_KNOTS('',1,(#6427,#6428),.UNSPECIFIED.,.F.,
  .F.,(2,2),(0.,6.28318530718),.PIECEWISE_BEZIER_KNOTS.);
#6427 = CARTESIAN_POINT('',(0.,2.54));
#6428 = CARTESIAN_POINT('',(6.28318530718,2.54));
#6429 = ( GEOMETRIC_REPRESENTATION_CONTEXT(2) 
PARAMETRIC_REPRESENTATION_CONTEXT() REPRESENTATION_CONTEXT('2D SPACE',''
  ) );
#6430 = PCURVE('',#6431,#6436);
#6431 = PLANE('',#6432);
#6432 = AXIS2_PLACEMENT_3D('',#6433,#6434,#6435);
#6433 = CARTESIAN_POINT('',(0.,0.,5.8928));
#6434 = DIRECTION('',(0.,0.,1.));
#6435 = DIRECTION('',(1.,0.,-0.));
#6436 = DEFINITIONAL_REPRESENTATION('',(#6437),#6441);
#6437 = CIRCLE('',#6438,42.286766666667);
#6438 = AXIS2_PLACEMENT_2D('',#6439,#6440);
#6439 = CARTESIAN_POINT('',(0.,0.));
#6440 = DIRECTION('',(1.,0.));
#6441 = ( GEOMETRIC_REPRESENTATION_CONTEXT(2) 
PARAMETRIC_REPRESENTATION_CONTEXT() REPRESENTATION_CONTEXT('2D SPACE',''
  ) );
#6442 = ORIENTED_EDGE('',*,*,#6443,.T.);
#6443 = EDGE_CURVE('',#6411,#6444,#6446,.T.);
#6444 = VERTEX_POINT('',#6445);
#6445 = CARTESIAN_POINT('',(43.942,-1.076268592963E-14,22.725681355932)
  );
#6446 = SEAM_CURVE('',#6447,(#6451,#6457),.PCURVE_S1.);
#6447 = LINE('',#6448,#6449);
#6448 = CARTESIAN_POINT('',(42.037,-1.029609549915E-14,3.3528));
#6449 = VECTOR('',#6450,1.);
#6450 = DIRECTION('',(9.786133917753E-02,-2.396911515681E-17,
    0.995200059432));
#6451 = PCURVE('',#6420,#6452);
#6452 = DEFINITIONAL_REPRESENTATION('',(#6453),#6456);
#6453 = B_SPLINE_CURVE_WITH_KNOTS('',1,(#6454,#6455),.UNSPECIFIED.,.F.,
  .F.,(2,2),(2.55225065144,19.466318527935),.PIECEWISE_BEZIER_KNOTS.);
#6454 = CARTESIAN_POINT('',(0.,2.54));
#6455 = CARTESIAN_POINT('',(0.,19.372881355932));
#6456 = ( GEOMETRIC_REPRESENTATION_CONTEXT(2) 
PARAMETRIC_REPRESENTATION_CONTEXT() REPRESENTATION_CONTEXT('2D SPACE',''
  ) );
#6457 = PCURVE('',#6420,#6458);
#6458 = DEFINITIONAL_REPRESENTATION('',(#6459),#6462);
#6459 = B_SPLINE_CURVE_WITH_KNOTS('',1,(#6460,#6461),.UNSPECIFIED.,.F.,
  .F.,(2,2),(2.55225065144,19.466318527935),.PIECEWISE_BEZIER_KNOTS.);
#6460 = CARTESIAN_POINT('',(6.28318530718,2.54));
#6461 = CARTESIAN_POINT('',(6.28318530718,19.372881355932));
#6462 = ( GEOMETRIC_REPRESENTATION_CONTEXT(2) 
PARAMETRIC_REPRESENTATION_CONTEXT() REPRESENTATION_CONTEXT('2D SPACE',''
  ) );
#6463 = ORIENTED_EDGE('',*,*,#6464,.T.);
#6464 = EDGE_CURVE('',#6444,#6465,#6467,.T.);
#6465 = VERTEX_POINT('',#6466);
#6466 = CARTESIAN_POINT('',(46.683845333333,-16.54809611083,79.5528));
#6467 = SURFACE_CURVE('',#6468,(#6513,#6561),.PCURVE_S1.);
#6468 = B_SPLINE_CURVE_WITH_KNOTS('',7,(#6469,#6470,#6471,#6472,#6473,
    #6474,#6475,#6476,#6477,#6478,#6479,#6480,#6481,#6482,#6483,#6484,
    #6485,#6486,#6487,#6488,#6489,#6490,#6491,#6492,#6493,#6494,#6495,
    #6496,#6497,#6498,#6499,#6500,#6501,#6502,#6503,#6504,#6505,#6506,
    #6507,#6508,#6509,#6510,#6511,#6512),.UNSPECIFIED.,.F.,.F.,(8,6,6,6,
    6,6,6,8),(0.,3.469556223171E-02,6.643381058768E-02,0.111937695716,
    0.22274581122,0.45394521137,0.760667506802,1.),.UNSPECIFIED.);
#6469 = CARTESIAN_POINT('',(43.942,5.639932965096E-15,22.725681355932));
#6470 = CARTESIAN_POINT('',(43.942,-0.423848282751,22.725681355932));
#6471 = CARTESIAN_POINT('',(43.946086395529,-0.813532004647,
    22.815760568062));
#6472 = CARTESIAN_POINT('',(43.953064757753,-1.165726643972,
    22.969589945872));
#6473 = CARTESIAN_POINT('',(43.961730915744,-1.482507948801,
    23.160507119181));
#6474 = CARTESIAN_POINT('',(43.971334480802,-1.767430685336,
    23.371944935819));
#6475 = CARTESIAN_POINT('',(43.981460548344,-2.026300646719,
    23.594754028421));
#6476 = CARTESIAN_POINT('',(44.001867117948,-2.487652412786,
    24.043482216916));
#6477 = CARTESIAN_POINT('',(44.01200821231,-2.691895524226,
    24.266359072075));
#6478 = CARTESIAN_POINT('',(44.02242146642,-2.883742234096,
    24.495083874777));
#6479 = CARTESIAN_POINT('',(44.033036770398,-3.065212379865,
    24.728105491073));
#6480 = CARTESIAN_POINT('',(44.043809318833,-3.237749196114,
    24.964433137874));
#6481 = CARTESIAN_POINT('',(44.05471009151,-3.40270038541,25.20342438053
    ));
#6482 = CARTESIAN_POINT('',(44.081532551957,-3.788223001539,
    25.791114397821));
#6483 = CARTESIAN_POINT('',(44.09756052979,-4.001622076687,
    26.141982256032));
#6484 = CARTESIAN_POINT('',(44.11375968657,-4.204135944062,
    26.496274682653));
#6485 = CARTESIAN_POINT('',(44.130095195196,-4.397446498681,
    26.853219667301));
#6486 = CARTESIAN_POINT('',(44.146543630044,-4.582763259232,
    27.212298130796));
#6487 = CARTESIAN_POINT('',(44.163088962236,-4.761125505148,
    27.573154237882));
#6488 = CARTESIAN_POINT('',(44.220231949078,-5.352674726299,
    28.818280170152));
#6489 = CARTESIAN_POINT('',(44.261242803464,-5.735264246441,
    29.709881894929));
#6490 = CARTESIAN_POINT('',(44.302607697693,-6.092542273642,
    30.60711444515));
#6491 = CARTESIAN_POINT('',(44.344258662345,-6.428874119684,
    31.508466194238));
#6492 = CARTESIAN_POINT('',(44.38614391117,-6.748284508347,
    32.412788742957));
#6493 = CARTESIAN_POINT('',(44.428242042858,-7.053162593656,
    33.319602417387));
#6494 = CARTESIAN_POINT('',(44.558818628152,-7.955824115493,
    36.125757943072));
#6495 = CARTESIAN_POINT('',(44.647932964839,-8.511510595505,
    38.031709924706));
#6496 = CARTESIAN_POINT('',(44.73773919128,-9.030411766059,
    39.943216665224));
#6497 = CARTESIAN_POINT('',(44.828170364329,-9.518981310985,
    41.858777954946));
#6498 = CARTESIAN_POINT('',(44.919174588207,-9.983273891222,
    43.777237568195));
#6499 = CARTESIAN_POINT('',(45.010731747552,-10.42671658944,
    45.698136367106));
#6500 = CARTESIAN_POINT('',(45.225032169172,-11.41697021011,
    50.17281832817));
#6501 = CARTESIAN_POINT('',(45.348168797744,-11.95010152104,
    52.727863249549));
#6502 = CARTESIAN_POINT('',(45.472208030756,-12.45830380331,
    55.285574875038));
#6503 = CARTESIAN_POINT('',(45.597124434963,-12.94551960756,
    57.845374045359));
#6504 = CARTESIAN_POINT('',(45.722900778299,-13.41454196897,
    60.406869241407));
#6505 = CARTESIAN_POINT('',(45.849525239483,-13.86769372776,
    62.969788045181));
#6506 = CARTESIAN_POINT('',(46.076453774573,-14.64924738114,
    67.534818259069));
#6507 = CARTESIAN_POINT('',(46.176426686135,-14.98318557815,
    69.536395185184));
#6508 = CARTESIAN_POINT('',(46.276907030484,-15.30934184016,
    71.538629105955));
#6509 = CARTESIAN_POINT('',(46.3778914829,-15.62839310639,
    73.541442860256));
#6510 = CARTESIAN_POINT('',(46.479377367935,-15.94089683676,
    75.544774297302));
#6511 = CARTESIAN_POINT('',(46.581362551563,-16.24732467484,
    77.548573498615));
#6512 = CARTESIAN_POINT('',(46.683845333333,-16.54809611083,79.5528));
#6513 = PCURVE('',#6420,#6514);
#6514 = DEFINITIONAL_REPRESENTATION('',(#6515),#6560);
#6515 = B_SPLINE_CURVE_WITH_KNOTS('',7,(#6516,#6517,#6518,#6519,#6520,
    #6521,#6522,#6523,#6524,#6525,#6526,#6527,#6528,#6529,#6530,#6531,
    #6532,#6533,#6534,#6535,#6536,#6537,#6538,#6539,#6540,#6541,#6542,
    #6543,#6544,#6545,#6546,#6547,#6548,#6549,#6550,#6551,#6552,#6553,
    #6554,#6555,#6556,#6557,#6558,#6559),.UNSPECIFIED.,.F.,.F.,(8,6,6,6,
    6,6,6,8),(0.,3.469556223171E-02,6.643381058768E-02,0.111937695716,
    0.22274581122,0.45394521137,0.760667506802,1.),.UNSPECIFIED.);
#6516 = CARTESIAN_POINT('',(6.28318530718,19.372881355932));
#6517 = CARTESIAN_POINT('',(6.273539676968,19.372881355932));
#6518 = CARTESIAN_POINT('',(6.264671521616,19.462960568062));
#6519 = CARTESIAN_POINT('',(6.256663305113,19.616789945872));
#6520 = CARTESIAN_POINT('',(6.249469265602,19.807707119181));
#6521 = CARTESIAN_POINT('',(6.243007056098,20.019144935819));
#6522 = CARTESIAN_POINT('',(6.237143364647,20.241954028421));
#6523 = CARTESIAN_POINT('',(6.226707843232,20.690682216916));
#6524 = CARTESIAN_POINT('',(6.222094836723,20.913559072075));
#6525 = CARTESIAN_POINT('',(6.217768205257,21.142283874777));
#6526 = CARTESIAN_POINT('',(6.213681639104,21.375305491073));
#6527 = CARTESIAN_POINT('',(6.209801999867,21.611633137874));
#6528 = CARTESIAN_POINT('',(6.20609839866,21.85062438053));
#6529 = CARTESIAN_POINT('',(6.197455228469,22.438314397821));
#6530 = CARTESIAN_POINT('',(6.192682257104,22.789182256032));
#6531 = CARTESIAN_POINT('',(6.188163147048,23.143474682653));
#6532 = CARTESIAN_POINT('',(6.183859201257,23.500419667301));
#6533 = CARTESIAN_POINT('',(6.17974254597,23.859498130796));
#6534 = CARTESIAN_POINT('',(6.175789246319,24.220354237882));
#6535 = CARTESIAN_POINT('',(6.162707188661,25.465480170152));
#6536 = CARTESIAN_POINT('',(6.154298616293,26.357081894929));
#6537 = CARTESIAN_POINT('',(6.146491457989,27.25431444515));
#6538 = CARTESIAN_POINT('',(6.13918411977,28.155666194238));
#6539 = CARTESIAN_POINT('',(6.132283152128,29.059988742957));
#6540 = CARTESIAN_POINT('',(6.125732810012,29.966802417387));
#6541 = CARTESIAN_POINT('',(6.106446078911,32.772957943072));
#6542 = CARTESIAN_POINT('',(6.094730439031,34.678909924705));
#6543 = CARTESIAN_POINT('',(6.083923047897,36.590416665226));
#6544 = CARTESIAN_POINT('',(6.073870309452,38.505977954944));
#6545 = CARTESIAN_POINT('',(6.064428836317,40.424437568195));
#6546 = CARTESIAN_POINT('',(6.055516386454,42.345336367106));
#6547 = CARTESIAN_POINT('',(6.035843142138,46.82001832817));
#6548 = CARTESIAN_POINT('',(6.025432164605,49.375063249548));
#6549 = CARTESIAN_POINT('',(6.015669624279,51.932774875038));
#6550 = CARTESIAN_POINT('',(6.006459266982,54.49257404536));
#6551 = CARTESIAN_POINT('',(5.9977321404,57.054069241407));
#6552 = CARTESIAN_POINT('',(5.989430719568,59.616988045181));
#6553 = CARTESIAN_POINT('',(5.975332825946,64.182018259069));
#6554 = CARTESIAN_POINT('',(5.969386641579,66.183595185184));
#6555 = CARTESIAN_POINT('',(5.963652491819,68.185829105955));
#6556 = CARTESIAN_POINT('',(5.95811326143,70.188642860256));
#6557 = CARTESIAN_POINT('',(5.952754723635,72.191974297302));
#6558 = CARTESIAN_POINT('',(5.947564741746,74.195773498615));
#6559 = CARTESIAN_POINT('',(5.942532470793,76.2));
#6560 = ( GEOMETRIC_REPRESENTATION_CONTEXT(2) 
PARAMETRIC_REPRESENTATION_CONTEXT() REPRESENTATION_CONTEXT('2D SPACE',''
  ) );
#6561 = PCURVE('',#6562,#6567);
#6562 = CYLINDRICAL_SURFACE('',#6563,51.308);
#6563 = AXIS2_PLACEMENT_3D('',#6564,#6565,#6566);
#6564 = CARTESIAN_POINT('',(95.25,0.,-88.9));
#6565 = DIRECTION('',(0.,0.,1.));
#6566 = DIRECTION('',(1.,0.,-0.));
#6567 = DEFINITIONAL_REPRESENTATION('',(#6568),#6613);
#6568 = B_SPLINE_CURVE_WITH_KNOTS('',7,(#6569,#6570,#6571,#6572,#6573,
    #6574,#6575,#6576,#6577,#6578,#6579,#6580,#6581,#6582,#6583,#6584,
    #6585,#6586,#6587,#6588,#6589,#6590,#6591,#6592,#6593,#6594,#6595,
    #6596,#6597,#6598,#6599,#6600,#6601,#6602,#6603,#6604,#6605,#6606,
    #6607,#6608,#6609,#6610,#6611,#6612),.UNSPECIFIED.,.F.,.F.,(8,6,6,6,
    6,6,6,8),(0.,3.469556223171E-02,6.643381058768E-02,0.111937695716,
    0.22274581122,0.45394521137,0.760667506802,1.),.UNSPECIFIED.);
#6569 = CARTESIAN_POINT('',(3.14159265359,111.62568135593));
#6570 = CARTESIAN_POINT('',(3.149853515108,111.62568135593));
#6571 = CARTESIAN_POINT('',(3.157448502327,111.71576056806));
#6572 = CARTESIAN_POINT('',(3.16431375514,111.86958994587));
#6573 = CARTESIAN_POINT('',(3.170489934766,112.06050711918));
#6574 = CARTESIAN_POINT('',(3.17604613017,112.27194493581));
#6575 = CARTESIAN_POINT('',(3.181095334837,112.49475402842));
#6576 = CARTESIAN_POINT('',(3.190095936274,112.94348221691));
#6577 = CARTESIAN_POINT('',(3.194081508805,113.16635907207));
#6578 = CARTESIAN_POINT('',(3.197826071424,113.39508387477));
#6579 = CARTESIAN_POINT('',(3.201368945552,113.62810549107));
#6580 = CARTESIAN_POINT('',(3.204738221099,113.86443313787));
#6581 = CARTESIAN_POINT('',(3.207960136288,114.10342438053));
#6582 = CARTESIAN_POINT('',(3.215492189115,114.69111439782));
#6583 = CARTESIAN_POINT('',(3.219663018611,115.04198225603));
#6584 = CARTESIAN_POINT('',(3.223622577932,115.39627468265));
#6585 = CARTESIAN_POINT('',(3.227403593069,115.7532196673));
#6586 = CARTESIAN_POINT('',(3.231029593067,116.11229813079));
#6587 = CARTESIAN_POINT('',(3.234520797678,116.47315423788));
#6588 = CARTESIAN_POINT('',(3.246103840994,117.71828017015));
#6589 = CARTESIAN_POINT('',(3.253602870348,118.60988189492));
#6590 = CARTESIAN_POINT('',(3.260612418606,119.50711444515));
#6591 = CARTESIAN_POINT('',(3.26721729278,120.40846619423));
#6592 = CARTESIAN_POINT('',(3.27349571186,121.31278874295));
#6593 = CARTESIAN_POINT('',(3.279494081566,122.21960241738));
#6594 = CARTESIAN_POINT('',(3.29727019938,125.02575794307));
#6595 = CARTESIAN_POINT('',(3.30823770104,126.9317099247));
#6596 = CARTESIAN_POINT('',(3.318500368596,128.84321666522));
#6597 = CARTESIAN_POINT('',(3.328183277782,130.75877795494));
#6598 = CARTESIAN_POINT('',(3.337403860858,132.67723756819));
#6599 = CARTESIAN_POINT('',(3.346228509052,134.5981363671));
#6600 = CARTESIAN_POINT('',(3.365975461575,139.07281832817));
#6601 = CARTESIAN_POINT('',(3.37663880025,141.62786324954));
#6602 = CARTESIAN_POINT('',(3.386833288142,144.18557487503));
#6603 = CARTESIAN_POINT('',(3.396635229193,146.74537404535));
#6604 = CARTESIAN_POINT('',(3.406098653924,149.3068692414));
#6605 = CARTESIAN_POINT('',(3.41526851022,151.86978804518));
#6606 = CARTESIAN_POINT('',(3.431130209984,156.43481825906));
#6607 = CARTESIAN_POINT('',(3.437923885553,158.43639518518));
#6608 = CARTESIAN_POINT('',(3.444575208529,160.43862910595));
#6609 = CARTESIAN_POINT('',(3.451097274408,162.44144286025));
#6610 = CARTESIAN_POINT('',(3.457500868252,164.4447742973));
#6611 = CARTESIAN_POINT('',(3.463795117152,166.44857349861));
#6612 = CARTESIAN_POINT('',(3.469988142687,168.4528));
#6613 = ( GEOMETRIC_REPRESENTATION_CONTEXT(2) 
PARAMETRIC_REPRESENTATION_CONTEXT() REPRESENTATION_CONTEXT('2D SPACE',''
  ) );
#6614 = ORIENTED_EDGE('',*,*,#6615,.F.);
#6615 = EDGE_CURVE('',#6616,#6465,#6618,.T.);
#6616 = VERTEX_POINT('',#6617);
#6617 = CARTESIAN_POINT('',(46.683845333333,16.548096110834,79.5528));
#6618 = SURFACE_CURVE('',#6619,(#6624,#6630),.PCURVE_S1.);
#6619 = CIRCLE('',#6620,49.53);
#6620 = AXIS2_PLACEMENT_3D('',#6621,#6622,#6623);
#6621 = CARTESIAN_POINT('',(0.,0.,79.5528));
#6622 = DIRECTION('',(0.,0.,1.));
#6623 = DIRECTION('',(1.,0.,-0.));
#6624 = PCURVE('',#6420,#6625);
#6625 = DEFINITIONAL_REPRESENTATION('',(#6626),#6629);
#6626 = B_SPLINE_CURVE_WITH_KNOTS('',1,(#6627,#6628),.UNSPECIFIED.,.F.,
  .F.,(2,2),(0.340652836387,5.942532470793),.PIECEWISE_BEZIER_KNOTS.);
#6627 = CARTESIAN_POINT('',(0.340652836387,76.2));
#6628 = CARTESIAN_POINT('',(5.942532470793,76.2));
#6629 = ( GEOMETRIC_REPRESENTATION_CONTEXT(2) 
PARAMETRIC_REPRESENTATION_CONTEXT() REPRESENTATION_CONTEXT('2D SPACE',''
  ) );
#6630 = PCURVE('',#6631,#6636);
#6631 = PLANE('',#6632);
#6632 = AXIS2_PLACEMENT_3D('',#6633,#6634,#6635);
#6633 = CARTESIAN_POINT('',(0.,0.,79.5528));
#6634 = DIRECTION('',(0.,0.,1.));
#6635 = DIRECTION('',(1.,0.,-0.));
#6636 = DEFINITIONAL_REPRESENTATION('',(#6637),#6641);
#6637 = CIRCLE('',#6638,49.53);
#6638 = AXIS2_PLACEMENT_2D('',#6639,#6640);
#6639 = CARTESIAN_POINT('',(0.,0.));
#6640 = DIRECTION('',(1.,0.));
#6641 = ( GEOMETRIC_REPRESENTATION_CONTEXT(2) 
PARAMETRIC_REPRESENTATION_CONTEXT() REPRESENTATION_CONTEXT('2D SPACE',''
  ) );
#6642 = ORIENTED_EDGE('',*,*,#6643,.T.);
#6643 = EDGE_CURVE('',#6616,#6444,#6644,.T.);
#6644 = SURFACE_CURVE('',#6645,(#6683,#6724),.PCURVE_S1.);
#6645 = B_SPLINE_CURVE_WITH_KNOTS('',8,(#6646,#6647,#6648,#6649,#6650,
    #6651,#6652,#6653,#6654,#6655,#6656,#6657,#6658,#6659,#6660,#6661,
    #6662,#6663,#6664,#6665,#6666,#6667,#6668,#6669,#6670,#6671,#6672,
    #6673,#6674,#6675,#6676,#6677,#6678,#6679,#6680,#6681,#6682),
  .UNSPECIFIED.,.F.,.F.,(9,7,7,7,7,9),(0.,0.516798212779,0.761471956511,
    0.882638837946,0.940426575525,1.),.UNSPECIFIED.);
#6646 = CARTESIAN_POINT('',(46.683845333333,16.548096110834,79.5528));
#6647 = CARTESIAN_POINT('',(46.48983985218,15.97871941996,
    75.758690199092));
#6648 = CARTESIAN_POINT('',(46.297591178965,15.389529162728,
    71.96627543727));
#6649 = CARTESIAN_POINT('',(46.107100035028,14.777768140321,
    68.175622388844));
#6650 = CARTESIAN_POINT('',(45.918375973622,14.140375350012,
    64.386968128979));
#6651 = CARTESIAN_POINT('',(45.731442926015,13.472678963878,
    60.60085715646));
#6652 = CARTESIAN_POINT('',(45.546336424772,12.768853720747,
    56.818093891754));
#6653 = CARTESIAN_POINT('',(45.36310775132,12.020688605335,
    53.039852673922));
#6654 = CARTESIAN_POINT('',(45.096035425961,10.827970213862,
    47.482671537027));
#6655 = CARTESIAN_POINT('',(45.010673438625,10.431041713345,
    45.698781153052));
#6656 = CARTESIAN_POINT('',(44.925766513122,10.018503631482,
    43.916689046757));
#6657 = CARTESIAN_POINT('',(44.841325066848,9.588220997501,
    42.136637886482));
#6658 = CARTESIAN_POINT('',(44.75737321807,9.137009037398,
    40.359168270324));
#6659 = CARTESIAN_POINT('',(44.673946587905,8.660907783856,
    38.585076656511));
#6660 = CARTESIAN_POINT('',(44.591096745284,8.154366560886,
    36.815521888593));
#6661 = CARTESIAN_POINT('',(44.468219558745,7.334644094027,
    34.179567808303));
#6662 = CARTESIAN_POINT('',(44.427699329555,7.053017705106,
    33.308433253043));
#6663 = CARTESIAN_POINT('',(44.387358178041,6.759765535722,
    32.439258091245));
#6664 = CARTESIAN_POINT('',(44.347207493836,6.453269815659,
    31.572300669159));
#6665 = CARTESIAN_POINT('',(44.307274808112,6.131105142344,
    30.708172916666));
#6666 = CARTESIAN_POINT('',(44.267600958876,5.790295589315,
    29.847781600635));
#6667 = CARTESIAN_POINT('',(44.228245303218,5.426691943626,
    28.992448154488));
#6668 = CARTESIAN_POINT('',(44.170750805351,4.843243471102,
    27.740241771003));
#6669 = CARTESIAN_POINT('',(44.152293778592,4.647808583516,
    27.337842180426));
#6670 = CARTESIAN_POINT('',(44.133949299726,4.444294082493,
    26.937487814969));
#6671 = CARTESIAN_POINT('',(44.115730358115,4.231566278493,
    26.539468624657));
#6672 = CARTESIAN_POINT('',(44.097665189505,4.008044918797,
    26.144409917715));
#6673 = CARTESIAN_POINT('',(44.079795317991,3.771817634829,
    25.753231004641));
#6674 = CARTESIAN_POINT('',(44.062180418437,3.520267435775,
    25.367254595727));
#6675 = CARTESIAN_POINT('',(44.027135520056,2.967822960705,
    24.59862814183));
#6676 = CARTESIAN_POINT('',(44.010902920352,2.684174282717,
    24.242217270612));
#6677 = CARTESIAN_POINT('',(43.994950866687,2.375963381038,
    23.891689970646));
#6678 = CARTESIAN_POINT('',(43.978949523291,2.025570577744,
    23.53975752328));
#6679 = CARTESIAN_POINT('',(43.96356810917,1.620271200726,
    23.201122738027));
#6680 = CARTESIAN_POINT('',(43.950356554523,1.15179809985,22.90989062792
    ));
#6681 = CARTESIAN_POINT('',(43.942,0.612464600586,22.725681355932));
#6682 = CARTESIAN_POINT('',(43.942,-1.076268592963E-14,22.725681355932)
  );
#6683 = PCURVE('',#6420,#6684);
#6684 = DEFINITIONAL_REPRESENTATION('',(#6685),#6723);
#6685 = B_SPLINE_CURVE_WITH_KNOTS('',8,(#6686,#6687,#6688,#6689,#6690,
    #6691,#6692,#6693,#6694,#6695,#6696,#6697,#6698,#6699,#6700,#6701,
    #6702,#6703,#6704,#6705,#6706,#6707,#6708,#6709,#6710,#6711,#6712,
    #6713,#6714,#6715,#6716,#6717,#6718,#6719,#6720,#6721,#6722),
  .UNSPECIFIED.,.F.,.F.,(9,7,7,7,7,9),(0.,0.516798212779,0.761471956511,
    0.882638837946,0.940426575525,1.),.UNSPECIFIED.);
#6686 = CARTESIAN_POINT('',(0.340652836387,76.2));
#6687 = CARTESIAN_POINT('',(0.331126473708,72.405890199092));
#6688 = CARTESIAN_POINT('',(0.321047276339,68.61347543727));
#6689 = CARTESIAN_POINT('',(0.310344456776,64.822822388843));
#6690 = CARTESIAN_POINT('',(0.298939118011,61.034168128979));
#6691 = CARTESIAN_POINT('',(0.286713737284,57.248057156462));
#6692 = CARTESIAN_POINT('',(0.273522465906,53.465293891753));
#6693 = CARTESIAN_POINT('',(0.259162009891,49.687052673922));
#6694 = CARTESIAN_POINT('',(0.235676598588,44.129871537027));
#6695 = CARTESIAN_POINT('',(0.227777581995,42.345981153053));
#6696 = CARTESIAN_POINT('',(0.219479716464,40.563889046756));
#6697 = CARTESIAN_POINT('',(0.210731625749,38.783837886482));
#6698 = CARTESIAN_POINT('',(0.201457393352,37.006368270325));
#6699 = CARTESIAN_POINT('',(0.191562794046,35.232276656511));
#6700 = CARTESIAN_POINT('',(0.180916433136,33.462721888593));
#6701 = CARTESIAN_POINT('',(0.163480369184,30.826767808303));
#6702 = CARTESIAN_POINT('',(0.157458569201,29.955633253043));
#6703 = CARTESIAN_POINT('',(0.151155090503,29.086458091245));
#6704 = CARTESIAN_POINT('',(0.14453214594,28.219500669159));
#6705 = CARTESIAN_POINT('',(0.137533285043,27.355372916666));
#6706 = CARTESIAN_POINT('',(0.130089257955,26.494981600635));
#6707 = CARTESIAN_POINT('',(0.12210375573,25.639648154488));
#6708 = CARTESIAN_POINT('',(0.109215622849,24.387441771003));
#6709 = CARTESIAN_POINT('',(0.104888006139,23.985042180426));
#6710 = CARTESIAN_POINT('',(0.100370456532,23.584687814969));
#6711 = CARTESIAN_POINT('',(9.563685588227E-02,23.186668624657));
#6712 = CARTESIAN_POINT('',(9.065081217049E-02,22.791609917715));
#6713 = CARTESIAN_POINT('',(8.536827669037E-02,22.400431004641));
#6714 = CARTESIAN_POINT('',(7.972906141837E-02,22.014454595727));
#6715 = CARTESIAN_POINT('',(6.731252204076E-02,21.24582814183));
#6716 = CARTESIAN_POINT('',(6.092188872818E-02,20.889417270612));
#6717 = CARTESIAN_POINT('',(5.396484986335E-02,20.538889970646));
#6718 = CARTESIAN_POINT('',(4.604009286436E-02,20.18695752328));
#6719 = CARTESIAN_POINT('',(3.685406251795E-02,19.848322738027));
#6720 = CARTESIAN_POINT('',(2.621178694248E-02,19.55709062792));
#6721 = CARTESIAN_POINT('',(1.393802286165E-02,19.372881355932));
#6722 = CARTESIAN_POINT('',(0.,19.372881355932));
#6723 = ( GEOMETRIC_REPRESENTATION_CONTEXT(2) 
PARAMETRIC_REPRESENTATION_CONTEXT() REPRESENTATION_CONTEXT('2D SPACE',''
  ) );
#6724 = PCURVE('',#6562,#6725);
#6725 = DEFINITIONAL_REPRESENTATION('',(#6726),#6764);
#6726 = B_SPLINE_CURVE_WITH_KNOTS('',8,(#6727,#6728,#6729,#6730,#6731,
    #6732,#6733,#6734,#6735,#6736,#6737,#6738,#6739,#6740,#6741,#6742,
    #6743,#6744,#6745,#6746,#6747,#6748,#6749,#6750,#6751,#6752,#6753,
    #6754,#6755,#6756,#6757,#6758,#6759,#6760,#6761,#6762,#6763),
  .UNSPECIFIED.,.F.,.F.,(9,7,7,7,7,9),(0.,0.516798212779,0.761471956511,
    0.882638837946,0.940426575525,1.),.UNSPECIFIED.);
#6727 = CARTESIAN_POINT('',(2.813197164492,168.4528));
#6728 = CARTESIAN_POINT('',(2.824920898742,164.65869019909));
#6729 = CARTESIAN_POINT('',(2.83699910291,160.86627543727));
#6730 = CARTESIAN_POINT('',(2.849485206872,157.07562238884));
#6731 = CARTESIAN_POINT('',(2.862438425791,153.28696812897));
#6732 = CARTESIAN_POINT('',(2.875949146831,149.50085715646));
#6733 = CARTESIAN_POINT('',(2.89013001443,145.71809389175));
#6734 = CARTESIAN_POINT('',(2.905139825746,141.93985267392));
#6735 = CARTESIAN_POINT('',(2.928961724449,136.38267153702));
#6736 = CARTESIAN_POINT('',(2.936874501598,134.59878115305));
#6737 = CARTESIAN_POINT('',(2.945082932701,132.81668904675));
#6738 = CARTESIAN_POINT('',(2.953628374886,131.03663788648));
#6739 = CARTESIAN_POINT('',(2.96257256392,129.25916827032));
#6740 = CARTESIAN_POINT('',(2.971992262767,127.48507665651));
#6741 = CARTESIAN_POINT('',(2.981995118947,125.71552188859));
#6742 = CARTESIAN_POINT('',(2.998150124173,123.0795678083));
#6743 = CARTESIAN_POINT('',(3.003695485631,122.20843325304));
#6744 = CARTESIAN_POINT('',(3.00946465885,121.33925809124));
#6745 = CARTESIAN_POINT('',(3.015489064508,120.47230066915));
#6746 = CARTESIAN_POINT('',(3.021815826204,119.60817291666));
#6747 = CARTESIAN_POINT('',(3.02850276213,118.74778160063));
#6748 = CARTESIAN_POINT('',(3.035630511816,117.89244815448));
#6749 = CARTESIAN_POINT('',(3.047057081857,116.640241771));
#6750 = CARTESIAN_POINT('',(3.050883051457,116.23784218042));
#6751 = CARTESIAN_POINT('',(3.054865599194,115.83748781496));
#6752 = CARTESIAN_POINT('',(3.059026780962,115.43946862465));
#6753 = CARTESIAN_POINT('',(3.063397341053,115.04440991771));
#6754 = CARTESIAN_POINT('',(3.068014483568,114.65323100464));
#6755 = CARTESIAN_POINT('',(3.072929132065,114.26725459572));
#6756 = CARTESIAN_POINT('',(3.083717993726,113.49862814183));
#6757 = CARTESIAN_POINT('',(3.089255283599,113.14221727061));
#6758 = CARTESIAN_POINT('',(3.095270247182,112.79168997064));
#6759 = CARTESIAN_POINT('',(3.102106251856,112.43975752328));
#6760 = CARTESIAN_POINT('',(3.110010748476,112.10112273802));
#6761 = CARTESIAN_POINT('',(3.119143950279,111.80989062792));
#6762 = CARTESIAN_POINT('',(3.12965563401,111.62568135593));
#6763 = CARTESIAN_POINT('',(3.14159265359,111.62568135593));
#6764 = ( GEOMETRIC_REPRESENTATION_CONTEXT(2) 
PARAMETRIC_REPRESENTATION_CONTEXT() REPRESENTATION_CONTEXT('2D SPACE',''
  ) );
#6765 = ORIENTED_EDGE('',*,*,#6443,.F.);
#6766 = ADVANCED_FACE('',(#6767,#6825),#6431,.T.);
#6767 = FACE_BOUND('',#6768,.T.);
#6768 = EDGE_LOOP('',(#6769,#6799));
#6769 = ORIENTED_EDGE('',*,*,#6770,.F.);
#6770 = EDGE_CURVE('',#6771,#6773,#6775,.T.);
#6771 = VERTEX_POINT('',#6772);
#6772 = CARTESIAN_POINT('',(45.396912,12.131796275254,5.8928));
#6773 = VERTEX_POINT('',#6774);
#6774 = CARTESIAN_POINT('',(45.396912,-12.13179627525,5.8928));
#6775 = SURFACE_CURVE('',#6776,(#6781,#6788),.PCURVE_S1.);
#6776 = CIRCLE('',#6777,51.308);
#6777 = AXIS2_PLACEMENT_3D('',#6778,#6779,#6780);
#6778 = CARTESIAN_POINT('',(95.25,0.,5.8928));
#6779 = DIRECTION('',(0.,0.,1.));
#6780 = DIRECTION('',(1.,0.,-0.));
#6781 = PCURVE('',#6431,#6782);
#6782 = DEFINITIONAL_REPRESENTATION('',(#6783),#6787);
#6783 = CIRCLE('',#6784,51.308);
#6784 = AXIS2_PLACEMENT_2D('',#6785,#6786);
#6785 = CARTESIAN_POINT('',(95.25,0.));
#6786 = DIRECTION('',(1.,0.));
#6787 = ( GEOMETRIC_REPRESENTATION_CONTEXT(2) 
PARAMETRIC_REPRESENTATION_CONTEXT() REPRESENTATION_CONTEXT('2D SPACE',''
  ) );
#6788 = PCURVE('',#6789,#6794);
#6789 = CYLINDRICAL_SURFACE('',#6790,51.308);
#6790 = AXIS2_PLACEMENT_3D('',#6791,#6792,#6793);
#6791 = CARTESIAN_POINT('',(95.25,0.,-88.9));
#6792 = DIRECTION('',(0.,0.,1.));
#6793 = DIRECTION('',(1.,0.,-0.));
#6794 = DEFINITIONAL_REPRESENTATION('',(#6795),#6798);
#6795 = B_SPLINE_CURVE_WITH_KNOTS('',1,(#6796,#6797),.UNSPECIFIED.,.F.,
  .F.,(2,2),(2.902881644509,3.38030366267),.PIECEWISE_BEZIER_KNOTS.);
#6796 = CARTESIAN_POINT('',(2.902881644509,94.7928));
#6797 = CARTESIAN_POINT('',(3.38030366267,94.7928));
#6798 = ( GEOMETRIC_REPRESENTATION_CONTEXT(2) 
PARAMETRIC_REPRESENTATION_CONTEXT() REPRESENTATION_CONTEXT('2D SPACE',''
  ) );
#6799 = ORIENTED_EDGE('',*,*,#6800,.T.);
#6800 = EDGE_CURVE('',#6771,#6773,#6801,.T.);
#6801 = SURFACE_CURVE('',#6802,(#6807,#6814),.PCURVE_S1.);
#6802 = CIRCLE('',#6803,46.99);
#6803 = AXIS2_PLACEMENT_3D('',#6804,#6805,#6806);
#6804 = CARTESIAN_POINT('',(0.,0.,5.8928));
#6805 = DIRECTION('',(0.,0.,1.));
#6806 = DIRECTION('',(1.,0.,-0.));
#6807 = PCURVE('',#6431,#6808);
#6808 = DEFINITIONAL_REPRESENTATION('',(#6809),#6813);
#6809 = CIRCLE('',#6810,46.99);
#6810 = AXIS2_PLACEMENT_2D('',#6811,#6812);
#6811 = CARTESIAN_POINT('',(0.,0.));
#6812 = DIRECTION('',(1.,0.));
#6813 = ( GEOMETRIC_REPRESENTATION_CONTEXT(2) 
PARAMETRIC_REPRESENTATION_CONTEXT() REPRESENTATION_CONTEXT('2D SPACE',''
  ) );
#6814 = PCURVE('',#6815,#6820);
#6815 = CYLINDRICAL_SURFACE('',#6816,46.99);
#6816 = AXIS2_PLACEMENT_3D('',#6817,#6818,#6819);
#6817 = CARTESIAN_POINT('',(0.,0.,3.3528));
#6818 = DIRECTION('',(0.,0.,1.));
#6819 = DIRECTION('',(1.,0.,-0.));
#6820 = DEFINITIONAL_REPRESENTATION('',(#6821),#6824);
#6821 = B_SPLINE_CURVE_WITH_KNOTS('',1,(#6822,#6823),.UNSPECIFIED.,.F.,
  .F.,(2,2),(0.261136053575,6.022049253604),.PIECEWISE_BEZIER_KNOTS.);
#6822 = CARTESIAN_POINT('',(0.261136053575,2.54));
#6823 = CARTESIAN_POINT('',(6.022049253604,2.54));
#6824 = ( GEOMETRIC_REPRESENTATION_CONTEXT(2) 
PARAMETRIC_REPRESENTATION_CONTEXT() REPRESENTATION_CONTEXT('2D SPACE',''
  ) );
#6825 = FACE_BOUND('',#6826,.T.);
#6826 = EDGE_LOOP('',(#6827));
#6827 = ORIENTED_EDGE('',*,*,#6410,.F.);
#6828 = ADVANCED_FACE('',(#6829),#6562,.F.);
#6829 = FACE_BOUND('',#6830,.F.);
#6830 = EDGE_LOOP('',(#6831,#6854,#6855,#6856,#6879,#7009));
#6831 = ORIENTED_EDGE('',*,*,#6832,.F.);
#6832 = EDGE_CURVE('',#6616,#6833,#6835,.T.);
#6833 = VERTEX_POINT('',#6834);
#6834 = CARTESIAN_POINT('',(45.396912,12.131796275254,79.5528));
#6835 = SURFACE_CURVE('',#6836,(#6841,#6847),.PCURVE_S1.);
#6836 = CIRCLE('',#6837,51.308);
#6837 = AXIS2_PLACEMENT_3D('',#6838,#6839,#6840);
#6838 = CARTESIAN_POINT('',(95.25,0.,79.5528));
#6839 = DIRECTION('',(0.,0.,1.));
#6840 = DIRECTION('',(1.,0.,-0.));
#6841 = PCURVE('',#6562,#6842);
#6842 = DEFINITIONAL_REPRESENTATION('',(#6843),#6846);
#6843 = B_SPLINE_CURVE_WITH_KNOTS('',1,(#6844,#6845),.UNSPECIFIED.,.F.,
  .F.,(2,2),(2.813197164492,2.902881644509),.PIECEWISE_BEZIER_KNOTS.);
#6844 = CARTESIAN_POINT('',(2.813197164492,168.4528));
#6845 = CARTESIAN_POINT('',(2.902881644509,168.4528));
#6846 = ( GEOMETRIC_REPRESENTATION_CONTEXT(2) 
PARAMETRIC_REPRESENTATION_CONTEXT() REPRESENTATION_CONTEXT('2D SPACE',''
  ) );
#6847 = PCURVE('',#6631,#6848);
#6848 = DEFINITIONAL_REPRESENTATION('',(#6849),#6853);
#6849 = CIRCLE('',#6850,51.308);
#6850 = AXIS2_PLACEMENT_2D('',#6851,#6852);
#6851 = CARTESIAN_POINT('',(95.25,0.));
#6852 = DIRECTION('',(1.,0.));
#6853 = ( GEOMETRIC_REPRESENTATION_CONTEXT(2) 
PARAMETRIC_REPRESENTATION_CONTEXT() REPRESENTATION_CONTEXT('2D SPACE',''
  ) );
#6854 = ORIENTED_EDGE('',*,*,#6643,.T.);
#6855 = ORIENTED_EDGE('',*,*,#6464,.T.);
#6856 = ORIENTED_EDGE('',*,*,#6857,.F.);
#6857 = EDGE_CURVE('',#6858,#6465,#6860,.T.);
#6858 = VERTEX_POINT('',#6859);
#6859 = CARTESIAN_POINT('',(45.396912,-12.13179627525,79.5528));
#6860 = SURFACE_CURVE('',#6861,(#6866,#6872),.PCURVE_S1.);
#6861 = CIRCLE('',#6862,51.308);
#6862 = AXIS2_PLACEMENT_3D('',#6863,#6864,#6865);
#6863 = CARTESIAN_POINT('',(95.25,0.,79.5528));
#6864 = DIRECTION('',(0.,0.,1.));
#6865 = DIRECTION('',(1.,0.,-0.));
#6866 = PCURVE('',#6562,#6867);
#6867 = DEFINITIONAL_REPRESENTATION('',(#6868),#6871);
#6868 = B_SPLINE_CURVE_WITH_KNOTS('',1,(#6869,#6870),.UNSPECIFIED.,.F.,
  .F.,(2,2),(3.38030366267,3.469988142687),.PIECEWISE_BEZIER_KNOTS.);
#6869 = CARTESIAN_POINT('',(3.38030366267,168.4528));
#6870 = CARTESIAN_POINT('',(3.469988142687,168.4528));
#6871 = ( GEOMETRIC_REPRESENTATION_CONTEXT(2) 
PARAMETRIC_REPRESENTATION_CONTEXT() REPRESENTATION_CONTEXT('2D SPACE',''
  ) );
#6872 = PCURVE('',#6631,#6873);
#6873 = DEFINITIONAL_REPRESENTATION('',(#6874),#6878);
#6874 = CIRCLE('',#6875,51.308);
#6875 = AXIS2_PLACEMENT_2D('',#6876,#6877);
#6876 = CARTESIAN_POINT('',(95.25,0.));
#6877 = DIRECTION('',(1.,0.));
#6878 = ( GEOMETRIC_REPRESENTATION_CONTEXT(2) 
PARAMETRIC_REPRESENTATION_CONTEXT() REPRESENTATION_CONTEXT('2D SPACE',''
  ) );
#6879 = ORIENTED_EDGE('',*,*,#6880,.F.);
#6880 = EDGE_CURVE('',#6881,#6858,#6883,.T.);
#6881 = VERTEX_POINT('',#6882);
#6882 = CARTESIAN_POINT('',(43.942,-1.076268592963E-14,45.72));
#6883 = SURFACE_CURVE('',#6884,(#6922,#6963),.PCURVE_S1.);
#6884 = B_SPLINE_CURVE_WITH_KNOTS('',8,(#6885,#6886,#6887,#6888,#6889,
    #6890,#6891,#6892,#6893,#6894,#6895,#6896,#6897,#6898,#6899,#6900,
    #6901,#6902,#6903,#6904,#6905,#6906,#6907,#6908,#6909,#6910,#6911,
    #6912,#6913,#6914,#6915,#6916,#6917,#6918,#6919,#6920,#6921),
  .UNSPECIFIED.,.F.,.F.,(9,7,7,7,7,9),(0.,8.693163608615E-02,
    0.172168481783,0.344157923878,0.634537178163,1.),.UNSPECIFIED.);
#6885 = CARTESIAN_POINT('',(43.942,5.639932965096E-15,45.72));
#6886 = CARTESIAN_POINT('',(43.942,-0.553220816481,45.72));
#6887 = CARTESIAN_POINT('',(43.948815570059,-1.032975086358,
    45.88398791479));
#6888 = CARTESIAN_POINT('',(43.959289367693,-1.450470701077,
    46.135991586811));
#6889 = CARTESIAN_POINT('',(43.97157979382,-1.812350188628,
    46.431409657744));
#6890 = CARTESIAN_POINT('',(43.984409638302,-2.127407145143,
    46.73955189719));
#6891 = CARTESIAN_POINT('',(43.997339900576,-2.406169244641,
    47.049873377222));
#6892 = CARTESIAN_POINT('',(44.010530025229,-2.662901037939,
    47.36622239369));
#6893 = CARTESIAN_POINT('',(44.038869743553,-3.16101451635,
    48.045326223316));
#6894 = CARTESIAN_POINT('',(44.05320196891,-3.389008968096,
    48.388505121147));
#6895 = CARTESIAN_POINT('',(44.067747326608,-3.603069559962,
    48.736508456897));
#6896 = CARTESIAN_POINT('',(44.082454969602,-3.805571633135,
    49.088107280053));
#6897 = CARTESIAN_POINT('',(44.09728952056,-3.998252811539,
    49.44244736277));
#6898 = CARTESIAN_POINT('',(44.112226933285,-4.182551385021,
    49.798947942878));
#6899 = CARTESIAN_POINT('',(44.127256167411,-4.359500701236,
    50.157340640158));
#6900 = CARTESIAN_POINT('',(44.172879184766,-4.874214333102,
    51.244370109497));
#6901 = CARTESIAN_POINT('',(44.203705092817,-5.191885355432,
    51.977612878977));
#6902 = CARTESIAN_POINT('',(44.23476873951,-5.490093974321,
    52.715256636994));
#6903 = CARTESIAN_POINT('',(44.266023725296,-5.772320231919,
    53.456175975132));
#6904 = CARTESIAN_POINT('',(44.297438010728,-6.04106552796,
    54.199595297176));
#6905 = CARTESIAN_POINT('',(44.328989875072,-6.298360620109,
    54.944988365727));
#6906 = CARTESIAN_POINT('',(44.360669704808,-6.545593043456,
    55.692118873857));
#6907 = CARTESIAN_POINT('',(44.446173719619,-7.18658736224,
    57.705158025405));
#6908 = CARTESIAN_POINT('',(44.500204340711,-7.563855515063,
    58.973547951698));
#6909 = CARTESIAN_POINT('',(44.554521715994,-7.921451924495,
    60.244982578803));
#6910 = CARTESIAN_POINT('',(44.609097820079,-8.262598089118,
    61.518777370665));
#6911 = CARTESIAN_POINT('',(44.663912756864,-8.589642343484,
    62.794447499171));
#6912 = CARTESIAN_POINT('',(44.718952571621,-8.904457247506,
    64.071652316298));
#6913 = CARTESIAN_POINT('',(44.7742094639,-9.208427363182,
    65.350198226007));
#6914 = CARTESIAN_POINT('',(44.899493512626,-9.873168005636,
    68.24070404254));
#6915 = CARTESIAN_POINT('',(44.969638825749,-10.22826521218,
    69.853240940337));
#6916 = CARTESIAN_POINT('',(45.040102200539,-10.57032820236,
    71.467263985311));
#6917 = CARTESIAN_POINT('',(45.110873512237,-10.90100451044,
    73.082523130269));
#6918 = CARTESIAN_POINT('',(45.181945151778,-11.22154674177,
    74.69883068133));
#6919 = CARTESIAN_POINT('',(45.253311342713,-11.53297536997,
    76.316043809476));
#6920 = CARTESIAN_POINT('',(45.324967838477,-11.83615673976,
    77.934056365733));
#6921 = CARTESIAN_POINT('',(45.396912,-12.13179627525,79.5528));
#6922 = PCURVE('',#6562,#6923);
#6923 = DEFINITIONAL_REPRESENTATION('',(#6924),#6962);
#6924 = B_SPLINE_CURVE_WITH_KNOTS('',8,(#6925,#6926,#6927,#6928,#6929,
    #6930,#6931,#6932,#6933,#6934,#6935,#6936,#6937,#6938,#6939,#6940,
    #6941,#6942,#6943,#6944,#6945,#6946,#6947,#6948,#6949,#6950,#6951,
    #6952,#6953,#6954,#6955,#6956,#6957,#6958,#6959,#6960,#6961),
  .UNSPECIFIED.,.F.,.F.,(9,7,7,7,7,9),(0.,8.693163608615E-02,
    0.172168481783,0.344157923878,0.634537178163,1.),.UNSPECIFIED.);
#6925 = CARTESIAN_POINT('',(3.14159265359,134.62));
#6926 = CARTESIAN_POINT('',(3.152375003642,134.62));
#6927 = CARTESIAN_POINT('',(3.161725482954,134.78398791479));
#6928 = CARTESIAN_POINT('',(3.169864427577,135.03599158681));
#6929 = CARTESIAN_POINT('',(3.176921148357,135.33140965774));
#6930 = CARTESIAN_POINT('',(3.183066533522,135.63955189719));
#6931 = CARTESIAN_POINT('',(3.18850536188,135.94987337722));
#6932 = CARTESIAN_POINT('',(3.193515624845,136.26622239369));
#6933 = CARTESIAN_POINT('',(3.203239625166,136.94532622331));
#6934 = CARTESIAN_POINT('',(3.207691961282,137.28850512114));
#6935 = CARTESIAN_POINT('',(3.21187356719,137.63650845689));
#6936 = CARTESIAN_POINT('',(3.215830677156,137.98810728005));
#6937 = CARTESIAN_POINT('',(3.219597106411,138.34244736277));
#6938 = CARTESIAN_POINT('',(3.223200846017,138.69894794287));
#6939 = CARTESIAN_POINT('',(3.226662006114,139.05734064015));
#6940 = CARTESIAN_POINT('',(3.236733176983,140.14437010949));
#6941 = CARTESIAN_POINT('',(3.242953496001,140.87761287897));
#6942 = CARTESIAN_POINT('',(3.248796840499,141.61525663699));
#6943 = CARTESIAN_POINT('',(3.254330880162,142.35617597513));
#6944 = CARTESIAN_POINT('',(3.25960424158,143.09959529717));
#6945 = CARTESIAN_POINT('',(3.264656402154,143.84498836572));
#6946 = CARTESIAN_POINT('',(3.269514327892,144.59211887385));
#6947 = CARTESIAN_POINT('',(3.28211805407,146.6051580254));
#6948 = CARTESIAN_POINT('',(3.289545743022,147.87354795169));
#6949 = CARTESIAN_POINT('',(3.296594883141,149.1449825788));
#6950 = CARTESIAN_POINT('',(3.303328020787,150.41877737066));
#6951 = CARTESIAN_POINT('',(3.309790731153,151.69444749917));
#6952 = CARTESIAN_POINT('',(3.3160193503,152.97165231629));
#6953 = CARTESIAN_POINT('',(3.322040734612,154.250198226));
#6954 = CARTESIAN_POINT('',(3.335224717617,157.14070404254));
#6955 = CARTESIAN_POINT('',(3.342279081972,158.75324094033));
#6956 = CARTESIAN_POINT('',(3.349085550845,160.36726398531));
#6957 = CARTESIAN_POINT('',(3.355676055742,161.98252313026));
#6958 = CARTESIAN_POINT('',(3.362074862073,163.59883068133));
#6959 = CARTESIAN_POINT('',(3.368301733496,165.21604380947));
#6960 = CARTESIAN_POINT('',(3.374373447565,166.83405636573));
#6961 = CARTESIAN_POINT('',(3.38030366267,168.4528));
#6962 = ( GEOMETRIC_REPRESENTATION_CONTEXT(2) 
PARAMETRIC_REPRESENTATION_CONTEXT() REPRESENTATION_CONTEXT('2D SPACE',''
  ) );
#6963 = PCURVE('',#6964,#6969);
#6964 = CONICAL_SURFACE('',#6965,38.839117117117,8.984753969463E-02);
#6965 = AXIS2_PLACEMENT_3D('',#6966,#6967,#6968);
#6966 = CARTESIAN_POINT('',(0.,0.,-10.922));
#6967 = DIRECTION('',(0.,0.,1.));
#6968 = DIRECTION('',(1.,0.,-0.));
#6969 = DEFINITIONAL_REPRESENTATION('',(#6970),#7008);
#6970 = B_SPLINE_CURVE_WITH_KNOTS('',8,(#6971,#6972,#6973,#6974,#6975,
    #6976,#6977,#6978,#6979,#6980,#6981,#6982,#6983,#6984,#6985,#6986,
    #6987,#6988,#6989,#6990,#6991,#6992,#6993,#6994,#6995,#6996,#6997,
    #6998,#6999,#7000,#7001,#7002,#7003,#7004,#7005,#7006,#7007),
  .UNSPECIFIED.,.F.,.F.,(9,7,7,7,7,9),(0.,8.693163608615E-02,
    0.172168481783,0.344157923878,0.634537178163,1.),.UNSPECIFIED.);
#6971 = CARTESIAN_POINT('',(6.28318530718,56.642));
#6972 = CARTESIAN_POINT('',(6.270595511165,56.642));
#6973 = CARTESIAN_POINT('',(6.259677629384,56.80598791479));
#6974 = CARTESIAN_POINT('',(6.250190377041,57.057991586811));
#6975 = CARTESIAN_POINT('',(6.241981442768,57.353409657744));
#6976 = CARTESIAN_POINT('',(6.234846982169,57.66155189719));
#6977 = CARTESIAN_POINT('',(6.228544469458,57.971873377222));
#6978 = CARTESIAN_POINT('',(6.222749075084,58.28822239369));
#6979 = CARTESIAN_POINT('',(6.211526496452,58.967326223316));
#6980 = CARTESIAN_POINT('',(6.206400498273,59.310505121147));
#6981 = CARTESIAN_POINT('',(6.201597535828,59.658508456897));
#6982 = CARTESIAN_POINT('',(6.197063083687,60.010107280053));
#6983 = CARTESIAN_POINT('',(6.192757205576,60.36444736277));
#6984 = CARTESIAN_POINT('',(6.188646850962,60.720947942878));
#6985 = CARTESIAN_POINT('',(6.184708268552,61.079340640158));
#6986 = CARTESIAN_POINT('',(6.173274444852,62.166370109497));
#6987 = CARTESIAN_POINT('',(6.166249635992,62.899612878977));
#6988 = CARTESIAN_POINT('',(6.159683545575,63.637256636994));
#6989 = CARTESIAN_POINT('',(6.153495718608,64.378175975132));
#6990 = CARTESIAN_POINT('',(6.147628207136,65.121595297176));
#6991 = CARTESIAN_POINT('',(6.142033954038,65.866988365727));
#6992 = CARTESIAN_POINT('',(6.136680727008,66.614118873857));
#6993 = CARTESIAN_POINT('',(6.122858612955,68.627158025405));
#6994 = CARTESIAN_POINT('',(6.114786155292,69.895547951698));
#6995 = CARTESIAN_POINT('',(6.107191149499,71.166982578803));
#6996 = CARTESIAN_POINT('',(6.099998143861,72.440777370665));
#6997 = CARTESIAN_POINT('',(6.093151929162,73.716447499171));
#6998 = CARTESIAN_POINT('',(6.086608391504,74.993652316298));
#6999 = CARTESIAN_POINT('',(6.080334767365,76.272198226007));
#7000 = CARTESIAN_POINT('',(6.06671117925,79.16270404254));
#7001 = CARTESIAN_POINT('',(6.059503118548,80.775240940337));
#7002 = CARTESIAN_POINT('',(6.052624296531,82.389263985311));
#7003 = CARTESIAN_POINT('',(6.046035354193,84.004523130269));
#7004 = CARTESIAN_POINT('',(6.039706177682,85.62083068133));
#7005 = CARTESIAN_POINT('',(6.033612124649,87.238043809476));
#7006 = CARTESIAN_POINT('',(6.027732210362,88.856056365733));
#7007 = CARTESIAN_POINT('',(6.022049253604,90.4748));
#7008 = ( GEOMETRIC_REPRESENTATION_CONTEXT(2) 
PARAMETRIC_REPRESENTATION_CONTEXT() REPRESENTATION_CONTEXT('2D SPACE',''
  ) );
#7009 = ORIENTED_EDGE('',*,*,#7010,.F.);
#7010 = EDGE_CURVE('',#6833,#6881,#7011,.T.);
#7011 = SURFACE_CURVE('',#7012,(#7050,#7091),.PCURVE_S1.);
#7012 = B_SPLINE_CURVE_WITH_KNOTS('',8,(#7013,#7014,#7015,#7016,#7017,
    #7018,#7019,#7020,#7021,#7022,#7023,#7024,#7025,#7026,#7027,#7028,
    #7029,#7030,#7031,#7032,#7033,#7034,#7035,#7036,#7037,#7038,#7039,
    #7040,#7041,#7042,#7043,#7044,#7045,#7046,#7047,#7048,#7049),
  .UNSPECIFIED.,.F.,.F.,(9,7,7,7,7,9),(0.,0.516444452529,0.760921283082,
    0.881468890791,0.941938051527,1.),.UNSPECIFIED.);
#7013 = CARTESIAN_POINT('',(45.396912,12.131796275254,79.5528));
#7014 = CARTESIAN_POINT('',(45.295428922616,11.714772722224,
    77.269430758858));
#7015 = CARTESIAN_POINT('',(45.194525138469,11.282791711866,
    74.987671541187));
#7016 = CARTESIAN_POINT('',(45.094202027556,10.833732381473,
    72.707582417843));
#7017 = CARTESIAN_POINT('',(44.994468168292,10.365253143401,
    70.429384032063));
#7018 = CARTESIAN_POINT('',(44.895344459174,9.873789294243,
    68.153588569171));
#7019 = CARTESIAN_POINT('',(44.796861889102,9.354911957721,
    65.880953285117));
#7020 = CARTESIAN_POINT('',(44.699065425949,8.802395207491,
    63.612583769942));
#7021 = CARTESIAN_POINT('',(44.556105967485,7.919753884937,
    60.279685274607));
#7022 = CARTESIAN_POINT('',(44.510356023094,7.625802480932,
    59.210486337641));
#7023 = CARTESIAN_POINT('',(44.464789908171,7.320011651163,
    58.142983962396));
#7024 = CARTESIAN_POINT('',(44.41941683953,7.000756165091,
    57.077406794417));
#7025 = CARTESIAN_POINT('',(44.374257904796,6.665627598426,
    56.014267049703));
#7026 = CARTESIAN_POINT('',(44.329344233612,6.311645032635,
    54.954319889113));
#7027 = CARTESIAN_POINT('',(44.284720958783,5.934643837241,
    53.898663203174));
#7028 = CARTESIAN_POINT('',(44.218649797556,5.32477243291,
    52.331846583524));
#7029 = CARTESIAN_POINT('',(44.196930705806,5.115813563604,
    51.816180037182));
#7030 = CARTESIAN_POINT('',(44.175314698683,4.898183252506,
    51.302347297609));
#7031 = CARTESIAN_POINT('',(44.153812027231,4.670669588635,
    50.790598758452));
#7032 = CARTESIAN_POINT('',(44.132446136347,4.431518327944,
    50.281501308737));
#7033 = CARTESIAN_POINT('',(44.1112516649,4.178590031573,49.775892116147
    ));
#7034 = CARTESIAN_POINT('',(44.090278731436,3.908926569741,
    49.274984169831));
#7035 = CARTESIAN_POINT('',(44.059252979385,3.469856444224,
    48.533138567858));
#7036 = CARTESIAN_POINT('',(44.048978072965,3.317620487161,
    48.287315965395));
#7037 = CARTESIAN_POINT('',(44.038795854851,3.158939633773,
    48.04357068591));
#7038 = CARTESIAN_POINT('',(44.028718990214,2.992886019253,
    47.802209621215));
#7039 = CARTESIAN_POINT('',(44.018774500576,2.818230296171,
    47.563884779384));
#7040 = CARTESIAN_POINT('',(44.009002089909,2.633521025912,
    47.329554138765));
#7041 = CARTESIAN_POINT('',(43.999458350476,2.436814119068,
    47.100584107448));
#7042 = CARTESIAN_POINT('',(43.981387540558,2.020378769068,
    46.666818857558));
#7043 = CARTESIAN_POINT('',(43.972985490724,1.805370867742,
    46.465033596681));
#7044 = CARTESIAN_POINT('',(43.964886284584,1.571660408394,
    46.270430364963));
#7045 = CARTESIAN_POINT('',(43.957185410007,1.313563612329,
    46.085309932877));
#7046 = CARTESIAN_POINT('',(43.950355496767,1.026656849607,
    45.921040128071));
#7047 = CARTESIAN_POINT('',(43.94494887471,0.710582680929,
    45.790951788194));
#7048 = CARTESIAN_POINT('',(43.942,0.363779037016,45.72));
#7049 = CARTESIAN_POINT('',(43.942,-1.076268592963E-14,45.72));
#7050 = PCURVE('',#6562,#7051);
#7051 = DEFINITIONAL_REPRESENTATION('',(#7052),#7090);
#7052 = B_SPLINE_CURVE_WITH_KNOTS('',8,(#7053,#7054,#7055,#7056,#7057,
    #7058,#7059,#7060,#7061,#7062,#7063,#7064,#7065,#7066,#7067,#7068,
    #7069,#7070,#7071,#7072,#7073,#7074,#7075,#7076,#7077,#7078,#7079,
    #7080,#7081,#7082,#7083,#7084,#7085,#7086,#7087,#7088,#7089),
  .UNSPECIFIED.,.F.,.F.,(9,7,7,7,7,9),(0.,0.516444452529,0.760921283082,
    0.881468890791,0.941938051527,1.),.UNSPECIFIED.);
#7053 = CARTESIAN_POINT('',(2.902881644509,168.4528));
#7054 = CARTESIAN_POINT('',(2.911246694093,166.16943075885));
#7055 = CARTESIAN_POINT('',(2.919892322337,163.88767154118));
#7056 = CARTESIAN_POINT('',(2.928859625312,161.60758241784));
#7057 = CARTESIAN_POINT('',(2.938193936366,159.32938403206));
#7058 = CARTESIAN_POINT('',(2.947964325572,157.05358856917));
#7059 = CARTESIAN_POINT('',(2.958256604621,154.78095328511));
#7060 = CARTESIAN_POINT('',(2.969191457476,152.51258376994));
#7061 = CARTESIAN_POINT('',(2.986618443259,149.1796852746));
#7062 = CARTESIAN_POINT('',(2.992416457582,148.11048633764));
#7063 = CARTESIAN_POINT('',(2.998441961562,147.04298396239));
#7064 = CARTESIAN_POINT('',(3.004726508512,145.97740679441));
#7065 = CARTESIAN_POINT('',(3.011316878121,144.9142670497));
#7066 = CARTESIAN_POINT('',(3.018270971077,143.85431988911));
#7067 = CARTESIAN_POINT('',(3.025669707623,142.79866320317));
#7068 = CARTESIAN_POINT('',(3.037625736197,141.23184658352));
#7069 = CARTESIAN_POINT('',(3.041720273956,140.71618003718));
#7070 = CARTESIAN_POINT('',(3.045982717734,140.2023472976));
#7071 = CARTESIAN_POINT('',(3.050436639567,139.69059875845));
#7072 = CARTESIAN_POINT('',(3.055116164293,139.18150130873));
#7073 = CARTESIAN_POINT('',(3.060062908614,138.67589211614));
#7074 = CARTESIAN_POINT('',(3.065334427193,138.17498416983));
#7075 = CARTESIAN_POINT('',(3.073913302568,137.43313856785));
#7076 = CARTESIAN_POINT('',(3.076887137719,137.18731596539));
#7077 = CARTESIAN_POINT('',(3.079986182182,136.94357068591));
#7078 = CARTESIAN_POINT('',(3.083228501182,136.70220962121));
#7079 = CARTESIAN_POINT('',(3.086638027753,136.46388477938));
#7080 = CARTESIAN_POINT('',(3.09024301713,136.22955413876));
#7081 = CARTESIAN_POINT('',(3.094081321595,136.00058410744));
#7082 = CARTESIAN_POINT('',(3.102205342182,135.56681885755));
#7083 = CARTESIAN_POINT('',(3.106399033661,135.36503359668));
#7084 = CARTESIAN_POINT('',(3.110956748875,135.17043036496));
#7085 = CARTESIAN_POINT('',(3.115989175216,134.98530993287));
#7086 = CARTESIAN_POINT('',(3.121582421543,134.82104012807));
#7087 = CARTESIAN_POINT('',(3.127743300014,134.69095178819));
#7088 = CARTESIAN_POINT('',(3.13450254996,134.62));
#7089 = CARTESIAN_POINT('',(3.14159265359,134.62));
#7090 = ( GEOMETRIC_REPRESENTATION_CONTEXT(2) 
PARAMETRIC_REPRESENTATION_CONTEXT() REPRESENTATION_CONTEXT('2D SPACE',''
  ) );
#7091 = PCURVE('',#6964,#7092);
#7092 = DEFINITIONAL_REPRESENTATION('',(#7093),#7131);
#7093 = B_SPLINE_CURVE_WITH_KNOTS('',8,(#7094,#7095,#7096,#7097,#7098,
    #7099,#7100,#7101,#7102,#7103,#7104,#7105,#7106,#7107,#7108,#7109,
    #7110,#7111,#7112,#7113,#7114,#7115,#7116,#7117,#7118,#7119,#7120,
    #7121,#7122,#7123,#7124,#7125,#7126,#7127,#7128,#7129,#7130),
  .UNSPECIFIED.,.F.,.F.,(9,7,7,7,7,9),(0.,0.516444452529,0.760921283082,
    0.881468890791,0.941938051527,1.),.UNSPECIFIED.);
#7094 = CARTESIAN_POINT('',(0.261136053575,90.4748));
#7095 = CARTESIAN_POINT('',(0.253119781953,88.191430758858));
#7096 = CARTESIAN_POINT('',(0.244712630335,85.909671541187));
#7097 = CARTESIAN_POINT('',(0.235863246019,83.629582417843));
#7098 = CARTESIAN_POINT('',(0.226514739604,81.351384032063));
#7099 = CARTESIAN_POINT('',(0.216581565144,79.075588569171));
#7100 = CARTESIAN_POINT('',(0.205957664262,76.802953285118));
#7101 = CARTESIAN_POINT('',(0.194494818734,74.534583769942));
#7102 = CARTESIAN_POINT('',(0.175923303324,71.201685274607));
#7103 = CARTESIAN_POINT('',(0.169701894736,70.132486337641));
#7104 = CARTESIAN_POINT('',(0.163191515751,69.064983962396));
#7105 = CARTESIAN_POINT('',(0.156354067991,67.999406794417));
#7106 = CARTESIAN_POINT('',(0.149133340957,66.936267049703));
#7107 = CARTESIAN_POINT('',(0.141459808609,65.876319889113));
#7108 = CARTESIAN_POINT('',(0.133236608444,64.820663203174));
#7109 = CARTESIAN_POINT('',(0.119846709468,63.253846583524));
#7110 = CARTESIAN_POINT('',(0.115245839868,62.738180037182));
#7111 = CARTESIAN_POINT('',(0.110440286453,62.224347297609));
#7112 = CARTESIAN_POINT('',(0.105402078537,61.712598758452));
#7113 = CARTESIAN_POINT('',(0.100090775738,61.203501308737));
#7114 = CARTESIAN_POINT('',(9.445705429093E-02,60.697892116147));
#7115 = CARTESIAN_POINT('',(8.843281960722E-02,60.196984169831));
#7116 = CARTESIAN_POINT('',(7.859375246907E-02,59.455138567858));
#7117 = CARTESIAN_POINT('',(7.517763123908E-02,59.209315965395));
#7118 = CARTESIAN_POINT('',(7.161201474979E-02,58.96557068591));
#7119 = CARTESIAN_POINT('',(6.787564158025E-02,58.724209621215));
#7120 = CARTESIAN_POINT('',(6.394033006504E-02,58.485884779384));
#7121 = CARTESIAN_POINT('',(5.977279702081E-02,58.251554138765));
#7122 = CARTESIAN_POINT('',(5.532851182594E-02,58.022584107448));
#7123 = CARTESIAN_POINT('',(4.590683331936E-02,57.588818857558));
#7124 = CARTESIAN_POINT('',(4.103671470485E-02,57.387033596681));
#7125 = CARTESIAN_POINT('',(3.57374385335E-02,57.192430364963));
#7126 = CARTESIAN_POINT('',(2.987899455856E-02,57.007309932878));
#7127 = CARTESIAN_POINT('',(2.33599192535E-02,56.843040128071));
#7128 = CARTESIAN_POINT('',(1.61709293663E-02,56.712951788194));
#7129 = CARTESIAN_POINT('',(8.278618110593E-03,56.642));
#7130 = CARTESIAN_POINT('',(0.,56.642));
#7131 = ( GEOMETRIC_REPRESENTATION_CONTEXT(2) 
PARAMETRIC_REPRESENTATION_CONTEXT() REPRESENTATION_CONTEXT('2D SPACE',''
  ) );
#7132 = ADVANCED_FACE('',(#7133),#6631,.T.);
#7133 = FACE_BOUND('',#7134,.T.);
#7134 = EDGE_LOOP('',(#7135,#7136,#7137,#7138));
#7135 = ORIENTED_EDGE('',*,*,#6832,.F.);
#7136 = ORIENTED_EDGE('',*,*,#6615,.T.);
#7137 = ORIENTED_EDGE('',*,*,#6857,.F.);
#7138 = ORIENTED_EDGE('',*,*,#7139,.F.);
#7139 = EDGE_CURVE('',#6833,#6858,#7140,.T.);
#7140 = SURFACE_CURVE('',#7141,(#7146,#7153),.PCURVE_S1.);
#7141 = CIRCLE('',#7142,46.99);
#7142 = AXIS2_PLACEMENT_3D('',#7143,#7144,#7145);
#7143 = CARTESIAN_POINT('',(0.,0.,79.5528));
#7144 = DIRECTION('',(0.,0.,1.));
#7145 = DIRECTION('',(1.,0.,-0.));
#7146 = PCURVE('',#6631,#7147);
#7147 = DEFINITIONAL_REPRESENTATION('',(#7148),#7152);
#7148 = CIRCLE('',#7149,46.99);
#7149 = AXIS2_PLACEMENT_2D('',#7150,#7151);
#7150 = CARTESIAN_POINT('',(0.,0.));
#7151 = DIRECTION('',(1.,0.));
#7152 = ( GEOMETRIC_REPRESENTATION_CONTEXT(2) 
PARAMETRIC_REPRESENTATION_CONTEXT() REPRESENTATION_CONTEXT('2D SPACE',''
  ) );
#7153 = PCURVE('',#6964,#7154);
#7154 = DEFINITIONAL_REPRESENTATION('',(#7155),#7158);
#7155 = B_SPLINE_CURVE_WITH_KNOTS('',1,(#7156,#7157),.UNSPECIFIED.,.F.,
  .F.,(2,2),(0.261136053575,6.022049253604),.PIECEWISE_BEZIER_KNOTS.);
#7156 = CARTESIAN_POINT('',(0.261136053575,90.4748));
#7157 = CARTESIAN_POINT('',(6.022049253604,90.4748));
#7158 = ( GEOMETRIC_REPRESENTATION_CONTEXT(2) 
PARAMETRIC_REPRESENTATION_CONTEXT() REPRESENTATION_CONTEXT('2D SPACE',''
  ) );
#7159 = ADVANCED_FACE('',(#7160),#6789,.F.);
#7160 = FACE_BOUND('',#7161,.F.);
#7161 = EDGE_LOOP('',(#7162,#7163,#7184,#7212));
#7162 = ORIENTED_EDGE('',*,*,#6770,.F.);
#7163 = ORIENTED_EDGE('',*,*,#7164,.F.);
#7164 = EDGE_CURVE('',#7165,#6771,#7167,.T.);
#7165 = VERTEX_POINT('',#7166);
#7166 = CARTESIAN_POINT('',(45.396912,12.131796275254,3.3528));
#7167 = SURFACE_CURVE('',#7168,(#7172,#7178),.PCURVE_S1.);
#7168 = LINE('',#7169,#7170);
#7169 = CARTESIAN_POINT('',(45.396912,12.131796275254,3.3528));
#7170 = VECTOR('',#7171,1.);
#7171 = DIRECTION('',(0.,0.,1.));
#7172 = PCURVE('',#6789,#7173);
#7173 = DEFINITIONAL_REPRESENTATION('',(#7174),#7177);
#7174 = B_SPLINE_CURVE_WITH_KNOTS('',1,(#7175,#7176),.UNSPECIFIED.,.F.,
  .F.,(2,2),(0.,2.54),.PIECEWISE_BEZIER_KNOTS.);
#7175 = CARTESIAN_POINT('',(2.902881644509,92.2528));
#7176 = CARTESIAN_POINT('',(2.902881644509,94.7928));
#7177 = ( GEOMETRIC_REPRESENTATION_CONTEXT(2) 
PARAMETRIC_REPRESENTATION_CONTEXT() REPRESENTATION_CONTEXT('2D SPACE',''
  ) );
#7178 = PCURVE('',#6815,#7179);
#7179 = DEFINITIONAL_REPRESENTATION('',(#7180),#7183);
#7180 = B_SPLINE_CURVE_WITH_KNOTS('',1,(#7181,#7182),.UNSPECIFIED.,.F.,
  .F.,(2,2),(0.,2.54),.PIECEWISE_BEZIER_KNOTS.);
#7181 = CARTESIAN_POINT('',(0.261136053575,0.));
#7182 = CARTESIAN_POINT('',(0.261136053575,2.54));
#7183 = ( GEOMETRIC_REPRESENTATION_CONTEXT(2) 
PARAMETRIC_REPRESENTATION_CONTEXT() REPRESENTATION_CONTEXT('2D SPACE',''
  ) );
#7184 = ORIENTED_EDGE('',*,*,#7185,.T.);
#7185 = EDGE_CURVE('',#7165,#7186,#7188,.T.);
#7186 = VERTEX_POINT('',#7187);
#7187 = CARTESIAN_POINT('',(45.396912,-12.13179627525,3.3528));
#7188 = SURFACE_CURVE('',#7189,(#7194,#7200),.PCURVE_S1.);
#7189 = CIRCLE('',#7190,51.308);
#7190 = AXIS2_PLACEMENT_3D('',#7191,#7192,#7193);
#7191 = CARTESIAN_POINT('',(95.25,0.,3.3528));
#7192 = DIRECTION('',(0.,0.,1.));
#7193 = DIRECTION('',(1.,0.,-0.));
#7194 = PCURVE('',#6789,#7195);
#7195 = DEFINITIONAL_REPRESENTATION('',(#7196),#7199);
#7196 = B_SPLINE_CURVE_WITH_KNOTS('',1,(#7197,#7198),.UNSPECIFIED.,.F.,
  .F.,(2,2),(2.902881644509,3.38030366267),.PIECEWISE_BEZIER_KNOTS.);
#7197 = CARTESIAN_POINT('',(2.902881644509,92.2528));
#7198 = CARTESIAN_POINT('',(3.38030366267,92.2528));
#7199 = ( GEOMETRIC_REPRESENTATION_CONTEXT(2) 
PARAMETRIC_REPRESENTATION_CONTEXT() REPRESENTATION_CONTEXT('2D SPACE',''
  ) );
#7200 = PCURVE('',#7201,#7206);
#7201 = PLANE('',#7202);
#7202 = AXIS2_PLACEMENT_3D('',#7203,#7204,#7205);
#7203 = CARTESIAN_POINT('',(0.,0.,3.3528));
#7204 = DIRECTION('',(0.,0.,1.));
#7205 = DIRECTION('',(1.,0.,-0.));
#7206 = DEFINITIONAL_REPRESENTATION('',(#7207),#7211);
#7207 = CIRCLE('',#7208,51.308);
#7208 = AXIS2_PLACEMENT_2D('',#7209,#7210);
#7209 = CARTESIAN_POINT('',(95.25,0.));
#7210 = DIRECTION('',(1.,0.));
#7211 = ( GEOMETRIC_REPRESENTATION_CONTEXT(2) 
PARAMETRIC_REPRESENTATION_CONTEXT() REPRESENTATION_CONTEXT('2D SPACE',''
  ) );
#7212 = ORIENTED_EDGE('',*,*,#7213,.T.);
#7213 = EDGE_CURVE('',#7186,#6773,#7214,.T.);
#7214 = SURFACE_CURVE('',#7215,(#7219,#7225),.PCURVE_S1.);
#7215 = LINE('',#7216,#7217);
#7216 = CARTESIAN_POINT('',(45.396912,-12.13179627525,3.3528));
#7217 = VECTOR('',#7218,1.);
#7218 = DIRECTION('',(0.,0.,1.));
#7219 = PCURVE('',#6789,#7220);
#7220 = DEFINITIONAL_REPRESENTATION('',(#7221),#7224);
#7221 = B_SPLINE_CURVE_WITH_KNOTS('',1,(#7222,#7223),.UNSPECIFIED.,.F.,
  .F.,(2,2),(0.,2.54),.PIECEWISE_BEZIER_KNOTS.);
#7222 = CARTESIAN_POINT('',(3.38030366267,92.2528));
#7223 = CARTESIAN_POINT('',(3.38030366267,94.7928));
#7224 = ( GEOMETRIC_REPRESENTATION_CONTEXT(2) 
PARAMETRIC_REPRESENTATION_CONTEXT() REPRESENTATION_CONTEXT('2D SPACE',''
  ) );
#7225 = PCURVE('',#6815,#7226);
#7226 = DEFINITIONAL_REPRESENTATION('',(#7227),#7230);
#7227 = B_SPLINE_CURVE_WITH_KNOTS('',1,(#7228,#7229),.UNSPECIFIED.,.F.,
  .F.,(2,2),(0.,2.54),.PIECEWISE_BEZIER_KNOTS.);
#7228 = CARTESIAN_POINT('',(6.022049253604,0.));
#7229 = CARTESIAN_POINT('',(6.022049253604,2.54));
#7230 = ( GEOMETRIC_REPRESENTATION_CONTEXT(2) 
PARAMETRIC_REPRESENTATION_CONTEXT() REPRESENTATION_CONTEXT('2D SPACE',''
  ) );
#7231 = ADVANCED_FACE('',(#7232),#6815,.T.);
#7232 = FACE_BOUND('',#7233,.T.);
#7233 = EDGE_LOOP('',(#7234,#7235,#7236,#7257));
#7234 = ORIENTED_EDGE('',*,*,#6800,.F.);
#7235 = ORIENTED_EDGE('',*,*,#7164,.F.);
#7236 = ORIENTED_EDGE('',*,*,#7237,.T.);
#7237 = EDGE_CURVE('',#7165,#7186,#7238,.T.);
#7238 = SURFACE_CURVE('',#7239,(#7244,#7250),.PCURVE_S1.);
#7239 = CIRCLE('',#7240,46.99);
#7240 = AXIS2_PLACEMENT_3D('',#7241,#7242,#7243);
#7241 = CARTESIAN_POINT('',(0.,0.,3.3528));
#7242 = DIRECTION('',(0.,0.,1.));
#7243 = DIRECTION('',(1.,0.,-0.));
#7244 = PCURVE('',#6815,#7245);
#7245 = DEFINITIONAL_REPRESENTATION('',(#7246),#7249);
#7246 = B_SPLINE_CURVE_WITH_KNOTS('',1,(#7247,#7248),.UNSPECIFIED.,.F.,
  .F.,(2,2),(0.261136053575,6.022049253604),.PIECEWISE_BEZIER_KNOTS.);
#7247 = CARTESIAN_POINT('',(0.261136053575,0.));
#7248 = CARTESIAN_POINT('',(6.022049253604,0.));
#7249 = ( GEOMETRIC_REPRESENTATION_CONTEXT(2) 
PARAMETRIC_REPRESENTATION_CONTEXT() REPRESENTATION_CONTEXT('2D SPACE',''
  ) );
#7250 = PCURVE('',#7201,#7251);
#7251 = DEFINITIONAL_REPRESENTATION('',(#7252),#7256);
#7252 = CIRCLE('',#7253,46.99);
#7253 = AXIS2_PLACEMENT_2D('',#7254,#7255);
#7254 = CARTESIAN_POINT('',(0.,0.));
#7255 = DIRECTION('',(1.,0.));
#7256 = ( GEOMETRIC_REPRESENTATION_CONTEXT(2) 
PARAMETRIC_REPRESENTATION_CONTEXT() REPRESENTATION_CONTEXT('2D SPACE',''
  ) );
#7257 = ORIENTED_EDGE('',*,*,#7213,.T.);
#7258 = ADVANCED_FACE('',(#7259),#6964,.F.);
#7259 = FACE_BOUND('',#7260,.F.);
#7260 = EDGE_LOOP('',(#7261,#7262,#7263,#7284,#7310,#7311));
#7261 = ORIENTED_EDGE('',*,*,#7139,.F.);
#7262 = ORIENTED_EDGE('',*,*,#7010,.T.);
#7263 = ORIENTED_EDGE('',*,*,#7264,.F.);
#7264 = EDGE_CURVE('',#7265,#6881,#7267,.T.);
#7265 = VERTEX_POINT('',#7266);
#7266 = CARTESIAN_POINT('',(38.862,-9.518444781693E-15,-10.668));
#7267 = SEAM_CURVE('',#7268,(#7272,#7278),.PCURVE_S1.);
#7268 = LINE('',#7269,#7270);
#7269 = CARTESIAN_POINT('',(38.839117117117,-9.512840091837E-15,-10.922)
  );
#7270 = VECTOR('',#7271,1.);
#7271 = DIRECTION('',(8.972670489621E-02,-2.197670438984E-17,
    0.995966424348));
#7272 = PCURVE('',#6964,#7273);
#7273 = DEFINITIONAL_REPRESENTATION('',(#7274),#7277);
#7274 = B_SPLINE_CURVE_WITH_KNOTS('',1,(#7275,#7276),.UNSPECIFIED.,.F.,
  .F.,(2,2),(0.255028677464,56.87139507447),.PIECEWISE_BEZIER_KNOTS.);
#7275 = CARTESIAN_POINT('',(6.28318530718,0.254));
#7276 = CARTESIAN_POINT('',(6.28318530718,56.642));
#7277 = ( GEOMETRIC_REPRESENTATION_CONTEXT(2) 
PARAMETRIC_REPRESENTATION_CONTEXT() REPRESENTATION_CONTEXT('2D SPACE',''
  ) );
#7278 = PCURVE('',#6964,#7279);
#7279 = DEFINITIONAL_REPRESENTATION('',(#7280),#7283);
#7280 = B_SPLINE_CURVE_WITH_KNOTS('',1,(#7281,#7282),.UNSPECIFIED.,.F.,
  .F.,(2,2),(0.255028677464,56.87139507447),.PIECEWISE_BEZIER_KNOTS.);
#7281 = CARTESIAN_POINT('',(0.,0.254));
#7282 = CARTESIAN_POINT('',(0.,56.642));
#7283 = ( GEOMETRIC_REPRESENTATION_CONTEXT(2) 
PARAMETRIC_REPRESENTATION_CONTEXT() REPRESENTATION_CONTEXT('2D SPACE',''
  ) );
#7284 = ORIENTED_EDGE('',*,*,#7285,.T.);
#7285 = EDGE_CURVE('',#7265,#7265,#7286,.T.);
#7286 = SURFACE_CURVE('',#7287,(#7292,#7298),.PCURVE_S1.);
#7287 = CIRCLE('',#7288,38.862);
#7288 = AXIS2_PLACEMENT_3D('',#7289,#7290,#7291);
#7289 = CARTESIAN_POINT('',(0.,0.,-10.668));
#7290 = DIRECTION('',(0.,0.,1.));
#7291 = DIRECTION('',(1.,0.,-0.));
#7292 = PCURVE('',#6964,#7293);
#7293 = DEFINITIONAL_REPRESENTATION('',(#7294),#7297);
#7294 = B_SPLINE_CURVE_WITH_KNOTS('',1,(#7295,#7296),.UNSPECIFIED.,.F.,
  .F.,(2,2),(0.,6.28318530718),.PIECEWISE_BEZIER_KNOTS.);
#7295 = CARTESIAN_POINT('',(0.,0.254));
#7296 = CARTESIAN_POINT('',(6.28318530718,0.254));
#7297 = ( GEOMETRIC_REPRESENTATION_CONTEXT(2) 
PARAMETRIC_REPRESENTATION_CONTEXT() REPRESENTATION_CONTEXT('2D SPACE',''
  ) );
#7298 = PCURVE('',#7299,#7304);
#7299 = PLANE('',#7300);
#7300 = AXIS2_PLACEMENT_3D('',#7301,#7302,#7303);
#7301 = CARTESIAN_POINT('',(0.,0.,-10.668));
#7302 = DIRECTION('',(0.,0.,1.));
#7303 = DIRECTION('',(1.,0.,-0.));
#7304 = DEFINITIONAL_REPRESENTATION('',(#7305),#7309);
#7305 = CIRCLE('',#7306,38.862);
#7306 = AXIS2_PLACEMENT_2D('',#7307,#7308);
#7307 = CARTESIAN_POINT('',(0.,0.));
#7308 = DIRECTION('',(1.,0.));
#7309 = ( GEOMETRIC_REPRESENTATION_CONTEXT(2) 
PARAMETRIC_REPRESENTATION_CONTEXT() REPRESENTATION_CONTEXT('2D SPACE',''
  ) );
#7310 = ORIENTED_EDGE('',*,*,#7264,.T.);
#7311 = ORIENTED_EDGE('',*,*,#6880,.T.);
#7312 = ADVANCED_FACE('',(#7313,#7317),#7201,.F.);
#7313 = FACE_BOUND('',#7314,.F.);
#7314 = EDGE_LOOP('',(#7315,#7316));
#7315 = ORIENTED_EDGE('',*,*,#7185,.F.);
#7316 = ORIENTED_EDGE('',*,*,#7237,.T.);
#7317 = FACE_BOUND('',#7318,.F.);
#7318 = EDGE_LOOP('',(#7319));
#7319 = ORIENTED_EDGE('',*,*,#7320,.F.);
#7320 = EDGE_CURVE('',#7321,#7321,#7323,.T.);
#7321 = VERTEX_POINT('',#7322);
#7322 = CARTESIAN_POINT('',(41.91,-1.026498947045E-14,3.3528));
#7323 = SURFACE_CURVE('',#7324,(#7329,#7336),.PCURVE_S1.);
#7324 = CIRCLE('',#7325,41.91);
#7325 = AXIS2_PLACEMENT_3D('',#7326,#7327,#7328);
#7326 = CARTESIAN_POINT('',(0.,0.,3.3528));
#7327 = DIRECTION('',(0.,0.,1.));
#7328 = DIRECTION('',(1.,0.,-0.));
#7329 = PCURVE('',#7201,#7330);
#7330 = DEFINITIONAL_REPRESENTATION('',(#7331),#7335);
#7331 = CIRCLE('',#7332,41.91);
#7332 = AXIS2_PLACEMENT_2D('',#7333,#7334);
#7333 = CARTESIAN_POINT('',(0.,0.));
#7334 = DIRECTION('',(1.,0.));
#7335 = ( GEOMETRIC_REPRESENTATION_CONTEXT(2) 
PARAMETRIC_REPRESENTATION_CONTEXT() REPRESENTATION_CONTEXT('2D SPACE',''
  ) );
#7336 = PCURVE('',#7337,#7342);
#7337 = CYLINDRICAL_SURFACE('',#7338,41.91);
#7338 = AXIS2_PLACEMENT_3D('',#7339,#7340,#7341);
#7339 = CARTESIAN_POINT('',(0.,0.,-10.668));
#7340 = DIRECTION('',(0.,0.,1.));
#7341 = DIRECTION('',(1.,0.,-0.));
#7342 = DEFINITIONAL_REPRESENTATION('',(#7343),#7346);
#7343 = B_SPLINE_CURVE_WITH_KNOTS('',1,(#7344,#7345),.UNSPECIFIED.,.F.,
  .F.,(2,2),(0.,6.28318530718),.PIECEWISE_BEZIER_KNOTS.);
#7344 = CARTESIAN_POINT('',(0.,14.0208));
#7345 = CARTESIAN_POINT('',(6.28318530718,14.0208));
#7346 = ( GEOMETRIC_REPRESENTATION_CONTEXT(2) 
PARAMETRIC_REPRESENTATION_CONTEXT() REPRESENTATION_CONTEXT('2D SPACE',''
  ) );
#7347 = ADVANCED_FACE('',(#7348,#7587),#7299,.F.);
#7348 = FACE_BOUND('',#7349,.F.);
#7349 = EDGE_LOOP('',(#7350,#7380,#7403,#7431,#7459,#7487,#7510,#7533,
    #7561));
#7350 = ORIENTED_EDGE('',*,*,#7351,.T.);
#7351 = EDGE_CURVE('',#7352,#7354,#7356,.T.);
#7352 = VERTEX_POINT('',#7353);
#7353 = CARTESIAN_POINT('',(-37.45163146489,26.223914669969,-10.668));
#7354 = VERTEX_POINT('',#7355);
#7355 = CARTESIAN_POINT('',(-34.33066217615,24.038588447472,-10.668));
#7356 = SURFACE_CURVE('',#7357,(#7361,#7368),.PCURVE_S1.);
#7357 = LINE('',#7358,#7359);
#7358 = CARTESIAN_POINT('',(-208.0646192494,145.68841483316,-10.668));
#7359 = VECTOR('',#7360,1.);
#7360 = DIRECTION('',(0.819152044289,-0.573576436351,0.));
#7361 = PCURVE('',#7299,#7362);
#7362 = DEFINITIONAL_REPRESENTATION('',(#7363),#7367);
#7363 = LINE('',#7364,#7365);
#7364 = CARTESIAN_POINT('',(-208.0646192494,145.68841483316));
#7365 = VECTOR('',#7366,1.);
#7366 = DIRECTION('',(0.819152044289,-0.573576436351));
#7367 = ( GEOMETRIC_REPRESENTATION_CONTEXT(2) 
PARAMETRIC_REPRESENTATION_CONTEXT() REPRESENTATION_CONTEXT('2D SPACE',''
  ) );
#7368 = PCURVE('',#7369,#7374);
#7369 = PLANE('',#7370);
#7370 = AXIS2_PLACEMENT_3D('',#7371,#7372,#7373);
#7371 = CARTESIAN_POINT('',(-37.45163146489,26.22391466997,-10.668));
#7372 = DIRECTION('',(0.573576436351,0.819152044289,-0.));
#7373 = DIRECTION('',(0.819152044289,-0.573576436351,0.));
#7374 = DEFINITIONAL_REPRESENTATION('',(#7375),#7379);
#7375 = LINE('',#7376,#7377);
#7376 = CARTESIAN_POINT('',(-208.28,-0.));
#7377 = VECTOR('',#7378,1.);
#7378 = DIRECTION('',(1.,0.));
#7379 = ( GEOMETRIC_REPRESENTATION_CONTEXT(2) 
PARAMETRIC_REPRESENTATION_CONTEXT() REPRESENTATION_CONTEXT('2D SPACE',''
  ) );
#7380 = ORIENTED_EDGE('',*,*,#7381,.T.);
#7381 = EDGE_CURVE('',#7354,#7382,#7384,.T.);
#7382 = VERTEX_POINT('',#7383);
#7383 = CARTESIAN_POINT('',(24.038588447472,-34.33066217615,-10.668));
#7384 = SURFACE_CURVE('',#7385,(#7390,#7397),.PCURVE_S1.);
#7385 = CIRCLE('',#7386,41.91);
#7386 = AXIS2_PLACEMENT_3D('',#7387,#7388,#7389);
#7387 = CARTESIAN_POINT('',(0.,0.,-10.668));
#7388 = DIRECTION('',(0.,0.,1.));
#7389 = DIRECTION('',(1.,0.,-0.));
#7390 = PCURVE('',#7299,#7391);
#7391 = DEFINITIONAL_REPRESENTATION('',(#7392),#7396);
#7392 = CIRCLE('',#7393,41.91);
#7393 = AXIS2_PLACEMENT_2D('',#7394,#7395);
#7394 = CARTESIAN_POINT('',(0.,0.));
#7395 = DIRECTION('',(1.,0.));
#7396 = ( GEOMETRIC_REPRESENTATION_CONTEXT(2) 
PARAMETRIC_REPRESENTATION_CONTEXT() REPRESENTATION_CONTEXT('2D SPACE',''
  ) );
#7397 = PCURVE('',#7337,#7398);
#7398 = DEFINITIONAL_REPRESENTATION('',(#7399),#7402);
#7399 = B_SPLINE_CURVE_WITH_KNOTS('',1,(#7400,#7401),.UNSPECIFIED.,.F.,
  .F.,(2,2),(2.530727415392,5.323254218583),.PIECEWISE_BEZIER_KNOTS.);
#7400 = CARTESIAN_POINT('',(2.530727415392,0.));
#7401 = CARTESIAN_POINT('',(5.323254218583,0.));
#7402 = ( GEOMETRIC_REPRESENTATION_CONTEXT(2) 
PARAMETRIC_REPRESENTATION_CONTEXT() REPRESENTATION_CONTEXT('2D SPACE',''
  ) );
#7403 = ORIENTED_EDGE('',*,*,#7404,.T.);
#7404 = EDGE_CURVE('',#7382,#7405,#7407,.T.);
#7405 = VERTEX_POINT('',#7406);
#7406 = CARTESIAN_POINT('',(26.223914669969,-37.45163146489,-10.668));
#7407 = SURFACE_CURVE('',#7408,(#7412,#7419),.PCURVE_S1.);
#7408 = LINE('',#7409,#7410);
#7409 = CARTESIAN_POINT('',(0.,0.,-10.668));
#7410 = VECTOR('',#7411,1.);
#7411 = DIRECTION('',(0.573576436351,-0.819152044289,0.));
#7412 = PCURVE('',#7299,#7413);
#7413 = DEFINITIONAL_REPRESENTATION('',(#7414),#7418);
#7414 = LINE('',#7415,#7416);
#7415 = CARTESIAN_POINT('',(0.,0.));
#7416 = VECTOR('',#7417,1.);
#7417 = DIRECTION('',(0.573576436351,-0.819152044289));
#7418 = ( GEOMETRIC_REPRESENTATION_CONTEXT(2) 
PARAMETRIC_REPRESENTATION_CONTEXT() REPRESENTATION_CONTEXT('2D SPACE',''
  ) );
#7419 = PCURVE('',#7420,#7425);
#7420 = PLANE('',#7421);
#7421 = AXIS2_PLACEMENT_3D('',#7422,#7423,#7424);
#7422 = CARTESIAN_POINT('',(23.601523202973,-33.7064683184,-10.668));
#7423 = DIRECTION('',(0.819152044289,0.573576436351,-0.));
#7424 = DIRECTION('',(0.573576436351,-0.819152044289,0.));
#7425 = DEFINITIONAL_REPRESENTATION('',(#7426),#7430);
#7426 = LINE('',#7427,#7428);
#7427 = CARTESIAN_POINT('',(-41.148,-0.));
#7428 = VECTOR('',#7429,1.);
#7429 = DIRECTION('',(1.,0.));
#7430 = ( GEOMETRIC_REPRESENTATION_CONTEXT(2) 
PARAMETRIC_REPRESENTATION_CONTEXT() REPRESENTATION_CONTEXT('2D SPACE',''
  ) );
#7431 = ORIENTED_EDGE('',*,*,#7432,.T.);
#7432 = EDGE_CURVE('',#7405,#7433,#7435,.T.);
#7433 = VERTEX_POINT('',#7434);
#7434 = CARTESIAN_POINT('',(37.451631464893,-26.22391466996,-10.668));
#7435 = SURFACE_CURVE('',#7436,(#7441,#7448),.PCURVE_S1.);
#7436 = CIRCLE('',#7437,45.72);
#7437 = AXIS2_PLACEMENT_3D('',#7438,#7439,#7440);
#7438 = CARTESIAN_POINT('',(0.,0.,-10.668));
#7439 = DIRECTION('',(0.,0.,1.));
#7440 = DIRECTION('',(1.,0.,-0.));
#7441 = PCURVE('',#7299,#7442);
#7442 = DEFINITIONAL_REPRESENTATION('',(#7443),#7447);
#7443 = CIRCLE('',#7444,45.72);
#7444 = AXIS2_PLACEMENT_2D('',#7445,#7446);
#7445 = CARTESIAN_POINT('',(0.,0.));
#7446 = DIRECTION('',(1.,0.));
#7447 = ( GEOMETRIC_REPRESENTATION_CONTEXT(2) 
PARAMETRIC_REPRESENTATION_CONTEXT() REPRESENTATION_CONTEXT('2D SPACE',''
  ) );
#7448 = PCURVE('',#7449,#7454);
#7449 = CYLINDRICAL_SURFACE('',#7450,45.72);
#7450 = AXIS2_PLACEMENT_3D('',#7451,#7452,#7453);
#7451 = CARTESIAN_POINT('',(0.,0.,-10.668));
#7452 = DIRECTION('',(-0.,-0.,-1.));
#7453 = DIRECTION('',(1.,0.,-0.));
#7454 = DEFINITIONAL_REPRESENTATION('',(#7455),#7458);
#7455 = B_SPLINE_CURVE_WITH_KNOTS('',1,(#7456,#7457),.UNSPECIFIED.,.F.,
  .F.,(2,2),(5.323254218583,5.672320068982),.PIECEWISE_BEZIER_KNOTS.);
#7456 = CARTESIAN_POINT('',(-5.323254218583,0.));
#7457 = CARTESIAN_POINT('',(-5.672320068982,0.));
#7458 = ( GEOMETRIC_REPRESENTATION_CONTEXT(2) 
PARAMETRIC_REPRESENTATION_CONTEXT() REPRESENTATION_CONTEXT('2D SPACE',''
  ) );
#7459 = ORIENTED_EDGE('',*,*,#7460,.T.);
#7460 = EDGE_CURVE('',#7433,#7461,#7463,.T.);
#7461 = VERTEX_POINT('',#7462);
#7462 = CARTESIAN_POINT('',(34.330662176152,-24.03858844747,-10.668));
#7463 = SURFACE_CURVE('',#7464,(#7468,#7475),.PCURVE_S1.);
#7464 = LINE('',#7465,#7466);
#7465 = CARTESIAN_POINT('',(208.0646192494,-145.6884148331,-10.668));
#7466 = VECTOR('',#7467,1.);
#7467 = DIRECTION('',(-0.819152044289,0.573576436351,0.));
#7468 = PCURVE('',#7299,#7469);
#7469 = DEFINITIONAL_REPRESENTATION('',(#7470),#7474);
#7470 = LINE('',#7471,#7472);
#7471 = CARTESIAN_POINT('',(208.0646192494,-145.6884148331));
#7472 = VECTOR('',#7473,1.);
#7473 = DIRECTION('',(-0.819152044289,0.573576436351));
#7474 = ( GEOMETRIC_REPRESENTATION_CONTEXT(2) 
PARAMETRIC_REPRESENTATION_CONTEXT() REPRESENTATION_CONTEXT('2D SPACE',''
  ) );
#7475 = PCURVE('',#7476,#7481);
#7476 = PLANE('',#7477);
#7477 = AXIS2_PLACEMENT_3D('',#7478,#7479,#7480);
#7478 = CARTESIAN_POINT('',(37.451631464893,-26.22391466997,-10.668));
#7479 = DIRECTION('',(-0.573576436351,-0.819152044289,0.));
#7480 = DIRECTION('',(-0.819152044289,0.573576436351,0.));
#7481 = DEFINITIONAL_REPRESENTATION('',(#7482),#7486);
#7482 = LINE('',#7483,#7484);
#7483 = CARTESIAN_POINT('',(-208.28,-0.));
#7484 = VECTOR('',#7485,1.);
#7485 = DIRECTION('',(1.,0.));
#7486 = ( GEOMETRIC_REPRESENTATION_CONTEXT(2) 
PARAMETRIC_REPRESENTATION_CONTEXT() REPRESENTATION_CONTEXT('2D SPACE',''
  ) );
#7487 = ORIENTED_EDGE('',*,*,#7488,.T.);
#7488 = EDGE_CURVE('',#7461,#7489,#7491,.T.);
#7489 = VERTEX_POINT('',#7490);
#7490 = CARTESIAN_POINT('',(41.91,-1.026498947045E-14,-10.668));
#7491 = SURFACE_CURVE('',#7492,(#7497,#7504),.PCURVE_S1.);
#7492 = CIRCLE('',#7493,41.91);
#7493 = AXIS2_PLACEMENT_3D('',#7494,#7495,#7496);
#7494 = CARTESIAN_POINT('',(0.,0.,-10.668));
#7495 = DIRECTION('',(0.,0.,1.));
#7496 = DIRECTION('',(1.,0.,-0.));
#7497 = PCURVE('',#7299,#7498);
#7498 = DEFINITIONAL_REPRESENTATION('',(#7499),#7503);
#7499 = CIRCLE('',#7500,41.91);
#7500 = AXIS2_PLACEMENT_2D('',#7501,#7502);
#7501 = CARTESIAN_POINT('',(0.,0.));
#7502 = DIRECTION('',(1.,0.));
#7503 = ( GEOMETRIC_REPRESENTATION_CONTEXT(2) 
PARAMETRIC_REPRESENTATION_CONTEXT() REPRESENTATION_CONTEXT('2D SPACE',''
  ) );
#7504 = PCURVE('',#7337,#7505);
#7505 = DEFINITIONAL_REPRESENTATION('',(#7506),#7509);
#7506 = B_SPLINE_CURVE_WITH_KNOTS('',1,(#7507,#7508),.UNSPECIFIED.,.F.,
  .F.,(2,2),(5.672320068982,6.28318530718),.PIECEWISE_BEZIER_KNOTS.);
#7507 = CARTESIAN_POINT('',(5.672320068982,0.));
#7508 = CARTESIAN_POINT('',(6.28318530718,0.));
#7509 = ( GEOMETRIC_REPRESENTATION_CONTEXT(2) 
PARAMETRIC_REPRESENTATION_CONTEXT() REPRESENTATION_CONTEXT('2D SPACE',''
  ) );
#7510 = ORIENTED_EDGE('',*,*,#7511,.T.);
#7511 = EDGE_CURVE('',#7489,#7512,#7514,.T.);
#7512 = VERTEX_POINT('',#7513);
#7513 = CARTESIAN_POINT('',(-24.03858844747,34.330662176152,-10.668));
#7514 = SURFACE_CURVE('',#7515,(#7520,#7527),.PCURVE_S1.);
#7515 = CIRCLE('',#7516,41.91);
#7516 = AXIS2_PLACEMENT_3D('',#7517,#7518,#7519);
#7517 = CARTESIAN_POINT('',(0.,0.,-10.668));
#7518 = DIRECTION('',(0.,0.,1.));
#7519 = DIRECTION('',(1.,0.,-0.));
#7520 = PCURVE('',#7299,#7521);
#7521 = DEFINITIONAL_REPRESENTATION('',(#7522),#7526);
#7522 = CIRCLE('',#7523,41.91);
#7523 = AXIS2_PLACEMENT_2D('',#7524,#7525);
#7524 = CARTESIAN_POINT('',(0.,0.));
#7525 = DIRECTION('',(1.,0.));
#7526 = ( GEOMETRIC_REPRESENTATION_CONTEXT(2) 
PARAMETRIC_REPRESENTATION_CONTEXT() REPRESENTATION_CONTEXT('2D SPACE',''
  ) );
#7527 = PCURVE('',#7337,#7528);
#7528 = DEFINITIONAL_REPRESENTATION('',(#7529),#7532);
#7529 = B_SPLINE_CURVE_WITH_KNOTS('',1,(#7530,#7531),.UNSPECIFIED.,.F.,
  .F.,(2,2),(0.,2.181661564993),.PIECEWISE_BEZIER_KNOTS.);
#7530 = CARTESIAN_POINT('',(0.,0.));
#7531 = CARTESIAN_POINT('',(2.181661564993,0.));
#7532 = ( GEOMETRIC_REPRESENTATION_CONTEXT(2) 
PARAMETRIC_REPRESENTATION_CONTEXT() REPRESENTATION_CONTEXT('2D SPACE',''
  ) );
#7533 = ORIENTED_EDGE('',*,*,#7534,.T.);
#7534 = EDGE_CURVE('',#7512,#7535,#7537,.T.);
#7535 = VERTEX_POINT('',#7536);
#7536 = CARTESIAN_POINT('',(-26.22391466996,37.451631464893,-10.668));
#7537 = SURFACE_CURVE('',#7538,(#7542,#7549),.PCURVE_S1.);
#7538 = LINE('',#7539,#7540);
#7539 = CARTESIAN_POINT('',(0.,0.,-10.668));
#7540 = VECTOR('',#7541,1.);
#7541 = DIRECTION('',(-0.573576436351,0.819152044289,0.));
#7542 = PCURVE('',#7299,#7543);
#7543 = DEFINITIONAL_REPRESENTATION('',(#7544),#7548);
#7544 = LINE('',#7545,#7546);
#7545 = CARTESIAN_POINT('',(0.,0.));
#7546 = VECTOR('',#7547,1.);
#7547 = DIRECTION('',(-0.573576436351,0.819152044289));
#7548 = ( GEOMETRIC_REPRESENTATION_CONTEXT(2) 
PARAMETRIC_REPRESENTATION_CONTEXT() REPRESENTATION_CONTEXT('2D SPACE',''
  ) );
#7549 = PCURVE('',#7550,#7555);
#7550 = PLANE('',#7551);
#7551 = AXIS2_PLACEMENT_3D('',#7552,#7553,#7554);
#7552 = CARTESIAN_POINT('',(-23.60152320297,33.706468318403,-10.668));
#7553 = DIRECTION('',(-0.819152044289,-0.573576436351,0.));
#7554 = DIRECTION('',(-0.573576436351,0.819152044289,0.));
#7555 = DEFINITIONAL_REPRESENTATION('',(#7556),#7560);
#7556 = LINE('',#7557,#7558);
#7557 = CARTESIAN_POINT('',(-41.148,-0.));
#7558 = VECTOR('',#7559,1.);
#7559 = DIRECTION('',(1.,0.));
#7560 = ( GEOMETRIC_REPRESENTATION_CONTEXT(2) 
PARAMETRIC_REPRESENTATION_CONTEXT() REPRESENTATION_CONTEXT('2D SPACE',''
  ) );
#7561 = ORIENTED_EDGE('',*,*,#7562,.T.);
#7562 = EDGE_CURVE('',#7535,#7352,#7563,.T.);
#7563 = SURFACE_CURVE('',#7564,(#7569,#7576),.PCURVE_S1.);
#7564 = CIRCLE('',#7565,45.72);
#7565 = AXIS2_PLACEMENT_3D('',#7566,#7567,#7568);
#7566 = CARTESIAN_POINT('',(0.,0.,-10.668));
#7567 = DIRECTION('',(0.,0.,1.));
#7568 = DIRECTION('',(1.,0.,-0.));
#7569 = PCURVE('',#7299,#7570);
#7570 = DEFINITIONAL_REPRESENTATION('',(#7571),#7575);
#7571 = CIRCLE('',#7572,45.72);
#7572 = AXIS2_PLACEMENT_2D('',#7573,#7574);
#7573 = CARTESIAN_POINT('',(0.,0.));
#7574 = DIRECTION('',(1.,0.));
#7575 = ( GEOMETRIC_REPRESENTATION_CONTEXT(2) 
PARAMETRIC_REPRESENTATION_CONTEXT() REPRESENTATION_CONTEXT('2D SPACE',''
  ) );
#7576 = PCURVE('',#7577,#7582);
#7577 = CYLINDRICAL_SURFACE('',#7578,45.72);
#7578 = AXIS2_PLACEMENT_3D('',#7579,#7580,#7581);
#7579 = CARTESIAN_POINT('',(0.,0.,-10.668));
#7580 = DIRECTION('',(-0.,-0.,-1.));
#7581 = DIRECTION('',(1.,0.,-0.));
#7582 = DEFINITIONAL_REPRESENTATION('',(#7583),#7586);
#7583 = B_SPLINE_CURVE_WITH_KNOTS('',1,(#7584,#7585),.UNSPECIFIED.,.F.,
  .F.,(2,2),(2.181661564993,2.530727415392),.PIECEWISE_BEZIER_KNOTS.);
#7584 = CARTESIAN_POINT('',(-2.181661564993,0.));
#7585 = CARTESIAN_POINT('',(-2.530727415392,0.));
#7586 = ( GEOMETRIC_REPRESENTATION_CONTEXT(2) 
PARAMETRIC_REPRESENTATION_CONTEXT() REPRESENTATION_CONTEXT('2D SPACE',''
  ) );
#7587 = FACE_BOUND('',#7588,.F.);
#7588 = EDGE_LOOP('',(#7589));
#7589 = ORIENTED_EDGE('',*,*,#7285,.F.);
#7590 = ADVANCED_FACE('',(#7591),#7337,.T.);
#7591 = FACE_BOUND('',#7592,.T.);
#7592 = EDGE_LOOP('',(#7593,#7594,#7613,#7614,#7636,#7664,#7684,#7685,
    #7707,#7735,#7755,#7756));
#7593 = ORIENTED_EDGE('',*,*,#7320,.F.);
#7594 = ORIENTED_EDGE('',*,*,#7595,.F.);
#7595 = EDGE_CURVE('',#7489,#7321,#7596,.T.);
#7596 = SEAM_CURVE('',#7597,(#7601,#7607),.PCURVE_S1.);
#7597 = LINE('',#7598,#7599);
#7598 = CARTESIAN_POINT('',(41.91,-1.026498947045E-14,-10.668));
#7599 = VECTOR('',#7600,1.);
#7600 = DIRECTION('',(0.,0.,1.));
#7601 = PCURVE('',#7337,#7602);
#7602 = DEFINITIONAL_REPRESENTATION('',(#7603),#7606);
#7603 = B_SPLINE_CURVE_WITH_KNOTS('',1,(#7604,#7605),.UNSPECIFIED.,.F.,
  .F.,(2,2),(0.,14.0208),.PIECEWISE_BEZIER_KNOTS.);
#7604 = CARTESIAN_POINT('',(6.28318530718,0.));
#7605 = CARTESIAN_POINT('',(6.28318530718,14.0208));
#7606 = ( GEOMETRIC_REPRESENTATION_CONTEXT(2) 
PARAMETRIC_REPRESENTATION_CONTEXT() REPRESENTATION_CONTEXT('2D SPACE',''
  ) );
#7607 = PCURVE('',#7337,#7608);
#7608 = DEFINITIONAL_REPRESENTATION('',(#7609),#7612);
#7609 = B_SPLINE_CURVE_WITH_KNOTS('',1,(#7610,#7611),.UNSPECIFIED.,.F.,
  .F.,(2,2),(0.,14.0208),.PIECEWISE_BEZIER_KNOTS.);
#7610 = CARTESIAN_POINT('',(0.,0.));
#7611 = CARTESIAN_POINT('',(0.,14.0208));
#7612 = ( GEOMETRIC_REPRESENTATION_CONTEXT(2) 
PARAMETRIC_REPRESENTATION_CONTEXT() REPRESENTATION_CONTEXT('2D SPACE',''
  ) );
#7613 = ORIENTED_EDGE('',*,*,#7511,.T.);
#7614 = ORIENTED_EDGE('',*,*,#7615,.T.);
#7615 = EDGE_CURVE('',#7512,#7616,#7618,.T.);
#7616 = VERTEX_POINT('',#7617);
#7617 = CARTESIAN_POINT('',(-24.03858844747,34.330662176152,-6.858));
#7618 = SURFACE_CURVE('',#7619,(#7623,#7629),.PCURVE_S1.);
#7619 = LINE('',#7620,#7621);
#7620 = CARTESIAN_POINT('',(-24.03858844747,34.330662176152,-10.668));
#7621 = VECTOR('',#7622,1.);
#7622 = DIRECTION('',(0.,0.,1.));
#7623 = PCURVE('',#7337,#7624);
#7624 = DEFINITIONAL_REPRESENTATION('',(#7625),#7628);
#7625 = B_SPLINE_CURVE_WITH_KNOTS('',1,(#7626,#7627),.UNSPECIFIED.,.F.,
  .F.,(2,2),(0.,3.81),.PIECEWISE_BEZIER_KNOTS.);
#7626 = CARTESIAN_POINT('',(2.181661564993,0.));
#7627 = CARTESIAN_POINT('',(2.181661564993,3.81));
#7628 = ( GEOMETRIC_REPRESENTATION_CONTEXT(2) 
PARAMETRIC_REPRESENTATION_CONTEXT() REPRESENTATION_CONTEXT('2D SPACE',''
  ) );
#7629 = PCURVE('',#7550,#7630);
#7630 = DEFINITIONAL_REPRESENTATION('',(#7631),#7635);
#7631 = LINE('',#7632,#7633);
#7632 = CARTESIAN_POINT('',(0.762,0.));
#7633 = VECTOR('',#7634,1.);
#7634 = DIRECTION('',(0.,-1.));
#7635 = ( GEOMETRIC_REPRESENTATION_CONTEXT(2) 
PARAMETRIC_REPRESENTATION_CONTEXT() REPRESENTATION_CONTEXT('2D SPACE',''
  ) );
#7636 = ORIENTED_EDGE('',*,*,#7637,.T.);
#7637 = EDGE_CURVE('',#7616,#7638,#7640,.T.);
#7638 = VERTEX_POINT('',#7639);
#7639 = CARTESIAN_POINT('',(-34.33066217615,24.038588447472,-6.858));
#7640 = SURFACE_CURVE('',#7641,(#7646,#7652),.PCURVE_S1.);
#7641 = CIRCLE('',#7642,41.91);
#7642 = AXIS2_PLACEMENT_3D('',#7643,#7644,#7645);
#7643 = CARTESIAN_POINT('',(0.,0.,-6.858));
#7644 = DIRECTION('',(0.,0.,1.));
#7645 = DIRECTION('',(1.,0.,-0.));
#7646 = PCURVE('',#7337,#7647);
#7647 = DEFINITIONAL_REPRESENTATION('',(#7648),#7651);
#7648 = B_SPLINE_CURVE_WITH_KNOTS('',1,(#7649,#7650),.UNSPECIFIED.,.F.,
  .F.,(2,2),(2.181661564993,2.530727415392),.PIECEWISE_BEZIER_KNOTS.);
#7649 = CARTESIAN_POINT('',(2.181661564993,3.81));
#7650 = CARTESIAN_POINT('',(2.530727415392,3.81));
#7651 = ( GEOMETRIC_REPRESENTATION_CONTEXT(2) 
PARAMETRIC_REPRESENTATION_CONTEXT() REPRESENTATION_CONTEXT('2D SPACE',''
  ) );
#7652 = PCURVE('',#7653,#7658);
#7653 = PLANE('',#7654);
#7654 = AXIS2_PLACEMENT_3D('',#7655,#7656,#7657);
#7655 = CARTESIAN_POINT('',(-1.206006228004E-15,5.369675646121E-15,
    -6.858));
#7656 = DIRECTION('',(0.,0.,1.));
#7657 = DIRECTION('',(1.,0.,-0.));
#7658 = DEFINITIONAL_REPRESENTATION('',(#7659),#7663);
#7659 = CIRCLE('',#7660,41.91);
#7660 = AXIS2_PLACEMENT_2D('',#7661,#7662);
#7661 = CARTESIAN_POINT('',(1.206006228004E-15,-5.369675646121E-15));
#7662 = DIRECTION('',(1.,0.));
#7663 = ( GEOMETRIC_REPRESENTATION_CONTEXT(2) 
PARAMETRIC_REPRESENTATION_CONTEXT() REPRESENTATION_CONTEXT('2D SPACE',''
  ) );
#7664 = ORIENTED_EDGE('',*,*,#7665,.F.);
#7665 = EDGE_CURVE('',#7354,#7638,#7666,.T.);
#7666 = SURFACE_CURVE('',#7667,(#7671,#7677),.PCURVE_S1.);
#7667 = LINE('',#7668,#7669);
#7668 = CARTESIAN_POINT('',(-34.33066217615,24.038588447472,-10.668));
#7669 = VECTOR('',#7670,1.);
#7670 = DIRECTION('',(0.,0.,1.));
#7671 = PCURVE('',#7337,#7672);
#7672 = DEFINITIONAL_REPRESENTATION('',(#7673),#7676);
#7673 = B_SPLINE_CURVE_WITH_KNOTS('',1,(#7674,#7675),.UNSPECIFIED.,.F.,
  .F.,(2,2),(0.,3.81),.PIECEWISE_BEZIER_KNOTS.);
#7674 = CARTESIAN_POINT('',(2.530727415392,0.));
#7675 = CARTESIAN_POINT('',(2.530727415392,3.81));
#7676 = ( GEOMETRIC_REPRESENTATION_CONTEXT(2) 
PARAMETRIC_REPRESENTATION_CONTEXT() REPRESENTATION_CONTEXT('2D SPACE',''
  ) );
#7677 = PCURVE('',#7369,#7678);
#7678 = DEFINITIONAL_REPRESENTATION('',(#7679),#7683);
#7679 = LINE('',#7680,#7681);
#7680 = CARTESIAN_POINT('',(3.81,0.));
#7681 = VECTOR('',#7682,1.);
#7682 = DIRECTION('',(0.,-1.));
#7683 = ( GEOMETRIC_REPRESENTATION_CONTEXT(2) 
PARAMETRIC_REPRESENTATION_CONTEXT() REPRESENTATION_CONTEXT('2D SPACE',''
  ) );
#7684 = ORIENTED_EDGE('',*,*,#7381,.T.);
#7685 = ORIENTED_EDGE('',*,*,#7686,.T.);
#7686 = EDGE_CURVE('',#7382,#7687,#7689,.T.);
#7687 = VERTEX_POINT('',#7688);
#7688 = CARTESIAN_POINT('',(24.038588447472,-34.33066217615,-6.858));
#7689 = SURFACE_CURVE('',#7690,(#7694,#7700),.PCURVE_S1.);
#7690 = LINE('',#7691,#7692);
#7691 = CARTESIAN_POINT('',(24.038588447472,-34.33066217615,-10.668));
#7692 = VECTOR('',#7693,1.);
#7693 = DIRECTION('',(0.,0.,1.));
#7694 = PCURVE('',#7337,#7695);
#7695 = DEFINITIONAL_REPRESENTATION('',(#7696),#7699);
#7696 = B_SPLINE_CURVE_WITH_KNOTS('',1,(#7697,#7698),.UNSPECIFIED.,.F.,
  .F.,(2,2),(0.,3.81),.PIECEWISE_BEZIER_KNOTS.);
#7697 = CARTESIAN_POINT('',(5.323254218583,0.));
#7698 = CARTESIAN_POINT('',(5.323254218583,3.81));
#7699 = ( GEOMETRIC_REPRESENTATION_CONTEXT(2) 
PARAMETRIC_REPRESENTATION_CONTEXT() REPRESENTATION_CONTEXT('2D SPACE',''
  ) );
#7700 = PCURVE('',#7420,#7701);
#7701 = DEFINITIONAL_REPRESENTATION('',(#7702),#7706);
#7702 = LINE('',#7703,#7704);
#7703 = CARTESIAN_POINT('',(0.762,0.));
#7704 = VECTOR('',#7705,1.);
#7705 = DIRECTION('',(0.,-1.));
#7706 = ( GEOMETRIC_REPRESENTATION_CONTEXT(2) 
PARAMETRIC_REPRESENTATION_CONTEXT() REPRESENTATION_CONTEXT('2D SPACE',''
  ) );
#7707 = ORIENTED_EDGE('',*,*,#7708,.T.);
#7708 = EDGE_CURVE('',#7687,#7709,#7711,.T.);
#7709 = VERTEX_POINT('',#7710);
#7710 = CARTESIAN_POINT('',(34.330662176152,-24.03858844747,-6.858));
#7711 = SURFACE_CURVE('',#7712,(#7717,#7723),.PCURVE_S1.);
#7712 = CIRCLE('',#7713,41.91);
#7713 = AXIS2_PLACEMENT_3D('',#7714,#7715,#7716);
#7714 = CARTESIAN_POINT('',(0.,0.,-6.858));
#7715 = DIRECTION('',(0.,0.,1.));
#7716 = DIRECTION('',(1.,0.,-0.));
#7717 = PCURVE('',#7337,#7718);
#7718 = DEFINITIONAL_REPRESENTATION('',(#7719),#7722);
#7719 = B_SPLINE_CURVE_WITH_KNOTS('',1,(#7720,#7721),.UNSPECIFIED.,.F.,
  .F.,(2,2),(5.323254218583,5.672320068982),.PIECEWISE_BEZIER_KNOTS.);
#7720 = CARTESIAN_POINT('',(5.323254218583,3.81));
#7721 = CARTESIAN_POINT('',(5.672320068982,3.81));
#7722 = ( GEOMETRIC_REPRESENTATION_CONTEXT(2) 
PARAMETRIC_REPRESENTATION_CONTEXT() REPRESENTATION_CONTEXT('2D SPACE',''
  ) );
#7723 = PCURVE('',#7724,#7729);
#7724 = PLANE('',#7725);
#7725 = AXIS2_PLACEMENT_3D('',#7726,#7727,#7728);
#7726 = CARTESIAN_POINT('',(-1.206006228004E-15,5.369675646121E-15,
    -6.858));
#7727 = DIRECTION('',(0.,0.,1.));
#7728 = DIRECTION('',(1.,0.,-0.));
#7729 = DEFINITIONAL_REPRESENTATION('',(#7730),#7734);
#7730 = CIRCLE('',#7731,41.91);
#7731 = AXIS2_PLACEMENT_2D('',#7732,#7733);
#7732 = CARTESIAN_POINT('',(1.206006228004E-15,-5.369675646121E-15));
#7733 = DIRECTION('',(1.,0.));
#7734 = ( GEOMETRIC_REPRESENTATION_CONTEXT(2) 
PARAMETRIC_REPRESENTATION_CONTEXT() REPRESENTATION_CONTEXT('2D SPACE',''
  ) );
#7735 = ORIENTED_EDGE('',*,*,#7736,.F.);
#7736 = EDGE_CURVE('',#7461,#7709,#7737,.T.);
#7737 = SURFACE_CURVE('',#7738,(#7742,#7748),.PCURVE_S1.);
#7738 = LINE('',#7739,#7740);
#7739 = CARTESIAN_POINT('',(34.330662176152,-24.03858844747,-10.668));
#7740 = VECTOR('',#7741,1.);
#7741 = DIRECTION('',(0.,0.,1.));
#7742 = PCURVE('',#7337,#7743);
#7743 = DEFINITIONAL_REPRESENTATION('',(#7744),#7747);
#7744 = B_SPLINE_CURVE_WITH_KNOTS('',1,(#7745,#7746),.UNSPECIFIED.,.F.,
  .F.,(2,2),(0.,3.81),.PIECEWISE_BEZIER_KNOTS.);
#7745 = CARTESIAN_POINT('',(5.672320068982,0.));
#7746 = CARTESIAN_POINT('',(5.672320068982,3.81));
#7747 = ( GEOMETRIC_REPRESENTATION_CONTEXT(2) 
PARAMETRIC_REPRESENTATION_CONTEXT() REPRESENTATION_CONTEXT('2D SPACE',''
  ) );
#7748 = PCURVE('',#7476,#7749);
#7749 = DEFINITIONAL_REPRESENTATION('',(#7750),#7754);
#7750 = LINE('',#7751,#7752);
#7751 = CARTESIAN_POINT('',(3.81,0.));
#7752 = VECTOR('',#7753,1.);
#7753 = DIRECTION('',(0.,-1.));
#7754 = ( GEOMETRIC_REPRESENTATION_CONTEXT(2) 
PARAMETRIC_REPRESENTATION_CONTEXT() REPRESENTATION_CONTEXT('2D SPACE',''
  ) );
#7755 = ORIENTED_EDGE('',*,*,#7488,.T.);
#7756 = ORIENTED_EDGE('',*,*,#7595,.T.);
#7757 = ADVANCED_FACE('',(#7758),#7369,.F.);
#7758 = FACE_BOUND('',#7759,.F.);
#7759 = EDGE_LOOP('',(#7760,#7761,#7783,#7804));
#7760 = ORIENTED_EDGE('',*,*,#7351,.F.);
#7761 = ORIENTED_EDGE('',*,*,#7762,.T.);
#7762 = EDGE_CURVE('',#7352,#7763,#7765,.T.);
#7763 = VERTEX_POINT('',#7764);
#7764 = CARTESIAN_POINT('',(-37.45163146489,26.223914669969,-6.858));
#7765 = SURFACE_CURVE('',#7766,(#7770,#7777),.PCURVE_S1.);
#7766 = LINE('',#7767,#7768);
#7767 = CARTESIAN_POINT('',(-37.45163146489,26.223914669969,-10.668));
#7768 = VECTOR('',#7769,1.);
#7769 = DIRECTION('',(0.,0.,1.));
#7770 = PCURVE('',#7369,#7771);
#7771 = DEFINITIONAL_REPRESENTATION('',(#7772),#7776);
#7772 = LINE('',#7773,#7774);
#7773 = CARTESIAN_POINT('',(7.858178196788E-15,0.));
#7774 = VECTOR('',#7775,1.);
#7775 = DIRECTION('',(0.,-1.));
#7776 = ( GEOMETRIC_REPRESENTATION_CONTEXT(2) 
PARAMETRIC_REPRESENTATION_CONTEXT() REPRESENTATION_CONTEXT('2D SPACE',''
  ) );
#7777 = PCURVE('',#7577,#7778);
#7778 = DEFINITIONAL_REPRESENTATION('',(#7779),#7782);
#7779 = B_SPLINE_CURVE_WITH_KNOTS('',1,(#7780,#7781),.UNSPECIFIED.,.F.,
  .F.,(2,2),(0.,3.81),.PIECEWISE_BEZIER_KNOTS.);
#7780 = CARTESIAN_POINT('',(-2.530727415392,0.));
#7781 = CARTESIAN_POINT('',(-2.530727415392,-3.81));
#7782 = ( GEOMETRIC_REPRESENTATION_CONTEXT(2) 
PARAMETRIC_REPRESENTATION_CONTEXT() REPRESENTATION_CONTEXT('2D SPACE',''
  ) );
#7783 = ORIENTED_EDGE('',*,*,#7784,.T.);
#7784 = EDGE_CURVE('',#7763,#7638,#7785,.T.);
#7785 = SURFACE_CURVE('',#7786,(#7790,#7797),.PCURVE_S1.);
#7786 = LINE('',#7787,#7788);
#7787 = CARTESIAN_POINT('',(-208.0646192494,145.68841483316,-6.858));
#7788 = VECTOR('',#7789,1.);
#7789 = DIRECTION('',(0.819152044289,-0.573576436351,0.));
#7790 = PCURVE('',#7369,#7791);
#7791 = DEFINITIONAL_REPRESENTATION('',(#7792),#7796);
#7792 = LINE('',#7793,#7794);
#7793 = CARTESIAN_POINT('',(-208.28,-3.81));
#7794 = VECTOR('',#7795,1.);
#7795 = DIRECTION('',(1.,0.));
#7796 = ( GEOMETRIC_REPRESENTATION_CONTEXT(2) 
PARAMETRIC_REPRESENTATION_CONTEXT() REPRESENTATION_CONTEXT('2D SPACE',''
  ) );
#7797 = PCURVE('',#7653,#7798);
#7798 = DEFINITIONAL_REPRESENTATION('',(#7799),#7803);
#7799 = LINE('',#7800,#7801);
#7800 = CARTESIAN_POINT('',(-208.0646192494,145.68841483316));
#7801 = VECTOR('',#7802,1.);
#7802 = DIRECTION('',(0.819152044289,-0.573576436351));
#7803 = ( GEOMETRIC_REPRESENTATION_CONTEXT(2) 
PARAMETRIC_REPRESENTATION_CONTEXT() REPRESENTATION_CONTEXT('2D SPACE',''
  ) );
#7804 = ORIENTED_EDGE('',*,*,#7665,.F.);
#7805 = ADVANCED_FACE('',(#7806),#7577,.T.);
#7806 = FACE_BOUND('',#7807,.F.);
#7807 = EDGE_LOOP('',(#7808,#7830,#7851,#7852));
#7808 = ORIENTED_EDGE('',*,*,#7809,.T.);
#7809 = EDGE_CURVE('',#7535,#7810,#7812,.T.);
#7810 = VERTEX_POINT('',#7811);
#7811 = CARTESIAN_POINT('',(-26.22391466996,37.451631464893,-6.858));
#7812 = SURFACE_CURVE('',#7813,(#7817,#7823),.PCURVE_S1.);
#7813 = LINE('',#7814,#7815);
#7814 = CARTESIAN_POINT('',(-26.22391466996,37.451631464893,-10.668));
#7815 = VECTOR('',#7816,1.);
#7816 = DIRECTION('',(0.,0.,1.));
#7817 = PCURVE('',#7577,#7818);
#7818 = DEFINITIONAL_REPRESENTATION('',(#7819),#7822);
#7819 = B_SPLINE_CURVE_WITH_KNOTS('',1,(#7820,#7821),.UNSPECIFIED.,.F.,
  .F.,(2,2),(0.,3.81),.PIECEWISE_BEZIER_KNOTS.);
#7820 = CARTESIAN_POINT('',(-2.181661564993,0.));
#7821 = CARTESIAN_POINT('',(-2.181661564993,-3.81));
#7822 = ( GEOMETRIC_REPRESENTATION_CONTEXT(2) 
PARAMETRIC_REPRESENTATION_CONTEXT() REPRESENTATION_CONTEXT('2D SPACE',''
  ) );
#7823 = PCURVE('',#7550,#7824);
#7824 = DEFINITIONAL_REPRESENTATION('',(#7825),#7829);
#7825 = LINE('',#7826,#7827);
#7826 = CARTESIAN_POINT('',(4.572,0.));
#7827 = VECTOR('',#7828,1.);
#7828 = DIRECTION('',(0.,-1.));
#7829 = ( GEOMETRIC_REPRESENTATION_CONTEXT(2) 
PARAMETRIC_REPRESENTATION_CONTEXT() REPRESENTATION_CONTEXT('2D SPACE',''
  ) );
#7830 = ORIENTED_EDGE('',*,*,#7831,.T.);
#7831 = EDGE_CURVE('',#7810,#7763,#7832,.T.);
#7832 = SURFACE_CURVE('',#7833,(#7838,#7844),.PCURVE_S1.);
#7833 = CIRCLE('',#7834,45.72);
#7834 = AXIS2_PLACEMENT_3D('',#7835,#7836,#7837);
#7835 = CARTESIAN_POINT('',(0.,0.,-6.858));
#7836 = DIRECTION('',(0.,0.,1.));
#7837 = DIRECTION('',(1.,0.,-0.));
#7838 = PCURVE('',#7577,#7839);
#7839 = DEFINITIONAL_REPRESENTATION('',(#7840),#7843);
#7840 = B_SPLINE_CURVE_WITH_KNOTS('',1,(#7841,#7842),.UNSPECIFIED.,.F.,
  .F.,(2,2),(2.181661564993,2.530727415392),.PIECEWISE_BEZIER_KNOTS.);
#7841 = CARTESIAN_POINT('',(-2.181661564993,-3.81));
#7842 = CARTESIAN_POINT('',(-2.530727415392,-3.81));
#7843 = ( GEOMETRIC_REPRESENTATION_CONTEXT(2) 
PARAMETRIC_REPRESENTATION_CONTEXT() REPRESENTATION_CONTEXT('2D SPACE',''
  ) );
#7844 = PCURVE('',#7653,#7845);
#7845 = DEFINITIONAL_REPRESENTATION('',(#7846),#7850);
#7846 = CIRCLE('',#7847,45.72);
#7847 = AXIS2_PLACEMENT_2D('',#7848,#7849);
#7848 = CARTESIAN_POINT('',(1.206006228004E-15,-5.369675646121E-15));
#7849 = DIRECTION('',(1.,0.));
#7850 = ( GEOMETRIC_REPRESENTATION_CONTEXT(2) 
PARAMETRIC_REPRESENTATION_CONTEXT() REPRESENTATION_CONTEXT('2D SPACE',''
  ) );
#7851 = ORIENTED_EDGE('',*,*,#7762,.F.);
#7852 = ORIENTED_EDGE('',*,*,#7562,.F.);
#7853 = ADVANCED_FACE('',(#7854),#7550,.F.);
#7854 = FACE_BOUND('',#7855,.F.);
#7855 = EDGE_LOOP('',(#7856,#7857,#7858,#7879));
#7856 = ORIENTED_EDGE('',*,*,#7534,.F.);
#7857 = ORIENTED_EDGE('',*,*,#7615,.T.);
#7858 = ORIENTED_EDGE('',*,*,#7859,.T.);
#7859 = EDGE_CURVE('',#7616,#7810,#7860,.T.);
#7860 = SURFACE_CURVE('',#7861,(#7865,#7872),.PCURVE_S1.);
#7861 = LINE('',#7862,#7863);
#7862 = CARTESIAN_POINT('',(0.,0.,-6.858));
#7863 = VECTOR('',#7864,1.);
#7864 = DIRECTION('',(-0.573576436351,0.819152044289,0.));
#7865 = PCURVE('',#7550,#7866);
#7866 = DEFINITIONAL_REPRESENTATION('',(#7867),#7871);
#7867 = LINE('',#7868,#7869);
#7868 = CARTESIAN_POINT('',(-41.148,-3.81));
#7869 = VECTOR('',#7870,1.);
#7870 = DIRECTION('',(1.,0.));
#7871 = ( GEOMETRIC_REPRESENTATION_CONTEXT(2) 
PARAMETRIC_REPRESENTATION_CONTEXT() REPRESENTATION_CONTEXT('2D SPACE',''
  ) );
#7872 = PCURVE('',#7653,#7873);
#7873 = DEFINITIONAL_REPRESENTATION('',(#7874),#7878);
#7874 = LINE('',#7875,#7876);
#7875 = CARTESIAN_POINT('',(1.206006228004E-15,-5.369675646121E-15));
#7876 = VECTOR('',#7877,1.);
#7877 = DIRECTION('',(-0.573576436351,0.819152044289));
#7878 = ( GEOMETRIC_REPRESENTATION_CONTEXT(2) 
PARAMETRIC_REPRESENTATION_CONTEXT() REPRESENTATION_CONTEXT('2D SPACE',''
  ) );
#7879 = ORIENTED_EDGE('',*,*,#7809,.F.);
#7880 = ADVANCED_FACE('',(#7881),#7420,.F.);
#7881 = FACE_BOUND('',#7882,.F.);
#7882 = EDGE_LOOP('',(#7883,#7884,#7885,#7908));
#7883 = ORIENTED_EDGE('',*,*,#7404,.F.);
#7884 = ORIENTED_EDGE('',*,*,#7686,.T.);
#7885 = ORIENTED_EDGE('',*,*,#7886,.T.);
#7886 = EDGE_CURVE('',#7687,#7887,#7889,.T.);
#7887 = VERTEX_POINT('',#7888);
#7888 = CARTESIAN_POINT('',(26.223914669969,-37.45163146489,-6.858));
#7889 = SURFACE_CURVE('',#7890,(#7894,#7901),.PCURVE_S1.);
#7890 = LINE('',#7891,#7892);
#7891 = CARTESIAN_POINT('',(0.,0.,-6.858));
#7892 = VECTOR('',#7893,1.);
#7893 = DIRECTION('',(0.573576436351,-0.819152044289,0.));
#7894 = PCURVE('',#7420,#7895);
#7895 = DEFINITIONAL_REPRESENTATION('',(#7896),#7900);
#7896 = LINE('',#7897,#7898);
#7897 = CARTESIAN_POINT('',(-41.148,-3.81));
#7898 = VECTOR('',#7899,1.);
#7899 = DIRECTION('',(1.,0.));
#7900 = ( GEOMETRIC_REPRESENTATION_CONTEXT(2) 
PARAMETRIC_REPRESENTATION_CONTEXT() REPRESENTATION_CONTEXT('2D SPACE',''
  ) );
#7901 = PCURVE('',#7724,#7902);
#7902 = DEFINITIONAL_REPRESENTATION('',(#7903),#7907);
#7903 = LINE('',#7904,#7905);
#7904 = CARTESIAN_POINT('',(1.206006228004E-15,-5.369675646121E-15));
#7905 = VECTOR('',#7906,1.);
#7906 = DIRECTION('',(0.573576436351,-0.819152044289));
#7907 = ( GEOMETRIC_REPRESENTATION_CONTEXT(2) 
PARAMETRIC_REPRESENTATION_CONTEXT() REPRESENTATION_CONTEXT('2D SPACE',''
  ) );
#7908 = ORIENTED_EDGE('',*,*,#7909,.F.);
#7909 = EDGE_CURVE('',#7405,#7887,#7910,.T.);
#7910 = SURFACE_CURVE('',#7911,(#7915,#7922),.PCURVE_S1.);
#7911 = LINE('',#7912,#7913);
#7912 = CARTESIAN_POINT('',(26.223914669969,-37.45163146489,-10.668));
#7913 = VECTOR('',#7914,1.);
#7914 = DIRECTION('',(0.,0.,1.));
#7915 = PCURVE('',#7420,#7916);
#7916 = DEFINITIONAL_REPRESENTATION('',(#7917),#7921);
#7917 = LINE('',#7918,#7919);
#7918 = CARTESIAN_POINT('',(4.572,0.));
#7919 = VECTOR('',#7920,1.);
#7920 = DIRECTION('',(0.,-1.));
#7921 = ( GEOMETRIC_REPRESENTATION_CONTEXT(2) 
PARAMETRIC_REPRESENTATION_CONTEXT() REPRESENTATION_CONTEXT('2D SPACE',''
  ) );
#7922 = PCURVE('',#7449,#7923);
#7923 = DEFINITIONAL_REPRESENTATION('',(#7924),#7927);
#7924 = B_SPLINE_CURVE_WITH_KNOTS('',1,(#7925,#7926),.UNSPECIFIED.,.F.,
  .F.,(2,2),(0.,3.81),.PIECEWISE_BEZIER_KNOTS.);
#7925 = CARTESIAN_POINT('',(-5.323254218583,0.));
#7926 = CARTESIAN_POINT('',(-5.323254218583,-3.81));
#7927 = ( GEOMETRIC_REPRESENTATION_CONTEXT(2) 
PARAMETRIC_REPRESENTATION_CONTEXT() REPRESENTATION_CONTEXT('2D SPACE',''
  ) );
#7928 = ADVANCED_FACE('',(#7929),#7449,.T.);
#7929 = FACE_BOUND('',#7930,.F.);
#7930 = EDGE_LOOP('',(#7931,#7932,#7955,#7975));
#7931 = ORIENTED_EDGE('',*,*,#7909,.T.);
#7932 = ORIENTED_EDGE('',*,*,#7933,.T.);
#7933 = EDGE_CURVE('',#7887,#7934,#7936,.T.);
#7934 = VERTEX_POINT('',#7935);
#7935 = CARTESIAN_POINT('',(37.451631464893,-26.22391466996,-6.858));
#7936 = SURFACE_CURVE('',#7937,(#7942,#7948),.PCURVE_S1.);
#7937 = CIRCLE('',#7938,45.72);
#7938 = AXIS2_PLACEMENT_3D('',#7939,#7940,#7941);
#7939 = CARTESIAN_POINT('',(0.,0.,-6.858));
#7940 = DIRECTION('',(0.,0.,1.));
#7941 = DIRECTION('',(1.,0.,-0.));
#7942 = PCURVE('',#7449,#7943);
#7943 = DEFINITIONAL_REPRESENTATION('',(#7944),#7947);
#7944 = B_SPLINE_CURVE_WITH_KNOTS('',1,(#7945,#7946),.UNSPECIFIED.,.F.,
  .F.,(2,2),(5.323254218583,5.672320068982),.PIECEWISE_BEZIER_KNOTS.);
#7945 = CARTESIAN_POINT('',(-5.323254218583,-3.81));
#7946 = CARTESIAN_POINT('',(-5.672320068982,-3.81));
#7947 = ( GEOMETRIC_REPRESENTATION_CONTEXT(2) 
PARAMETRIC_REPRESENTATION_CONTEXT() REPRESENTATION_CONTEXT('2D SPACE',''
  ) );
#7948 = PCURVE('',#7724,#7949);
#7949 = DEFINITIONAL_REPRESENTATION('',(#7950),#7954);
#7950 = CIRCLE('',#7951,45.72);
#7951 = AXIS2_PLACEMENT_2D('',#7952,#7953);
#7952 = CARTESIAN_POINT('',(1.206006228004E-15,-5.369675646121E-15));
#7953 = DIRECTION('',(1.,0.));
#7954 = ( GEOMETRIC_REPRESENTATION_CONTEXT(2) 
PARAMETRIC_REPRESENTATION_CONTEXT() REPRESENTATION_CONTEXT('2D SPACE',''
  ) );
#7955 = ORIENTED_EDGE('',*,*,#7956,.F.);
#7956 = EDGE_CURVE('',#7433,#7934,#7957,.T.);
#7957 = SURFACE_CURVE('',#7958,(#7962,#7968),.PCURVE_S1.);
#7958 = LINE('',#7959,#7960);
#7959 = CARTESIAN_POINT('',(37.451631464893,-26.22391466996,-10.668));
#7960 = VECTOR('',#7961,1.);
#7961 = DIRECTION('',(0.,0.,1.));
#7962 = PCURVE('',#7449,#7963);
#7963 = DEFINITIONAL_REPRESENTATION('',(#7964),#7967);
#7964 = B_SPLINE_CURVE_WITH_KNOTS('',1,(#7965,#7966),.UNSPECIFIED.,.F.,
  .F.,(2,2),(0.,3.81),.PIECEWISE_BEZIER_KNOTS.);
#7965 = CARTESIAN_POINT('',(-5.672320068982,0.));
#7966 = CARTESIAN_POINT('',(-5.672320068982,-3.81));
#7967 = ( GEOMETRIC_REPRESENTATION_CONTEXT(2) 
PARAMETRIC_REPRESENTATION_CONTEXT() REPRESENTATION_CONTEXT('2D SPACE',''
  ) );
#7968 = PCURVE('',#7476,#7969);
#7969 = DEFINITIONAL_REPRESENTATION('',(#7970),#7974);
#7970 = LINE('',#7971,#7972);
#7971 = CARTESIAN_POINT('',(7.858178196788E-15,0.));
#7972 = VECTOR('',#7973,1.);
#7973 = DIRECTION('',(0.,-1.));
#7974 = ( GEOMETRIC_REPRESENTATION_CONTEXT(2) 
PARAMETRIC_REPRESENTATION_CONTEXT() REPRESENTATION_CONTEXT('2D SPACE',''
  ) );
#7975 = ORIENTED_EDGE('',*,*,#7432,.F.);
#7976 = ADVANCED_FACE('',(#7977),#7476,.F.);
#7977 = FACE_BOUND('',#7978,.F.);
#7978 = EDGE_LOOP('',(#7979,#7980,#7981,#8002));
#7979 = ORIENTED_EDGE('',*,*,#7460,.F.);
#7980 = ORIENTED_EDGE('',*,*,#7956,.T.);
#7981 = ORIENTED_EDGE('',*,*,#7982,.T.);
#7982 = EDGE_CURVE('',#7934,#7709,#7983,.T.);
#7983 = SURFACE_CURVE('',#7984,(#7988,#7995),.PCURVE_S1.);
#7984 = LINE('',#7985,#7986);
#7985 = CARTESIAN_POINT('',(208.0646192494,-145.6884148331,-6.858));
#7986 = VECTOR('',#7987,1.);
#7987 = DIRECTION('',(-0.819152044289,0.573576436351,0.));
#7988 = PCURVE('',#7476,#7989);
#7989 = DEFINITIONAL_REPRESENTATION('',(#7990),#7994);
#7990 = LINE('',#7991,#7992);
#7991 = CARTESIAN_POINT('',(-208.28,-3.81));
#7992 = VECTOR('',#7993,1.);
#7993 = DIRECTION('',(1.,0.));
#7994 = ( GEOMETRIC_REPRESENTATION_CONTEXT(2) 
PARAMETRIC_REPRESENTATION_CONTEXT() REPRESENTATION_CONTEXT('2D SPACE',''
  ) );
#7995 = PCURVE('',#7724,#7996);
#7996 = DEFINITIONAL_REPRESENTATION('',(#7997),#8001);
#7997 = LINE('',#7998,#7999);
#7998 = CARTESIAN_POINT('',(208.0646192494,-145.6884148331));
#7999 = VECTOR('',#8000,1.);
#8000 = DIRECTION('',(-0.819152044289,0.573576436351));
#8001 = ( GEOMETRIC_REPRESENTATION_CONTEXT(2) 
PARAMETRIC_REPRESENTATION_CONTEXT() REPRESENTATION_CONTEXT('2D SPACE',''
  ) );
#8002 = ORIENTED_EDGE('',*,*,#7736,.F.);
#8003 = ADVANCED_FACE('',(#8004),#7724,.T.);
#8004 = FACE_BOUND('',#8005,.T.);
#8005 = EDGE_LOOP('',(#8006,#8007,#8008,#8009));
#8006 = ORIENTED_EDGE('',*,*,#7708,.F.);
#8007 = ORIENTED_EDGE('',*,*,#7886,.T.);
#8008 = ORIENTED_EDGE('',*,*,#7933,.T.);
#8009 = ORIENTED_EDGE('',*,*,#7982,.T.);
#8010 = ADVANCED_FACE('',(#8011),#7653,.T.);
#8011 = FACE_BOUND('',#8012,.T.);
#8012 = EDGE_LOOP('',(#8013,#8014,#8015,#8016));
#8013 = ORIENTED_EDGE('',*,*,#7637,.F.);
#8014 = ORIENTED_EDGE('',*,*,#7859,.T.);
#8015 = ORIENTED_EDGE('',*,*,#7831,.T.);
#8016 = ORIENTED_EDGE('',*,*,#7784,.T.);
#8017 = ( GEOMETRIC_REPRESENTATION_CONTEXT(3) 
GLOBAL_UNCERTAINTY_ASSIGNED_CONTEXT((#8021)) 
GLOBAL_UNIT_ASSIGNED_CONTEXT((#8018,#8019,#8020)) REPRESENTATION_CONTEXT
('Context #1','3D Context with UNIT and UNCERTAINTY') );
#8018 = ( LENGTH_UNIT() NAMED_UNIT(*) SI_UNIT(.MILLI.,.METRE.) );
#8019 = ( NAMED_UNIT(*) PLANE_ANGLE_UNIT() SI_UNIT($,.RADIAN.) );
#8020 = ( NAMED_UNIT(*) SI_UNIT($,.STERADIAN.) SOLID_ANGLE_UNIT() );
#8021 = UNCERTAINTY_MEASURE_WITH_UNIT(LENGTH_MEASURE(2.E-06),#8018,
  'distance_accuracy_value','confusion accuracy');
#8022 = CONTEXT_DEPENDENT_SHAPE_REPRESENTATION(#8023,#8025);
#8023 = ( REPRESENTATION_RELATIONSHIP('','',#6403,#10) 
REPRESENTATION_RELATIONSHIP_WITH_TRANSFORMATION(#8024) 
SHAPE_REPRESENTATION_RELATIONSHIP() );
#8024 = ITEM_DEFINED_TRANSFORMATION('','',#11,#19);
#8025 = PRODUCT_DEFINITION_SHAPE('Placement','Placement of an item',
  #8026);
#8026 = NEXT_ASSEMBLY_USAGE_OCCURRENCE('2','collar-L','',#5,#6398,$);
#8027 = PRODUCT_RELATED_PRODUCT_CATEGORY('part',$,(#6400));
#8028 = SHAPE_DEFINITION_REPRESENTATION(#8029,#8035);
#8029 = PRODUCT_DEFINITION_SHAPE('','',#8030);
#8030 = PRODUCT_DEFINITION('design','',#8031,#8034);
#8031 = PRODUCT_DEFINITION_FORMATION('','',#8032);
#8032 = PRODUCT('collar-R','collar-R','',(#8033));
#8033 = PRODUCT_CONTEXT('',#2,'mechanical');
#8034 = PRODUCT_DEFINITION_CONTEXT('part definition',#2,'design');
#8035 = ADVANCED_BREP_SHAPE_REPRESENTATION('',(#11,#8036),#9649);
#8036 = MANIFOLD_SOLID_BREP('',#8037);
#8037 = CLOSED_SHELL('',(#8038,#8398,#8460,#8764,#8791,#8863,#8890,#8944
    ,#8979,#9222,#9389,#9437,#9485,#9512,#9560,#9608,#9635,#9642));
#8038 = ADVANCED_FACE('',(#8039),#8052,.T.);
#8039 = FACE_BOUND('',#8040,.T.);
#8040 = EDGE_LOOP('',(#8041,#8074,#8095,#8246,#8274,#8397));
#8041 = ORIENTED_EDGE('',*,*,#8042,.T.);
#8042 = EDGE_CURVE('',#8043,#8043,#8045,.T.);
#8043 = VERTEX_POINT('',#8044);
#8044 = CARTESIAN_POINT('',(42.286766666667,-1.035727068892E-14,5.8928)
  );
#8045 = SURFACE_CURVE('',#8046,(#8051,#8062),.PCURVE_S1.);
#8046 = CIRCLE('',#8047,42.286766666667);
#8047 = AXIS2_PLACEMENT_3D('',#8048,#8049,#8050);
#8048 = CARTESIAN_POINT('',(0.,0.,5.8928));
#8049 = DIRECTION('',(0.,0.,1.));
#8050 = DIRECTION('',(1.,0.,0.));
#8051 = PCURVE('',#8052,#8057);
#8052 = CONICAL_SURFACE('',#8053,42.037,9.801821662382E-02);
#8053 = AXIS2_PLACEMENT_3D('',#8054,#8055,#8056);
#8054 = CARTESIAN_POINT('',(0.,0.,3.3528));
#8055 = DIRECTION('',(0.,0.,1.));
#8056 = DIRECTION('',(1.,0.,0.));
#8057 = DEFINITIONAL_REPRESENTATION('',(#8058),#8061);
#8058 = B_SPLINE_CURVE_WITH_KNOTS('',1,(#8059,#8060),.UNSPECIFIED.,.F.,
  .F.,(2,2),(0.,6.28318530718),.PIECEWISE_BEZIER_KNOTS.);
#8059 = CARTESIAN_POINT('',(0.,2.54));
#8060 = CARTESIAN_POINT('',(6.28318530718,2.54));
#8061 = ( GEOMETRIC_REPRESENTATION_CONTEXT(2) 
PARAMETRIC_REPRESENTATION_CONTEXT() REPRESENTATION_CONTEXT('2D SPACE',''
  ) );
#8062 = PCURVE('',#8063,#8068);
#8063 = PLANE('',#8064);
#8064 = AXIS2_PLACEMENT_3D('',#8065,#8066,#8067);
#8065 = CARTESIAN_POINT('',(0.,0.,5.8928));
#8066 = DIRECTION('',(0.,0.,1.));
#8067 = DIRECTION('',(1.,0.,0.));
#8068 = DEFINITIONAL_REPRESENTATION('',(#8069),#8073);
#8069 = CIRCLE('',#8070,42.286766666667);
#8070 = AXIS2_PLACEMENT_2D('',#8071,#8072);
#8071 = CARTESIAN_POINT('',(0.,0.));
#8072 = DIRECTION('',(1.,0.));
#8073 = ( GEOMETRIC_REPRESENTATION_CONTEXT(2) 
PARAMETRIC_REPRESENTATION_CONTEXT() REPRESENTATION_CONTEXT('2D SPACE',''
  ) );
#8074 = ORIENTED_EDGE('',*,*,#8075,.T.);
#8075 = EDGE_CURVE('',#8043,#8076,#8078,.T.);
#8076 = VERTEX_POINT('',#8077);
#8077 = CARTESIAN_POINT('',(43.942,-1.076268592963E-14,22.725681355932)
  );
#8078 = SEAM_CURVE('',#8079,(#8083,#8089),.PCURVE_S1.);
#8079 = LINE('',#8080,#8081);
#8080 = CARTESIAN_POINT('',(42.037,-1.029609549915E-14,3.3528));
#8081 = VECTOR('',#8082,1.);
#8082 = DIRECTION('',(9.786133917753E-02,-2.396911515681E-17,
    0.995200059432));
#8083 = PCURVE('',#8052,#8084);
#8084 = DEFINITIONAL_REPRESENTATION('',(#8085),#8088);
#8085 = B_SPLINE_CURVE_WITH_KNOTS('',1,(#8086,#8087),.UNSPECIFIED.,.F.,
  .F.,(2,2),(2.55225065144,19.466318527935),.PIECEWISE_BEZIER_KNOTS.);
#8086 = CARTESIAN_POINT('',(0.,2.54));
#8087 = CARTESIAN_POINT('',(0.,19.372881355932));
#8088 = ( GEOMETRIC_REPRESENTATION_CONTEXT(2) 
PARAMETRIC_REPRESENTATION_CONTEXT() REPRESENTATION_CONTEXT('2D SPACE',''
  ) );
#8089 = PCURVE('',#8052,#8090);
#8090 = DEFINITIONAL_REPRESENTATION('',(#8091),#8094);
#8091 = B_SPLINE_CURVE_WITH_KNOTS('',1,(#8092,#8093),.UNSPECIFIED.,.F.,
  .F.,(2,2),(2.55225065144,19.466318527935),.PIECEWISE_BEZIER_KNOTS.);
#8092 = CARTESIAN_POINT('',(6.28318530718,2.54));
#8093 = CARTESIAN_POINT('',(6.28318530718,19.372881355932));
#8094 = ( GEOMETRIC_REPRESENTATION_CONTEXT(2) 
PARAMETRIC_REPRESENTATION_CONTEXT() REPRESENTATION_CONTEXT('2D SPACE',''
  ) );
#8095 = ORIENTED_EDGE('',*,*,#8096,.T.);
#8096 = EDGE_CURVE('',#8076,#8097,#8099,.T.);
#8097 = VERTEX_POINT('',#8098);
#8098 = CARTESIAN_POINT('',(46.683845333333,-16.54809611083,79.5528));
#8099 = SURFACE_CURVE('',#8100,(#8145,#8193),.PCURVE_S1.);
#8100 = B_SPLINE_CURVE_WITH_KNOTS('',7,(#8101,#8102,#8103,#8104,#8105,
    #8106,#8107,#8108,#8109,#8110,#8111,#8112,#8113,#8114,#8115,#8116,
    #8117,#8118,#8119,#8120,#8121,#8122,#8123,#8124,#8125,#8126,#8127,
    #8128,#8129,#8130,#8131,#8132,#8133,#8134,#8135,#8136,#8137,#8138,
    #8139,#8140,#8141,#8142,#8143,#8144),.UNSPECIFIED.,.F.,.F.,(8,6,6,6,
    6,6,6,8),(0.,3.469556223171E-02,6.643381058768E-02,0.111937695716,
    0.22274581122,0.45394521137,0.760667506802,1.),.UNSPECIFIED.);
#8101 = CARTESIAN_POINT('',(43.942,5.639932965096E-15,22.725681355932));
#8102 = CARTESIAN_POINT('',(43.942,-0.423848282751,22.725681355932));
#8103 = CARTESIAN_POINT('',(43.946086395529,-0.813532004647,
    22.815760568062));
#8104 = CARTESIAN_POINT('',(43.953064757753,-1.165726643972,
    22.969589945872));
#8105 = CARTESIAN_POINT('',(43.961730915744,-1.482507948801,
    23.160507119181));
#8106 = CARTESIAN_POINT('',(43.971334480802,-1.767430685336,
    23.371944935819));
#8107 = CARTESIAN_POINT('',(43.981460548344,-2.026300646719,
    23.594754028421));
#8108 = CARTESIAN_POINT('',(44.001867117948,-2.487652412786,
    24.043482216916));
#8109 = CARTESIAN_POINT('',(44.01200821231,-2.691895524226,
    24.266359072075));
#8110 = CARTESIAN_POINT('',(44.02242146642,-2.883742234096,
    24.495083874777));
#8111 = CARTESIAN_POINT('',(44.033036770398,-3.065212379865,
    24.728105491073));
#8112 = CARTESIAN_POINT('',(44.043809318833,-3.237749196114,
    24.964433137874));
#8113 = CARTESIAN_POINT('',(44.05471009151,-3.40270038541,25.20342438053
    ));
#8114 = CARTESIAN_POINT('',(44.081532551957,-3.788223001539,
    25.791114397821));
#8115 = CARTESIAN_POINT('',(44.09756052979,-4.001622076687,
    26.141982256032));
#8116 = CARTESIAN_POINT('',(44.11375968657,-4.204135944062,
    26.496274682653));
#8117 = CARTESIAN_POINT('',(44.130095195196,-4.397446498681,
    26.853219667301));
#8118 = CARTESIAN_POINT('',(44.146543630044,-4.582763259232,
    27.212298130796));
#8119 = CARTESIAN_POINT('',(44.163088962236,-4.761125505148,
    27.573154237882));
#8120 = CARTESIAN_POINT('',(44.220231949078,-5.352674726299,
    28.818280170152));
#8121 = CARTESIAN_POINT('',(44.261242803464,-5.735264246441,
    29.709881894929));
#8122 = CARTESIAN_POINT('',(44.302607697693,-6.092542273642,
    30.60711444515));
#8123 = CARTESIAN_POINT('',(44.344258662345,-6.428874119684,
    31.508466194238));
#8124 = CARTESIAN_POINT('',(44.38614391117,-6.748284508347,
    32.412788742957));
#8125 = CARTESIAN_POINT('',(44.428242042858,-7.053162593656,
    33.319602417387));
#8126 = CARTESIAN_POINT('',(44.558818628152,-7.955824115493,
    36.125757943072));
#8127 = CARTESIAN_POINT('',(44.647932964839,-8.511510595505,
    38.031709924706));
#8128 = CARTESIAN_POINT('',(44.73773919128,-9.030411766059,
    39.943216665224));
#8129 = CARTESIAN_POINT('',(44.828170364329,-9.518981310985,
    41.858777954946));
#8130 = CARTESIAN_POINT('',(44.919174588207,-9.983273891222,
    43.777237568195));
#8131 = CARTESIAN_POINT('',(45.010731747552,-10.42671658944,
    45.698136367106));
#8132 = CARTESIAN_POINT('',(45.225032169172,-11.41697021011,
    50.17281832817));
#8133 = CARTESIAN_POINT('',(45.348168797744,-11.95010152104,
    52.727863249549));
#8134 = CARTESIAN_POINT('',(45.472208030756,-12.45830380331,
    55.285574875038));
#8135 = CARTESIAN_POINT('',(45.597124434963,-12.94551960756,
    57.845374045359));
#8136 = CARTESIAN_POINT('',(45.722900778299,-13.41454196897,
    60.406869241407));
#8137 = CARTESIAN_POINT('',(45.849525239483,-13.86769372776,
    62.969788045181));
#8138 = CARTESIAN_POINT('',(46.076453774573,-14.64924738114,
    67.534818259069));
#8139 = CARTESIAN_POINT('',(46.176426686135,-14.98318557815,
    69.536395185184));
#8140 = CARTESIAN_POINT('',(46.276907030484,-15.30934184016,
    71.538629105955));
#8141 = CARTESIAN_POINT('',(46.3778914829,-15.62839310639,
    73.541442860256));
#8142 = CARTESIAN_POINT('',(46.479377367935,-15.94089683676,
    75.544774297302));
#8143 = CARTESIAN_POINT('',(46.581362551563,-16.24732467484,
    77.548573498615));
#8144 = CARTESIAN_POINT('',(46.683845333333,-16.54809611083,79.5528));
#8145 = PCURVE('',#8052,#8146);
#8146 = DEFINITIONAL_REPRESENTATION('',(#8147),#8192);
#8147 = B_SPLINE_CURVE_WITH_KNOTS('',7,(#8148,#8149,#8150,#8151,#8152,
    #8153,#8154,#8155,#8156,#8157,#8158,#8159,#8160,#8161,#8162,#8163,
    #8164,#8165,#8166,#8167,#8168,#8169,#8170,#8171,#8172,#8173,#8174,
    #8175,#8176,#8177,#8178,#8179,#8180,#8181,#8182,#8183,#8184,#8185,
    #8186,#8187,#8188,#8189,#8190,#8191),.UNSPECIFIED.,.F.,.F.,(8,6,6,6,
    6,6,6,8),(0.,3.469556223171E-02,6.643381058768E-02,0.111937695716,
    0.22274581122,0.45394521137,0.760667506802,1.),.UNSPECIFIED.);
#8148 = CARTESIAN_POINT('',(6.28318530718,19.372881355932));
#8149 = CARTESIAN_POINT('',(6.273539676968,19.372881355932));
#8150 = CARTESIAN_POINT('',(6.264671521616,19.462960568062));
#8151 = CARTESIAN_POINT('',(6.256663305113,19.616789945872));
#8152 = CARTESIAN_POINT('',(6.249469265602,19.807707119181));
#8153 = CARTESIAN_POINT('',(6.243007056098,20.019144935819));
#8154 = CARTESIAN_POINT('',(6.237143364647,20.241954028421));
#8155 = CARTESIAN_POINT('',(6.226707843232,20.690682216916));
#8156 = CARTESIAN_POINT('',(6.222094836723,20.913559072075));
#8157 = CARTESIAN_POINT('',(6.217768205257,21.142283874777));
#8158 = CARTESIAN_POINT('',(6.213681639104,21.375305491073));
#8159 = CARTESIAN_POINT('',(6.209801999867,21.611633137874));
#8160 = CARTESIAN_POINT('',(6.20609839866,21.85062438053));
#8161 = CARTESIAN_POINT('',(6.197455228469,22.438314397821));
#8162 = CARTESIAN_POINT('',(6.192682257104,22.789182256032));
#8163 = CARTESIAN_POINT('',(6.188163147048,23.143474682653));
#8164 = CARTESIAN_POINT('',(6.183859201257,23.500419667301));
#8165 = CARTESIAN_POINT('',(6.17974254597,23.859498130796));
#8166 = CARTESIAN_POINT('',(6.175789246319,24.220354237882));
#8167 = CARTESIAN_POINT('',(6.162707188661,25.465480170152));
#8168 = CARTESIAN_POINT('',(6.154298616293,26.357081894929));
#8169 = CARTESIAN_POINT('',(6.146491457989,27.25431444515));
#8170 = CARTESIAN_POINT('',(6.13918411977,28.155666194238));
#8171 = CARTESIAN_POINT('',(6.132283152128,29.059988742957));
#8172 = CARTESIAN_POINT('',(6.125732810012,29.966802417387));
#8173 = CARTESIAN_POINT('',(6.106446078911,32.772957943072));
#8174 = CARTESIAN_POINT('',(6.094730439031,34.678909924705));
#8175 = CARTESIAN_POINT('',(6.083923047897,36.590416665226));
#8176 = CARTESIAN_POINT('',(6.073870309452,38.505977954944));
#8177 = CARTESIAN_POINT('',(6.064428836317,40.424437568195));
#8178 = CARTESIAN_POINT('',(6.055516386454,42.345336367106));
#8179 = CARTESIAN_POINT('',(6.035843142138,46.82001832817));
#8180 = CARTESIAN_POINT('',(6.025432164605,49.375063249548));
#8181 = CARTESIAN_POINT('',(6.015669624279,51.932774875038));
#8182 = CARTESIAN_POINT('',(6.006459266982,54.49257404536));
#8183 = CARTESIAN_POINT('',(5.9977321404,57.054069241407));
#8184 = CARTESIAN_POINT('',(5.989430719568,59.616988045181));
#8185 = CARTESIAN_POINT('',(5.975332825946,64.182018259069));
#8186 = CARTESIAN_POINT('',(5.969386641579,66.183595185184));
#8187 = CARTESIAN_POINT('',(5.963652491819,68.185829105955));
#8188 = CARTESIAN_POINT('',(5.95811326143,70.188642860256));
#8189 = CARTESIAN_POINT('',(5.952754723635,72.191974297302));
#8190 = CARTESIAN_POINT('',(5.947564741746,74.195773498615));
#8191 = CARTESIAN_POINT('',(5.942532470793,76.2));
#8192 = ( GEOMETRIC_REPRESENTATION_CONTEXT(2) 
PARAMETRIC_REPRESENTATION_CONTEXT() REPRESENTATION_CONTEXT('2D SPACE',''
  ) );
#8193 = PCURVE('',#8194,#8199);
#8194 = CYLINDRICAL_SURFACE('',#8195,51.308);
#8195 = AXIS2_PLACEMENT_3D('',#8196,#8197,#8198);
#8196 = CARTESIAN_POINT('',(95.25,0.,-88.9));
#8197 = DIRECTION('',(0.,0.,1.));
#8198 = DIRECTION('',(1.,0.,0.));
#8199 = DEFINITIONAL_REPRESENTATION('',(#8200),#8245);
#8200 = B_SPLINE_CURVE_WITH_KNOTS('',7,(#8201,#8202,#8203,#8204,#8205,
    #8206,#8207,#8208,#8209,#8210,#8211,#8212,#8213,#8214,#8215,#8216,
    #8217,#8218,#8219,#8220,#8221,#8222,#8223,#8224,#8225,#8226,#8227,
    #8228,#8229,#8230,#8231,#8232,#8233,#8234,#8235,#8236,#8237,#8238,
    #8239,#8240,#8241,#8242,#8243,#8244),.UNSPECIFIED.,.F.,.F.,(8,6,6,6,
    6,6,6,8),(0.,3.469556223171E-02,6.643381058768E-02,0.111937695716,
    0.22274581122,0.45394521137,0.760667506802,1.),.UNSPECIFIED.);
#8201 = CARTESIAN_POINT('',(3.14159265359,111.62568135593));
#8202 = CARTESIAN_POINT('',(3.149853515108,111.62568135593));
#8203 = CARTESIAN_POINT('',(3.157448502327,111.71576056806));
#8204 = CARTESIAN_POINT('',(3.16431375514,111.86958994587));
#8205 = CARTESIAN_POINT('',(3.170489934766,112.06050711918));
#8206 = CARTESIAN_POINT('',(3.17604613017,112.27194493581));
#8207 = CARTESIAN_POINT('',(3.181095334837,112.49475402842));
#8208 = CARTESIAN_POINT('',(3.190095936274,112.94348221691));
#8209 = CARTESIAN_POINT('',(3.194081508805,113.16635907207));
#8210 = CARTESIAN_POINT('',(3.197826071424,113.39508387477));
#8211 = CARTESIAN_POINT('',(3.201368945552,113.62810549107));
#8212 = CARTESIAN_POINT('',(3.204738221099,113.86443313787));
#8213 = CARTESIAN_POINT('',(3.207960136288,114.10342438053));
#8214 = CARTESIAN_POINT('',(3.215492189115,114.69111439782));
#8215 = CARTESIAN_POINT('',(3.219663018611,115.04198225603));
#8216 = CARTESIAN_POINT('',(3.223622577932,115.39627468265));
#8217 = CARTESIAN_POINT('',(3.227403593069,115.7532196673));
#8218 = CARTESIAN_POINT('',(3.231029593067,116.11229813079));
#8219 = CARTESIAN_POINT('',(3.234520797678,116.47315423788));
#8220 = CARTESIAN_POINT('',(3.246103840994,117.71828017015));
#8221 = CARTESIAN_POINT('',(3.253602870348,118.60988189492));
#8222 = CARTESIAN_POINT('',(3.260612418606,119.50711444515));
#8223 = CARTESIAN_POINT('',(3.26721729278,120.40846619423));
#8224 = CARTESIAN_POINT('',(3.27349571186,121.31278874295));
#8225 = CARTESIAN_POINT('',(3.279494081566,122.21960241738));
#8226 = CARTESIAN_POINT('',(3.29727019938,125.02575794307));
#8227 = CARTESIAN_POINT('',(3.30823770104,126.9317099247));
#8228 = CARTESIAN_POINT('',(3.318500368596,128.84321666522));
#8229 = CARTESIAN_POINT('',(3.328183277782,130.75877795494));
#8230 = CARTESIAN_POINT('',(3.337403860858,132.67723756819));
#8231 = CARTESIAN_POINT('',(3.346228509052,134.5981363671));
#8232 = CARTESIAN_POINT('',(3.365975461575,139.07281832817));
#8233 = CARTESIAN_POINT('',(3.37663880025,141.62786324954));
#8234 = CARTESIAN_POINT('',(3.386833288142,144.18557487503));
#8235 = CARTESIAN_POINT('',(3.396635229193,146.74537404535));
#8236 = CARTESIAN_POINT('',(3.406098653924,149.3068692414));
#8237 = CARTESIAN_POINT('',(3.41526851022,151.86978804518));
#8238 = CARTESIAN_POINT('',(3.431130209984,156.43481825906));
#8239 = CARTESIAN_POINT('',(3.437923885553,158.43639518518));
#8240 = CARTESIAN_POINT('',(3.444575208529,160.43862910595));
#8241 = CARTESIAN_POINT('',(3.451097274408,162.44144286025));
#8242 = CARTESIAN_POINT('',(3.457500868252,164.4447742973));
#8243 = CARTESIAN_POINT('',(3.463795117152,166.44857349861));
#8244 = CARTESIAN_POINT('',(3.469988142687,168.4528));
#8245 = ( GEOMETRIC_REPRESENTATION_CONTEXT(2) 
PARAMETRIC_REPRESENTATION_CONTEXT() REPRESENTATION_CONTEXT('2D SPACE',''
  ) );
#8246 = ORIENTED_EDGE('',*,*,#8247,.F.);
#8247 = EDGE_CURVE('',#8248,#8097,#8250,.T.);
#8248 = VERTEX_POINT('',#8249);
#8249 = CARTESIAN_POINT('',(46.683845333333,16.548096110834,79.5528));
#8250 = SURFACE_CURVE('',#8251,(#8256,#8262),.PCURVE_S1.);
#8251 = CIRCLE('',#8252,49.53);
#8252 = AXIS2_PLACEMENT_3D('',#8253,#8254,#8255);
#8253 = CARTESIAN_POINT('',(0.,0.,79.5528));
#8254 = DIRECTION('',(0.,0.,1.));
#8255 = DIRECTION('',(1.,0.,0.));
#8256 = PCURVE('',#8052,#8257);
#8257 = DEFINITIONAL_REPRESENTATION('',(#8258),#8261);
#8258 = B_SPLINE_CURVE_WITH_KNOTS('',1,(#8259,#8260),.UNSPECIFIED.,.F.,
  .F.,(2,2),(0.340652836387,5.942532470793),.PIECEWISE_BEZIER_KNOTS.);
#8259 = CARTESIAN_POINT('',(0.340652836387,76.2));
#8260 = CARTESIAN_POINT('',(5.942532470793,76.2));
#8261 = ( GEOMETRIC_REPRESENTATION_CONTEXT(2) 
PARAMETRIC_REPRESENTATION_CONTEXT() REPRESENTATION_CONTEXT('2D SPACE',''
  ) );
#8262 = PCURVE('',#8263,#8268);
#8263 = PLANE('',#8264);
#8264 = AXIS2_PLACEMENT_3D('',#8265,#8266,#8267);
#8265 = CARTESIAN_POINT('',(0.,0.,79.5528));
#8266 = DIRECTION('',(0.,0.,1.));
#8267 = DIRECTION('',(1.,0.,0.));
#8268 = DEFINITIONAL_REPRESENTATION('',(#8269),#8273);
#8269 = CIRCLE('',#8270,49.53);
#8270 = AXIS2_PLACEMENT_2D('',#8271,#8272);
#8271 = CARTESIAN_POINT('',(0.,0.));
#8272 = DIRECTION('',(1.,0.));
#8273 = ( GEOMETRIC_REPRESENTATION_CONTEXT(2) 
PARAMETRIC_REPRESENTATION_CONTEXT() REPRESENTATION_CONTEXT('2D SPACE',''
  ) );
#8274 = ORIENTED_EDGE('',*,*,#8275,.T.);
#8275 = EDGE_CURVE('',#8248,#8076,#8276,.T.);
#8276 = SURFACE_CURVE('',#8277,(#8315,#8356),.PCURVE_S1.);
#8277 = B_SPLINE_CURVE_WITH_KNOTS('',8,(#8278,#8279,#8280,#8281,#8282,
    #8283,#8284,#8285,#8286,#8287,#8288,#8289,#8290,#8291,#8292,#8293,
    #8294,#8295,#8296,#8297,#8298,#8299,#8300,#8301,#8302,#8303,#8304,
    #8305,#8306,#8307,#8308,#8309,#8310,#8311,#8312,#8313,#8314),
  .UNSPECIFIED.,.F.,.F.,(9,7,7,7,7,9),(0.,0.516798212779,0.761471956511,
    0.882638837946,0.940426575525,1.),.UNSPECIFIED.);
#8278 = CARTESIAN_POINT('',(46.683845333333,16.548096110834,79.5528));
#8279 = CARTESIAN_POINT('',(46.48983985218,15.97871941996,
    75.758690199092));
#8280 = CARTESIAN_POINT('',(46.297591178965,15.389529162728,
    71.96627543727));
#8281 = CARTESIAN_POINT('',(46.107100035028,14.777768140321,
    68.175622388844));
#8282 = CARTESIAN_POINT('',(45.918375973622,14.140375350012,
    64.386968128979));
#8283 = CARTESIAN_POINT('',(45.731442926015,13.472678963878,
    60.60085715646));
#8284 = CARTESIAN_POINT('',(45.546336424772,12.768853720747,
    56.818093891754));
#8285 = CARTESIAN_POINT('',(45.36310775132,12.020688605335,
    53.039852673922));
#8286 = CARTESIAN_POINT('',(45.096035425961,10.827970213862,
    47.482671537027));
#8287 = CARTESIAN_POINT('',(45.010673438625,10.431041713345,
    45.698781153052));
#8288 = CARTESIAN_POINT('',(44.925766513122,10.018503631482,
    43.916689046757));
#8289 = CARTESIAN_POINT('',(44.841325066848,9.588220997501,
    42.136637886482));
#8290 = CARTESIAN_POINT('',(44.75737321807,9.137009037398,
    40.359168270324));
#8291 = CARTESIAN_POINT('',(44.673946587905,8.660907783856,
    38.585076656511));
#8292 = CARTESIAN_POINT('',(44.591096745284,8.154366560886,
    36.815521888593));
#8293 = CARTESIAN_POINT('',(44.468219558745,7.334644094027,
    34.179567808303));
#8294 = CARTESIAN_POINT('',(44.427699329555,7.053017705106,
    33.308433253043));
#8295 = CARTESIAN_POINT('',(44.387358178041,6.759765535722,
    32.439258091245));
#8296 = CARTESIAN_POINT('',(44.347207493836,6.453269815659,
    31.572300669159));
#8297 = CARTESIAN_POINT('',(44.307274808112,6.131105142344,
    30.708172916666));
#8298 = CARTESIAN_POINT('',(44.267600958876,5.790295589315,
    29.847781600635));
#8299 = CARTESIAN_POINT('',(44.228245303218,5.426691943626,
    28.992448154488));
#8300 = CARTESIAN_POINT('',(44.170750805351,4.843243471102,
    27.740241771003));
#8301 = CARTESIAN_POINT('',(44.152293778592,4.647808583516,
    27.337842180426));
#8302 = CARTESIAN_POINT('',(44.133949299726,4.444294082493,
    26.937487814969));
#8303 = CARTESIAN_POINT('',(44.115730358115,4.231566278493,
    26.539468624657));
#8304 = CARTESIAN_POINT('',(44.097665189505,4.008044918797,
    26.144409917715));
#8305 = CARTESIAN_POINT('',(44.079795317991,3.771817634829,
    25.753231004641));
#8306 = CARTESIAN_POINT('',(44.062180418437,3.520267435775,
    25.367254595727));
#8307 = CARTESIAN_POINT('',(44.027135520056,2.967822960705,
    24.59862814183));
#8308 = CARTESIAN_POINT('',(44.010902920352,2.684174282717,
    24.242217270612));
#8309 = CARTESIAN_POINT('',(43.994950866687,2.375963381038,
    23.891689970646));
#8310 = CARTESIAN_POINT('',(43.978949523291,2.025570577744,
    23.53975752328));
#8311 = CARTESIAN_POINT('',(43.96356810917,1.620271200726,
    23.201122738027));
#8312 = CARTESIAN_POINT('',(43.950356554523,1.15179809985,22.90989062792
    ));
#8313 = CARTESIAN_POINT('',(43.942,0.612464600586,22.725681355932));
#8314 = CARTESIAN_POINT('',(43.942,-1.076268592963E-14,22.725681355932)
  );
#8315 = PCURVE('',#8052,#8316);
#8316 = DEFINITIONAL_REPRESENTATION('',(#8317),#8355);
#8317 = B_SPLINE_CURVE_WITH_KNOTS('',8,(#8318,#8319,#8320,#8321,#8322,
    #8323,#8324,#8325,#8326,#8327,#8328,#8329,#8330,#8331,#8332,#8333,
    #8334,#8335,#8336,#8337,#8338,#8339,#8340,#8341,#8342,#8343,#8344,
    #8345,#8346,#8347,#8348,#8349,#8350,#8351,#8352,#8353,#8354),
  .UNSPECIFIED.,.F.,.F.,(9,7,7,7,7,9),(0.,0.516798212779,0.761471956511,
    0.882638837946,0.940426575525,1.),.UNSPECIFIED.);
#8318 = CARTESIAN_POINT('',(0.340652836387,76.2));
#8319 = CARTESIAN_POINT('',(0.331126473708,72.405890199092));
#8320 = CARTESIAN_POINT('',(0.321047276339,68.61347543727));
#8321 = CARTESIAN_POINT('',(0.310344456776,64.822822388843));
#8322 = CARTESIAN_POINT('',(0.298939118011,61.034168128979));
#8323 = CARTESIAN_POINT('',(0.286713737284,57.248057156462));
#8324 = CARTESIAN_POINT('',(0.273522465906,53.465293891753));
#8325 = CARTESIAN_POINT('',(0.259162009891,49.687052673922));
#8326 = CARTESIAN_POINT('',(0.235676598588,44.129871537027));
#8327 = CARTESIAN_POINT('',(0.227777581995,42.345981153053));
#8328 = CARTESIAN_POINT('',(0.219479716464,40.563889046756));
#8329 = CARTESIAN_POINT('',(0.210731625749,38.783837886482));
#8330 = CARTESIAN_POINT('',(0.201457393352,37.006368270325));
#8331 = CARTESIAN_POINT('',(0.191562794046,35.232276656511));
#8332 = CARTESIAN_POINT('',(0.180916433136,33.462721888593));
#8333 = CARTESIAN_POINT('',(0.163480369184,30.826767808303));
#8334 = CARTESIAN_POINT('',(0.157458569201,29.955633253043));
#8335 = CARTESIAN_POINT('',(0.151155090503,29.086458091245));
#8336 = CARTESIAN_POINT('',(0.14453214594,28.219500669159));
#8337 = CARTESIAN_POINT('',(0.137533285043,27.355372916666));
#8338 = CARTESIAN_POINT('',(0.130089257955,26.494981600635));
#8339 = CARTESIAN_POINT('',(0.12210375573,25.639648154488));
#8340 = CARTESIAN_POINT('',(0.109215622849,24.387441771003));
#8341 = CARTESIAN_POINT('',(0.104888006139,23.985042180426));
#8342 = CARTESIAN_POINT('',(0.100370456532,23.584687814969));
#8343 = CARTESIAN_POINT('',(9.563685588227E-02,23.186668624657));
#8344 = CARTESIAN_POINT('',(9.065081217049E-02,22.791609917715));
#8345 = CARTESIAN_POINT('',(8.536827669037E-02,22.400431004641));
#8346 = CARTESIAN_POINT('',(7.972906141837E-02,22.014454595727));
#8347 = CARTESIAN_POINT('',(6.731252204076E-02,21.24582814183));
#8348 = CARTESIAN_POINT('',(6.092188872818E-02,20.889417270612));
#8349 = CARTESIAN_POINT('',(5.396484986335E-02,20.538889970646));
#8350 = CARTESIAN_POINT('',(4.604009286436E-02,20.18695752328));
#8351 = CARTESIAN_POINT('',(3.685406251795E-02,19.848322738027));
#8352 = CARTESIAN_POINT('',(2.621178694248E-02,19.55709062792));
#8353 = CARTESIAN_POINT('',(1.393802286165E-02,19.372881355932));
#8354 = CARTESIAN_POINT('',(0.,19.372881355932));
#8355 = ( GEOMETRIC_REPRESENTATION_CONTEXT(2) 
PARAMETRIC_REPRESENTATION_CONTEXT() REPRESENTATION_CONTEXT('2D SPACE',''
  ) );
#8356 = PCURVE('',#8194,#8357);
#8357 = DEFINITIONAL_REPRESENTATION('',(#8358),#8396);
#8358 = B_SPLINE_CURVE_WITH_KNOTS('',8,(#8359,#8360,#8361,#8362,#8363,
    #8364,#8365,#8366,#8367,#8368,#8369,#8370,#8371,#8372,#8373,#8374,
    #8375,#8376,#8377,#8378,#8379,#8380,#8381,#8382,#8383,#8384,#8385,
    #8386,#8387,#8388,#8389,#8390,#8391,#8392,#8393,#8394,#8395),
  .UNSPECIFIED.,.F.,.F.,(9,7,7,7,7,9),(0.,0.516798212779,0.761471956511,
    0.882638837946,0.940426575525,1.),.UNSPECIFIED.);
#8359 = CARTESIAN_POINT('',(2.813197164492,168.4528));
#8360 = CARTESIAN_POINT('',(2.824920898742,164.65869019909));
#8361 = CARTESIAN_POINT('',(2.83699910291,160.86627543727));
#8362 = CARTESIAN_POINT('',(2.849485206872,157.07562238884));
#8363 = CARTESIAN_POINT('',(2.862438425791,153.28696812897));
#8364 = CARTESIAN_POINT('',(2.875949146831,149.50085715646));
#8365 = CARTESIAN_POINT('',(2.89013001443,145.71809389175));
#8366 = CARTESIAN_POINT('',(2.905139825746,141.93985267392));
#8367 = CARTESIAN_POINT('',(2.928961724449,136.38267153702));
#8368 = CARTESIAN_POINT('',(2.936874501598,134.59878115305));
#8369 = CARTESIAN_POINT('',(2.945082932701,132.81668904675));
#8370 = CARTESIAN_POINT('',(2.953628374886,131.03663788648));
#8371 = CARTESIAN_POINT('',(2.96257256392,129.25916827032));
#8372 = CARTESIAN_POINT('',(2.971992262767,127.48507665651));
#8373 = CARTESIAN_POINT('',(2.981995118947,125.71552188859));
#8374 = CARTESIAN_POINT('',(2.998150124173,123.0795678083));
#8375 = CARTESIAN_POINT('',(3.003695485631,122.20843325304));
#8376 = CARTESIAN_POINT('',(3.00946465885,121.33925809124));
#8377 = CARTESIAN_POINT('',(3.015489064508,120.47230066915));
#8378 = CARTESIAN_POINT('',(3.021815826204,119.60817291666));
#8379 = CARTESIAN_POINT('',(3.02850276213,118.74778160063));
#8380 = CARTESIAN_POINT('',(3.035630511816,117.89244815448));
#8381 = CARTESIAN_POINT('',(3.047057081857,116.640241771));
#8382 = CARTESIAN_POINT('',(3.050883051457,116.23784218042));
#8383 = CARTESIAN_POINT('',(3.054865599194,115.83748781496));
#8384 = CARTESIAN_POINT('',(3.059026780962,115.43946862465));
#8385 = CARTESIAN_POINT('',(3.063397341053,115.04440991771));
#8386 = CARTESIAN_POINT('',(3.068014483568,114.65323100464));
#8387 = CARTESIAN_POINT('',(3.072929132065,114.26725459572));
#8388 = CARTESIAN_POINT('',(3.083717993726,113.49862814183));
#8389 = CARTESIAN_POINT('',(3.089255283599,113.14221727061));
#8390 = CARTESIAN_POINT('',(3.095270247182,112.79168997064));
#8391 = CARTESIAN_POINT('',(3.102106251856,112.43975752328));
#8392 = CARTESIAN_POINT('',(3.110010748476,112.10112273802));
#8393 = CARTESIAN_POINT('',(3.119143950279,111.80989062792));
#8394 = CARTESIAN_POINT('',(3.12965563401,111.62568135593));
#8395 = CARTESIAN_POINT('',(3.14159265359,111.62568135593));
#8396 = ( GEOMETRIC_REPRESENTATION_CONTEXT(2) 
PARAMETRIC_REPRESENTATION_CONTEXT() REPRESENTATION_CONTEXT('2D SPACE',''
  ) );
#8397 = ORIENTED_EDGE('',*,*,#8075,.F.);
#8398 = ADVANCED_FACE('',(#8399,#8457),#8063,.T.);
#8399 = FACE_BOUND('',#8400,.T.);
#8400 = EDGE_LOOP('',(#8401,#8431));
#8401 = ORIENTED_EDGE('',*,*,#8402,.F.);
#8402 = EDGE_CURVE('',#8403,#8405,#8407,.T.);
#8403 = VERTEX_POINT('',#8404);
#8404 = CARTESIAN_POINT('',(45.396912,12.131796275254,5.8928));
#8405 = VERTEX_POINT('',#8406);
#8406 = CARTESIAN_POINT('',(45.396912,-12.13179627525,5.8928));
#8407 = SURFACE_CURVE('',#8408,(#8413,#8420),.PCURVE_S1.);
#8408 = CIRCLE('',#8409,51.308);
#8409 = AXIS2_PLACEMENT_3D('',#8410,#8411,#8412);
#8410 = CARTESIAN_POINT('',(95.25,0.,5.8928));
#8411 = DIRECTION('',(0.,0.,1.));
#8412 = DIRECTION('',(1.,0.,0.));
#8413 = PCURVE('',#8063,#8414);
#8414 = DEFINITIONAL_REPRESENTATION('',(#8415),#8419);
#8415 = CIRCLE('',#8416,51.308);
#8416 = AXIS2_PLACEMENT_2D('',#8417,#8418);
#8417 = CARTESIAN_POINT('',(95.25,0.));
#8418 = DIRECTION('',(1.,0.));
#8419 = ( GEOMETRIC_REPRESENTATION_CONTEXT(2) 
PARAMETRIC_REPRESENTATION_CONTEXT() REPRESENTATION_CONTEXT('2D SPACE',''
  ) );
#8420 = PCURVE('',#8421,#8426);
#8421 = CYLINDRICAL_SURFACE('',#8422,51.308);
#8422 = AXIS2_PLACEMENT_3D('',#8423,#8424,#8425);
#8423 = CARTESIAN_POINT('',(95.25,0.,-88.9));
#8424 = DIRECTION('',(0.,0.,1.));
#8425 = DIRECTION('',(1.,0.,0.));
#8426 = DEFINITIONAL_REPRESENTATION('',(#8427),#8430);
#8427 = B_SPLINE_CURVE_WITH_KNOTS('',1,(#8428,#8429),.UNSPECIFIED.,.F.,
  .F.,(2,2),(2.902881644509,3.38030366267),.PIECEWISE_BEZIER_KNOTS.);
#8428 = CARTESIAN_POINT('',(2.902881644509,94.7928));
#8429 = CARTESIAN_POINT('',(3.38030366267,94.7928));
#8430 = ( GEOMETRIC_REPRESENTATION_CONTEXT(2) 
PARAMETRIC_REPRESENTATION_CONTEXT() REPRESENTATION_CONTEXT('2D SPACE',''
  ) );
#8431 = ORIENTED_EDGE('',*,*,#8432,.T.);
#8432 = EDGE_CURVE('',#8403,#8405,#8433,.T.);
#8433 = SURFACE_CURVE('',#8434,(#8439,#8446),.PCURVE_S1.);
#8434 = CIRCLE('',#8435,46.99);
#8435 = AXIS2_PLACEMENT_3D('',#8436,#8437,#8438);
#8436 = CARTESIAN_POINT('',(0.,0.,5.8928));
#8437 = DIRECTION('',(0.,0.,1.));
#8438 = DIRECTION('',(1.,0.,0.));
#8439 = PCURVE('',#8063,#8440);
#8440 = DEFINITIONAL_REPRESENTATION('',(#8441),#8445);
#8441 = CIRCLE('',#8442,46.99);
#8442 = AXIS2_PLACEMENT_2D('',#8443,#8444);
#8443 = CARTESIAN_POINT('',(0.,0.));
#8444 = DIRECTION('',(1.,0.));
#8445 = ( GEOMETRIC_REPRESENTATION_CONTEXT(2) 
PARAMETRIC_REPRESENTATION_CONTEXT() REPRESENTATION_CONTEXT('2D SPACE',''
  ) );
#8446 = PCURVE('',#8447,#8452);
#8447 = CYLINDRICAL_SURFACE('',#8448,46.99);
#8448 = AXIS2_PLACEMENT_3D('',#8449,#8450,#8451);
#8449 = CARTESIAN_POINT('',(0.,0.,3.3528));
#8450 = DIRECTION('',(0.,0.,1.));
#8451 = DIRECTION('',(1.,0.,0.));
#8452 = DEFINITIONAL_REPRESENTATION('',(#8453),#8456);
#8453 = B_SPLINE_CURVE_WITH_KNOTS('',1,(#8454,#8455),.UNSPECIFIED.,.F.,
  .F.,(2,2),(0.261136053575,6.022049253604),.PIECEWISE_BEZIER_KNOTS.);
#8454 = CARTESIAN_POINT('',(0.261136053575,2.54));
#8455 = CARTESIAN_POINT('',(6.022049253604,2.54));
#8456 = ( GEOMETRIC_REPRESENTATION_CONTEXT(2) 
PARAMETRIC_REPRESENTATION_CONTEXT() REPRESENTATION_CONTEXT('2D SPACE',''
  ) );
#8457 = FACE_BOUND('',#8458,.T.);
#8458 = EDGE_LOOP('',(#8459));
#8459 = ORIENTED_EDGE('',*,*,#8042,.F.);
#8460 = ADVANCED_FACE('',(#8461),#8194,.F.);
#8461 = FACE_BOUND('',#8462,.F.);
#8462 = EDGE_LOOP('',(#8463,#8486,#8487,#8488,#8511,#8641));
#8463 = ORIENTED_EDGE('',*,*,#8464,.F.);
#8464 = EDGE_CURVE('',#8248,#8465,#8467,.T.);
#8465 = VERTEX_POINT('',#8466);
#8466 = CARTESIAN_POINT('',(45.396912,12.131796275254,79.5528));
#8467 = SURFACE_CURVE('',#8468,(#8473,#8479),.PCURVE_S1.);
#8468 = CIRCLE('',#8469,51.308);
#8469 = AXIS2_PLACEMENT_3D('',#8470,#8471,#8472);
#8470 = CARTESIAN_POINT('',(95.25,0.,79.5528));
#8471 = DIRECTION('',(0.,0.,1.));
#8472 = DIRECTION('',(1.,0.,0.));
#8473 = PCURVE('',#8194,#8474);
#8474 = DEFINITIONAL_REPRESENTATION('',(#8475),#8478);
#8475 = B_SPLINE_CURVE_WITH_KNOTS('',1,(#8476,#8477),.UNSPECIFIED.,.F.,
  .F.,(2,2),(2.813197164492,2.902881644509),.PIECEWISE_BEZIER_KNOTS.);
#8476 = CARTESIAN_POINT('',(2.813197164492,168.4528));
#8477 = CARTESIAN_POINT('',(2.902881644509,168.4528));
#8478 = ( GEOMETRIC_REPRESENTATION_CONTEXT(2) 
PARAMETRIC_REPRESENTATION_CONTEXT() REPRESENTATION_CONTEXT('2D SPACE',''
  ) );
#8479 = PCURVE('',#8263,#8480);
#8480 = DEFINITIONAL_REPRESENTATION('',(#8481),#8485);
#8481 = CIRCLE('',#8482,51.308);
#8482 = AXIS2_PLACEMENT_2D('',#8483,#8484);
#8483 = CARTESIAN_POINT('',(95.25,0.));
#8484 = DIRECTION('',(1.,0.));
#8485 = ( GEOMETRIC_REPRESENTATION_CONTEXT(2) 
PARAMETRIC_REPRESENTATION_CONTEXT() REPRESENTATION_CONTEXT('2D SPACE',''
  ) );
#8486 = ORIENTED_EDGE('',*,*,#8275,.T.);
#8487 = ORIENTED_EDGE('',*,*,#8096,.T.);
#8488 = ORIENTED_EDGE('',*,*,#8489,.F.);
#8489 = EDGE_CURVE('',#8490,#8097,#8492,.T.);
#8490 = VERTEX_POINT('',#8491);
#8491 = CARTESIAN_POINT('',(45.396912,-12.13179627525,79.5528));
#8492 = SURFACE_CURVE('',#8493,(#8498,#8504),.PCURVE_S1.);
#8493 = CIRCLE('',#8494,51.308);
#8494 = AXIS2_PLACEMENT_3D('',#8495,#8496,#8497);
#8495 = CARTESIAN_POINT('',(95.25,0.,79.5528));
#8496 = DIRECTION('',(0.,0.,1.));
#8497 = DIRECTION('',(1.,0.,0.));
#8498 = PCURVE('',#8194,#8499);
#8499 = DEFINITIONAL_REPRESENTATION('',(#8500),#8503);
#8500 = B_SPLINE_CURVE_WITH_KNOTS('',1,(#8501,#8502),.UNSPECIFIED.,.F.,
  .F.,(2,2),(3.38030366267,3.469988142687),.PIECEWISE_BEZIER_KNOTS.);
#8501 = CARTESIAN_POINT('',(3.38030366267,168.4528));
#8502 = CARTESIAN_POINT('',(3.469988142687,168.4528));
#8503 = ( GEOMETRIC_REPRESENTATION_CONTEXT(2) 
PARAMETRIC_REPRESENTATION_CONTEXT() REPRESENTATION_CONTEXT('2D SPACE',''
  ) );
#8504 = PCURVE('',#8263,#8505);
#8505 = DEFINITIONAL_REPRESENTATION('',(#8506),#8510);
#8506 = CIRCLE('',#8507,51.308);
#8507 = AXIS2_PLACEMENT_2D('',#8508,#8509);
#8508 = CARTESIAN_POINT('',(95.25,0.));
#8509 = DIRECTION('',(1.,0.));
#8510 = ( GEOMETRIC_REPRESENTATION_CONTEXT(2) 
PARAMETRIC_REPRESENTATION_CONTEXT() REPRESENTATION_CONTEXT('2D SPACE',''
  ) );
#8511 = ORIENTED_EDGE('',*,*,#8512,.F.);
#8512 = EDGE_CURVE('',#8513,#8490,#8515,.T.);
#8513 = VERTEX_POINT('',#8514);
#8514 = CARTESIAN_POINT('',(43.942,-1.076268592963E-14,45.72));
#8515 = SURFACE_CURVE('',#8516,(#8554,#8595),.PCURVE_S1.);
#8516 = B_SPLINE_CURVE_WITH_KNOTS('',8,(#8517,#8518,#8519,#8520,#8521,
    #8522,#8523,#8524,#8525,#8526,#8527,#8528,#8529,#8530,#8531,#8532,
    #8533,#8534,#8535,#8536,#8537,#8538,#8539,#8540,#8541,#8542,#8543,
    #8544,#8545,#8546,#8547,#8548,#8549,#8550,#8551,#8552,#8553),
  .UNSPECIFIED.,.F.,.F.,(9,7,7,7,7,9),(0.,8.693163608615E-02,
    0.172168481783,0.344157923878,0.634537178163,1.),.UNSPECIFIED.);
#8517 = CARTESIAN_POINT('',(43.942,5.639932965096E-15,45.72));
#8518 = CARTESIAN_POINT('',(43.942,-0.553220816481,45.72));
#8519 = CARTESIAN_POINT('',(43.948815570059,-1.032975086358,
    45.88398791479));
#8520 = CARTESIAN_POINT('',(43.959289367693,-1.450470701077,
    46.135991586811));
#8521 = CARTESIAN_POINT('',(43.97157979382,-1.812350188628,
    46.431409657744));
#8522 = CARTESIAN_POINT('',(43.984409638302,-2.127407145143,
    46.73955189719));
#8523 = CARTESIAN_POINT('',(43.997339900576,-2.406169244641,
    47.049873377222));
#8524 = CARTESIAN_POINT('',(44.010530025229,-2.662901037939,
    47.36622239369));
#8525 = CARTESIAN_POINT('',(44.038869743553,-3.16101451635,
    48.045326223316));
#8526 = CARTESIAN_POINT('',(44.05320196891,-3.389008968096,
    48.388505121147));
#8527 = CARTESIAN_POINT('',(44.067747326608,-3.603069559962,
    48.736508456897));
#8528 = CARTESIAN_POINT('',(44.082454969602,-3.805571633135,
    49.088107280053));
#8529 = CARTESIAN_POINT('',(44.09728952056,-3.998252811539,
    49.44244736277));
#8530 = CARTESIAN_POINT('',(44.112226933285,-4.182551385021,
    49.798947942878));
#8531 = CARTESIAN_POINT('',(44.127256167411,-4.359500701236,
    50.157340640158));
#8532 = CARTESIAN_POINT('',(44.172879184766,-4.874214333102,
    51.244370109497));
#8533 = CARTESIAN_POINT('',(44.203705092817,-5.191885355432,
    51.977612878977));
#8534 = CARTESIAN_POINT('',(44.23476873951,-5.490093974321,
    52.715256636994));
#8535 = CARTESIAN_POINT('',(44.266023725296,-5.772320231919,
    53.456175975132));
#8536 = CARTESIAN_POINT('',(44.297438010728,-6.04106552796,
    54.199595297176));
#8537 = CARTESIAN_POINT('',(44.328989875072,-6.298360620109,
    54.944988365727));
#8538 = CARTESIAN_POINT('',(44.360669704808,-6.545593043456,
    55.692118873857));
#8539 = CARTESIAN_POINT('',(44.446173719619,-7.18658736224,
    57.705158025405));
#8540 = CARTESIAN_POINT('',(44.500204340711,-7.563855515063,
    58.973547951698));
#8541 = CARTESIAN_POINT('',(44.554521715994,-7.921451924495,
    60.244982578803));
#8542 = CARTESIAN_POINT('',(44.609097820079,-8.262598089118,
    61.518777370665));
#8543 = CARTESIAN_POINT('',(44.663912756864,-8.589642343484,
    62.794447499171));
#8544 = CARTESIAN_POINT('',(44.718952571621,-8.904457247506,
    64.071652316298));
#8545 = CARTESIAN_POINT('',(44.7742094639,-9.208427363182,
    65.350198226007));
#8546 = CARTESIAN_POINT('',(44.899493512626,-9.873168005636,
    68.24070404254));
#8547 = CARTESIAN_POINT('',(44.969638825749,-10.22826521218,
    69.853240940337));
#8548 = CARTESIAN_POINT('',(45.040102200539,-10.57032820236,
    71.467263985311));
#8549 = CARTESIAN_POINT('',(45.110873512237,-10.90100451044,
    73.082523130269));
#8550 = CARTESIAN_POINT('',(45.181945151778,-11.22154674177,
    74.69883068133));
#8551 = CARTESIAN_POINT('',(45.253311342713,-11.53297536997,
    76.316043809476));
#8552 = CARTESIAN_POINT('',(45.324967838477,-11.83615673976,
    77.934056365733));
#8553 = CARTESIAN_POINT('',(45.396912,-12.13179627525,79.5528));
#8554 = PCURVE('',#8194,#8555);
#8555 = DEFINITIONAL_REPRESENTATION('',(#8556),#8594);
#8556 = B_SPLINE_CURVE_WITH_KNOTS('',8,(#8557,#8558,#8559,#8560,#8561,
    #8562,#8563,#8564,#8565,#8566,#8567,#8568,#8569,#8570,#8571,#8572,
    #8573,#8574,#8575,#8576,#8577,#8578,#8579,#8580,#8581,#8582,#8583,
    #8584,#8585,#8586,#8587,#8588,#8589,#8590,#8591,#8592,#8593),
  .UNSPECIFIED.,.F.,.F.,(9,7,7,7,7,9),(0.,8.693163608615E-02,
    0.172168481783,0.344157923878,0.634537178163,1.),.UNSPECIFIED.);
#8557 = CARTESIAN_POINT('',(3.14159265359,134.62));
#8558 = CARTESIAN_POINT('',(3.152375003642,134.62));
#8559 = CARTESIAN_POINT('',(3.161725482954,134.78398791479));
#8560 = CARTESIAN_POINT('',(3.169864427577,135.03599158681));
#8561 = CARTESIAN_POINT('',(3.176921148357,135.33140965774));
#8562 = CARTESIAN_POINT('',(3.183066533522,135.63955189719));
#8563 = CARTESIAN_POINT('',(3.18850536188,135.94987337722));
#8564 = CARTESIAN_POINT('',(3.193515624845,136.26622239369));
#8565 = CARTESIAN_POINT('',(3.203239625166,136.94532622331));
#8566 = CARTESIAN_POINT('',(3.207691961282,137.28850512114));
#8567 = CARTESIAN_POINT('',(3.21187356719,137.63650845689));
#8568 = CARTESIAN_POINT('',(3.215830677156,137.98810728005));
#8569 = CARTESIAN_POINT('',(3.219597106411,138.34244736277));
#8570 = CARTESIAN_POINT('',(3.223200846017,138.69894794287));
#8571 = CARTESIAN_POINT('',(3.226662006114,139.05734064015));
#8572 = CARTESIAN_POINT('',(3.236733176983,140.14437010949));
#8573 = CARTESIAN_POINT('',(3.242953496001,140.87761287897));
#8574 = CARTESIAN_POINT('',(3.248796840499,141.61525663699));
#8575 = CARTESIAN_POINT('',(3.254330880162,142.35617597513));
#8576 = CARTESIAN_POINT('',(3.25960424158,143.09959529717));
#8577 = CARTESIAN_POINT('',(3.264656402154,143.84498836572));
#8578 = CARTESIAN_POINT('',(3.269514327892,144.59211887385));
#8579 = CARTESIAN_POINT('',(3.28211805407,146.6051580254));
#8580 = CARTESIAN_POINT('',(3.289545743022,147.87354795169));
#8581 = CARTESIAN_POINT('',(3.296594883141,149.1449825788));
#8582 = CARTESIAN_POINT('',(3.303328020787,150.41877737066));
#8583 = CARTESIAN_POINT('',(3.309790731153,151.69444749917));
#8584 = CARTESIAN_POINT('',(3.3160193503,152.97165231629));
#8585 = CARTESIAN_POINT('',(3.322040734612,154.250198226));
#8586 = CARTESIAN_POINT('',(3.335224717617,157.14070404254));
#8587 = CARTESIAN_POINT('',(3.342279081972,158.75324094033));
#8588 = CARTESIAN_POINT('',(3.349085550845,160.36726398531));
#8589 = CARTESIAN_POINT('',(3.355676055742,161.98252313026));
#8590 = CARTESIAN_POINT('',(3.362074862073,163.59883068133));
#8591 = CARTESIAN_POINT('',(3.368301733496,165.21604380947));
#8592 = CARTESIAN_POINT('',(3.374373447565,166.83405636573));
#8593 = CARTESIAN_POINT('',(3.38030366267,168.4528));
#8594 = ( GEOMETRIC_REPRESENTATION_CONTEXT(2) 
PARAMETRIC_REPRESENTATION_CONTEXT() REPRESENTATION_CONTEXT('2D SPACE',''
  ) );
#8595 = PCURVE('',#8596,#8601);
#8596 = CONICAL_SURFACE('',#8597,38.839117117117,8.984753969463E-02);
#8597 = AXIS2_PLACEMENT_3D('',#8598,#8599,#8600);
#8598 = CARTESIAN_POINT('',(0.,0.,-10.922));
#8599 = DIRECTION('',(0.,0.,1.));
#8600 = DIRECTION('',(1.,0.,0.));
#8601 = DEFINITIONAL_REPRESENTATION('',(#8602),#8640);
#8602 = B_SPLINE_CURVE_WITH_KNOTS('',8,(#8603,#8604,#8605,#8606,#8607,
    #8608,#8609,#8610,#8611,#8612,#8613,#8614,#8615,#8616,#8617,#8618,
    #8619,#8620,#8621,#8622,#8623,#8624,#8625,#8626,#8627,#8628,#8629,
    #8630,#8631,#8632,#8633,#8634,#8635,#8636,#8637,#8638,#8639),
  .UNSPECIFIED.,.F.,.F.,(9,7,7,7,7,9),(0.,8.693163608615E-02,
    0.172168481783,0.344157923878,0.634537178163,1.),.UNSPECIFIED.);
#8603 = CARTESIAN_POINT('',(6.28318530718,56.642));
#8604 = CARTESIAN_POINT('',(6.270595511165,56.642));
#8605 = CARTESIAN_POINT('',(6.259677629384,56.80598791479));
#8606 = CARTESIAN_POINT('',(6.250190377041,57.057991586811));
#8607 = CARTESIAN_POINT('',(6.241981442768,57.353409657744));
#8608 = CARTESIAN_POINT('',(6.234846982169,57.66155189719));
#8609 = CARTESIAN_POINT('',(6.228544469458,57.971873377222));
#8610 = CARTESIAN_POINT('',(6.222749075084,58.28822239369));
#8611 = CARTESIAN_POINT('',(6.211526496452,58.967326223316));
#8612 = CARTESIAN_POINT('',(6.206400498273,59.310505121147));
#8613 = CARTESIAN_POINT('',(6.201597535828,59.658508456897));
#8614 = CARTESIAN_POINT('',(6.197063083687,60.010107280053));
#8615 = CARTESIAN_POINT('',(6.192757205576,60.36444736277));
#8616 = CARTESIAN_POINT('',(6.188646850962,60.720947942878));
#8617 = CARTESIAN_POINT('',(6.184708268552,61.079340640158));
#8618 = CARTESIAN_POINT('',(6.173274444852,62.166370109497));
#8619 = CARTESIAN_POINT('',(6.166249635992,62.899612878977));
#8620 = CARTESIAN_POINT('',(6.159683545575,63.637256636994));
#8621 = CARTESIAN_POINT('',(6.153495718608,64.378175975132));
#8622 = CARTESIAN_POINT('',(6.147628207136,65.121595297176));
#8623 = CARTESIAN_POINT('',(6.142033954038,65.866988365727));
#8624 = CARTESIAN_POINT('',(6.136680727008,66.614118873857));
#8625 = CARTESIAN_POINT('',(6.122858612955,68.627158025405));
#8626 = CARTESIAN_POINT('',(6.114786155292,69.895547951698));
#8627 = CARTESIAN_POINT('',(6.107191149499,71.166982578803));
#8628 = CARTESIAN_POINT('',(6.099998143861,72.440777370665));
#8629 = CARTESIAN_POINT('',(6.093151929162,73.716447499171));
#8630 = CARTESIAN_POINT('',(6.086608391504,74.993652316298));
#8631 = CARTESIAN_POINT('',(6.080334767365,76.272198226007));
#8632 = CARTESIAN_POINT('',(6.06671117925,79.16270404254));
#8633 = CARTESIAN_POINT('',(6.059503118548,80.775240940337));
#8634 = CARTESIAN_POINT('',(6.052624296531,82.389263985311));
#8635 = CARTESIAN_POINT('',(6.046035354193,84.004523130269));
#8636 = CARTESIAN_POINT('',(6.039706177682,85.62083068133));
#8637 = CARTESIAN_POINT('',(6.033612124649,87.238043809476));
#8638 = CARTESIAN_POINT('',(6.027732210362,88.856056365733));
#8639 = CARTESIAN_POINT('',(6.022049253604,90.4748));
#8640 = ( GEOMETRIC_REPRESENTATION_CONTEXT(2) 
PARAMETRIC_REPRESENTATION_CONTEXT() REPRESENTATION_CONTEXT('2D SPACE',''
  ) );
#8641 = ORIENTED_EDGE('',*,*,#8642,.F.);
#8642 = EDGE_CURVE('',#8465,#8513,#8643,.T.);
#8643 = SURFACE_CURVE('',#8644,(#8682,#8723),.PCURVE_S1.);
#8644 = B_SPLINE_CURVE_WITH_KNOTS('',8,(#8645,#8646,#8647,#8648,#8649,
    #8650,#8651,#8652,#8653,#8654,#8655,#8656,#8657,#8658,#8659,#8660,
    #8661,#8662,#8663,#8664,#8665,#8666,#8667,#8668,#8669,#8670,#8671,
    #8672,#8673,#8674,#8675,#8676,#8677,#8678,#8679,#8680,#8681),
  .UNSPECIFIED.,.F.,.F.,(9,7,7,7,7,9),(0.,0.516444452529,0.760921283082,
    0.881468890791,0.941938051527,1.),.UNSPECIFIED.);
#8645 = CARTESIAN_POINT('',(45.396912,12.131796275254,79.5528));
#8646 = CARTESIAN_POINT('',(45.295428922616,11.714772722224,
    77.269430758858));
#8647 = CARTESIAN_POINT('',(45.194525138469,11.282791711866,
    74.987671541187));
#8648 = CARTESIAN_POINT('',(45.094202027556,10.833732381473,
    72.707582417843));
#8649 = CARTESIAN_POINT('',(44.994468168292,10.365253143401,
    70.429384032063));
#8650 = CARTESIAN_POINT('',(44.895344459174,9.873789294243,
    68.153588569171));
#8651 = CARTESIAN_POINT('',(44.796861889102,9.354911957721,
    65.880953285117));
#8652 = CARTESIAN_POINT('',(44.699065425949,8.802395207491,
    63.612583769942));
#8653 = CARTESIAN_POINT('',(44.556105967485,7.919753884937,
    60.279685274607));
#8654 = CARTESIAN_POINT('',(44.510356023094,7.625802480932,
    59.210486337641));
#8655 = CARTESIAN_POINT('',(44.464789908171,7.320011651163,
    58.142983962396));
#8656 = CARTESIAN_POINT('',(44.41941683953,7.000756165091,
    57.077406794417));
#8657 = CARTESIAN_POINT('',(44.374257904796,6.665627598426,
    56.014267049703));
#8658 = CARTESIAN_POINT('',(44.329344233612,6.311645032635,
    54.954319889113));
#8659 = CARTESIAN_POINT('',(44.284720958783,5.934643837241,
    53.898663203174));
#8660 = CARTESIAN_POINT('',(44.218649797556,5.32477243291,
    52.331846583524));
#8661 = CARTESIAN_POINT('',(44.196930705806,5.115813563604,
    51.816180037182));
#8662 = CARTESIAN_POINT('',(44.175314698683,4.898183252506,
    51.302347297609));
#8663 = CARTESIAN_POINT('',(44.153812027231,4.670669588635,
    50.790598758452));
#8664 = CARTESIAN_POINT('',(44.132446136347,4.431518327944,
    50.281501308737));
#8665 = CARTESIAN_POINT('',(44.1112516649,4.178590031573,49.775892116147
    ));
#8666 = CARTESIAN_POINT('',(44.090278731436,3.908926569741,
    49.274984169831));
#8667 = CARTESIAN_POINT('',(44.059252979385,3.469856444224,
    48.533138567858));
#8668 = CARTESIAN_POINT('',(44.048978072965,3.317620487161,
    48.287315965395));
#8669 = CARTESIAN_POINT('',(44.038795854851,3.158939633773,
    48.04357068591));
#8670 = CARTESIAN_POINT('',(44.028718990214,2.992886019253,
    47.802209621215));
#8671 = CARTESIAN_POINT('',(44.018774500576,2.818230296171,
    47.563884779384));
#8672 = CARTESIAN_POINT('',(44.009002089909,2.633521025912,
    47.329554138765));
#8673 = CARTESIAN_POINT('',(43.999458350476,2.436814119068,
    47.100584107448));
#8674 = CARTESIAN_POINT('',(43.981387540558,2.020378769068,
    46.666818857558));
#8675 = CARTESIAN_POINT('',(43.972985490724,1.805370867742,
    46.465033596681));
#8676 = CARTESIAN_POINT('',(43.964886284584,1.571660408394,
    46.270430364963));
#8677 = CARTESIAN_POINT('',(43.957185410007,1.313563612329,
    46.085309932877));
#8678 = CARTESIAN_POINT('',(43.950355496767,1.026656849607,
    45.921040128071));
#8679 = CARTESIAN_POINT('',(43.94494887471,0.710582680929,
    45.790951788194));
#8680 = CARTESIAN_POINT('',(43.942,0.363779037016,45.72));
#8681 = CARTESIAN_POINT('',(43.942,-1.076268592963E-14,45.72));
#8682 = PCURVE('',#8194,#8683);
#8683 = DEFINITIONAL_REPRESENTATION('',(#8684),#8722);
#8684 = B_SPLINE_CURVE_WITH_KNOTS('',8,(#8685,#8686,#8687,#8688,#8689,
    #8690,#8691,#8692,#8693,#8694,#8695,#8696,#8697,#8698,#8699,#8700,
    #8701,#8702,#8703,#8704,#8705,#8706,#8707,#8708,#8709,#8710,#8711,
    #8712,#8713,#8714,#8715,#8716,#8717,#8718,#8719,#8720,#8721),
  .UNSPECIFIED.,.F.,.F.,(9,7,7,7,7,9),(0.,0.516444452529,0.760921283082,
    0.881468890791,0.941938051527,1.),.UNSPECIFIED.);
#8685 = CARTESIAN_POINT('',(2.902881644509,168.4528));
#8686 = CARTESIAN_POINT('',(2.911246694093,166.16943075885));
#8687 = CARTESIAN_POINT('',(2.919892322337,163.88767154118));
#8688 = CARTESIAN_POINT('',(2.928859625312,161.60758241784));
#8689 = CARTESIAN_POINT('',(2.938193936366,159.32938403206));
#8690 = CARTESIAN_POINT('',(2.947964325572,157.05358856917));
#8691 = CARTESIAN_POINT('',(2.958256604621,154.78095328511));
#8692 = CARTESIAN_POINT('',(2.969191457476,152.51258376994));
#8693 = CARTESIAN_POINT('',(2.986618443259,149.1796852746));
#8694 = CARTESIAN_POINT('',(2.992416457582,148.11048633764));
#8695 = CARTESIAN_POINT('',(2.998441961562,147.04298396239));
#8696 = CARTESIAN_POINT('',(3.004726508512,145.97740679441));
#8697 = CARTESIAN_POINT('',(3.011316878121,144.9142670497));
#8698 = CARTESIAN_POINT('',(3.018270971077,143.85431988911));
#8699 = CARTESIAN_POINT('',(3.025669707623,142.79866320317));
#8700 = CARTESIAN_POINT('',(3.037625736197,141.23184658352));
#8701 = CARTESIAN_POINT('',(3.041720273956,140.71618003718));
#8702 = CARTESIAN_POINT('',(3.045982717734,140.2023472976));
#8703 = CARTESIAN_POINT('',(3.050436639567,139.69059875845));
#8704 = CARTESIAN_POINT('',(3.055116164293,139.18150130873));
#8705 = CARTESIAN_POINT('',(3.060062908614,138.67589211614));
#8706 = CARTESIAN_POINT('',(3.065334427193,138.17498416983));
#8707 = CARTESIAN_POINT('',(3.073913302568,137.43313856785));
#8708 = CARTESIAN_POINT('',(3.076887137719,137.18731596539));
#8709 = CARTESIAN_POINT('',(3.079986182182,136.94357068591));
#8710 = CARTESIAN_POINT('',(3.083228501182,136.70220962121));
#8711 = CARTESIAN_POINT('',(3.086638027753,136.46388477938));
#8712 = CARTESIAN_POINT('',(3.09024301713,136.22955413876));
#8713 = CARTESIAN_POINT('',(3.094081321595,136.00058410744));
#8714 = CARTESIAN_POINT('',(3.102205342182,135.56681885755));
#8715 = CARTESIAN_POINT('',(3.106399033661,135.36503359668));
#8716 = CARTESIAN_POINT('',(3.110956748875,135.17043036496));
#8717 = CARTESIAN_POINT('',(3.115989175216,134.98530993287));
#8718 = CARTESIAN_POINT('',(3.121582421543,134.82104012807));
#8719 = CARTESIAN_POINT('',(3.127743300014,134.69095178819));
#8720 = CARTESIAN_POINT('',(3.13450254996,134.62));
#8721 = CARTESIAN_POINT('',(3.14159265359,134.62));
#8722 = ( GEOMETRIC_REPRESENTATION_CONTEXT(2) 
PARAMETRIC_REPRESENTATION_CONTEXT() REPRESENTATION_CONTEXT('2D SPACE',''
  ) );
#8723 = PCURVE('',#8596,#8724);
#8724 = DEFINITIONAL_REPRESENTATION('',(#8725),#8763);
#8725 = B_SPLINE_CURVE_WITH_KNOTS('',8,(#8726,#8727,#8728,#8729,#8730,
    #8731,#8732,#8733,#8734,#8735,#8736,#8737,#8738,#8739,#8740,#8741,
    #8742,#8743,#8744,#8745,#8746,#8747,#8748,#8749,#8750,#8751,#8752,
    #8753,#8754,#8755,#8756,#8757,#8758,#8759,#8760,#8761,#8762),
  .UNSPECIFIED.,.F.,.F.,(9,7,7,7,7,9),(0.,0.516444452529,0.760921283082,
    0.881468890791,0.941938051527,1.),.UNSPECIFIED.);
#8726 = CARTESIAN_POINT('',(0.261136053575,90.4748));
#8727 = CARTESIAN_POINT('',(0.253119781953,88.191430758858));
#8728 = CARTESIAN_POINT('',(0.244712630335,85.909671541187));
#8729 = CARTESIAN_POINT('',(0.235863246019,83.629582417843));
#8730 = CARTESIAN_POINT('',(0.226514739604,81.351384032063));
#8731 = CARTESIAN_POINT('',(0.216581565144,79.075588569171));
#8732 = CARTESIAN_POINT('',(0.205957664262,76.802953285118));
#8733 = CARTESIAN_POINT('',(0.194494818734,74.534583769942));
#8734 = CARTESIAN_POINT('',(0.175923303324,71.201685274607));
#8735 = CARTESIAN_POINT('',(0.169701894736,70.132486337641));
#8736 = CARTESIAN_POINT('',(0.163191515751,69.064983962396));
#8737 = CARTESIAN_POINT('',(0.156354067991,67.999406794417));
#8738 = CARTESIAN_POINT('',(0.149133340957,66.936267049703));
#8739 = CARTESIAN_POINT('',(0.141459808609,65.876319889113));
#8740 = CARTESIAN_POINT('',(0.133236608444,64.820663203174));
#8741 = CARTESIAN_POINT('',(0.119846709468,63.253846583524));
#8742 = CARTESIAN_POINT('',(0.115245839868,62.738180037182));
#8743 = CARTESIAN_POINT('',(0.110440286453,62.224347297609));
#8744 = CARTESIAN_POINT('',(0.105402078537,61.712598758452));
#8745 = CARTESIAN_POINT('',(0.100090775738,61.203501308737));
#8746 = CARTESIAN_POINT('',(9.445705429093E-02,60.697892116147));
#8747 = CARTESIAN_POINT('',(8.843281960722E-02,60.196984169831));
#8748 = CARTESIAN_POINT('',(7.859375246907E-02,59.455138567858));
#8749 = CARTESIAN_POINT('',(7.517763123908E-02,59.209315965395));
#8750 = CARTESIAN_POINT('',(7.161201474979E-02,58.96557068591));
#8751 = CARTESIAN_POINT('',(6.787564158025E-02,58.724209621215));
#8752 = CARTESIAN_POINT('',(6.394033006504E-02,58.485884779384));
#8753 = CARTESIAN_POINT('',(5.977279702081E-02,58.251554138765));
#8754 = CARTESIAN_POINT('',(5.532851182594E-02,58.022584107448));
#8755 = CARTESIAN_POINT('',(4.590683331936E-02,57.588818857558));
#8756 = CARTESIAN_POINT('',(4.103671470485E-02,57.387033596681));
#8757 = CARTESIAN_POINT('',(3.57374385335E-02,57.192430364963));
#8758 = CARTESIAN_POINT('',(2.987899455856E-02,57.007309932878));
#8759 = CARTESIAN_POINT('',(2.33599192535E-02,56.843040128071));
#8760 = CARTESIAN_POINT('',(1.61709293663E-02,56.712951788194));
#8761 = CARTESIAN_POINT('',(8.278618110593E-03,56.642));
#8762 = CARTESIAN_POINT('',(0.,56.642));
#8763 = ( GEOMETRIC_REPRESENTATION_CONTEXT(2) 
PARAMETRIC_REPRESENTATION_CONTEXT() REPRESENTATION_CONTEXT('2D SPACE',''
  ) );
#8764 = ADVANCED_FACE('',(#8765),#8263,.T.);
#8765 = FACE_BOUND('',#8766,.T.);
#8766 = EDGE_LOOP('',(#8767,#8768,#8769,#8770));
#8767 = ORIENTED_EDGE('',*,*,#8464,.F.);
#8768 = ORIENTED_EDGE('',*,*,#8247,.T.);
#8769 = ORIENTED_EDGE('',*,*,#8489,.F.);
#8770 = ORIENTED_EDGE('',*,*,#8771,.F.);
#8771 = EDGE_CURVE('',#8465,#8490,#8772,.T.);
#8772 = SURFACE_CURVE('',#8773,(#8778,#8785),.PCURVE_S1.);
#8773 = CIRCLE('',#8774,46.99);
#8774 = AXIS2_PLACEMENT_3D('',#8775,#8776,#8777);
#8775 = CARTESIAN_POINT('',(0.,0.,79.5528));
#8776 = DIRECTION('',(0.,0.,1.));
#8777 = DIRECTION('',(1.,0.,0.));
#8778 = PCURVE('',#8263,#8779);
#8779 = DEFINITIONAL_REPRESENTATION('',(#8780),#8784);
#8780 = CIRCLE('',#8781,46.99);
#8781 = AXIS2_PLACEMENT_2D('',#8782,#8783);
#8782 = CARTESIAN_POINT('',(0.,0.));
#8783 = DIRECTION('',(1.,0.));
#8784 = ( GEOMETRIC_REPRESENTATION_CONTEXT(2) 
PARAMETRIC_REPRESENTATION_CONTEXT() REPRESENTATION_CONTEXT('2D SPACE',''
  ) );
#8785 = PCURVE('',#8596,#8786);
#8786 = DEFINITIONAL_REPRESENTATION('',(#8787),#8790);
#8787 = B_SPLINE_CURVE_WITH_KNOTS('',1,(#8788,#8789),.UNSPECIFIED.,.F.,
  .F.,(2,2),(0.261136053575,6.022049253604),.PIECEWISE_BEZIER_KNOTS.);
#8788 = CARTESIAN_POINT('',(0.261136053575,90.4748));
#8789 = CARTESIAN_POINT('',(6.022049253604,90.4748));
#8790 = ( GEOMETRIC_REPRESENTATION_CONTEXT(2) 
PARAMETRIC_REPRESENTATION_CONTEXT() REPRESENTATION_CONTEXT('2D SPACE',''
  ) );
#8791 = ADVANCED_FACE('',(#8792),#8421,.F.);
#8792 = FACE_BOUND('',#8793,.F.);
#8793 = EDGE_LOOP('',(#8794,#8795,#8816,#8844));
#8794 = ORIENTED_EDGE('',*,*,#8402,.F.);
#8795 = ORIENTED_EDGE('',*,*,#8796,.F.);
#8796 = EDGE_CURVE('',#8797,#8403,#8799,.T.);
#8797 = VERTEX_POINT('',#8798);
#8798 = CARTESIAN_POINT('',(45.396912,12.131796275254,3.3528));
#8799 = SURFACE_CURVE('',#8800,(#8804,#8810),.PCURVE_S1.);
#8800 = LINE('',#8801,#8802);
#8801 = CARTESIAN_POINT('',(45.396912,12.131796275254,3.3528));
#8802 = VECTOR('',#8803,1.);
#8803 = DIRECTION('',(0.,0.,1.));
#8804 = PCURVE('',#8421,#8805);
#8805 = DEFINITIONAL_REPRESENTATION('',(#8806),#8809);
#8806 = B_SPLINE_CURVE_WITH_KNOTS('',1,(#8807,#8808),.UNSPECIFIED.,.F.,
  .F.,(2,2),(0.,2.54),.PIECEWISE_BEZIER_KNOTS.);
#8807 = CARTESIAN_POINT('',(2.902881644509,92.2528));
#8808 = CARTESIAN_POINT('',(2.902881644509,94.7928));
#8809 = ( GEOMETRIC_REPRESENTATION_CONTEXT(2) 
PARAMETRIC_REPRESENTATION_CONTEXT() REPRESENTATION_CONTEXT('2D SPACE',''
  ) );
#8810 = PCURVE('',#8447,#8811);
#8811 = DEFINITIONAL_REPRESENTATION('',(#8812),#8815);
#8812 = B_SPLINE_CURVE_WITH_KNOTS('',1,(#8813,#8814),.UNSPECIFIED.,.F.,
  .F.,(2,2),(0.,2.54),.PIECEWISE_BEZIER_KNOTS.);
#8813 = CARTESIAN_POINT('',(0.261136053575,0.));
#8814 = CARTESIAN_POINT('',(0.261136053575,2.54));
#8815 = ( GEOMETRIC_REPRESENTATION_CONTEXT(2) 
PARAMETRIC_REPRESENTATION_CONTEXT() REPRESENTATION_CONTEXT('2D SPACE',''
  ) );
#8816 = ORIENTED_EDGE('',*,*,#8817,.T.);
#8817 = EDGE_CURVE('',#8797,#8818,#8820,.T.);
#8818 = VERTEX_POINT('',#8819);
#8819 = CARTESIAN_POINT('',(45.396912,-12.13179627525,3.3528));
#8820 = SURFACE_CURVE('',#8821,(#8826,#8832),.PCURVE_S1.);
#8821 = CIRCLE('',#8822,51.308);
#8822 = AXIS2_PLACEMENT_3D('',#8823,#8824,#8825);
#8823 = CARTESIAN_POINT('',(95.25,0.,3.3528));
#8824 = DIRECTION('',(0.,0.,1.));
#8825 = DIRECTION('',(1.,0.,0.));
#8826 = PCURVE('',#8421,#8827);
#8827 = DEFINITIONAL_REPRESENTATION('',(#8828),#8831);
#8828 = B_SPLINE_CURVE_WITH_KNOTS('',1,(#8829,#8830),.UNSPECIFIED.,.F.,
  .F.,(2,2),(2.902881644509,3.38030366267),.PIECEWISE_BEZIER_KNOTS.);
#8829 = CARTESIAN_POINT('',(2.902881644509,92.2528));
#8830 = CARTESIAN_POINT('',(3.38030366267,92.2528));
#8831 = ( GEOMETRIC_REPRESENTATION_CONTEXT(2) 
PARAMETRIC_REPRESENTATION_CONTEXT() REPRESENTATION_CONTEXT('2D SPACE',''
  ) );
#8832 = PCURVE('',#8833,#8838);
#8833 = PLANE('',#8834);
#8834 = AXIS2_PLACEMENT_3D('',#8835,#8836,#8837);
#8835 = CARTESIAN_POINT('',(0.,0.,3.3528));
#8836 = DIRECTION('',(0.,0.,1.));
#8837 = DIRECTION('',(1.,0.,0.));
#8838 = DEFINITIONAL_REPRESENTATION('',(#8839),#8843);
#8839 = CIRCLE('',#8840,51.308);
#8840 = AXIS2_PLACEMENT_2D('',#8841,#8842);
#8841 = CARTESIAN_POINT('',(95.25,0.));
#8842 = DIRECTION('',(1.,0.));
#8843 = ( GEOMETRIC_REPRESENTATION_CONTEXT(2) 
PARAMETRIC_REPRESENTATION_CONTEXT() REPRESENTATION_CONTEXT('2D SPACE',''
  ) );
#8844 = ORIENTED_EDGE('',*,*,#8845,.T.);
#8845 = EDGE_CURVE('',#8818,#8405,#8846,.T.);
#8846 = SURFACE_CURVE('',#8847,(#8851,#8857),.PCURVE_S1.);
#8847 = LINE('',#8848,#8849);
#8848 = CARTESIAN_POINT('',(45.396912,-12.13179627525,3.3528));
#8849 = VECTOR('',#8850,1.);
#8850 = DIRECTION('',(0.,0.,1.));
#8851 = PCURVE('',#8421,#8852);
#8852 = DEFINITIONAL_REPRESENTATION('',(#8853),#8856);
#8853 = B_SPLINE_CURVE_WITH_KNOTS('',1,(#8854,#8855),.UNSPECIFIED.,.F.,
  .F.,(2,2),(0.,2.54),.PIECEWISE_BEZIER_KNOTS.);
#8854 = CARTESIAN_POINT('',(3.38030366267,92.2528));
#8855 = CARTESIAN_POINT('',(3.38030366267,94.7928));
#8856 = ( GEOMETRIC_REPRESENTATION_CONTEXT(2) 
PARAMETRIC_REPRESENTATION_CONTEXT() REPRESENTATION_CONTEXT('2D SPACE',''
  ) );
#8857 = PCURVE('',#8447,#8858);
#8858 = DEFINITIONAL_REPRESENTATION('',(#8859),#8862);
#8859 = B_SPLINE_CURVE_WITH_KNOTS('',1,(#8860,#8861),.UNSPECIFIED.,.F.,
  .F.,(2,2),(0.,2.54),.PIECEWISE_BEZIER_KNOTS.);
#8860 = CARTESIAN_POINT('',(6.022049253604,0.));
#8861 = CARTESIAN_POINT('',(6.022049253604,2.54));
#8862 = ( GEOMETRIC_REPRESENTATION_CONTEXT(2) 
PARAMETRIC_REPRESENTATION_CONTEXT() REPRESENTATION_CONTEXT('2D SPACE',''
  ) );
#8863 = ADVANCED_FACE('',(#8864),#8447,.T.);
#8864 = FACE_BOUND('',#8865,.T.);
#8865 = EDGE_LOOP('',(#8866,#8867,#8868,#8889));
#8866 = ORIENTED_EDGE('',*,*,#8432,.F.);
#8867 = ORIENTED_EDGE('',*,*,#8796,.F.);
#8868 = ORIENTED_EDGE('',*,*,#8869,.T.);
#8869 = EDGE_CURVE('',#8797,#8818,#8870,.T.);
#8870 = SURFACE_CURVE('',#8871,(#8876,#8882),.PCURVE_S1.);
#8871 = CIRCLE('',#8872,46.99);
#8872 = AXIS2_PLACEMENT_3D('',#8873,#8874,#8875);
#8873 = CARTESIAN_POINT('',(0.,0.,3.3528));
#8874 = DIRECTION('',(0.,0.,1.));
#8875 = DIRECTION('',(1.,0.,0.));
#8876 = PCURVE('',#8447,#8877);
#8877 = DEFINITIONAL_REPRESENTATION('',(#8878),#8881);
#8878 = B_SPLINE_CURVE_WITH_KNOTS('',1,(#8879,#8880),.UNSPECIFIED.,.F.,
  .F.,(2,2),(0.261136053575,6.022049253604),.PIECEWISE_BEZIER_KNOTS.);
#8879 = CARTESIAN_POINT('',(0.261136053575,0.));
#8880 = CARTESIAN_POINT('',(6.022049253604,0.));
#8881 = ( GEOMETRIC_REPRESENTATION_CONTEXT(2) 
PARAMETRIC_REPRESENTATION_CONTEXT() REPRESENTATION_CONTEXT('2D SPACE',''
  ) );
#8882 = PCURVE('',#8833,#8883);
#8883 = DEFINITIONAL_REPRESENTATION('',(#8884),#8888);
#8884 = CIRCLE('',#8885,46.99);
#8885 = AXIS2_PLACEMENT_2D('',#8886,#8887);
#8886 = CARTESIAN_POINT('',(0.,0.));
#8887 = DIRECTION('',(1.,0.));
#8888 = ( GEOMETRIC_REPRESENTATION_CONTEXT(2) 
PARAMETRIC_REPRESENTATION_CONTEXT() REPRESENTATION_CONTEXT('2D SPACE',''
  ) );
#8889 = ORIENTED_EDGE('',*,*,#8845,.T.);
#8890 = ADVANCED_FACE('',(#8891),#8596,.F.);
#8891 = FACE_BOUND('',#8892,.F.);
#8892 = EDGE_LOOP('',(#8893,#8894,#8895,#8916,#8942,#8943));
#8893 = ORIENTED_EDGE('',*,*,#8771,.F.);
#8894 = ORIENTED_EDGE('',*,*,#8642,.T.);
#8895 = ORIENTED_EDGE('',*,*,#8896,.F.);
#8896 = EDGE_CURVE('',#8897,#8513,#8899,.T.);
#8897 = VERTEX_POINT('',#8898);
#8898 = CARTESIAN_POINT('',(38.862,-9.518444781693E-15,-10.668));
#8899 = SEAM_CURVE('',#8900,(#8904,#8910),.PCURVE_S1.);
#8900 = LINE('',#8901,#8902);
#8901 = CARTESIAN_POINT('',(38.839117117117,-9.512840091837E-15,-10.922)
  );
#8902 = VECTOR('',#8903,1.);
#8903 = DIRECTION('',(8.972670489621E-02,-2.197670438984E-17,
    0.995966424348));
#8904 = PCURVE('',#8596,#8905);
#8905 = DEFINITIONAL_REPRESENTATION('',(#8906),#8909);
#8906 = B_SPLINE_CURVE_WITH_KNOTS('',1,(#8907,#8908),.UNSPECIFIED.,.F.,
  .F.,(2,2),(0.255028677464,56.87139507447),.PIECEWISE_BEZIER_KNOTS.);
#8907 = CARTESIAN_POINT('',(6.28318530718,0.254));
#8908 = CARTESIAN_POINT('',(6.28318530718,56.642));
#8909 = ( GEOMETRIC_REPRESENTATION_CONTEXT(2) 
PARAMETRIC_REPRESENTATION_CONTEXT() REPRESENTATION_CONTEXT('2D SPACE',''
  ) );
#8910 = PCURVE('',#8596,#8911);
#8911 = DEFINITIONAL_REPRESENTATION('',(#8912),#8915);
#8912 = B_SPLINE_CURVE_WITH_KNOTS('',1,(#8913,#8914),.UNSPECIFIED.,.F.,
  .F.,(2,2),(0.255028677464,56.87139507447),.PIECEWISE_BEZIER_KNOTS.);
#8913 = CARTESIAN_POINT('',(0.,0.254));
#8914 = CARTESIAN_POINT('',(0.,56.642));
#8915 = ( GEOMETRIC_REPRESENTATION_CONTEXT(2) 
PARAMETRIC_REPRESENTATION_CONTEXT() REPRESENTATION_CONTEXT('2D SPACE',''
  ) );
#8916 = ORIENTED_EDGE('',*,*,#8917,.T.);
#8917 = EDGE_CURVE('',#8897,#8897,#8918,.T.);
#8918 = SURFACE_CURVE('',#8919,(#8924,#8930),.PCURVE_S1.);
#8919 = CIRCLE('',#8920,38.862);
#8920 = AXIS2_PLACEMENT_3D('',#8921,#8922,#8923);
#8921 = CARTESIAN_POINT('',(0.,0.,-10.668));
#8922 = DIRECTION('',(0.,0.,1.));
#8923 = DIRECTION('',(1.,0.,0.));
#8924 = PCURVE('',#8596,#8925);
#8925 = DEFINITIONAL_REPRESENTATION('',(#8926),#8929);
#8926 = B_SPLINE_CURVE_WITH_KNOTS('',1,(#8927,#8928),.UNSPECIFIED.,.F.,
  .F.,(2,2),(0.,6.28318530718),.PIECEWISE_BEZIER_KNOTS.);
#8927 = CARTESIAN_POINT('',(0.,0.254));
#8928 = CARTESIAN_POINT('',(6.28318530718,0.254));
#8929 = ( GEOMETRIC_REPRESENTATION_CONTEXT(2) 
PARAMETRIC_REPRESENTATION_CONTEXT() REPRESENTATION_CONTEXT('2D SPACE',''
  ) );
#8930 = PCURVE('',#8931,#8936);
#8931 = PLANE('',#8932);
#8932 = AXIS2_PLACEMENT_3D('',#8933,#8934,#8935);
#8933 = CARTESIAN_POINT('',(0.,0.,-10.668));
#8934 = DIRECTION('',(0.,0.,1.));
#8935 = DIRECTION('',(1.,0.,0.));
#8936 = DEFINITIONAL_REPRESENTATION('',(#8937),#8941);
#8937 = CIRCLE('',#8938,38.862);
#8938 = AXIS2_PLACEMENT_2D('',#8939,#8940);
#8939 = CARTESIAN_POINT('',(0.,0.));
#8940 = DIRECTION('',(1.,0.));
#8941 = ( GEOMETRIC_REPRESENTATION_CONTEXT(2) 
PARAMETRIC_REPRESENTATION_CONTEXT() REPRESENTATION_CONTEXT('2D SPACE',''
  ) );
#8942 = ORIENTED_EDGE('',*,*,#8896,.T.);
#8943 = ORIENTED_EDGE('',*,*,#8512,.T.);
#8944 = ADVANCED_FACE('',(#8945,#8949),#8833,.F.);
#8945 = FACE_BOUND('',#8946,.F.);
#8946 = EDGE_LOOP('',(#8947,#8948));
#8947 = ORIENTED_EDGE('',*,*,#8817,.F.);
#8948 = ORIENTED_EDGE('',*,*,#8869,.T.);
#8949 = FACE_BOUND('',#8950,.F.);
#8950 = EDGE_LOOP('',(#8951));
#8951 = ORIENTED_EDGE('',*,*,#8952,.F.);
#8952 = EDGE_CURVE('',#8953,#8953,#8955,.T.);
#8953 = VERTEX_POINT('',#8954);
#8954 = CARTESIAN_POINT('',(41.91,-1.026498947045E-14,3.3528));
#8955 = SURFACE_CURVE('',#8956,(#8961,#8968),.PCURVE_S1.);
#8956 = CIRCLE('',#8957,41.91);
#8957 = AXIS2_PLACEMENT_3D('',#8958,#8959,#8960);
#8958 = CARTESIAN_POINT('',(0.,0.,3.3528));
#8959 = DIRECTION('',(0.,0.,1.));
#8960 = DIRECTION('',(1.,0.,0.));
#8961 = PCURVE('',#8833,#8962);
#8962 = DEFINITIONAL_REPRESENTATION('',(#8963),#8967);
#8963 = CIRCLE('',#8964,41.91);
#8964 = AXIS2_PLACEMENT_2D('',#8965,#8966);
#8965 = CARTESIAN_POINT('',(0.,0.));
#8966 = DIRECTION('',(1.,0.));
#8967 = ( GEOMETRIC_REPRESENTATION_CONTEXT(2) 
PARAMETRIC_REPRESENTATION_CONTEXT() REPRESENTATION_CONTEXT('2D SPACE',''
  ) );
#8968 = PCURVE('',#8969,#8974);
#8969 = CYLINDRICAL_SURFACE('',#8970,41.91);
#8970 = AXIS2_PLACEMENT_3D('',#8971,#8972,#8973);
#8971 = CARTESIAN_POINT('',(0.,0.,-10.668));
#8972 = DIRECTION('',(0.,0.,1.));
#8973 = DIRECTION('',(1.,0.,0.));
#8974 = DEFINITIONAL_REPRESENTATION('',(#8975),#8978);
#8975 = B_SPLINE_CURVE_WITH_KNOTS('',1,(#8976,#8977),.UNSPECIFIED.,.F.,
  .F.,(2,2),(0.,6.28318530718),.PIECEWISE_BEZIER_KNOTS.);
#8976 = CARTESIAN_POINT('',(0.,14.0208));
#8977 = CARTESIAN_POINT('',(6.28318530718,14.0208));
#8978 = ( GEOMETRIC_REPRESENTATION_CONTEXT(2) 
PARAMETRIC_REPRESENTATION_CONTEXT() REPRESENTATION_CONTEXT('2D SPACE',''
  ) );
#8979 = ADVANCED_FACE('',(#8980,#9219),#8931,.F.);
#8980 = FACE_BOUND('',#8981,.F.);
#8981 = EDGE_LOOP('',(#8982,#9012,#9035,#9063,#9091,#9119,#9142,#9165,
    #9193));
#8982 = ORIENTED_EDGE('',*,*,#8983,.T.);
#8983 = EDGE_CURVE('',#8984,#8986,#8988,.T.);
#8984 = VERTEX_POINT('',#8985);
#8985 = CARTESIAN_POINT('',(-37.45163146489,26.223914669969,-10.668));
#8986 = VERTEX_POINT('',#8987);
#8987 = CARTESIAN_POINT('',(-34.33066217615,24.038588447472,-10.668));
#8988 = SURFACE_CURVE('',#8989,(#8993,#9000),.PCURVE_S1.);
#8989 = LINE('',#8990,#8991);
#8990 = CARTESIAN_POINT('',(-208.0646192494,145.68841483316,-10.668));
#8991 = VECTOR('',#8992,1.);
#8992 = DIRECTION('',(0.819152044289,-0.573576436351,0.));
#8993 = PCURVE('',#8931,#8994);
#8994 = DEFINITIONAL_REPRESENTATION('',(#8995),#8999);
#8995 = LINE('',#8996,#8997);
#8996 = CARTESIAN_POINT('',(-208.0646192494,145.68841483316));
#8997 = VECTOR('',#8998,1.);
#8998 = DIRECTION('',(0.819152044289,-0.573576436351));
#8999 = ( GEOMETRIC_REPRESENTATION_CONTEXT(2) 
PARAMETRIC_REPRESENTATION_CONTEXT() REPRESENTATION_CONTEXT('2D SPACE',''
  ) );
#9000 = PCURVE('',#9001,#9006);
#9001 = PLANE('',#9002);
#9002 = AXIS2_PLACEMENT_3D('',#9003,#9004,#9005);
#9003 = CARTESIAN_POINT('',(-37.45163146489,26.22391466997,-10.668));
#9004 = DIRECTION('',(0.573576436351,0.819152044289,0.));
#9005 = DIRECTION('',(0.819152044289,-0.573576436351,0.));
#9006 = DEFINITIONAL_REPRESENTATION('',(#9007),#9011);
#9007 = LINE('',#9008,#9009);
#9008 = CARTESIAN_POINT('',(-208.28,0.));
#9009 = VECTOR('',#9010,1.);
#9010 = DIRECTION('',(1.,0.));
#9011 = ( GEOMETRIC_REPRESENTATION_CONTEXT(2) 
PARAMETRIC_REPRESENTATION_CONTEXT() REPRESENTATION_CONTEXT('2D SPACE',''
  ) );
#9012 = ORIENTED_EDGE('',*,*,#9013,.T.);
#9013 = EDGE_CURVE('',#8986,#9014,#9016,.T.);
#9014 = VERTEX_POINT('',#9015);
#9015 = CARTESIAN_POINT('',(24.038588447472,-34.33066217615,-10.668));
#9016 = SURFACE_CURVE('',#9017,(#9022,#9029),.PCURVE_S1.);
#9017 = CIRCLE('',#9018,41.91);
#9018 = AXIS2_PLACEMENT_3D('',#9019,#9020,#9021);
#9019 = CARTESIAN_POINT('',(0.,0.,-10.668));
#9020 = DIRECTION('',(0.,0.,1.));
#9021 = DIRECTION('',(1.,0.,0.));
#9022 = PCURVE('',#8931,#9023);
#9023 = DEFINITIONAL_REPRESENTATION('',(#9024),#9028);
#9024 = CIRCLE('',#9025,41.91);
#9025 = AXIS2_PLACEMENT_2D('',#9026,#9027);
#9026 = CARTESIAN_POINT('',(0.,0.));
#9027 = DIRECTION('',(1.,0.));
#9028 = ( GEOMETRIC_REPRESENTATION_CONTEXT(2) 
PARAMETRIC_REPRESENTATION_CONTEXT() REPRESENTATION_CONTEXT('2D SPACE',''
  ) );
#9029 = PCURVE('',#8969,#9030);
#9030 = DEFINITIONAL_REPRESENTATION('',(#9031),#9034);
#9031 = B_SPLINE_CURVE_WITH_KNOTS('',1,(#9032,#9033),.UNSPECIFIED.,.F.,
  .F.,(2,2),(2.530727415392,5.323254218583),.PIECEWISE_BEZIER_KNOTS.);
#9032 = CARTESIAN_POINT('',(2.530727415392,0.));
#9033 = CARTESIAN_POINT('',(5.323254218583,0.));
#9034 = ( GEOMETRIC_REPRESENTATION_CONTEXT(2) 
PARAMETRIC_REPRESENTATION_CONTEXT() REPRESENTATION_CONTEXT('2D SPACE',''
  ) );
#9035 = ORIENTED_EDGE('',*,*,#9036,.T.);
#9036 = EDGE_CURVE('',#9014,#9037,#9039,.T.);
#9037 = VERTEX_POINT('',#9038);
#9038 = CARTESIAN_POINT('',(26.223914669969,-37.45163146489,-10.668));
#9039 = SURFACE_CURVE('',#9040,(#9044,#9051),.PCURVE_S1.);
#9040 = LINE('',#9041,#9042);
#9041 = CARTESIAN_POINT('',(0.,0.,-10.668));
#9042 = VECTOR('',#9043,1.);
#9043 = DIRECTION('',(0.573576436351,-0.819152044289,0.));
#9044 = PCURVE('',#8931,#9045);
#9045 = DEFINITIONAL_REPRESENTATION('',(#9046),#9050);
#9046 = LINE('',#9047,#9048);
#9047 = CARTESIAN_POINT('',(0.,0.));
#9048 = VECTOR('',#9049,1.);
#9049 = DIRECTION('',(0.573576436351,-0.819152044289));
#9050 = ( GEOMETRIC_REPRESENTATION_CONTEXT(2) 
PARAMETRIC_REPRESENTATION_CONTEXT() REPRESENTATION_CONTEXT('2D SPACE',''
  ) );
#9051 = PCURVE('',#9052,#9057);
#9052 = PLANE('',#9053);
#9053 = AXIS2_PLACEMENT_3D('',#9054,#9055,#9056);
#9054 = CARTESIAN_POINT('',(23.601523202973,-33.7064683184,-10.668));
#9055 = DIRECTION('',(0.819152044289,0.573576436351,0.));
#9056 = DIRECTION('',(0.573576436351,-0.819152044289,0.));
#9057 = DEFINITIONAL_REPRESENTATION('',(#9058),#9062);
#9058 = LINE('',#9059,#9060);
#9059 = CARTESIAN_POINT('',(-41.148,0.));
#9060 = VECTOR('',#9061,1.);
#9061 = DIRECTION('',(1.,0.));
#9062 = ( GEOMETRIC_REPRESENTATION_CONTEXT(2) 
PARAMETRIC_REPRESENTATION_CONTEXT() REPRESENTATION_CONTEXT('2D SPACE',''
  ) );
#9063 = ORIENTED_EDGE('',*,*,#9064,.T.);
#9064 = EDGE_CURVE('',#9037,#9065,#9067,.T.);
#9065 = VERTEX_POINT('',#9066);
#9066 = CARTESIAN_POINT('',(37.451631464893,-26.22391466996,-10.668));
#9067 = SURFACE_CURVE('',#9068,(#9073,#9080),.PCURVE_S1.);
#9068 = CIRCLE('',#9069,45.72);
#9069 = AXIS2_PLACEMENT_3D('',#9070,#9071,#9072);
#9070 = CARTESIAN_POINT('',(0.,0.,-10.668));
#9071 = DIRECTION('',(0.,0.,1.));
#9072 = DIRECTION('',(1.,0.,0.));
#9073 = PCURVE('',#8931,#9074);
#9074 = DEFINITIONAL_REPRESENTATION('',(#9075),#9079);
#9075 = CIRCLE('',#9076,45.72);
#9076 = AXIS2_PLACEMENT_2D('',#9077,#9078);
#9077 = CARTESIAN_POINT('',(0.,0.));
#9078 = DIRECTION('',(1.,0.));
#9079 = ( GEOMETRIC_REPRESENTATION_CONTEXT(2) 
PARAMETRIC_REPRESENTATION_CONTEXT() REPRESENTATION_CONTEXT('2D SPACE',''
  ) );
#9080 = PCURVE('',#9081,#9086);
#9081 = CYLINDRICAL_SURFACE('',#9082,45.72);
#9082 = AXIS2_PLACEMENT_3D('',#9083,#9084,#9085);
#9083 = CARTESIAN_POINT('',(0.,0.,-10.668));
#9084 = DIRECTION('',(-0.,-0.,-1.));
#9085 = DIRECTION('',(1.,0.,0.));
#9086 = DEFINITIONAL_REPRESENTATION('',(#9087),#9090);
#9087 = B_SPLINE_CURVE_WITH_KNOTS('',1,(#9088,#9089),.UNSPECIFIED.,.F.,
  .F.,(2,2),(5.323254218583,5.672320068982),.PIECEWISE_BEZIER_KNOTS.);
#9088 = CARTESIAN_POINT('',(-5.323254218583,0.));
#9089 = CARTESIAN_POINT('',(-5.672320068982,0.));
#9090 = ( GEOMETRIC_REPRESENTATION_CONTEXT(2) 
PARAMETRIC_REPRESENTATION_CONTEXT() REPRESENTATION_CONTEXT('2D SPACE',''
  ) );
#9091 = ORIENTED_EDGE('',*,*,#9092,.T.);
#9092 = EDGE_CURVE('',#9065,#9093,#9095,.T.);
#9093 = VERTEX_POINT('',#9094);
#9094 = CARTESIAN_POINT('',(34.330662176152,-24.03858844747,-10.668));
#9095 = SURFACE_CURVE('',#9096,(#9100,#9107),.PCURVE_S1.);
#9096 = LINE('',#9097,#9098);
#9097 = CARTESIAN_POINT('',(208.0646192494,-145.6884148331,-10.668));
#9098 = VECTOR('',#9099,1.);
#9099 = DIRECTION('',(-0.819152044289,0.573576436351,0.));
#9100 = PCURVE('',#8931,#9101);
#9101 = DEFINITIONAL_REPRESENTATION('',(#9102),#9106);
#9102 = LINE('',#9103,#9104);
#9103 = CARTESIAN_POINT('',(208.0646192494,-145.6884148331));
#9104 = VECTOR('',#9105,1.);
#9105 = DIRECTION('',(-0.819152044289,0.573576436351));
#9106 = ( GEOMETRIC_REPRESENTATION_CONTEXT(2) 
PARAMETRIC_REPRESENTATION_CONTEXT() REPRESENTATION_CONTEXT('2D SPACE',''
  ) );
#9107 = PCURVE('',#9108,#9113);
#9108 = PLANE('',#9109);
#9109 = AXIS2_PLACEMENT_3D('',#9110,#9111,#9112);
#9110 = CARTESIAN_POINT('',(37.451631464893,-26.22391466997,-10.668));
#9111 = DIRECTION('',(-0.573576436351,-0.819152044289,0.));
#9112 = DIRECTION('',(-0.819152044289,0.573576436351,0.));
#9113 = DEFINITIONAL_REPRESENTATION('',(#9114),#9118);
#9114 = LINE('',#9115,#9116);
#9115 = CARTESIAN_POINT('',(-208.28,0.));
#9116 = VECTOR('',#9117,1.);
#9117 = DIRECTION('',(1.,0.));
#9118 = ( GEOMETRIC_REPRESENTATION_CONTEXT(2) 
PARAMETRIC_REPRESENTATION_CONTEXT() REPRESENTATION_CONTEXT('2D SPACE',''
  ) );
#9119 = ORIENTED_EDGE('',*,*,#9120,.T.);
#9120 = EDGE_CURVE('',#9093,#9121,#9123,.T.);
#9121 = VERTEX_POINT('',#9122);
#9122 = CARTESIAN_POINT('',(41.91,-1.026498947045E-14,-10.668));
#9123 = SURFACE_CURVE('',#9124,(#9129,#9136),.PCURVE_S1.);
#9124 = CIRCLE('',#9125,41.91);
#9125 = AXIS2_PLACEMENT_3D('',#9126,#9127,#9128);
#9126 = CARTESIAN_POINT('',(0.,0.,-10.668));
#9127 = DIRECTION('',(0.,0.,1.));
#9128 = DIRECTION('',(1.,0.,0.));
#9129 = PCURVE('',#8931,#9130);
#9130 = DEFINITIONAL_REPRESENTATION('',(#9131),#9135);
#9131 = CIRCLE('',#9132,41.91);
#9132 = AXIS2_PLACEMENT_2D('',#9133,#9134);
#9133 = CARTESIAN_POINT('',(0.,0.));
#9134 = DIRECTION('',(1.,0.));
#9135 = ( GEOMETRIC_REPRESENTATION_CONTEXT(2) 
PARAMETRIC_REPRESENTATION_CONTEXT() REPRESENTATION_CONTEXT('2D SPACE',''
  ) );
#9136 = PCURVE('',#8969,#9137);
#9137 = DEFINITIONAL_REPRESENTATION('',(#9138),#9141);
#9138 = B_SPLINE_CURVE_WITH_KNOTS('',1,(#9139,#9140),.UNSPECIFIED.,.F.,
  .F.,(2,2),(5.672320068982,6.28318530718),.PIECEWISE_BEZIER_KNOTS.);
#9139 = CARTESIAN_POINT('',(5.672320068982,0.));
#9140 = CARTESIAN_POINT('',(6.28318530718,0.));
#9141 = ( GEOMETRIC_REPRESENTATION_CONTEXT(2) 
PARAMETRIC_REPRESENTATION_CONTEXT() REPRESENTATION_CONTEXT('2D SPACE',''
  ) );
#9142 = ORIENTED_EDGE('',*,*,#9143,.T.);
#9143 = EDGE_CURVE('',#9121,#9144,#9146,.T.);
#9144 = VERTEX_POINT('',#9145);
#9145 = CARTESIAN_POINT('',(-24.03858844747,34.330662176152,-10.668));
#9146 = SURFACE_CURVE('',#9147,(#9152,#9159),.PCURVE_S1.);
#9147 = CIRCLE('',#9148,41.91);
#9148 = AXIS2_PLACEMENT_3D('',#9149,#9150,#9151);
#9149 = CARTESIAN_POINT('',(0.,0.,-10.668));
#9150 = DIRECTION('',(0.,0.,1.));
#9151 = DIRECTION('',(1.,0.,0.));
#9152 = PCURVE('',#8931,#9153);
#9153 = DEFINITIONAL_REPRESENTATION('',(#9154),#9158);
#9154 = CIRCLE('',#9155,41.91);
#9155 = AXIS2_PLACEMENT_2D('',#9156,#9157);
#9156 = CARTESIAN_POINT('',(0.,0.));
#9157 = DIRECTION('',(1.,0.));
#9158 = ( GEOMETRIC_REPRESENTATION_CONTEXT(2) 
PARAMETRIC_REPRESENTATION_CONTEXT() REPRESENTATION_CONTEXT('2D SPACE',''
  ) );
#9159 = PCURVE('',#8969,#9160);
#9160 = DEFINITIONAL_REPRESENTATION('',(#9161),#9164);
#9161 = B_SPLINE_CURVE_WITH_KNOTS('',1,(#9162,#9163),.UNSPECIFIED.,.F.,
  .F.,(2,2),(0.,2.181661564993),.PIECEWISE_BEZIER_KNOTS.);
#9162 = CARTESIAN_POINT('',(0.,0.));
#9163 = CARTESIAN_POINT('',(2.181661564993,0.));
#9164 = ( GEOMETRIC_REPRESENTATION_CONTEXT(2) 
PARAMETRIC_REPRESENTATION_CONTEXT() REPRESENTATION_CONTEXT('2D SPACE',''
  ) );
#9165 = ORIENTED_EDGE('',*,*,#9166,.T.);
#9166 = EDGE_CURVE('',#9144,#9167,#9169,.T.);
#9167 = VERTEX_POINT('',#9168);
#9168 = CARTESIAN_POINT('',(-26.22391466996,37.451631464893,-10.668));
#9169 = SURFACE_CURVE('',#9170,(#9174,#9181),.PCURVE_S1.);
#9170 = LINE('',#9171,#9172);
#9171 = CARTESIAN_POINT('',(0.,0.,-10.668));
#9172 = VECTOR('',#9173,1.);
#9173 = DIRECTION('',(-0.573576436351,0.819152044289,0.));
#9174 = PCURVE('',#8931,#9175);
#9175 = DEFINITIONAL_REPRESENTATION('',(#9176),#9180);
#9176 = LINE('',#9177,#9178);
#9177 = CARTESIAN_POINT('',(0.,0.));
#9178 = VECTOR('',#9179,1.);
#9179 = DIRECTION('',(-0.573576436351,0.819152044289));
#9180 = ( GEOMETRIC_REPRESENTATION_CONTEXT(2) 
PARAMETRIC_REPRESENTATION_CONTEXT() REPRESENTATION_CONTEXT('2D SPACE',''
  ) );
#9181 = PCURVE('',#9182,#9187);
#9182 = PLANE('',#9183);
#9183 = AXIS2_PLACEMENT_3D('',#9184,#9185,#9186);
#9184 = CARTESIAN_POINT('',(-23.60152320297,33.706468318403,-10.668));
#9185 = DIRECTION('',(-0.819152044289,-0.573576436351,0.));
#9186 = DIRECTION('',(-0.573576436351,0.819152044289,0.));
#9187 = DEFINITIONAL_REPRESENTATION('',(#9188),#9192);
#9188 = LINE('',#9189,#9190);
#9189 = CARTESIAN_POINT('',(-41.148,0.));
#9190 = VECTOR('',#9191,1.);
#9191 = DIRECTION('',(1.,0.));
#9192 = ( GEOMETRIC_REPRESENTATION_CONTEXT(2) 
PARAMETRIC_REPRESENTATION_CONTEXT() REPRESENTATION_CONTEXT('2D SPACE',''
  ) );
#9193 = ORIENTED_EDGE('',*,*,#9194,.T.);
#9194 = EDGE_CURVE('',#9167,#8984,#9195,.T.);
#9195 = SURFACE_CURVE('',#9196,(#9201,#9208),.PCURVE_S1.);
#9196 = CIRCLE('',#9197,45.72);
#9197 = AXIS2_PLACEMENT_3D('',#9198,#9199,#9200);
#9198 = CARTESIAN_POINT('',(0.,0.,-10.668));
#9199 = DIRECTION('',(0.,0.,1.));
#9200 = DIRECTION('',(1.,0.,0.));
#9201 = PCURVE('',#8931,#9202);
#9202 = DEFINITIONAL_REPRESENTATION('',(#9203),#9207);
#9203 = CIRCLE('',#9204,45.72);
#9204 = AXIS2_PLACEMENT_2D('',#9205,#9206);
#9205 = CARTESIAN_POINT('',(0.,0.));
#9206 = DIRECTION('',(1.,0.));
#9207 = ( GEOMETRIC_REPRESENTATION_CONTEXT(2) 
PARAMETRIC_REPRESENTATION_CONTEXT() REPRESENTATION_CONTEXT('2D SPACE',''
  ) );
#9208 = PCURVE('',#9209,#9214);
#9209 = CYLINDRICAL_SURFACE('',#9210,45.72);
#9210 = AXIS2_PLACEMENT_3D('',#9211,#9212,#9213);
#9211 = CARTESIAN_POINT('',(0.,0.,-10.668));
#9212 = DIRECTION('',(-0.,-0.,-1.));
#9213 = DIRECTION('',(1.,0.,0.));
#9214 = DEFINITIONAL_REPRESENTATION('',(#9215),#9218);
#9215 = B_SPLINE_CURVE_WITH_KNOTS('',1,(#9216,#9217),.UNSPECIFIED.,.F.,
  .F.,(2,2),(2.181661564993,2.530727415392),.PIECEWISE_BEZIER_KNOTS.);
#9216 = CARTESIAN_POINT('',(-2.181661564993,0.));
#9217 = CARTESIAN_POINT('',(-2.530727415392,0.));
#9218 = ( GEOMETRIC_REPRESENTATION_CONTEXT(2) 
PARAMETRIC_REPRESENTATION_CONTEXT() REPRESENTATION_CONTEXT('2D SPACE',''
  ) );
#9219 = FACE_BOUND('',#9220,.F.);
#9220 = EDGE_LOOP('',(#9221));
#9221 = ORIENTED_EDGE('',*,*,#8917,.F.);
#9222 = ADVANCED_FACE('',(#9223),#8969,.T.);
#9223 = FACE_BOUND('',#9224,.T.);
#9224 = EDGE_LOOP('',(#9225,#9226,#9245,#9246,#9268,#9296,#9316,#9317,
    #9339,#9367,#9387,#9388));
#9225 = ORIENTED_EDGE('',*,*,#8952,.F.);
#9226 = ORIENTED_EDGE('',*,*,#9227,.F.);
#9227 = EDGE_CURVE('',#9121,#8953,#9228,.T.);
#9228 = SEAM_CURVE('',#9229,(#9233,#9239),.PCURVE_S1.);
#9229 = LINE('',#9230,#9231);
#9230 = CARTESIAN_POINT('',(41.91,-1.026498947045E-14,-10.668));
#9231 = VECTOR('',#9232,1.);
#9232 = DIRECTION('',(0.,0.,1.));
#9233 = PCURVE('',#8969,#9234);
#9234 = DEFINITIONAL_REPRESENTATION('',(#9235),#9238);
#9235 = B_SPLINE_CURVE_WITH_KNOTS('',1,(#9236,#9237),.UNSPECIFIED.,.F.,
  .F.,(2,2),(0.,14.0208),.PIECEWISE_BEZIER_KNOTS.);
#9236 = CARTESIAN_POINT('',(6.28318530718,0.));
#9237 = CARTESIAN_POINT('',(6.28318530718,14.0208));
#9238 = ( GEOMETRIC_REPRESENTATION_CONTEXT(2) 
PARAMETRIC_REPRESENTATION_CONTEXT() REPRESENTATION_CONTEXT('2D SPACE',''
  ) );
#9239 = PCURVE('',#8969,#9240);
#9240 = DEFINITIONAL_REPRESENTATION('',(#9241),#9244);
#9241 = B_SPLINE_CURVE_WITH_KNOTS('',1,(#9242,#9243),.UNSPECIFIED.,.F.,
  .F.,(2,2),(0.,14.0208),.PIECEWISE_BEZIER_KNOTS.);
#9242 = CARTESIAN_POINT('',(0.,0.));
#9243 = CARTESIAN_POINT('',(0.,14.0208));
#9244 = ( GEOMETRIC_REPRESENTATION_CONTEXT(2) 
PARAMETRIC_REPRESENTATION_CONTEXT() REPRESENTATION_CONTEXT('2D SPACE',''
  ) );
#9245 = ORIENTED_EDGE('',*,*,#9143,.T.);
#9246 = ORIENTED_EDGE('',*,*,#9247,.T.);
#9247 = EDGE_CURVE('',#9144,#9248,#9250,.T.);
#9248 = VERTEX_POINT('',#9249);
#9249 = CARTESIAN_POINT('',(-24.03858844747,34.330662176152,-6.858));
#9250 = SURFACE_CURVE('',#9251,(#9255,#9261),.PCURVE_S1.);
#9251 = LINE('',#9252,#9253);
#9252 = CARTESIAN_POINT('',(-24.03858844747,34.330662176152,-10.668));
#9253 = VECTOR('',#9254,1.);
#9254 = DIRECTION('',(0.,0.,1.));
#9255 = PCURVE('',#8969,#9256);
#9256 = DEFINITIONAL_REPRESENTATION('',(#9257),#9260);
#9257 = B_SPLINE_CURVE_WITH_KNOTS('',1,(#9258,#9259),.UNSPECIFIED.,.F.,
  .F.,(2,2),(0.,3.81),.PIECEWISE_BEZIER_KNOTS.);
#9258 = CARTESIAN_POINT('',(2.181661564993,0.));
#9259 = CARTESIAN_POINT('',(2.181661564993,3.81));
#9260 = ( GEOMETRIC_REPRESENTATION_CONTEXT(2) 
PARAMETRIC_REPRESENTATION_CONTEXT() REPRESENTATION_CONTEXT('2D SPACE',''
  ) );
#9261 = PCURVE('',#9182,#9262);
#9262 = DEFINITIONAL_REPRESENTATION('',(#9263),#9267);
#9263 = LINE('',#9264,#9265);
#9264 = CARTESIAN_POINT('',(0.762,0.));
#9265 = VECTOR('',#9266,1.);
#9266 = DIRECTION('',(0.,-1.));
#9267 = ( GEOMETRIC_REPRESENTATION_CONTEXT(2) 
PARAMETRIC_REPRESENTATION_CONTEXT() REPRESENTATION_CONTEXT('2D SPACE',''
  ) );
#9268 = ORIENTED_EDGE('',*,*,#9269,.T.);
#9269 = EDGE_CURVE('',#9248,#9270,#9272,.T.);
#9270 = VERTEX_POINT('',#9271);
#9271 = CARTESIAN_POINT('',(-34.33066217615,24.038588447472,-6.858));
#9272 = SURFACE_CURVE('',#9273,(#9278,#9284),.PCURVE_S1.);
#9273 = CIRCLE('',#9274,41.91);
#9274 = AXIS2_PLACEMENT_3D('',#9275,#9276,#9277);
#9275 = CARTESIAN_POINT('',(0.,0.,-6.858));
#9276 = DIRECTION('',(0.,0.,1.));
#9277 = DIRECTION('',(1.,0.,0.));
#9278 = PCURVE('',#8969,#9279);
#9279 = DEFINITIONAL_REPRESENTATION('',(#9280),#9283);
#9280 = B_SPLINE_CURVE_WITH_KNOTS('',1,(#9281,#9282),.UNSPECIFIED.,.F.,
  .F.,(2,2),(2.181661564993,2.530727415392),.PIECEWISE_BEZIER_KNOTS.);
#9281 = CARTESIAN_POINT('',(2.181661564993,3.81));
#9282 = CARTESIAN_POINT('',(2.530727415392,3.81));
#9283 = ( GEOMETRIC_REPRESENTATION_CONTEXT(2) 
PARAMETRIC_REPRESENTATION_CONTEXT() REPRESENTATION_CONTEXT('2D SPACE',''
  ) );
#9284 = PCURVE('',#9285,#9290);
#9285 = PLANE('',#9286);
#9286 = AXIS2_PLACEMENT_3D('',#9287,#9288,#9289);
#9287 = CARTESIAN_POINT('',(-1.206006228004E-15,5.369675646121E-15,
    -6.858));
#9288 = DIRECTION('',(0.,0.,1.));
#9289 = DIRECTION('',(1.,0.,0.));
#9290 = DEFINITIONAL_REPRESENTATION('',(#9291),#9295);
#9291 = CIRCLE('',#9292,41.91);
#9292 = AXIS2_PLACEMENT_2D('',#9293,#9294);
#9293 = CARTESIAN_POINT('',(1.206006228004E-15,-5.369675646121E-15));
#9294 = DIRECTION('',(1.,0.));
#9295 = ( GEOMETRIC_REPRESENTATION_CONTEXT(2) 
PARAMETRIC_REPRESENTATION_CONTEXT() REPRESENTATION_CONTEXT('2D SPACE',''
  ) );
#9296 = ORIENTED_EDGE('',*,*,#9297,.F.);
#9297 = EDGE_CURVE('',#8986,#9270,#9298,.T.);
#9298 = SURFACE_CURVE('',#9299,(#9303,#9309),.PCURVE_S1.);
#9299 = LINE('',#9300,#9301);
#9300 = CARTESIAN_POINT('',(-34.33066217615,24.038588447472,-10.668));
#9301 = VECTOR('',#9302,1.);
#9302 = DIRECTION('',(0.,0.,1.));
#9303 = PCURVE('',#8969,#9304);
#9304 = DEFINITIONAL_REPRESENTATION('',(#9305),#9308);
#9305 = B_SPLINE_CURVE_WITH_KNOTS('',1,(#9306,#9307),.UNSPECIFIED.,.F.,
  .F.,(2,2),(0.,3.81),.PIECEWISE_BEZIER_KNOTS.);
#9306 = CARTESIAN_POINT('',(2.530727415392,0.));
#9307 = CARTESIAN_POINT('',(2.530727415392,3.81));
#9308 = ( GEOMETRIC_REPRESENTATION_CONTEXT(2) 
PARAMETRIC_REPRESENTATION_CONTEXT() REPRESENTATION_CONTEXT('2D SPACE',''
  ) );
#9309 = PCURVE('',#9001,#9310);
#9310 = DEFINITIONAL_REPRESENTATION('',(#9311),#9315);
#9311 = LINE('',#9312,#9313);
#9312 = CARTESIAN_POINT('',(3.81,0.));
#9313 = VECTOR('',#9314,1.);
#9314 = DIRECTION('',(0.,-1.));
#9315 = ( GEOMETRIC_REPRESENTATION_CONTEXT(2) 
PARAMETRIC_REPRESENTATION_CONTEXT() REPRESENTATION_CONTEXT('2D SPACE',''
  ) );
#9316 = ORIENTED_EDGE('',*,*,#9013,.T.);
#9317 = ORIENTED_EDGE('',*,*,#9318,.T.);
#9318 = EDGE_CURVE('',#9014,#9319,#9321,.T.);
#9319 = VERTEX_POINT('',#9320);
#9320 = CARTESIAN_POINT('',(24.038588447472,-34.33066217615,-6.858));
#9321 = SURFACE_CURVE('',#9322,(#9326,#9332),.PCURVE_S1.);
#9322 = LINE('',#9323,#9324);
#9323 = CARTESIAN_POINT('',(24.038588447472,-34.33066217615,-10.668));
#9324 = VECTOR('',#9325,1.);
#9325 = DIRECTION('',(0.,0.,1.));
#9326 = PCURVE('',#8969,#9327);
#9327 = DEFINITIONAL_REPRESENTATION('',(#9328),#9331);
#9328 = B_SPLINE_CURVE_WITH_KNOTS('',1,(#9329,#9330),.UNSPECIFIED.,.F.,
  .F.,(2,2),(0.,3.81),.PIECEWISE_BEZIER_KNOTS.);
#9329 = CARTESIAN_POINT('',(5.323254218583,0.));
#9330 = CARTESIAN_POINT('',(5.323254218583,3.81));
#9331 = ( GEOMETRIC_REPRESENTATION_CONTEXT(2) 
PARAMETRIC_REPRESENTATION_CONTEXT() REPRESENTATION_CONTEXT('2D SPACE',''
  ) );
#9332 = PCURVE('',#9052,#9333);
#9333 = DEFINITIONAL_REPRESENTATION('',(#9334),#9338);
#9334 = LINE('',#9335,#9336);
#9335 = CARTESIAN_POINT('',(0.762,0.));
#9336 = VECTOR('',#9337,1.);
#9337 = DIRECTION('',(0.,-1.));
#9338 = ( GEOMETRIC_REPRESENTATION_CONTEXT(2) 
PARAMETRIC_REPRESENTATION_CONTEXT() REPRESENTATION_CONTEXT('2D SPACE',''
  ) );
#9339 = ORIENTED_EDGE('',*,*,#9340,.T.);
#9340 = EDGE_CURVE('',#9319,#9341,#9343,.T.);
#9341 = VERTEX_POINT('',#9342);
#9342 = CARTESIAN_POINT('',(34.330662176152,-24.03858844747,-6.858));
#9343 = SURFACE_CURVE('',#9344,(#9349,#9355),.PCURVE_S1.);
#9344 = CIRCLE('',#9345,41.91);
#9345 = AXIS2_PLACEMENT_3D('',#9346,#9347,#9348);
#9346 = CARTESIAN_POINT('',(0.,0.,-6.858));
#9347 = DIRECTION('',(0.,0.,1.));
#9348 = DIRECTION('',(1.,0.,0.));
#9349 = PCURVE('',#8969,#9350);
#9350 = DEFINITIONAL_REPRESENTATION('',(#9351),#9354);
#9351 = B_SPLINE_CURVE_WITH_KNOTS('',1,(#9352,#9353),.UNSPECIFIED.,.F.,
  .F.,(2,2),(5.323254218583,5.672320068982),.PIECEWISE_BEZIER_KNOTS.);
#9352 = CARTESIAN_POINT('',(5.323254218583,3.81));
#9353 = CARTESIAN_POINT('',(5.672320068982,3.81));
#9354 = ( GEOMETRIC_REPRESENTATION_CONTEXT(2) 
PARAMETRIC_REPRESENTATION_CONTEXT() REPRESENTATION_CONTEXT('2D SPACE',''
  ) );
#9355 = PCURVE('',#9356,#9361);
#9356 = PLANE('',#9357);
#9357 = AXIS2_PLACEMENT_3D('',#9358,#9359,#9360);
#9358 = CARTESIAN_POINT('',(-1.206006228004E-15,5.369675646121E-15,
    -6.858));
#9359 = DIRECTION('',(0.,0.,1.));
#9360 = DIRECTION('',(1.,0.,0.));
#9361 = DEFINITIONAL_REPRESENTATION('',(#9362),#9366);
#9362 = CIRCLE('',#9363,41.91);
#9363 = AXIS2_PLACEMENT_2D('',#9364,#9365);
#9364 = CARTESIAN_POINT('',(1.206006228004E-15,-5.369675646121E-15));
#9365 = DIRECTION('',(1.,0.));
#9366 = ( GEOMETRIC_REPRESENTATION_CONTEXT(2) 
PARAMETRIC_REPRESENTATION_CONTEXT() REPRESENTATION_CONTEXT('2D SPACE',''
  ) );
#9367 = ORIENTED_EDGE('',*,*,#9368,.F.);
#9368 = EDGE_CURVE('',#9093,#9341,#9369,.T.);
#9369 = SURFACE_CURVE('',#9370,(#9374,#9380),.PCURVE_S1.);
#9370 = LINE('',#9371,#9372);
#9371 = CARTESIAN_POINT('',(34.330662176152,-24.03858844747,-10.668));
#9372 = VECTOR('',#9373,1.);
#9373 = DIRECTION('',(0.,0.,1.));
#9374 = PCURVE('',#8969,#9375);
#9375 = DEFINITIONAL_REPRESENTATION('',(#9376),#9379);
#9376 = B_SPLINE_CURVE_WITH_KNOTS('',1,(#9377,#9378),.UNSPECIFIED.,.F.,
  .F.,(2,2),(0.,3.81),.PIECEWISE_BEZIER_KNOTS.);
#9377 = CARTESIAN_POINT('',(5.672320068982,0.));
#9378 = CARTESIAN_POINT('',(5.672320068982,3.81));
#9379 = ( GEOMETRIC_REPRESENTATION_CONTEXT(2) 
PARAMETRIC_REPRESENTATION_CONTEXT() REPRESENTATION_CONTEXT('2D SPACE',''
  ) );
#9380 = PCURVE('',#9108,#9381);
#9381 = DEFINITIONAL_REPRESENTATION('',(#9382),#9386);
#9382 = LINE('',#9383,#9384);
#9383 = CARTESIAN_POINT('',(3.81,0.));
#9384 = VECTOR('',#9385,1.);
#9385 = DIRECTION('',(0.,-1.));
#9386 = ( GEOMETRIC_REPRESENTATION_CONTEXT(2) 
PARAMETRIC_REPRESENTATION_CONTEXT() REPRESENTATION_CONTEXT('2D SPACE',''
  ) );
#9387 = ORIENTED_EDGE('',*,*,#9120,.T.);
#9388 = ORIENTED_EDGE('',*,*,#9227,.T.);
#9389 = ADVANCED_FACE('',(#9390),#9001,.F.);
#9390 = FACE_BOUND('',#9391,.F.);
#9391 = EDGE_LOOP('',(#9392,#9393,#9415,#9436));
#9392 = ORIENTED_EDGE('',*,*,#8983,.F.);
#9393 = ORIENTED_EDGE('',*,*,#9394,.T.);
#9394 = EDGE_CURVE('',#8984,#9395,#9397,.T.);
#9395 = VERTEX_POINT('',#9396);
#9396 = CARTESIAN_POINT('',(-37.45163146489,26.223914669969,-6.858));
#9397 = SURFACE_CURVE('',#9398,(#9402,#9409),.PCURVE_S1.);
#9398 = LINE('',#9399,#9400);
#9399 = CARTESIAN_POINT('',(-37.45163146489,26.223914669969,-10.668));
#9400 = VECTOR('',#9401,1.);
#9401 = DIRECTION('',(0.,0.,1.));
#9402 = PCURVE('',#9001,#9403);
#9403 = DEFINITIONAL_REPRESENTATION('',(#9404),#9408);
#9404 = LINE('',#9405,#9406);
#9405 = CARTESIAN_POINT('',(7.858178196788E-15,0.));
#9406 = VECTOR('',#9407,1.);
#9407 = DIRECTION('',(0.,-1.));
#9408 = ( GEOMETRIC_REPRESENTATION_CONTEXT(2) 
PARAMETRIC_REPRESENTATION_CONTEXT() REPRESENTATION_CONTEXT('2D SPACE',''
  ) );
#9409 = PCURVE('',#9209,#9410);
#9410 = DEFINITIONAL_REPRESENTATION('',(#9411),#9414);
#9411 = B_SPLINE_CURVE_WITH_KNOTS('',1,(#9412,#9413),.UNSPECIFIED.,.F.,
  .F.,(2,2),(0.,3.81),.PIECEWISE_BEZIER_KNOTS.);
#9412 = CARTESIAN_POINT('',(-2.530727415392,0.));
#9413 = CARTESIAN_POINT('',(-2.530727415392,-3.81));
#9414 = ( GEOMETRIC_REPRESENTATION_CONTEXT(2) 
PARAMETRIC_REPRESENTATION_CONTEXT() REPRESENTATION_CONTEXT('2D SPACE',''
  ) );
#9415 = ORIENTED_EDGE('',*,*,#9416,.T.);
#9416 = EDGE_CURVE('',#9395,#9270,#9417,.T.);
#9417 = SURFACE_CURVE('',#9418,(#9422,#9429),.PCURVE_S1.);
#9418 = LINE('',#9419,#9420);
#9419 = CARTESIAN_POINT('',(-208.0646192494,145.68841483316,-6.858));
#9420 = VECTOR('',#9421,1.);
#9421 = DIRECTION('',(0.819152044289,-0.573576436351,0.));
#9422 = PCURVE('',#9001,#9423);
#9423 = DEFINITIONAL_REPRESENTATION('',(#9424),#9428);
#9424 = LINE('',#9425,#9426);
#9425 = CARTESIAN_POINT('',(-208.28,-3.81));
#9426 = VECTOR('',#9427,1.);
#9427 = DIRECTION('',(1.,0.));
#9428 = ( GEOMETRIC_REPRESENTATION_CONTEXT(2) 
PARAMETRIC_REPRESENTATION_CONTEXT() REPRESENTATION_CONTEXT('2D SPACE',''
  ) );
#9429 = PCURVE('',#9285,#9430);
#9430 = DEFINITIONAL_REPRESENTATION('',(#9431),#9435);
#9431 = LINE('',#9432,#9433);
#9432 = CARTESIAN_POINT('',(-208.0646192494,145.68841483316));
#9433 = VECTOR('',#9434,1.);
#9434 = DIRECTION('',(0.819152044289,-0.573576436351));
#9435 = ( GEOMETRIC_REPRESENTATION_CONTEXT(2) 
PARAMETRIC_REPRESENTATION_CONTEXT() REPRESENTATION_CONTEXT('2D SPACE',''
  ) );
#9436 = ORIENTED_EDGE('',*,*,#9297,.F.);
#9437 = ADVANCED_FACE('',(#9438),#9209,.T.);
#9438 = FACE_BOUND('',#9439,.F.);
#9439 = EDGE_LOOP('',(#9440,#9462,#9483,#9484));
#9440 = ORIENTED_EDGE('',*,*,#9441,.T.);
#9441 = EDGE_CURVE('',#9167,#9442,#9444,.T.);
#9442 = VERTEX_POINT('',#9443);
#9443 = CARTESIAN_POINT('',(-26.22391466996,37.451631464893,-6.858));
#9444 = SURFACE_CURVE('',#9445,(#9449,#9455),.PCURVE_S1.);
#9445 = LINE('',#9446,#9447);
#9446 = CARTESIAN_POINT('',(-26.22391466996,37.451631464893,-10.668));
#9447 = VECTOR('',#9448,1.);
#9448 = DIRECTION('',(0.,0.,1.));
#9449 = PCURVE('',#9209,#9450);
#9450 = DEFINITIONAL_REPRESENTATION('',(#9451),#9454);
#9451 = B_SPLINE_CURVE_WITH_KNOTS('',1,(#9452,#9453),.UNSPECIFIED.,.F.,
  .F.,(2,2),(0.,3.81),.PIECEWISE_BEZIER_KNOTS.);
#9452 = CARTESIAN_POINT('',(-2.181661564993,0.));
#9453 = CARTESIAN_POINT('',(-2.181661564993,-3.81));
#9454 = ( GEOMETRIC_REPRESENTATION_CONTEXT(2) 
PARAMETRIC_REPRESENTATION_CONTEXT() REPRESENTATION_CONTEXT('2D SPACE',''
  ) );
#9455 = PCURVE('',#9182,#9456);
#9456 = DEFINITIONAL_REPRESENTATION('',(#9457),#9461);
#9457 = LINE('',#9458,#9459);
#9458 = CARTESIAN_POINT('',(4.572,0.));
#9459 = VECTOR('',#9460,1.);
#9460 = DIRECTION('',(0.,-1.));
#9461 = ( GEOMETRIC_REPRESENTATION_CONTEXT(2) 
PARAMETRIC_REPRESENTATION_CONTEXT() REPRESENTATION_CONTEXT('2D SPACE',''
  ) );
#9462 = ORIENTED_EDGE('',*,*,#9463,.T.);
#9463 = EDGE_CURVE('',#9442,#9395,#9464,.T.);
#9464 = SURFACE_CURVE('',#9465,(#9470,#9476),.PCURVE_S1.);
#9465 = CIRCLE('',#9466,45.72);
#9466 = AXIS2_PLACEMENT_3D('',#9467,#9468,#9469);
#9467 = CARTESIAN_POINT('',(0.,0.,-6.858));
#9468 = DIRECTION('',(0.,0.,1.));
#9469 = DIRECTION('',(1.,0.,0.));
#9470 = PCURVE('',#9209,#9471);
#9471 = DEFINITIONAL_REPRESENTATION('',(#9472),#9475);
#9472 = B_SPLINE_CURVE_WITH_KNOTS('',1,(#9473,#9474),.UNSPECIFIED.,.F.,
  .F.,(2,2),(2.181661564993,2.530727415392),.PIECEWISE_BEZIER_KNOTS.);
#9473 = CARTESIAN_POINT('',(-2.181661564993,-3.81));
#9474 = CARTESIAN_POINT('',(-2.530727415392,-3.81));
#9475 = ( GEOMETRIC_REPRESENTATION_CONTEXT(2) 
PARAMETRIC_REPRESENTATION_CONTEXT() REPRESENTATION_CONTEXT('2D SPACE',''
  ) );
#9476 = PCURVE('',#9285,#9477);
#9477 = DEFINITIONAL_REPRESENTATION('',(#9478),#9482);
#9478 = CIRCLE('',#9479,45.72);
#9479 = AXIS2_PLACEMENT_2D('',#9480,#9481);
#9480 = CARTESIAN_POINT('',(1.206006228004E-15,-5.369675646121E-15));
#9481 = DIRECTION('',(1.,0.));
#9482 = ( GEOMETRIC_REPRESENTATION_CONTEXT(2) 
PARAMETRIC_REPRESENTATION_CONTEXT() REPRESENTATION_CONTEXT('2D SPACE',''
  ) );
#9483 = ORIENTED_EDGE('',*,*,#9394,.F.);
#9484 = ORIENTED_EDGE('',*,*,#9194,.F.);
#9485 = ADVANCED_FACE('',(#9486),#9182,.F.);
#9486 = FACE_BOUND('',#9487,.F.);
#9487 = EDGE_LOOP('',(#9488,#9489,#9490,#9511));
#9488 = ORIENTED_EDGE('',*,*,#9166,.F.);
#9489 = ORIENTED_EDGE('',*,*,#9247,.T.);
#9490 = ORIENTED_EDGE('',*,*,#9491,.T.);
#9491 = EDGE_CURVE('',#9248,#9442,#9492,.T.);
#9492 = SURFACE_CURVE('',#9493,(#9497,#9504),.PCURVE_S1.);
#9493 = LINE('',#9494,#9495);
#9494 = CARTESIAN_POINT('',(0.,0.,-6.858));
#9495 = VECTOR('',#9496,1.);
#9496 = DIRECTION('',(-0.573576436351,0.819152044289,0.));
#9497 = PCURVE('',#9182,#9498);
#9498 = DEFINITIONAL_REPRESENTATION('',(#9499),#9503);
#9499 = LINE('',#9500,#9501);
#9500 = CARTESIAN_POINT('',(-41.148,-3.81));
#9501 = VECTOR('',#9502,1.);
#9502 = DIRECTION('',(1.,0.));
#9503 = ( GEOMETRIC_REPRESENTATION_CONTEXT(2) 
PARAMETRIC_REPRESENTATION_CONTEXT() REPRESENTATION_CONTEXT('2D SPACE',''
  ) );
#9504 = PCURVE('',#9285,#9505);
#9505 = DEFINITIONAL_REPRESENTATION('',(#9506),#9510);
#9506 = LINE('',#9507,#9508);
#9507 = CARTESIAN_POINT('',(1.206006228004E-15,-5.369675646121E-15));
#9508 = VECTOR('',#9509,1.);
#9509 = DIRECTION('',(-0.573576436351,0.819152044289));
#9510 = ( GEOMETRIC_REPRESENTATION_CONTEXT(2) 
PARAMETRIC_REPRESENTATION_CONTEXT() REPRESENTATION_CONTEXT('2D SPACE',''
  ) );
#9511 = ORIENTED_EDGE('',*,*,#9441,.F.);
#9512 = ADVANCED_FACE('',(#9513),#9052,.F.);
#9513 = FACE_BOUND('',#9514,.F.);
#9514 = EDGE_LOOP('',(#9515,#9516,#9517,#9540));
#9515 = ORIENTED_EDGE('',*,*,#9036,.F.);
#9516 = ORIENTED_EDGE('',*,*,#9318,.T.);
#9517 = ORIENTED_EDGE('',*,*,#9518,.T.);
#9518 = EDGE_CURVE('',#9319,#9519,#9521,.T.);
#9519 = VERTEX_POINT('',#9520);
#9520 = CARTESIAN_POINT('',(26.223914669969,-37.45163146489,-6.858));
#9521 = SURFACE_CURVE('',#9522,(#9526,#9533),.PCURVE_S1.);
#9522 = LINE('',#9523,#9524);
#9523 = CARTESIAN_POINT('',(0.,0.,-6.858));
#9524 = VECTOR('',#9525,1.);
#9525 = DIRECTION('',(0.573576436351,-0.819152044289,0.));
#9526 = PCURVE('',#9052,#9527);
#9527 = DEFINITIONAL_REPRESENTATION('',(#9528),#9532);
#9528 = LINE('',#9529,#9530);
#9529 = CARTESIAN_POINT('',(-41.148,-3.81));
#9530 = VECTOR('',#9531,1.);
#9531 = DIRECTION('',(1.,0.));
#9532 = ( GEOMETRIC_REPRESENTATION_CONTEXT(2) 
PARAMETRIC_REPRESENTATION_CONTEXT() REPRESENTATION_CONTEXT('2D SPACE',''
  ) );
#9533 = PCURVE('',#9356,#9534);
#9534 = DEFINITIONAL_REPRESENTATION('',(#9535),#9539);
#9535 = LINE('',#9536,#9537);
#9536 = CARTESIAN_POINT('',(1.206006228004E-15,-5.369675646121E-15));
#9537 = VECTOR('',#9538,1.);
#9538 = DIRECTION('',(0.573576436351,-0.819152044289));
#9539 = ( GEOMETRIC_REPRESENTATION_CONTEXT(2) 
PARAMETRIC_REPRESENTATION_CONTEXT() REPRESENTATION_CONTEXT('2D SPACE',''
  ) );
#9540 = ORIENTED_EDGE('',*,*,#9541,.F.);
#9541 = EDGE_CURVE('',#9037,#9519,#9542,.T.);
#9542 = SURFACE_CURVE('',#9543,(#9547,#9554),.PCURVE_S1.);
#9543 = LINE('',#9544,#9545);
#9544 = CARTESIAN_POINT('',(26.223914669969,-37.45163146489,-10.668));
#9545 = VECTOR('',#9546,1.);
#9546 = DIRECTION('',(0.,0.,1.));
#9547 = PCURVE('',#9052,#9548);
#9548 = DEFINITIONAL_REPRESENTATION('',(#9549),#9553);
#9549 = LINE('',#9550,#9551);
#9550 = CARTESIAN_POINT('',(4.572,0.));
#9551 = VECTOR('',#9552,1.);
#9552 = DIRECTION('',(0.,-1.));
#9553 = ( GEOMETRIC_REPRESENTATION_CONTEXT(2) 
PARAMETRIC_REPRESENTATION_CONTEXT() REPRESENTATION_CONTEXT('2D SPACE',''
  ) );
#9554 = PCURVE('',#9081,#9555);
#9555 = DEFINITIONAL_REPRESENTATION('',(#9556),#9559);
#9556 = B_SPLINE_CURVE_WITH_KNOTS('',1,(#9557,#9558),.UNSPECIFIED.,.F.,
  .F.,(2,2),(0.,3.81),.PIECEWISE_BEZIER_KNOTS.);
#9557 = CARTESIAN_POINT('',(-5.323254218583,0.));
#9558 = CARTESIAN_POINT('',(-5.323254218583,-3.81));
#9559 = ( GEOMETRIC_REPRESENTATION_CONTEXT(2) 
PARAMETRIC_REPRESENTATION_CONTEXT() REPRESENTATION_CONTEXT('2D SPACE',''
  ) );
#9560 = ADVANCED_FACE('',(#9561),#9081,.T.);
#9561 = FACE_BOUND('',#9562,.F.);
#9562 = EDGE_LOOP('',(#9563,#9564,#9587,#9607));
#9563 = ORIENTED_EDGE('',*,*,#9541,.T.);
#9564 = ORIENTED_EDGE('',*,*,#9565,.T.);
#9565 = EDGE_CURVE('',#9519,#9566,#9568,.T.);
#9566 = VERTEX_POINT('',#9567);
#9567 = CARTESIAN_POINT('',(37.451631464893,-26.22391466996,-6.858));
#9568 = SURFACE_CURVE('',#9569,(#9574,#9580),.PCURVE_S1.);
#9569 = CIRCLE('',#9570,45.72);
#9570 = AXIS2_PLACEMENT_3D('',#9571,#9572,#9573);
#9571 = CARTESIAN_POINT('',(0.,0.,-6.858));
#9572 = DIRECTION('',(0.,0.,1.));
#9573 = DIRECTION('',(1.,0.,0.));
#9574 = PCURVE('',#9081,#9575);
#9575 = DEFINITIONAL_REPRESENTATION('',(#9576),#9579);
#9576 = B_SPLINE_CURVE_WITH_KNOTS('',1,(#9577,#9578),.UNSPECIFIED.,.F.,
  .F.,(2,2),(5.323254218583,5.672320068982),.PIECEWISE_BEZIER_KNOTS.);
#9577 = CARTESIAN_POINT('',(-5.323254218583,-3.81));
#9578 = CARTESIAN_POINT('',(-5.672320068982,-3.81));
#9579 = ( GEOMETRIC_REPRESENTATION_CONTEXT(2) 
PARAMETRIC_REPRESENTATION_CONTEXT() REPRESENTATION_CONTEXT('2D SPACE',''
  ) );
#9580 = PCURVE('',#9356,#9581);
#9581 = DEFINITIONAL_REPRESENTATION('',(#9582),#9586);
#9582 = CIRCLE('',#9583,45.72);
#9583 = AXIS2_PLACEMENT_2D('',#9584,#9585);
#9584 = CARTESIAN_POINT('',(1.206006228004E-15,-5.369675646121E-15));
#9585 = DIRECTION('',(1.,0.));
#9586 = ( GEOMETRIC_REPRESENTATION_CONTEXT(2) 
PARAMETRIC_REPRESENTATION_CONTEXT() REPRESENTATION_CONTEXT('2D SPACE',''
  ) );
#9587 = ORIENTED_EDGE('',*,*,#9588,.F.);
#9588 = EDGE_CURVE('',#9065,#9566,#9589,.T.);
#9589 = SURFACE_CURVE('',#9590,(#9594,#9600),.PCURVE_S1.);
#9590 = LINE('',#9591,#9592);
#9591 = CARTESIAN_POINT('',(37.451631464893,-26.22391466996,-10.668));
#9592 = VECTOR('',#9593,1.);
#9593 = DIRECTION('',(0.,0.,1.));
#9594 = PCURVE('',#9081,#9595);
#9595 = DEFINITIONAL_REPRESENTATION('',(#9596),#9599);
#9596 = B_SPLINE_CURVE_WITH_KNOTS('',1,(#9597,#9598),.UNSPECIFIED.,.F.,
  .F.,(2,2),(0.,3.81),.PIECEWISE_BEZIER_KNOTS.);
#9597 = CARTESIAN_POINT('',(-5.672320068982,0.));
#9598 = CARTESIAN_POINT('',(-5.672320068982,-3.81));
#9599 = ( GEOMETRIC_REPRESENTATION_CONTEXT(2) 
PARAMETRIC_REPRESENTATION_CONTEXT() REPRESENTATION_CONTEXT('2D SPACE',''
  ) );
#9600 = PCURVE('',#9108,#9601);
#9601 = DEFINITIONAL_REPRESENTATION('',(#9602),#9606);
#9602 = LINE('',#9603,#9604);
#9603 = CARTESIAN_POINT('',(7.858178196788E-15,0.));
#9604 = VECTOR('',#9605,1.);
#9605 = DIRECTION('',(0.,-1.));
#9606 = ( GEOMETRIC_REPRESENTATION_CONTEXT(2) 
PARAMETRIC_REPRESENTATION_CONTEXT() REPRESENTATION_CONTEXT('2D SPACE',''
  ) );
#9607 = ORIENTED_EDGE('',*,*,#9064,.F.);
#9608 = ADVANCED_FACE('',(#9609),#9108,.F.);
#9609 = FACE_BOUND('',#9610,.F.);
#9610 = EDGE_LOOP('',(#9611,#9612,#9613,#9634));
#9611 = ORIENTED_EDGE('',*,*,#9092,.F.);
#9612 = ORIENTED_EDGE('',*,*,#9588,.T.);
#9613 = ORIENTED_EDGE('',*,*,#9614,.T.);
#9614 = EDGE_CURVE('',#9566,#9341,#9615,.T.);
#9615 = SURFACE_CURVE('',#9616,(#9620,#9627),.PCURVE_S1.);
#9616 = LINE('',#9617,#9618);
#9617 = CARTESIAN_POINT('',(208.0646192494,-145.6884148331,-6.858));
#9618 = VECTOR('',#9619,1.);
#9619 = DIRECTION('',(-0.819152044289,0.573576436351,0.));
#9620 = PCURVE('',#9108,#9621);
#9621 = DEFINITIONAL_REPRESENTATION('',(#9622),#9626);
#9622 = LINE('',#9623,#9624);
#9623 = CARTESIAN_POINT('',(-208.28,-3.81));
#9624 = VECTOR('',#9625,1.);
#9625 = DIRECTION('',(1.,0.));
#9626 = ( GEOMETRIC_REPRESENTATION_CONTEXT(2) 
PARAMETRIC_REPRESENTATION_CONTEXT() REPRESENTATION_CONTEXT('2D SPACE',''
  ) );
#9627 = PCURVE('',#9356,#9628);
#9628 = DEFINITIONAL_REPRESENTATION('',(#9629),#9633);
#9629 = LINE('',#9630,#9631);
#9630 = CARTESIAN_POINT('',(208.0646192494,-145.6884148331));
#9631 = VECTOR('',#9632,1.);
#9632 = DIRECTION('',(-0.819152044289,0.573576436351));
#9633 = ( GEOMETRIC_REPRESENTATION_CONTEXT(2) 
PARAMETRIC_REPRESENTATION_CONTEXT() REPRESENTATION_CONTEXT('2D SPACE',''
  ) );
#9634 = ORIENTED_EDGE('',*,*,#9368,.F.);
#9635 = ADVANCED_FACE('',(#9636),#9356,.T.);
#9636 = FACE_BOUND('',#9637,.T.);
#9637 = EDGE_LOOP('',(#9638,#9639,#9640,#9641));
#9638 = ORIENTED_EDGE('',*,*,#9340,.F.);
#9639 = ORIENTED_EDGE('',*,*,#9518,.T.);
#9640 = ORIENTED_EDGE('',*,*,#9565,.T.);
#9641 = ORIENTED_EDGE('',*,*,#9614,.T.);
#9642 = ADVANCED_FACE('',(#9643),#9285,.T.);
#9643 = FACE_BOUND('',#9644,.T.);
#9644 = EDGE_LOOP('',(#9645,#9646,#9647,#9648));
#9645 = ORIENTED_EDGE('',*,*,#9269,.F.);
#9646 = ORIENTED_EDGE('',*,*,#9491,.T.);
#9647 = ORIENTED_EDGE('',*,*,#9463,.T.);
#9648 = ORIENTED_EDGE('',*,*,#9416,.T.);
#9649 = ( GEOMETRIC_REPRESENTATION_CONTEXT(3) 
GLOBAL_UNCERTAINTY_ASSIGNED_CONTEXT((#9653)) 
GLOBAL_UNIT_ASSIGNED_CONTEXT((#9650,#9651,#9652)) REPRESENTATION_CONTEXT
('Context #1','3D Context with UNIT and UNCERTAINTY') );
#9650 = ( LENGTH_UNIT() NAMED_UNIT(*) SI_UNIT(.MILLI.,.METRE.) );
#9651 = ( NAMED_UNIT(*) PLANE_ANGLE_UNIT() SI_UNIT($,.RADIAN.) );
#9652 = ( NAMED_UNIT(*) SI_UNIT($,.STERADIAN.) SOLID_ANGLE_UNIT() );
#9653 = UNCERTAINTY_MEASURE_WITH_UNIT(LENGTH_MEASURE(2.E-06),#9650,
  'distance_accuracy_value','confusion accuracy');
#9654 = CONTEXT_DEPENDENT_SHAPE_REPRESENTATION(#9655,#9657);
#9655 = ( REPRESENTATION_RELATIONSHIP('','',#8035,#10) 
REPRESENTATION_RELATIONSHIP_WITH_TRANSFORMATION(#9656) 
SHAPE_REPRESENTATION_RELATIONSHIP() );
#9656 = ITEM_DEFINED_TRANSFORMATION('','',#11,#23);
#9657 = PRODUCT_DEFINITION_SHAPE('Placement','Placement of an item',
  #9658);
#9658 = NEXT_ASSEMBLY_USAGE_OCCURRENCE('3','collar-R','',#5,#8030,$);
#9659 = PRODUCT_RELATED_PRODUCT_CATEGORY('part',$,(#8032));
#9660 = SHAPE_DEFINITION_REPRESENTATION(#9661,#9667);
#9661 = PRODUCT_DEFINITION_SHAPE('','',#9662);
#9662 = PRODUCT_DEFINITION('design','',#9663,#9666);
#9663 = PRODUCT_DEFINITION_FORMATION('','',#9664);
#9664 = PRODUCT('cup-L','cup-L','',(#9665));
#9665 = PRODUCT_CONTEXT('',#2,'mechanical');
#9666 = PRODUCT_DEFINITION_CONTEXT('part definition',#2,'design');
#9667 = ADVANCED_BREP_SHAPE_REPRESENTATION('',(#11,#9668),#9813);
#9668 = MANIFOLD_SOLID_BREP('',#9669);
#9669 = CLOSED_SHELL('',(#9670,#9753,#9805,#9809));
#9670 = ADVANCED_FACE('',(#9671),#9684,.T.);
#9671 = FACE_BOUND('',#9672,.T.);
#9672 = EDGE_LOOP('',(#9673,#9705,#9726,#9752));
#9673 = ORIENTED_EDGE('',*,*,#9674,.F.);
#9674 = EDGE_CURVE('',#9675,#9675,#9677,.T.);
#9675 = VERTEX_POINT('',#9676);
#9676 = CARTESIAN_POINT('',(44.45,-1.088711004442E-14,73.66));
#9677 = SURFACE_CURVE('',#9678,(#9683,#9694),.PCURVE_S1.);
#9678 = CIRCLE('',#9679,44.45);
#9679 = AXIS2_PLACEMENT_3D('',#9680,#9681,#9682);
#9680 = CARTESIAN_POINT('',(0.,0.,73.66));
#9681 = DIRECTION('',(0.,0.,1.));
#9682 = DIRECTION('',(1.,0.,-0.));
#9683 = PCURVE('',#9684,#9689);
#9684 = CONICAL_SURFACE('',#9685,35.56,0.101103371736);
#9685 = AXIS2_PLACEMENT_3D('',#9686,#9687,#9688);
#9686 = CARTESIAN_POINT('',(0.,0.,-13.97));
#9687 = DIRECTION('',(0.,0.,1.));
#9688 = DIRECTION('',(1.,0.,-0.));
#9689 = DEFINITIONAL_REPRESENTATION('',(#9690),#9693);
#9690 = B_SPLINE_CURVE_WITH_KNOTS('',1,(#9691,#9692),.UNSPECIFIED.,.F.,
  .F.,(2,2),(0.,6.28318530718),.PIECEWISE_BEZIER_KNOTS.);
#9691 = CARTESIAN_POINT('',(0.,87.63));
#9692 = CARTESIAN_POINT('',(6.28318530718,87.63));
#9693 = ( GEOMETRIC_REPRESENTATION_CONTEXT(2) 
PARAMETRIC_REPRESENTATION_CONTEXT() REPRESENTATION_CONTEXT('2D SPACE',''
  ) );
#9694 = PCURVE('',#9695,#9700);
#9695 = CONICAL_SURFACE('',#9696,44.45,5.488986259415E-02);
#9696 = AXIS2_PLACEMENT_3D('',#9697,#9698,#9699);
#9697 = CARTESIAN_POINT('',(0.,0.,73.66));
#9698 = DIRECTION('',(0.,0.,1.));
#9699 = DIRECTION('',(1.,0.,-0.));
#9700 = DEFINITIONAL_REPRESENTATION('',(#9701),#9704);
#9701 = B_SPLINE_CURVE_WITH_KNOTS('',1,(#9702,#9703),.UNSPECIFIED.,.F.,
  .F.,(2,2),(0.,6.28318530718),.PIECEWISE_BEZIER_KNOTS.);
#9702 = CARTESIAN_POINT('',(0.,0.));
#9703 = CARTESIAN_POINT('',(6.28318530718,0.));
#9704 = ( GEOMETRIC_REPRESENTATION_CONTEXT(2) 
PARAMETRIC_REPRESENTATION_CONTEXT() REPRESENTATION_CONTEXT('2D SPACE',''
  ) );
#9705 = ORIENTED_EDGE('',*,*,#9706,.F.);
#9706 = EDGE_CURVE('',#9707,#9675,#9709,.T.);
#9707 = VERTEX_POINT('',#9708);
#9708 = CARTESIAN_POINT('',(35.56,-8.709688035536E-15,-13.97));
#9709 = SEAM_CURVE('',#9710,(#9714,#9720),.PCURVE_S1.);
#9710 = LINE('',#9711,#9712);
#9711 = CARTESIAN_POINT('',(35.56,-8.709688035536E-15,-13.97));
#9712 = VECTOR('',#9713,1.);
#9713 = DIRECTION('',(0.100931215127,-2.472101790798E-17,0.994893406257)
  );
#9714 = PCURVE('',#9684,#9715);
#9715 = DEFINITIONAL_REPRESENTATION('',(#9716),#9719);
#9716 = B_SPLINE_CURVE_WITH_KNOTS('',1,(#9717,#9718),.UNSPECIFIED.,.F.,
  .F.,(2,2),(0.,88.07978769275),.PIECEWISE_BEZIER_KNOTS.);
#9717 = CARTESIAN_POINT('',(6.28318530718,0.));
#9718 = CARTESIAN_POINT('',(6.28318530718,87.63));
#9719 = ( GEOMETRIC_REPRESENTATION_CONTEXT(2) 
PARAMETRIC_REPRESENTATION_CONTEXT() REPRESENTATION_CONTEXT('2D SPACE',''
  ) );
#9720 = PCURVE('',#9684,#9721);
#9721 = DEFINITIONAL_REPRESENTATION('',(#9722),#9725);
#9722 = B_SPLINE_CURVE_WITH_KNOTS('',1,(#9723,#9724),.UNSPECIFIED.,.F.,
  .F.,(2,2),(0.,88.07978769275),.PIECEWISE_BEZIER_KNOTS.);
#9723 = CARTESIAN_POINT('',(0.,0.));
#9724 = CARTESIAN_POINT('',(0.,87.63));
#9725 = ( GEOMETRIC_REPRESENTATION_CONTEXT(2) 
PARAMETRIC_REPRESENTATION_CONTEXT() REPRESENTATION_CONTEXT('2D SPACE',''
  ) );
#9726 = ORIENTED_EDGE('',*,*,#9727,.T.);
#9727 = EDGE_CURVE('',#9707,#9707,#9728,.T.);
#9728 = SURFACE_CURVE('',#9729,(#9734,#9740),.PCURVE_S1.);
#9729 = CIRCLE('',#9730,35.56);
#9730 = AXIS2_PLACEMENT_3D('',#9731,#9732,#9733);
#9731 = CARTESIAN_POINT('',(0.,0.,-13.97));
#9732 = DIRECTION('',(0.,0.,1.));
#9733 = DIRECTION('',(1.,0.,-0.));
#9734 = PCURVE('',#9684,#9735);
#9735 = DEFINITIONAL_REPRESENTATION('',(#9736),#9739);
#9736 = B_SPLINE_CURVE_WITH_KNOTS('',1,(#9737,#9738),.UNSPECIFIED.,.F.,
  .F.,(2,2),(0.,6.28318530718),.PIECEWISE_BEZIER_KNOTS.);
#9737 = CARTESIAN_POINT('',(0.,0.));
#9738 = CARTESIAN_POINT('',(6.28318530718,0.));
#9739 = ( GEOMETRIC_REPRESENTATION_CONTEXT(2) 
PARAMETRIC_REPRESENTATION_CONTEXT() REPRESENTATION_CONTEXT('2D SPACE',''
  ) );
#9740 = PCURVE('',#9741,#9746);
#9741 = PLANE('',#9742);
#9742 = AXIS2_PLACEMENT_3D('',#9743,#9744,#9745);
#9743 = CARTESIAN_POINT('',(0.,0.,-13.97));
#9744 = DIRECTION('',(0.,0.,1.));
#9745 = DIRECTION('',(1.,0.,-0.));
#9746 = DEFINITIONAL_REPRESENTATION('',(#9747),#9751);
#9747 = CIRCLE('',#9748,35.56);
#9748 = AXIS2_PLACEMENT_2D('',#9749,#9750);
#9749 = CARTESIAN_POINT('',(0.,0.));
#9750 = DIRECTION('',(1.,0.));
#9751 = ( GEOMETRIC_REPRESENTATION_CONTEXT(2) 
PARAMETRIC_REPRESENTATION_CONTEXT() REPRESENTATION_CONTEXT('2D SPACE',''
  ) );
#9752 = ORIENTED_EDGE('',*,*,#9706,.T.);
#9753 = ADVANCED_FACE('',(#9754),#9695,.T.);
#9754 = FACE_BOUND('',#9755,.T.);
#9755 = EDGE_LOOP('',(#9756,#9784,#9803,#9804));
#9756 = ORIENTED_EDGE('',*,*,#9757,.F.);
#9757 = EDGE_CURVE('',#9758,#9758,#9760,.T.);
#9758 = VERTEX_POINT('',#9759);
#9759 = CARTESIAN_POINT('',(50.8,-1.244241147934E-14,189.23));
#9760 = SURFACE_CURVE('',#9761,(#9766,#9772),.PCURVE_S1.);
#9761 = CIRCLE('',#9762,50.8);
#9762 = AXIS2_PLACEMENT_3D('',#9763,#9764,#9765);
#9763 = CARTESIAN_POINT('',(0.,0.,189.23));
#9764 = DIRECTION('',(0.,0.,1.));
#9765 = DIRECTION('',(1.,0.,-0.));
#9766 = PCURVE('',#9695,#9767);
#9767 = DEFINITIONAL_REPRESENTATION('',(#9768),#9771);
#9768 = B_SPLINE_CURVE_WITH_KNOTS('',1,(#9769,#9770),.UNSPECIFIED.,.F.,
  .F.,(2,2),(0.,6.28318530718),.PIECEWISE_BEZIER_KNOTS.);
#9769 = CARTESIAN_POINT('',(0.,115.57));
#9770 = CARTESIAN_POINT('',(6.28318530718,115.57));
#9771 = ( GEOMETRIC_REPRESENTATION_CONTEXT(2) 
PARAMETRIC_REPRESENTATION_CONTEXT() REPRESENTATION_CONTEXT('2D SPACE',''
  ) );
#9772 = PCURVE('',#9773,#9778);
#9773 = PLANE('',#9774);
#9774 = AXIS2_PLACEMENT_3D('',#9775,#9776,#9777);
#9775 = CARTESIAN_POINT('',(0.,0.,189.23));
#9776 = DIRECTION('',(0.,0.,1.));
#9777 = DIRECTION('',(1.,0.,-0.));
#9778 = DEFINITIONAL_REPRESENTATION('',(#9779),#9783);
#9779 = CIRCLE('',#9780,50.8);
#9780 = AXIS2_PLACEMENT_2D('',#9781,#9782);
#9781 = CARTESIAN_POINT('',(0.,0.));
#9782 = DIRECTION('',(1.,0.));
#9783 = ( GEOMETRIC_REPRESENTATION_CONTEXT(2) 
PARAMETRIC_REPRESENTATION_CONTEXT() REPRESENTATION_CONTEXT('2D SPACE',''
  ) );
#9784 = ORIENTED_EDGE('',*,*,#9785,.F.);
#9785 = EDGE_CURVE('',#9675,#9758,#9786,.T.);
#9786 = SEAM_CURVE('',#9787,(#9791,#9797),.PCURVE_S1.);
#9787 = LINE('',#9788,#9789);
#9788 = CARTESIAN_POINT('',(44.45,-1.088711004442E-14,73.66));
#9789 = VECTOR('',#9790,1.);
#9790 = DIRECTION('',(5.486230382887E-02,-1.343738895557E-17,
    0.998493929685));
#9791 = PCURVE('',#9695,#9792);
#9792 = DEFINITIONAL_REPRESENTATION('',(#9793),#9796);
#9793 = B_SPLINE_CURVE_WITH_KNOTS('',1,(#9794,#9795),.UNSPECIFIED.,.F.,
  .F.,(2,2),(0.,115.74431908305),.PIECEWISE_BEZIER_KNOTS.);
#9794 = CARTESIAN_POINT('',(6.28318530718,0.));
#9795 = CARTESIAN_POINT('',(6.28318530718,115.57));
#9796 = ( GEOMETRIC_REPRESENTATION_CONTEXT(2) 
PARAMETRIC_REPRESENTATION_CONTEXT() REPRESENTATION_CONTEXT('2D SPACE',''
  ) );
#9797 = PCURVE('',#9695,#9798);
#9798 = DEFINITIONAL_REPRESENTATION('',(#9799),#9802);
#9799 = B_SPLINE_CURVE_WITH_KNOTS('',1,(#9800,#9801),.UNSPECIFIED.,.F.,
  .F.,(2,2),(0.,115.74431908305),.PIECEWISE_BEZIER_KNOTS.);
#9800 = CARTESIAN_POINT('',(0.,0.));
#9801 = CARTESIAN_POINT('',(0.,115.57));
#9802 = ( GEOMETRIC_REPRESENTATION_CONTEXT(2) 
PARAMETRIC_REPRESENTATION_CONTEXT() REPRESENTATION_CONTEXT('2D SPACE',''
  ) );
#9803 = ORIENTED_EDGE('',*,*,#9674,.T.);
#9804 = ORIENTED_EDGE('',*,*,#9785,.T.);
#9805 = ADVANCED_FACE('',(#9806),#9741,.F.);
#9806 = FACE_BOUND('',#9807,.T.);
#9807 = EDGE_LOOP('',(#9808));
#9808 = ORIENTED_EDGE('',*,*,#9727,.F.);
#9809 = ADVANCED_FACE('',(#9810),#9773,.T.);
#9810 = FACE_BOUND('',#9811,.T.);
#9811 = EDGE_LOOP('',(#9812));
#9812 = ORIENTED_EDGE('',*,*,#9757,.T.);
#9813 = ( GEOMETRIC_REPRESENTATION_CONTEXT(3) 
GLOBAL_UNCERTAINTY_ASSIGNED_CONTEXT((#9817)) 
GLOBAL_UNIT_ASSIGNED_CONTEXT((#9814,#9815,#9816)) REPRESENTATION_CONTEXT
('Context #1','3D Context with UNIT and UNCERTAINTY') );
#9814 = ( LENGTH_UNIT() NAMED_UNIT(*) SI_UNIT(.MILLI.,.METRE.) );
#9815 = ( NAMED_UNIT(*) PLANE_ANGLE_UNIT() SI_UNIT($,.RADIAN.) );
#9816 = ( NAMED_UNIT(*) SI_UNIT($,.STERADIAN.) SOLID_ANGLE_UNIT() );
#9817 = UNCERTAINTY_MEASURE_WITH_UNIT(LENGTH_MEASURE(2.E-06),#9814,
  'distance_accuracy_value','confusion accuracy');
#9818 = CONTEXT_DEPENDENT_SHAPE_REPRESENTATION(#9819,#9821);
#9819 = ( REPRESENTATION_RELATIONSHIP('','',#9667,#10) 
REPRESENTATION_RELATIONSHIP_WITH_TRANSFORMATION(#9820) 
SHAPE_REPRESENTATION_RELATIONSHIP() );
#9820 = ITEM_DEFINED_TRANSFORMATION('','',#11,#27);
#9821 = PRODUCT_DEFINITION_SHAPE('Placement','Placement of an item',
  #9822);
#9822 = NEXT_ASSEMBLY_USAGE_OCCURRENCE('4','cup-L','',#5,#9662,$);
#9823 = PRODUCT_RELATED_PRODUCT_CATEGORY('part',$,(#9664));
#9824 = SHAPE_DEFINITION_REPRESENTATION(#9825,#9831);
#9825 = PRODUCT_DEFINITION_SHAPE('','',#9826);
#9826 = PRODUCT_DEFINITION('design','',#9827,#9830);
#9827 = PRODUCT_DEFINITION_FORMATION('','',#9828);
#9828 = PRODUCT('cup-R','cup-R','',(#9829));
#9829 = PRODUCT_CONTEXT('',#2,'mechanical');
#9830 = PRODUCT_DEFINITION_CONTEXT('part definition',#2,'design');
#9831 = ADVANCED_BREP_SHAPE_REPRESENTATION('',(#11,#9832),#9977);
#9832 = MANIFOLD_SOLID_BREP('',#9833);
#9833 = CLOSED_SHELL('',(#9834,#9917,#9969,#9973));
#9834 = ADVANCED_FACE('',(#9835),#9848,.T.);
#9835 = FACE_BOUND('',#9836,.T.);
#9836 = EDGE_LOOP('',(#9837,#9869,#9890,#9916));
#9837 = ORIENTED_EDGE('',*,*,#9838,.F.);
#9838 = EDGE_CURVE('',#9839,#9839,#9841,.T.);
#9839 = VERTEX_POINT('',#9840);
#9840 = CARTESIAN_POINT('',(44.45,-1.088711004442E-14,73.66));
#9841 = SURFACE_CURVE('',#9842,(#9847,#9858),.PCURVE_S1.);
#9842 = CIRCLE('',#9843,44.45);
#9843 = AXIS2_PLACEMENT_3D('',#9844,#9845,#9846);
#9844 = CARTESIAN_POINT('',(0.,0.,73.66));
#9845 = DIRECTION('',(0.,0.,1.));
#9846 = DIRECTION('',(1.,0.,-0.));
#9847 = PCURVE('',#9848,#9853);
#9848 = CONICAL_SURFACE('',#9849,35.56,0.101103371736);
#9849 = AXIS2_PLACEMENT_3D('',#9850,#9851,#9852);
#9850 = CARTESIAN_POINT('',(0.,0.,-13.97));
#9851 = DIRECTION('',(0.,0.,1.));
#9852 = DIRECTION('',(1.,0.,-0.));
#9853 = DEFINITIONAL_REPRESENTATION('',(#9854),#9857);
#9854 = B_SPLINE_CURVE_WITH_KNOTS('',1,(#9855,#9856),.UNSPECIFIED.,.F.,
  .F.,(2,2),(0.,6.28318530718),.PIECEWISE_BEZIER_KNOTS.);
#9855 = CARTESIAN_POINT('',(0.,87.63));
#9856 = CARTESIAN_POINT('',(6.28318530718,87.63));
#9857 = ( GEOMETRIC_REPRESENTATION_CONTEXT(2) 
PARAMETRIC_REPRESENTATION_CONTEXT() REPRESENTATION_CONTEXT('2D SPACE',''
  ) );
#9858 = PCURVE('',#9859,#9864);
#9859 = CONICAL_SURFACE('',#9860,44.45,5.488986259415E-02);
#9860 = AXIS2_PLACEMENT_3D('',#9861,#9862,#9863);
#9861 = CARTESIAN_POINT('',(0.,0.,73.66));
#9862 = DIRECTION('',(0.,0.,1.));
#9863 = DIRECTION('',(1.,0.,-0.));
#9864 = DEFINITIONAL_REPRESENTATION('',(#9865),#9868);
#9865 = B_SPLINE_CURVE_WITH_KNOTS('',1,(#9866,#9867),.UNSPECIFIED.,.F.,
  .F.,(2,2),(0.,6.28318530718),.PIECEWISE_BEZIER_KNOTS.);
#9866 = CARTESIAN_POINT('',(0.,0.));
#9867 = CARTESIAN_POINT('',(6.28318530718,0.));
#9868 = ( GEOMETRIC_REPRESENTATION_CONTEXT(2) 
PARAMETRIC_REPRESENTATION_CONTEXT() REPRESENTATION_CONTEXT('2D SPACE',''
  ) );
#9869 = ORIENTED_EDGE('',*,*,#9870,.F.);
#9870 = EDGE_CURVE('',#9871,#9839,#9873,.T.);
#9871 = VERTEX_POINT('',#9872);
#9872 = CARTESIAN_POINT('',(35.56,-8.709688035536E-15,-13.97));
#9873 = SEAM_CURVE('',#9874,(#9878,#9884),.PCURVE_S1.);
#9874 = LINE('',#9875,#9876);
#9875 = CARTESIAN_POINT('',(35.56,-8.709688035536E-15,-13.97));
#9876 = VECTOR('',#9877,1.);
#9877 = DIRECTION('',(0.100931215127,-2.472101790798E-17,0.994893406257)
  );
#9878 = PCURVE('',#9848,#9879);
#9879 = DEFINITIONAL_REPRESENTATION('',(#9880),#9883);
#9880 = B_SPLINE_CURVE_WITH_KNOTS('',1,(#9881,#9882),.UNSPECIFIED.,.F.,
  .F.,(2,2),(0.,88.07978769275),.PIECEWISE_BEZIER_KNOTS.);
#9881 = CARTESIAN_POINT('',(6.28318530718,0.));
#9882 = CARTESIAN_POINT('',(6.28318530718,87.63));
#9883 = ( GEOMETRIC_REPRESENTATION_CONTEXT(2) 
PARAMETRIC_REPRESENTATION_CONTEXT() REPRESENTATION_CONTEXT('2D SPACE',''
  ) );
#9884 = PCURVE('',#9848,#9885);
#9885 = DEFINITIONAL_REPRESENTATION('',(#9886),#9889);
#9886 = B_SPLINE_CURVE_WITH_KNOTS('',1,(#9887,#9888),.UNSPECIFIED.,.F.,
  .F.,(2,2),(0.,88.07978769275),.PIECEWISE_BEZIER_KNOTS.);
#9887 = CARTESIAN_POINT('',(0.,0.));
#9888 = CARTESIAN_POINT('',(0.,87.63));
#9889 = ( GEOMETRIC_REPRESENTATION_CONTEXT(2) 
PARAMETRIC_REPRESENTATION_CONTEXT() REPRESENTATION_CONTEXT('2D SPACE',''
  ) );
#9890 = ORIENTED_EDGE('',*,*,#9891,.T.);
#9891 = EDGE_CURVE('',#9871,#9871,#9892,.T.);
#9892 = SURFACE_CURVE('',#9893,(#9898,#9904),.PCURVE_S1.);
#9893 = CIRCLE('',#9894,35.56);
#9894 = AXIS2_PLACEMENT_3D('',#9895,#9896,#9897);
#9895 = CARTESIAN_POINT('',(0.,0.,-13.97));
#9896 = DIRECTION('',(0.,0.,1.));
#9897 = DIRECTION('',(1.,0.,-0.));
#9898 = PCURVE('',#9848,#9899);
#9899 = DEFINITIONAL_REPRESENTATION('',(#9900),#9903);
#9900 = B_SPLINE_CURVE_WITH_KNOTS('',1,(#9901,#9902),.UNSPECIFIED.,.F.,
  .F.,(2,2),(0.,6.28318530718),.PIECEWISE_BEZIER_KNOTS.);
#9901 = CARTESIAN_POINT('',(0.,0.));
#9902 = CARTESIAN_POINT('',(6.28318530718,0.));
#9903 = ( GEOMETRIC_REPRESENTATION_CONTEXT(2) 
PARAMETRIC_REPRESENTATION_CONTEXT() REPRESENTATION_CONTEXT('2D SPACE',''
  ) );
#9904 = PCURVE('',#9905,#9910);
#9905 = PLANE('',#9906);
#9906 = AXIS2_PLACEMENT_3D('',#9907,#9908,#9909);
#9907 = CARTESIAN_POINT('',(0.,0.,-13.97));
#9908 = DIRECTION('',(0.,0.,1.));
#9909 = DIRECTION('',(1.,0.,-0.));
#9910 = DEFINITIONAL_REPRESENTATION('',(#9911),#9915);
#9911 = CIRCLE('',#9912,35.56);
#9912 = AXIS2_PLACEMENT_2D('',#9913,#9914);
#9913 = CARTESIAN_POINT('',(0.,0.));
#9914 = DIRECTION('',(1.,0.));
#9915 = ( GEOMETRIC_REPRESENTATION_CONTEXT(2) 
PARAMETRIC_REPRESENTATION_CONTEXT() REPRESENTATION_CONTEXT('2D SPACE',''
  ) );
#9916 = ORIENTED_EDGE('',*,*,#9870,.T.);
#9917 = ADVANCED_FACE('',(#9918),#9859,.T.);
#9918 = FACE_BOUND('',#9919,.T.);
#9919 = EDGE_LOOP('',(#9920,#9948,#9967,#9968));
#9920 = ORIENTED_EDGE('',*,*,#9921,.F.);
#9921 = EDGE_CURVE('',#9922,#9922,#9924,.T.);
#9922 = VERTEX_POINT('',#9923);
#9923 = CARTESIAN_POINT('',(50.8,-1.244241147934E-14,189.23));
#9924 = SURFACE_CURVE('',#9925,(#9930,#9936),.PCURVE_S1.);
#9925 = CIRCLE('',#9926,50.8);
#9926 = AXIS2_PLACEMENT_3D('',#9927,#9928,#9929);
#9927 = CARTESIAN_POINT('',(0.,0.,189.23));
#9928 = DIRECTION('',(0.,0.,1.));
#9929 = DIRECTION('',(1.,0.,-0.));
#9930 = PCURVE('',#9859,#9931);
#9931 = DEFINITIONAL_REPRESENTATION('',(#9932),#9935);
#9932 = B_SPLINE_CURVE_WITH_KNOTS('',1,(#9933,#9934),.UNSPECIFIED.,.F.,
  .F.,(2,2),(0.,6.28318530718),.PIECEWISE_BEZIER_KNOTS.);
#9933 = CARTESIAN_POINT('',(0.,115.57));
#9934 = CARTESIAN_POINT('',(6.28318530718,115.57));
#9935 = ( GEOMETRIC_REPRESENTATION_CONTEXT(2) 
PARAMETRIC_REPRESENTATION_CONTEXT() REPRESENTATION_CONTEXT('2D SPACE',''
  ) );
#9936 = PCURVE('',#9937,#9942);
#9937 = PLANE('',#9938);
#9938 = AXIS2_PLACEMENT_3D('',#9939,#9940,#9941);
#9939 = CARTESIAN_POINT('',(0.,0.,189.23));
#9940 = DIRECTION('',(0.,0.,1.));
#9941 = DIRECTION('',(1.,0.,-0.));
#9942 = DEFINITIONAL_REPRESENTATION('',(#9943),#9947);
#9943 = CIRCLE('',#9944,50.8);
#9944 = AXIS2_PLACEMENT_2D('',#9945,#9946);
#9945 = CARTESIAN_POINT('',(0.,0.));
#9946 = DIRECTION('',(1.,0.));
#9947 = ( GEOMETRIC_REPRESENTATION_CONTEXT(2) 
PARAMETRIC_REPRESENTATION_CONTEXT() REPRESENTATION_CONTEXT('2D SPACE',''
  ) );
#9948 = ORIENTED_EDGE('',*,*,#9949,.F.);
#9949 = EDGE_CURVE('',#9839,#9922,#9950,.T.);
#9950 = SEAM_CURVE('',#9951,(#9955,#9961),.PCURVE_S1.);
#9951 = LINE('',#9952,#9953);
#9952 = CARTESIAN_POINT('',(44.45,-1.088711004442E-14,73.66));
#9953 = VECTOR('',#9954,1.);
#9954 = DIRECTION('',(5.486230382887E-02,-1.343738895557E-17,
    0.998493929685));
#9955 = PCURVE('',#9859,#9956);
#9956 = DEFINITIONAL_REPRESENTATION('',(#9957),#9960);
#9957 = B_SPLINE_CURVE_WITH_KNOTS('',1,(#9958,#9959),.UNSPECIFIED.,.F.,
  .F.,(2,2),(0.,115.74431908305),.PIECEWISE_BEZIER_KNOTS.);
#9958 = CARTESIAN_POINT('',(6.28318530718,0.));
#9959 = CARTESIAN_POINT('',(6.28318530718,115.57));
#9960 = ( GEOMETRIC_REPRESENTATION_CONTEXT(2) 
PARAMETRIC_REPRESENTATION_CONTEXT() REPRESENTATION_CONTEXT('2D SPACE',''
  ) );
#9961 = PCURVE('',#9859,#9962);
#9962 = DEFINITIONAL_REPRESENTATION('',(#9963),#9966);
#9963 = B_SPLINE_CURVE_WITH_KNOTS('',1,(#9964,#9965),.UNSPECIFIED.,.F.,
  .F.,(2,2),(0.,115.74431908305),.PIECEWISE_BEZIER_KNOTS.);
#9964 = CARTESIAN_POINT('',(0.,0.));
#9965 = CARTESIAN_POINT('',(0.,115.57));
#9966 = ( GEOMETRIC_REPRESENTATION_CONTEXT(2) 
PARAMETRIC_REPRESENTATION_CONTEXT() REPRESENTATION_CONTEXT('2D SPACE',''
  ) );
#9967 = ORIENTED_EDGE('',*,*,#9838,.T.);
#9968 = ORIENTED_EDGE('',*,*,#9949,.T.);
#9969 = ADVANCED_FACE('',(#9970),#9905,.F.);
#9970 = FACE_BOUND('',#9971,.T.);
#9971 = EDGE_LOOP('',(#9972));
#9972 = ORIENTED_EDGE('',*,*,#9891,.F.);
#9973 = ADVANCED_FACE('',(#9974),#9937,.T.);
#9974 = FACE_BOUND('',#9975,.T.);
#9975 = EDGE_LOOP('',(#9976));
#9976 = ORIENTED_EDGE('',*,*,#9921,.T.);
#9977 = ( GEOMETRIC_REPRESENTATION_CONTEXT(3) 
GLOBAL_UNCERTAINTY_ASSIGNED_CONTEXT((#9981)) 
GLOBAL_UNIT_ASSIGNED_CONTEXT((#9978,#9979,#9980)) REPRESENTATION_CONTEXT
('Context #1','3D Context with UNIT and UNCERTAINTY') );
#9978 = ( LENGTH_UNIT() NAMED_UNIT(*) SI_UNIT(.MILLI.,.METRE.) );
#9979 = ( NAMED_UNIT(*) PLANE_ANGLE_UNIT() SI_UNIT($,.RADIAN.) );
#9980 = ( NAMED_UNIT(*) SI_UNIT($,.STERADIAN.) SOLID_ANGLE_UNIT() );
#9981 = UNCERTAINTY_MEASURE_WITH_UNIT(LENGTH_MEASURE(2.E-06),#9978,
  'distance_accuracy_value','confusion accuracy');
#9982 = CONTEXT_DEPENDENT_SHAPE_REPRESENTATION(#9983,#9985);
#9983 = ( REPRESENTATION_RELATIONSHIP('','',#9831,#10) 
REPRESENTATION_RELATIONSHIP_WITH_TRANSFORMATION(#9984) 
SHAPE_REPRESENTATION_RELATIONSHIP() );
#9984 = ITEM_DEFINED_TRANSFORMATION('','',#11,#31);
#9985 = PRODUCT_DEFINITION_SHAPE('Placement','Placement of an item',
  #9986);
#9986 = NEXT_ASSEMBLY_USAGE_OCCURRENCE('5','cup-R','',#5,#9826,$);
#9987 = PRODUCT_RELATED_PRODUCT_CATEGORY('part',$,(#9828));
#9988 = SHAPE_DEFINITION_REPRESENTATION(#6393,#9989);
#9989 = SHAPE_REPRESENTATION('',(#15),#6385);
#9990 = SHAPE_DEFINITION_REPRESENTATION(#8025,#9991);
#9991 = SHAPE_REPRESENTATION('',(#19),#8017);
#9992 = SHAPE_DEFINITION_REPRESENTATION(#9657,#9993);
#9993 = SHAPE_REPRESENTATION('',(#23),#9649);
#9994 = SHAPE_DEFINITION_REPRESENTATION(#9821,#9995);
#9995 = SHAPE_REPRESENTATION('',(#27),#9813);
#9996 = SHAPE_DEFINITION_REPRESENTATION(#9985,#9997);
#9997 = SHAPE_REPRESENTATION('',(#31),#9977);
#9998 = SHAPE_DEFINITION_REPRESENTATION(#6393,#9999);
#9999 = SHAPE_REPRESENTATION('',(#15),#6385);
#10000 = SHAPE_DEFINITION_REPRESENTATION(#8025,#10001);
#10001 = SHAPE_REPRESENTATION('',(#19),#8017);
#10002 = SHAPE_DEFINITION_REPRESENTATION(#9657,#10003);
#10003 = SHAPE_REPRESENTATION('',(#23),#9649);
#10004 = SHAPE_DEFINITION_REPRESENTATION(#9821,#10005);
#10005 = SHAPE_REPRESENTATION('',(#27),#9813);
#10006 = SHAPE_DEFINITION_REPRESENTATION(#9985,#10007);
#10007 = SHAPE_REPRESENTATION('',(#31),#9977);
#10008 = MECHANICAL_DESIGN_GEOMETRIC_PRESENTATION_REPRESENTATION('',(
    #10009,#10019),#9813);
#10009 = STYLED_ITEM('color',(#10010),#9668);
#10010 = PRESENTATION_STYLE_ASSIGNMENT((#10011,#10017));
#10011 = SURFACE_STYLE_USAGE(.BOTH.,#10012);
#10012 = SURFACE_SIDE_STYLE('',(#10013));
#10013 = SURFACE_STYLE_FILL_AREA(#10014);
#10014 = FILL_AREA_STYLE('',(#10015));
#10015 = FILL_AREA_STYLE_COLOUR('',#10016);
#10016 = COLOUR_RGB('',0.850000012718,9.999999991362E-02,
  9.999999991362E-02);
#10017 = CURVE_STYLE('',#10018,POSITIVE_LENGTH_MEASURE(0.1),#10016);
#10018 = DRAUGHTING_PRE_DEFINED_CURVE_FONT('continuous');
#10019 = OVER_RIDING_STYLED_ITEM('overriding color',(#10020),#9668,
  #10009);
#10020 = PRESENTATION_STYLE_BY_CONTEXT((#10021,#10027),#10005);
#10021 = SURFACE_STYLE_USAGE(.BOTH.,#10022);
#10022 = SURFACE_SIDE_STYLE('',(#10023));
#10023 = SURFACE_STYLE_FILL_AREA(#10024);
#10024 = FILL_AREA_STYLE('',(#10025));
#10025 = FILL_AREA_STYLE_COLOUR('',#10026);
#10026 = COLOUR_RGB('',0.850000012718,9.999999991362E-02,
  9.999999991362E-02);
#10027 = CURVE_STYLE('',#10028,POSITIVE_LENGTH_MEASURE(0.1),#10026);
#10028 = DRAUGHTING_PRE_DEFINED_CURVE_FONT('continuous');
#10029 = MECHANICAL_DESIGN_GEOMETRIC_PRESENTATION_REPRESENTATION('',(
    #10030,#10039),#9977);
#10030 = STYLED_ITEM('color',(#10031),#9832);
#10031 = PRESENTATION_STYLE_ASSIGNMENT((#10032,#10037));
#10032 = SURFACE_STYLE_USAGE(.BOTH.,#10033);
#10033 = SURFACE_SIDE_STYLE('',(#10034));
#10034 = SURFACE_STYLE_FILL_AREA(#10035);
#10035 = FILL_AREA_STYLE('',(#10036));
#10036 = FILL_AREA_STYLE_COLOUR('',#10016);
#10037 = CURVE_STYLE('',#10038,POSITIVE_LENGTH_MEASURE(0.1),#10016);
#10038 = DRAUGHTING_PRE_DEFINED_CURVE_FONT('continuous');
#10039 = OVER_RIDING_STYLED_ITEM('overriding color',(#10040),#9832,
  #10030);
#10040 = PRESENTATION_STYLE_BY_CONTEXT((#10041,#10046),#10007);
#10041 = SURFACE_STYLE_USAGE(.BOTH.,#10042);
#10042 = SURFACE_SIDE_STYLE('',(#10043));
#10043 = SURFACE_STYLE_FILL_AREA(#10044);
#10044 = FILL_AREA_STYLE('',(#10045));
#10045 = FILL_AREA_STYLE_COLOUR('',#10026);
#10046 = CURVE_STYLE('',#10047,POSITIVE_LENGTH_MEASURE(0.1),#10026);
#10047 = DRAUGHTING_PRE_DEFINED_CURVE_FONT('continuous');
#10048 = MECHANICAL_DESIGN_GEOMETRIC_PRESENTATION_REPRESENTATION('',(
    #10049,#10059),#8017);
#10049 = STYLED_ITEM('color',(#10050),#6404);
#10050 = PRESENTATION_STYLE_ASSIGNMENT((#10051,#10057));
#10051 = SURFACE_STYLE_USAGE(.BOTH.,#10052);
#10052 = SURFACE_SIDE_STYLE('',(#10053));
#10053 = SURFACE_STYLE_FILL_AREA(#10054);
#10054 = FILL_AREA_STYLE('',(#10055));
#10055 = FILL_AREA_STYLE_COLOUR('',#10056);
#10056 = COLOUR_RGB('',0.899999998185,0.45000000386,9.999999991362E-02);
#10057 = CURVE_STYLE('',#10058,POSITIVE_LENGTH_MEASURE(0.1),#10056);
#10058 = DRAUGHTING_PRE_DEFINED_CURVE_FONT('continuous');
#10059 = OVER_RIDING_STYLED_ITEM('overriding color',(#10060),#6404,
  #10049);
#10060 = PRESENTATION_STYLE_BY_CONTEXT((#10061,#10067),#10001);
#10061 = SURFACE_STYLE_USAGE(.BOTH.,#10062);
#10062 = SURFACE_SIDE_STYLE('',(#10063));
#10063 = SURFACE_STYLE_FILL_AREA(#10064);
#10064 = FILL_AREA_STYLE('',(#10065));
#10065 = FILL_AREA_STYLE_COLOUR('',#10066);
#10066 = COLOUR_RGB('',0.899999998185,0.45000000386,9.999999991362E-02);
#10067 = CURVE_STYLE('',#10068,POSITIVE_LENGTH_MEASURE(0.1),#10066);
#10068 = DRAUGHTING_PRE_DEFINED_CURVE_FONT('continuous');
#10069 = MECHANICAL_DESIGN_GEOMETRIC_PRESENTATION_REPRESENTATION('',(
    #10070,#10079),#9649);
#10070 = STYLED_ITEM('color',(#10071),#8036);
#10071 = PRESENTATION_STYLE_ASSIGNMENT((#10072,#10077));
#10072 = SURFACE_STYLE_USAGE(.BOTH.,#10073);
#10073 = SURFACE_SIDE_STYLE('',(#10074));
#10074 = SURFACE_STYLE_FILL_AREA(#10075);
#10075 = FILL_AREA_STYLE('',(#10076));
#10076 = FILL_AREA_STYLE_COLOUR('',#10056);
#10077 = CURVE_STYLE('',#10078,POSITIVE_LENGTH_MEASURE(0.1),#10056);
#10078 = DRAUGHTING_PRE_DEFINED_CURVE_FONT('continuous');
#10079 = OVER_RIDING_STYLED_ITEM('overriding color',(#10080),#8036,
  #10070);
#10080 = PRESENTATION_STYLE_BY_CONTEXT((#10081,#10086),#10003);
#10081 = SURFACE_STYLE_USAGE(.BOTH.,#10082);
#10082 = SURFACE_SIDE_STYLE('',(#10083));
#10083 = SURFACE_STYLE_FILL_AREA(#10084);
#10084 = FILL_AREA_STYLE('',(#10085));
#10085 = FILL_AREA_STYLE_COLOUR('',#10066);
#10086 = CURVE_STYLE('',#10087,POSITIVE_LENGTH_MEASURE(0.1),#10066);
#10087 = DRAUGHTING_PRE_DEFINED_CURVE_FONT('continuous');
#10088 = MECHANICAL_DESIGN_GEOMETRIC_PRESENTATION_REPRESENTATION('',(
    #10089,#10099),#6385);
#10089 = STYLED_ITEM('color',(#10090),#49);
#10090 = PRESENTATION_STYLE_ASSIGNMENT((#10091,#10097));
#10091 = SURFACE_STYLE_USAGE(.BOTH.,#10092);
#10092 = SURFACE_SIDE_STYLE('',(#10093));
#10093 = SURFACE_STYLE_FILL_AREA(#10094);
#10094 = FILL_AREA_STYLE('',(#10095));
#10095 = FILL_AREA_STYLE_COLOUR('',#10096);
#10096 = COLOUR_RGB('',0.149999997808,0.149999997808,0.149999997808);
#10097 = CURVE_STYLE('',#10098,POSITIVE_LENGTH_MEASURE(0.1),#10096);
#10098 = DRAUGHTING_PRE_DEFINED_CURVE_FONT('continuous');
#10099 = OVER_RIDING_STYLED_ITEM('overriding color',(#10100),#49,#10089
  );
#10100 = PRESENTATION_STYLE_BY_CONTEXT((#10101,#10107),#9999);
#10101 = SURFACE_STYLE_USAGE(.BOTH.,#10102);
#10102 = SURFACE_SIDE_STYLE('',(#10103));
#10103 = SURFACE_STYLE_FILL_AREA(#10104);
#10104 = FILL_AREA_STYLE('',(#10105));
#10105 = FILL_AREA_STYLE_COLOUR('',#10106);
#10106 = COLOUR_RGB('',0.149999997808,0.149999997808,0.149999997808);
#10107 = CURVE_STYLE('',#10108,POSITIVE_LENGTH_MEASURE(0.1),#10106);
#10108 = DRAUGHTING_PRE_DEFINED_CURVE_FONT('continuous');
ENDSEC;
END-ISO-10303-21;
