ISO-10303-21;
HEADER;
FILE_DESCRIPTION(('Open CASCADE Model'),'2;1');
FILE_NAME('truck-cupholder-revB','2026-08-30T20:10:28',('Author'),(
    'Open CASCADE'),'Open CASCADE STEP processor 7.9','build123d',
  'Unknown');
FILE_SCHEMA(('AUTOMOTIVE_DESIGN { 1 0 10303 214 1 1 1 1 }'));
ENDSEC;
DATA;
#1 = APPLICATION_PROTOCOL_DEFINITION('international standard',
  'automotive_design',2000,#2);
#2 = APPLICATION_CONTEXT(
  'core data for automotive mechanical design processes');
#3 = SHAPE_DEFINITION_REPRESENTATION(#4,#10);
#4 = PRODUCT_DEFINITION_SHAPE('','',#5);
#5 = PRODUCT_DEFINITION('design','',#6,#9);
#6 = PRODUCT_DEFINITION_FORMATION('','',#7);
#7 = PRODUCT('truck-cupholder-revB','truck-cupholder-revB','',(#8));
#8 = PRODUCT_CONTEXT('',#2,'mechanical');
#9 = PRODUCT_DEFINITION_CONTEXT('part definition',#2,'design');
#10 = SHAPE_REPRESENTATION('',(#11,#15,#19,#23,#27,#31),#35);
#11 = AXIS2_PLACEMENT_3D('',#12,#13,#14);
#12 = CARTESIAN_POINT('',(0.,0.,0.));
#13 = DIRECTION('',(0.,0.,1.));
#14 = DIRECTION('',(1.,0.,-0.));
#15 = AXIS2_PLACEMENT_3D('',#16,#17,#18);
#16 = CARTESIAN_POINT('',(0.,0.,0.));
#17 = DIRECTION('',(0.,0.,1.));
#18 = DIRECTION('',(1.,0.,-0.));
#19 = AXIS2_PLACEMENT_3D('',#20,#21,#22);
#20 = CARTESIAN_POINT('',(-47.625,0.,0.));
#21 = DIRECTION('',(0.,0.,1.));
#22 = DIRECTION('',(1.,0.,-0.));
#23 = AXIS2_PLACEMENT_3D('',#24,#25,#26);
#24 = CARTESIAN_POINT('',(47.625,0.,0.));
#25 = DIRECTION('',(0.,0.,1.));
#26 = DIRECTION('',(-1.,1.224646799147E-16,0.));
#27 = AXIS2_PLACEMENT_3D('',#28,#29,#30);
#28 = CARTESIAN_POINT('',(-47.625,0.,0.));
#29 = DIRECTION('',(0.,0.,1.));
#30 = DIRECTION('',(1.,0.,-0.));
#31 = AXIS2_PLACEMENT_3D('',#32,#33,#34);
#32 = CARTESIAN_POINT('',(47.625,0.,0.));
#33 = DIRECTION('',(0.,0.,1.));
#34 = DIRECTION('',(1.,0.,-0.));
#35 = ( GEOMETRIC_REPRESENTATION_CONTEXT(3) 
GLOBAL_UNCERTAINTY_ASSIGNED_CONTEXT((#39)) GLOBAL_UNIT_ASSIGNED_CONTEXT(
(#36,#37,#38)) REPRESENTATION_CONTEXT('Context #1',
  '3D Context with UNIT and UNCERTAINTY') );
#36 = ( LENGTH_UNIT() NAMED_UNIT(*) SI_UNIT(.MILLI.,.METRE.) );
#37 = ( NAMED_UNIT(*) PLANE_ANGLE_UNIT() SI_UNIT($,.RADIAN.) );
#38 = ( NAMED_UNIT(*) SI_UNIT($,.STERADIAN.) SOLID_ANGLE_UNIT() );
#39 = UNCERTAINTY_MEASURE_WITH_UNIT(LENGTH_MEASURE(5.E-06),#36,
  'distance_accuracy_value','confusion accuracy');
#40 = PRODUCT_RELATED_PRODUCT_CATEGORY('part',$,(#7));
#41 = SHAPE_DEFINITION_REPRESENTATION(#42,#48);
#42 = PRODUCT_DEFINITION_SHAPE('','',#43);
#43 = PRODUCT_DEFINITION('design','',#44,#47);
#44 = PRODUCT_DEFINITION_FORMATION('','',#45);
#45 = PRODUCT('base','base','',(#46));
#46 = PRODUCT_CONTEXT('',#2,'mechanical');
#47 = PRODUCT_DEFINITION_CONTEXT('part definition',#2,'design');
#48 = ADVANCED_BREP_SHAPE_REPRESENTATION('',(#11,#49),#6393);
#49 = MANIFOLD_SOLID_BREP('',#50);
#50 = CLOSED_SHELL('',(#51,#169,#244,#314,#1253,#1798,#1805,#1881,#1986,
    #2081,#2108,#2184,#2289,#2338,#2411,#2487,#2592,#2687,#2714,#2788,
    #2892,#2991,#3396,#3491,#3586,#3635,#3684,#3788,#3887,#4292,#4386,
    #4480,#4507,#4583,#4688,#4783,#4810,#4858,#4955,#5003,#5030,#5127,
    #5154,#5202,#5299,#5326,#5374,#5471,#5498,#5525,#5552,#5559,#5586,
    #5613,#5620,#5647,#5674,#5681,#5848,#5875,#5936,#5943,#5970,#5997,
    #6004,#6031,#6058,#6065,#6092,#6153,#6160,#6187,#6214,#6221,#6248,
    #6275,#6282,#6309,#6336,#6343,#6368));
#51 = ADVANCED_FACE('',(#52),#66,.T.);
#52 = FACE_BOUND('',#53,.T.);
#53 = EDGE_LOOP('',(#54,#88,#116,#143));
#54 = ORIENTED_EDGE('',*,*,#55,.T.);
#55 = EDGE_CURVE('',#56,#58,#60,.T.);
#56 = VERTEX_POINT('',#57);
#57 = CARTESIAN_POINT('',(-47.625,57.15,0.));
#58 = VERTEX_POINT('',#59);
#59 = CARTESIAN_POINT('',(-47.625,57.15,3.3528));
#60 = SURFACE_CURVE('',#61,(#65,#77),.PCURVE_S1.);
#61 = LINE('',#62,#63);
#62 = CARTESIAN_POINT('',(-47.625,57.15,0.));
#63 = VECTOR('',#64,1.);
#64 = DIRECTION('',(0.,0.,1.));
#65 = PCURVE('',#66,#71);
#66 = PLANE('',#67);
#67 = AXIS2_PLACEMENT_3D('',#68,#69,#70);
#68 = CARTESIAN_POINT('',(-47.625,57.15,0.));
#69 = DIRECTION('',(-0.,1.,0.));
#70 = DIRECTION('',(1.,0.,-0.));
#71 = DEFINITIONAL_REPRESENTATION('',(#72),#76);
#72 = LINE('',#73,#74);
#73 = CARTESIAN_POINT('',(0.,0.));
#74 = VECTOR('',#75,1.);
#75 = DIRECTION('',(0.,-1.));
#76 = ( GEOMETRIC_REPRESENTATION_CONTEXT(2) 
PARAMETRIC_REPRESENTATION_CONTEXT() REPRESENTATION_CONTEXT('2D SPACE',''
  ) );
#77 = PCURVE('',#78,#83);
#78 = CYLINDRICAL_SURFACE('',#79,57.15);
#79 = AXIS2_PLACEMENT_3D('',#80,#81,#82);
#80 = CARTESIAN_POINT('',(-47.625,0.,0.));
#81 = DIRECTION('',(-0.,-0.,-1.));
#82 = DIRECTION('',(1.,0.,-0.));
#83 = DEFINITIONAL_REPRESENTATION('',(#84),#87);
#84 = B_SPLINE_CURVE_WITH_KNOTS('',1,(#85,#86),.UNSPECIFIED.,.F.,.F.,(2,
    2),(0.,3.3528),.PIECEWISE_BEZIER_KNOTS.);
#85 = CARTESIAN_POINT('',(-1.570796326795,0.));
#86 = CARTESIAN_POINT('',(-1.570796326795,-3.3528));
#87 = ( GEOMETRIC_REPRESENTATION_CONTEXT(2) 
PARAMETRIC_REPRESENTATION_CONTEXT() REPRESENTATION_CONTEXT('2D SPACE',''
  ) );
#88 = ORIENTED_EDGE('',*,*,#89,.T.);
#89 = EDGE_CURVE('',#58,#90,#92,.T.);
#90 = VERTEX_POINT('',#91);
#91 = CARTESIAN_POINT('',(47.625,57.15,3.3528));
#92 = SURFACE_CURVE('',#93,(#97,#104),.PCURVE_S1.);
#93 = LINE('',#94,#95);
#94 = CARTESIAN_POINT('',(0.,57.15,3.3528));
#95 = VECTOR('',#96,1.);
#96 = DIRECTION('',(1.,0.,-0.));
#97 = PCURVE('',#66,#98);
#98 = DEFINITIONAL_REPRESENTATION('',(#99),#103);
#99 = LINE('',#100,#101);
#100 = CARTESIAN_POINT('',(47.625,-3.3528));
#101 = VECTOR('',#102,1.);
#102 = DIRECTION('',(1.,0.));
#103 = ( GEOMETRIC_REPRESENTATION_CONTEXT(2) 
PARAMETRIC_REPRESENTATION_CONTEXT() REPRESENTATION_CONTEXT('2D SPACE',''
  ) );
#104 = PCURVE('',#105,#110);
#105 = PLANE('',#106);
#106 = AXIS2_PLACEMENT_3D('',#107,#108,#109);
#107 = CARTESIAN_POINT('',(0.,0.,3.3528));
#108 = DIRECTION('',(0.,0.,1.));
#109 = DIRECTION('',(1.,0.,-0.));
#110 = DEFINITIONAL_REPRESENTATION('',(#111),#115);
#111 = LINE('',#112,#113);
#112 = CARTESIAN_POINT('',(0.,57.15));
#113 = VECTOR('',#114,1.);
#114 = DIRECTION('',(1.,0.));
#115 = ( GEOMETRIC_REPRESENTATION_CONTEXT(2) 
PARAMETRIC_REPRESENTATION_CONTEXT() REPRESENTATION_CONTEXT('2D SPACE',''
  ) );
#116 = ORIENTED_EDGE('',*,*,#117,.F.);
#117 = EDGE_CURVE('',#118,#90,#120,.T.);
#118 = VERTEX_POINT('',#119);
#119 = CARTESIAN_POINT('',(47.625,57.15,0.));
#120 = SURFACE_CURVE('',#121,(#125,#132),.PCURVE_S1.);
#121 = LINE('',#122,#123);
#122 = CARTESIAN_POINT('',(47.625,57.15,0.));
#123 = VECTOR('',#124,1.);
#124 = DIRECTION('',(0.,0.,1.));
#125 = PCURVE('',#66,#126);
#126 = DEFINITIONAL_REPRESENTATION('',(#127),#131);
#127 = LINE('',#128,#129);
#128 = CARTESIAN_POINT('',(95.25,0.));
#129 = VECTOR('',#130,1.);
#130 = DIRECTION('',(0.,-1.));
#131 = ( GEOMETRIC_REPRESENTATION_CONTEXT(2) 
PARAMETRIC_REPRESENTATION_CONTEXT() REPRESENTATION_CONTEXT('2D SPACE',''
  ) );
#132 = PCURVE('',#133,#138);
#133 = CYLINDRICAL_SURFACE('',#134,57.15);
#134 = AXIS2_PLACEMENT_3D('',#135,#136,#137);
#135 = CARTESIAN_POINT('',(47.625,0.,0.));
#136 = DIRECTION('',(-0.,-0.,-1.));
#137 = DIRECTION('',(0.,-1.,0.));
#138 = DEFINITIONAL_REPRESENTATION('',(#139),#142);
#139 = B_SPLINE_CURVE_WITH_KNOTS('',1,(#140,#141),.UNSPECIFIED.,.F.,.F.,
  (2,2),(0.,3.3528),.PIECEWISE_BEZIER_KNOTS.);
#140 = CARTESIAN_POINT('',(-3.14159265359,0.));
#141 = CARTESIAN_POINT('',(-3.14159265359,-3.3528));
#142 = ( GEOMETRIC_REPRESENTATION_CONTEXT(2) 
PARAMETRIC_REPRESENTATION_CONTEXT() REPRESENTATION_CONTEXT('2D SPACE',''
  ) );
#143 = ORIENTED_EDGE('',*,*,#144,.F.);
#144 = EDGE_CURVE('',#56,#118,#145,.T.);
#145 = SURFACE_CURVE('',#146,(#150,#157),.PCURVE_S1.);
#146 = LINE('',#147,#148);
#147 = CARTESIAN_POINT('',(0.,57.15,0.));
#148 = VECTOR('',#149,1.);
#149 = DIRECTION('',(1.,0.,-0.));
#150 = PCURVE('',#66,#151);
#151 = DEFINITIONAL_REPRESENTATION('',(#152),#156);
#152 = LINE('',#153,#154);
#153 = CARTESIAN_POINT('',(47.625,0.));
#154 = VECTOR('',#155,1.);
#155 = DIRECTION('',(1.,0.));
#156 = ( GEOMETRIC_REPRESENTATION_CONTEXT(2) 
PARAMETRIC_REPRESENTATION_CONTEXT() REPRESENTATION_CONTEXT('2D SPACE',''
  ) );
#157 = PCURVE('',#158,#163);
#158 = PLANE('',#159);
#159 = AXIS2_PLACEMENT_3D('',#160,#161,#162);
#160 = CARTESIAN_POINT('',(0.,0.,0.));
#161 = DIRECTION('',(0.,0.,1.));
#162 = DIRECTION('',(1.,0.,-0.));
#163 = DEFINITIONAL_REPRESENTATION('',(#164),#168);
#164 = LINE('',#165,#166);
#165 = CARTESIAN_POINT('',(0.,57.15));
#166 = VECTOR('',#167,1.);
#167 = DIRECTION('',(1.,0.));
#168 = ( GEOMETRIC_REPRESENTATION_CONTEXT(2) 
PARAMETRIC_REPRESENTATION_CONTEXT() REPRESENTATION_CONTEXT('2D SPACE',''
  ) );
#169 = ADVANCED_FACE('',(#170),#78,.T.);
#170 = FACE_BOUND('',#171,.F.);
#171 = EDGE_LOOP('',(#172,#173,#196,#223));
#172 = ORIENTED_EDGE('',*,*,#55,.T.);
#173 = ORIENTED_EDGE('',*,*,#174,.T.);
#174 = EDGE_CURVE('',#58,#175,#177,.T.);
#175 = VERTEX_POINT('',#176);
#176 = CARTESIAN_POINT('',(-47.625,-57.15,3.3528));
#177 = SURFACE_CURVE('',#178,(#183,#189),.PCURVE_S1.);
#178 = CIRCLE('',#179,57.15);
#179 = AXIS2_PLACEMENT_3D('',#180,#181,#182);
#180 = CARTESIAN_POINT('',(-47.625,0.,3.3528));
#181 = DIRECTION('',(0.,0.,1.));
#182 = DIRECTION('',(1.,0.,-0.));
#183 = PCURVE('',#78,#184);
#184 = DEFINITIONAL_REPRESENTATION('',(#185),#188);
#185 = B_SPLINE_CURVE_WITH_KNOTS('',1,(#186,#187),.UNSPECIFIED.,.F.,.F.,
  (2,2),(1.570796326795,4.712388980385),.PIECEWISE_BEZIER_KNOTS.);
#186 = CARTESIAN_POINT('',(-1.570796326795,-3.3528));
#187 = CARTESIAN_POINT('',(-4.712388980385,-3.3528));
#188 = ( GEOMETRIC_REPRESENTATION_CONTEXT(2) 
PARAMETRIC_REPRESENTATION_CONTEXT() REPRESENTATION_CONTEXT('2D SPACE',''
  ) );
#189 = PCURVE('',#105,#190);
#190 = DEFINITIONAL_REPRESENTATION('',(#191),#195);
#191 = CIRCLE('',#192,57.15);
#192 = AXIS2_PLACEMENT_2D('',#193,#194);
#193 = CARTESIAN_POINT('',(-47.625,0.));
#194 = DIRECTION('',(1.,0.));
#195 = ( GEOMETRIC_REPRESENTATION_CONTEXT(2) 
PARAMETRIC_REPRESENTATION_CONTEXT() REPRESENTATION_CONTEXT('2D SPACE',''
  ) );
#196 = ORIENTED_EDGE('',*,*,#197,.F.);
#197 = EDGE_CURVE('',#198,#175,#200,.T.);
#198 = VERTEX_POINT('',#199);
#199 = CARTESIAN_POINT('',(-47.625,-57.15,0.));
#200 = SURFACE_CURVE('',#201,(#205,#211),.PCURVE_S1.);
#201 = LINE('',#202,#203);
#202 = CARTESIAN_POINT('',(-47.625,-57.15,0.));
#203 = VECTOR('',#204,1.);
#204 = DIRECTION('',(0.,0.,1.));
#205 = PCURVE('',#78,#206);
#206 = DEFINITIONAL_REPRESENTATION('',(#207),#210);
#207 = B_SPLINE_CURVE_WITH_KNOTS('',1,(#208,#209),.UNSPECIFIED.,.F.,.F.,
  (2,2),(0.,3.3528),.PIECEWISE_BEZIER_KNOTS.);
#208 = CARTESIAN_POINT('',(-4.712388980385,0.));
#209 = CARTESIAN_POINT('',(-4.712388980385,-3.3528));
#210 = ( GEOMETRIC_REPRESENTATION_CONTEXT(2) 
PARAMETRIC_REPRESENTATION_CONTEXT() REPRESENTATION_CONTEXT('2D SPACE',''
  ) );
#211 = PCURVE('',#212,#217);
#212 = PLANE('',#213);
#213 = AXIS2_PLACEMENT_3D('',#214,#215,#216);
#214 = CARTESIAN_POINT('',(-47.625,-57.15,0.));
#215 = DIRECTION('',(-0.,1.,0.));
#216 = DIRECTION('',(1.,0.,-0.));
#217 = DEFINITIONAL_REPRESENTATION('',(#218),#222);
#218 = LINE('',#219,#220);
#219 = CARTESIAN_POINT('',(0.,0.));
#220 = VECTOR('',#221,1.);
#221 = DIRECTION('',(0.,-1.));
#222 = ( GEOMETRIC_REPRESENTATION_CONTEXT(2) 
PARAMETRIC_REPRESENTATION_CONTEXT() REPRESENTATION_CONTEXT('2D SPACE',''
  ) );
#223 = ORIENTED_EDGE('',*,*,#224,.F.);
#224 = EDGE_CURVE('',#56,#198,#225,.T.);
#225 = SURFACE_CURVE('',#226,(#231,#237),.PCURVE_S1.);
#226 = CIRCLE('',#227,57.15);
#227 = AXIS2_PLACEMENT_3D('',#228,#229,#230);
#228 = CARTESIAN_POINT('',(-47.625,0.,0.));
#229 = DIRECTION('',(0.,0.,1.));
#230 = DIRECTION('',(1.,0.,-0.));
#231 = PCURVE('',#78,#232);
#232 = DEFINITIONAL_REPRESENTATION('',(#233),#236);
#233 = B_SPLINE_CURVE_WITH_KNOTS('',1,(#234,#235),.UNSPECIFIED.,.F.,.F.,
  (2,2),(1.570796326795,4.712388980385),.PIECEWISE_BEZIER_KNOTS.);
#234 = CARTESIAN_POINT('',(-1.570796326795,0.));
#235 = CARTESIAN_POINT('',(-4.712388980385,0.));
#236 = ( GEOMETRIC_REPRESENTATION_CONTEXT(2) 
PARAMETRIC_REPRESENTATION_CONTEXT() REPRESENTATION_CONTEXT('2D SPACE',''
  ) );
#237 = PCURVE('',#158,#238);
#238 = DEFINITIONAL_REPRESENTATION('',(#239),#243);
#239 = CIRCLE('',#240,57.15);
#240 = AXIS2_PLACEMENT_2D('',#241,#242);
#241 = CARTESIAN_POINT('',(-47.625,0.));
#242 = DIRECTION('',(1.,0.));
#243 = ( GEOMETRIC_REPRESENTATION_CONTEXT(2) 
PARAMETRIC_REPRESENTATION_CONTEXT() REPRESENTATION_CONTEXT('2D SPACE',''
  ) );
#244 = ADVANCED_FACE('',(#245),#133,.T.);
#245 = FACE_BOUND('',#246,.F.);
#246 = EDGE_LOOP('',(#247,#271,#292,#293));
#247 = ORIENTED_EDGE('',*,*,#248,.T.);
#248 = EDGE_CURVE('',#249,#251,#253,.T.);
#249 = VERTEX_POINT('',#250);
#250 = CARTESIAN_POINT('',(47.625,-57.15,0.));
#251 = VERTEX_POINT('',#252);
#252 = CARTESIAN_POINT('',(47.625,-57.15,3.3528));
#253 = SURFACE_CURVE('',#254,(#258,#264),.PCURVE_S1.);
#254 = LINE('',#255,#256);
#255 = CARTESIAN_POINT('',(47.625,-57.15,0.));
#256 = VECTOR('',#257,1.);
#257 = DIRECTION('',(0.,0.,1.));
#258 = PCURVE('',#133,#259);
#259 = DEFINITIONAL_REPRESENTATION('',(#260),#263);
#260 = B_SPLINE_CURVE_WITH_KNOTS('',1,(#261,#262),.UNSPECIFIED.,.F.,.F.,
  (2,2),(0.,3.3528),.PIECEWISE_BEZIER_KNOTS.);
#261 = CARTESIAN_POINT('',(0.,0.));
#262 = CARTESIAN_POINT('',(0.,-3.3528));
#263 = ( GEOMETRIC_REPRESENTATION_CONTEXT(2) 
PARAMETRIC_REPRESENTATION_CONTEXT() REPRESENTATION_CONTEXT('2D SPACE',''
  ) );
#264 = PCURVE('',#212,#265);
#265 = DEFINITIONAL_REPRESENTATION('',(#266),#270);
#266 = LINE('',#267,#268);
#267 = CARTESIAN_POINT('',(95.25,0.));
#268 = VECTOR('',#269,1.);
#269 = DIRECTION('',(0.,-1.));
#270 = ( GEOMETRIC_REPRESENTATION_CONTEXT(2) 
PARAMETRIC_REPRESENTATION_CONTEXT() REPRESENTATION_CONTEXT('2D SPACE',''
  ) );
#271 = ORIENTED_EDGE('',*,*,#272,.T.);
#272 = EDGE_CURVE('',#251,#90,#273,.T.);
#273 = SURFACE_CURVE('',#274,(#279,#285),.PCURVE_S1.);
#274 = CIRCLE('',#275,57.15);
#275 = AXIS2_PLACEMENT_3D('',#276,#277,#278);
#276 = CARTESIAN_POINT('',(47.625,0.,3.3528));
#277 = DIRECTION('',(0.,0.,1.));
#278 = DIRECTION('',(0.,-1.,0.));
#279 = PCURVE('',#133,#280);
#280 = DEFINITIONAL_REPRESENTATION('',(#281),#284);
#281 = B_SPLINE_CURVE_WITH_KNOTS('',1,(#282,#283),.UNSPECIFIED.,.F.,.F.,
  (2,2),(0.,3.14159265359),.PIECEWISE_BEZIER_KNOTS.);
#282 = CARTESIAN_POINT('',(0.,-3.3528));
#283 = CARTESIAN_POINT('',(-3.14159265359,-3.3528));
#284 = ( GEOMETRIC_REPRESENTATION_CONTEXT(2) 
PARAMETRIC_REPRESENTATION_CONTEXT() REPRESENTATION_CONTEXT('2D SPACE',''
  ) );
#285 = PCURVE('',#105,#286);
#286 = DEFINITIONAL_REPRESENTATION('',(#287),#291);
#287 = CIRCLE('',#288,57.15);
#288 = AXIS2_PLACEMENT_2D('',#289,#290);
#289 = CARTESIAN_POINT('',(47.625,0.));
#290 = DIRECTION('',(0.,-1.));
#291 = ( GEOMETRIC_REPRESENTATION_CONTEXT(2) 
PARAMETRIC_REPRESENTATION_CONTEXT() REPRESENTATION_CONTEXT('2D SPACE',''
  ) );
#292 = ORIENTED_EDGE('',*,*,#117,.F.);
#293 = ORIENTED_EDGE('',*,*,#294,.F.);
#294 = EDGE_CURVE('',#249,#118,#295,.T.);
#295 = SURFACE_CURVE('',#296,(#301,#307),.PCURVE_S1.);
#296 = CIRCLE('',#297,57.15);
#297 = AXIS2_PLACEMENT_3D('',#298,#299,#300);
#298 = CARTESIAN_POINT('',(47.625,0.,0.));
#299 = DIRECTION('',(0.,0.,1.));
#300 = DIRECTION('',(0.,-1.,0.));
#301 = PCURVE('',#133,#302);
#302 = DEFINITIONAL_REPRESENTATION('',(#303),#306);
#303 = B_SPLINE_CURVE_WITH_KNOTS('',1,(#304,#305),.UNSPECIFIED.,.F.,.F.,
  (2,2),(0.,3.14159265359),.PIECEWISE_BEZIER_KNOTS.);
#304 = CARTESIAN_POINT('',(0.,0.));
#305 = CARTESIAN_POINT('',(-3.14159265359,0.));
#306 = ( GEOMETRIC_REPRESENTATION_CONTEXT(2) 
PARAMETRIC_REPRESENTATION_CONTEXT() REPRESENTATION_CONTEXT('2D SPACE',''
  ) );
#307 = PCURVE('',#158,#308);
#308 = DEFINITIONAL_REPRESENTATION('',(#309),#313);
#309 = CIRCLE('',#310,57.15);
#310 = AXIS2_PLACEMENT_2D('',#311,#312);
#311 = CARTESIAN_POINT('',(47.625,0.));
#312 = DIRECTION('',(0.,-1.));
#313 = ( GEOMETRIC_REPRESENTATION_CONTEXT(2) 
PARAMETRIC_REPRESENTATION_CONTEXT() REPRESENTATION_CONTEXT('2D SPACE',''
  ) );
#314 = ADVANCED_FACE('',(#315,#341,#455,#569,#683,#1139),#158,.F.);
#315 = FACE_BOUND('',#316,.F.);
#316 = EDGE_LOOP('',(#317,#318,#319,#340));
#317 = ORIENTED_EDGE('',*,*,#144,.F.);
#318 = ORIENTED_EDGE('',*,*,#224,.T.);
#319 = ORIENTED_EDGE('',*,*,#320,.T.);
#320 = EDGE_CURVE('',#198,#249,#321,.T.);
#321 = SURFACE_CURVE('',#322,(#326,#333),.PCURVE_S1.);
#322 = LINE('',#323,#324);
#323 = CARTESIAN_POINT('',(0.,-57.15,0.));
#324 = VECTOR('',#325,1.);
#325 = DIRECTION('',(1.,0.,-0.));
#326 = PCURVE('',#158,#327);
#327 = DEFINITIONAL_REPRESENTATION('',(#328),#332);
#328 = LINE('',#329,#330);
#329 = CARTESIAN_POINT('',(0.,-57.15));
#330 = VECTOR('',#331,1.);
#331 = DIRECTION('',(1.,0.));
#332 = ( GEOMETRIC_REPRESENTATION_CONTEXT(2) 
PARAMETRIC_REPRESENTATION_CONTEXT() REPRESENTATION_CONTEXT('2D SPACE',''
  ) );
#333 = PCURVE('',#212,#334);
#334 = DEFINITIONAL_REPRESENTATION('',(#335),#339);
#335 = LINE('',#336,#337);
#336 = CARTESIAN_POINT('',(47.625,0.));
#337 = VECTOR('',#338,1.);
#338 = DIRECTION('',(1.,0.));
#339 = ( GEOMETRIC_REPRESENTATION_CONTEXT(2) 
PARAMETRIC_REPRESENTATION_CONTEXT() REPRESENTATION_CONTEXT('2D SPACE',''
  ) );
#340 = ORIENTED_EDGE('',*,*,#294,.T.);
#341 = FACE_BOUND('',#342,.F.);
#342 = EDGE_LOOP('',(#343,#373,#401,#429));
#343 = ORIENTED_EDGE('',*,*,#344,.T.);
#344 = EDGE_CURVE('',#345,#347,#349,.T.);
#345 = VERTEX_POINT('',#346);
#346 = CARTESIAN_POINT('',(-53.6575,-47.51026365086,0.));
#347 = VERTEX_POINT('',#348);
#348 = CARTESIAN_POINT('',(-38.4175,-47.51026365086,0.));
#349 = SURFACE_CURVE('',#350,(#354,#361),.PCURVE_S1.);
#350 = LINE('',#351,#352);
#351 = CARTESIAN_POINT('',(-19.20875,-47.51026365086,0.));
#352 = VECTOR('',#353,1.);
#353 = DIRECTION('',(1.,-1.224646799147E-16,0.));
#354 = PCURVE('',#158,#355);
#355 = DEFINITIONAL_REPRESENTATION('',(#356),#360);
#356 = LINE('',#357,#358);
#357 = CARTESIAN_POINT('',(-19.20875,-47.51026365086));
#358 = VECTOR('',#359,1.);
#359 = DIRECTION('',(1.,-1.224646799147E-16));
#360 = ( GEOMETRIC_REPRESENTATION_CONTEXT(2) 
PARAMETRIC_REPRESENTATION_CONTEXT() REPRESENTATION_CONTEXT('2D SPACE',''
  ) );
#361 = PCURVE('',#362,#367);
#362 = PLANE('',#363);
#363 = AXIS2_PLACEMENT_3D('',#364,#365,#366);
#364 = CARTESIAN_POINT('',(-38.4175,-47.51026365086,-18.288));
#365 = DIRECTION('',(-1.224646799147E-16,-1.,0.));
#366 = DIRECTION('',(0.,0.,1.));
#367 = DEFINITIONAL_REPRESENTATION('',(#368),#372);
#368 = LINE('',#369,#370);
#369 = CARTESIAN_POINT('',(18.288,-19.20875));
#370 = VECTOR('',#371,1.);
#371 = DIRECTION('',(0.,-1.));
#372 = ( GEOMETRIC_REPRESENTATION_CONTEXT(2) 
PARAMETRIC_REPRESENTATION_CONTEXT() REPRESENTATION_CONTEXT('2D SPACE',''
  ) );
#373 = ORIENTED_EDGE('',*,*,#374,.T.);
#374 = EDGE_CURVE('',#347,#375,#377,.T.);
#375 = VERTEX_POINT('',#376);
#376 = CARTESIAN_POINT('',(-38.4175,-49.16126365086,0.));
#377 = SURFACE_CURVE('',#378,(#382,#389),.PCURVE_S1.);
#378 = LINE('',#379,#380);
#379 = CARTESIAN_POINT('',(-38.4175,-23.75513182543,0.));
#380 = VECTOR('',#381,1.);
#381 = DIRECTION('',(-1.224646799147E-16,-1.,0.));
#382 = PCURVE('',#158,#383);
#383 = DEFINITIONAL_REPRESENTATION('',(#384),#388);
#384 = LINE('',#385,#386);
#385 = CARTESIAN_POINT('',(-38.4175,-23.75513182543));
#386 = VECTOR('',#387,1.);
#387 = DIRECTION('',(-1.224646799147E-16,-1.));
#388 = ( GEOMETRIC_REPRESENTATION_CONTEXT(2) 
PARAMETRIC_REPRESENTATION_CONTEXT() REPRESENTATION_CONTEXT('2D SPACE',''
  ) );
#389 = PCURVE('',#390,#395);
#390 = PLANE('',#391);
#391 = AXIS2_PLACEMENT_3D('',#392,#393,#394);
#392 = CARTESIAN_POINT('',(-38.4175,-47.51026365086,-18.288));
#393 = DIRECTION('',(-1.,1.224646799147E-16,0.));
#394 = DIRECTION('',(0.,0.,1.));
#395 = DEFINITIONAL_REPRESENTATION('',(#396),#400);
#396 = LINE('',#397,#398);
#397 = CARTESIAN_POINT('',(18.288,23.755131825433));
#398 = VECTOR('',#399,1.);
#399 = DIRECTION('',(0.,-1.));
#400 = ( GEOMETRIC_REPRESENTATION_CONTEXT(2) 
PARAMETRIC_REPRESENTATION_CONTEXT() REPRESENTATION_CONTEXT('2D SPACE',''
  ) );
#401 = ORIENTED_EDGE('',*,*,#402,.F.);
#402 = EDGE_CURVE('',#403,#375,#405,.T.);
#403 = VERTEX_POINT('',#404);
#404 = CARTESIAN_POINT('',(-53.6575,-49.16126365086,0.));
#405 = SURFACE_CURVE('',#406,(#410,#417),.PCURVE_S1.);
#406 = LINE('',#407,#408);
#407 = CARTESIAN_POINT('',(-19.20875,-49.16126365086,0.));
#408 = VECTOR('',#409,1.);
#409 = DIRECTION('',(1.,-1.224646799147E-16,0.));
#410 = PCURVE('',#158,#411);
#411 = DEFINITIONAL_REPRESENTATION('',(#412),#416);
#412 = LINE('',#413,#414);
#413 = CARTESIAN_POINT('',(-19.20875,-49.16126365086));
#414 = VECTOR('',#415,1.);
#415 = DIRECTION('',(1.,-1.224646799147E-16));
#416 = ( GEOMETRIC_REPRESENTATION_CONTEXT(2) 
PARAMETRIC_REPRESENTATION_CONTEXT() REPRESENTATION_CONTEXT('2D SPACE',''
  ) );
#417 = PCURVE('',#418,#423);
#418 = PLANE('',#419);
#419 = AXIS2_PLACEMENT_3D('',#420,#421,#422);
#420 = CARTESIAN_POINT('',(-38.4175,-49.16126365086,-18.288));
#421 = DIRECTION('',(-1.224646799147E-16,-1.,0.));
#422 = DIRECTION('',(0.,0.,1.));
#423 = DEFINITIONAL_REPRESENTATION('',(#424),#428);
#424 = LINE('',#425,#426);
#425 = CARTESIAN_POINT('',(18.288,-19.20875));
#426 = VECTOR('',#427,1.);
#427 = DIRECTION('',(0.,-1.));
#428 = ( GEOMETRIC_REPRESENTATION_CONTEXT(2) 
PARAMETRIC_REPRESENTATION_CONTEXT() REPRESENTATION_CONTEXT('2D SPACE',''
  ) );
#429 = ORIENTED_EDGE('',*,*,#430,.F.);
#430 = EDGE_CURVE('',#345,#403,#431,.T.);
#431 = SURFACE_CURVE('',#432,(#436,#443),.PCURVE_S1.);
#432 = LINE('',#433,#434);
#433 = CARTESIAN_POINT('',(-53.6575,-23.75513182543,0.));
#434 = VECTOR('',#435,1.);
#435 = DIRECTION('',(-1.224646799147E-16,-1.,0.));
#436 = PCURVE('',#158,#437);
#437 = DEFINITIONAL_REPRESENTATION('',(#438),#442);
#438 = LINE('',#439,#440);
#439 = CARTESIAN_POINT('',(-53.6575,-23.75513182543));
#440 = VECTOR('',#441,1.);
#441 = DIRECTION('',(-1.224646799147E-16,-1.));
#442 = ( GEOMETRIC_REPRESENTATION_CONTEXT(2) 
PARAMETRIC_REPRESENTATION_CONTEXT() REPRESENTATION_CONTEXT('2D SPACE',''
  ) );
#443 = PCURVE('',#444,#449);
#444 = PLANE('',#445);
#445 = AXIS2_PLACEMENT_3D('',#446,#447,#448);
#446 = CARTESIAN_POINT('',(-53.6575,-47.51026365086,-18.288));
#447 = DIRECTION('',(-1.,1.224646799147E-16,0.));
#448 = DIRECTION('',(0.,0.,1.));
#449 = DEFINITIONAL_REPRESENTATION('',(#450),#454);
#450 = LINE('',#451,#452);
#451 = CARTESIAN_POINT('',(18.288,23.755131825433));
#452 = VECTOR('',#453,1.);
#453 = DIRECTION('',(0.,-1.));
#454 = ( GEOMETRIC_REPRESENTATION_CONTEXT(2) 
PARAMETRIC_REPRESENTATION_CONTEXT() REPRESENTATION_CONTEXT('2D SPACE',''
  ) );
#455 = FACE_BOUND('',#456,.F.);
#456 = EDGE_LOOP('',(#457,#487,#515,#543));
#457 = ORIENTED_EDGE('',*,*,#458,.T.);
#458 = EDGE_CURVE('',#459,#461,#463,.T.);
#459 = VERTEX_POINT('',#460);
#460 = CARTESIAN_POINT('',(38.4175,-47.51026365086,0.));
#461 = VERTEX_POINT('',#462);
#462 = CARTESIAN_POINT('',(53.6575,-47.51026365086,0.));
#463 = SURFACE_CURVE('',#464,(#468,#475),.PCURVE_S1.);
#464 = LINE('',#465,#466);
#465 = CARTESIAN_POINT('',(26.82875,-47.51026365086,0.));
#466 = VECTOR('',#467,1.);
#467 = DIRECTION('',(1.,-1.224646799147E-16,0.));
#468 = PCURVE('',#158,#469);
#469 = DEFINITIONAL_REPRESENTATION('',(#470),#474);
#470 = LINE('',#471,#472);
#471 = CARTESIAN_POINT('',(26.82875,-47.51026365086));
#472 = VECTOR('',#473,1.);
#473 = DIRECTION('',(1.,-1.224646799147E-16));
#474 = ( GEOMETRIC_REPRESENTATION_CONTEXT(2) 
PARAMETRIC_REPRESENTATION_CONTEXT() REPRESENTATION_CONTEXT('2D SPACE',''
  ) );
#475 = PCURVE('',#476,#481);
#476 = PLANE('',#477);
#477 = AXIS2_PLACEMENT_3D('',#478,#479,#480);
#478 = CARTESIAN_POINT('',(53.6575,-47.51026365086,-18.288));
#479 = DIRECTION('',(-1.224646799147E-16,-1.,0.));
#480 = DIRECTION('',(0.,0.,1.));
#481 = DEFINITIONAL_REPRESENTATION('',(#482),#486);
#482 = LINE('',#483,#484);
#483 = CARTESIAN_POINT('',(18.288,26.82875));
#484 = VECTOR('',#485,1.);
#485 = DIRECTION('',(0.,-1.));
#486 = ( GEOMETRIC_REPRESENTATION_CONTEXT(2) 
PARAMETRIC_REPRESENTATION_CONTEXT() REPRESENTATION_CONTEXT('2D SPACE',''
  ) );
#487 = ORIENTED_EDGE('',*,*,#488,.T.);
#488 = EDGE_CURVE('',#461,#489,#491,.T.);
#489 = VERTEX_POINT('',#490);
#490 = CARTESIAN_POINT('',(53.6575,-49.16126365086,0.));
#491 = SURFACE_CURVE('',#492,(#496,#503),.PCURVE_S1.);
#492 = LINE('',#493,#494);
#493 = CARTESIAN_POINT('',(53.6575,-23.75513182543,0.));
#494 = VECTOR('',#495,1.);
#495 = DIRECTION('',(-1.224646799147E-16,-1.,0.));
#496 = PCURVE('',#158,#497);
#497 = DEFINITIONAL_REPRESENTATION('',(#498),#502);
#498 = LINE('',#499,#500);
#499 = CARTESIAN_POINT('',(53.6575,-23.75513182543));
#500 = VECTOR('',#501,1.);
#501 = DIRECTION('',(-1.224646799147E-16,-1.));
#502 = ( GEOMETRIC_REPRESENTATION_CONTEXT(2) 
PARAMETRIC_REPRESENTATION_CONTEXT() REPRESENTATION_CONTEXT('2D SPACE',''
  ) );
#503 = PCURVE('',#504,#509);
#504 = PLANE('',#505);
#505 = AXIS2_PLACEMENT_3D('',#506,#507,#508);
#506 = CARTESIAN_POINT('',(53.6575,-47.51026365086,-18.288));
#507 = DIRECTION('',(-1.,1.224646799147E-16,0.));
#508 = DIRECTION('',(0.,0.,1.));
#509 = DEFINITIONAL_REPRESENTATION('',(#510),#514);
#510 = LINE('',#511,#512);
#511 = CARTESIAN_POINT('',(18.288,23.755131825433));
#512 = VECTOR('',#513,1.);
#513 = DIRECTION('',(0.,-1.));
#514 = ( GEOMETRIC_REPRESENTATION_CONTEXT(2) 
PARAMETRIC_REPRESENTATION_CONTEXT() REPRESENTATION_CONTEXT('2D SPACE',''
  ) );
#515 = ORIENTED_EDGE('',*,*,#516,.F.);
#516 = EDGE_CURVE('',#517,#489,#519,.T.);
#517 = VERTEX_POINT('',#518);
#518 = CARTESIAN_POINT('',(38.4175,-49.16126365086,0.));
#519 = SURFACE_CURVE('',#520,(#524,#531),.PCURVE_S1.);
#520 = LINE('',#521,#522);
#521 = CARTESIAN_POINT('',(26.82875,-49.16126365086,0.));
#522 = VECTOR('',#523,1.);
#523 = DIRECTION('',(1.,-1.224646799147E-16,0.));
#524 = PCURVE('',#158,#525);
#525 = DEFINITIONAL_REPRESENTATION('',(#526),#530);
#526 = LINE('',#527,#528);
#527 = CARTESIAN_POINT('',(26.82875,-49.16126365086));
#528 = VECTOR('',#529,1.);
#529 = DIRECTION('',(1.,-1.224646799147E-16));
#530 = ( GEOMETRIC_REPRESENTATION_CONTEXT(2) 
PARAMETRIC_REPRESENTATION_CONTEXT() REPRESENTATION_CONTEXT('2D SPACE',''
  ) );
#531 = PCURVE('',#532,#537);
#532 = PLANE('',#533);
#533 = AXIS2_PLACEMENT_3D('',#534,#535,#536);
#534 = CARTESIAN_POINT('',(53.6575,-49.16126365086,-18.288));
#535 = DIRECTION('',(-1.224646799147E-16,-1.,0.));
#536 = DIRECTION('',(0.,0.,1.));
#537 = DEFINITIONAL_REPRESENTATION('',(#538),#542);
#538 = LINE('',#539,#540);
#539 = CARTESIAN_POINT('',(18.288,26.82875));
#540 = VECTOR('',#541,1.);
#541 = DIRECTION('',(0.,-1.));
#542 = ( GEOMETRIC_REPRESENTATION_CONTEXT(2) 
PARAMETRIC_REPRESENTATION_CONTEXT() REPRESENTATION_CONTEXT('2D SPACE',''
  ) );
#543 = ORIENTED_EDGE('',*,*,#544,.F.);
#544 = EDGE_CURVE('',#459,#517,#545,.T.);
#545 = SURFACE_CURVE('',#546,(#550,#557),.PCURVE_S1.);
#546 = LINE('',#547,#548);
#547 = CARTESIAN_POINT('',(38.4175,-23.75513182543,0.));
#548 = VECTOR('',#549,1.);
#549 = DIRECTION('',(-1.224646799147E-16,-1.,0.));
#550 = PCURVE('',#158,#551);
#551 = DEFINITIONAL_REPRESENTATION('',(#552),#556);
#552 = LINE('',#553,#554);
#553 = CARTESIAN_POINT('',(38.4175,-23.75513182543));
#554 = VECTOR('',#555,1.);
#555 = DIRECTION('',(-1.224646799147E-16,-1.));
#556 = ( GEOMETRIC_REPRESENTATION_CONTEXT(2) 
PARAMETRIC_REPRESENTATION_CONTEXT() REPRESENTATION_CONTEXT('2D SPACE',''
  ) );
#557 = PCURVE('',#558,#563);
#558 = PLANE('',#559);
#559 = AXIS2_PLACEMENT_3D('',#560,#561,#562);
#560 = CARTESIAN_POINT('',(38.4175,-47.51026365086,-18.288));
#561 = DIRECTION('',(-1.,1.224646799147E-16,0.));
#562 = DIRECTION('',(0.,0.,1.));
#563 = DEFINITIONAL_REPRESENTATION('',(#564),#568);
#564 = LINE('',#565,#566);
#565 = CARTESIAN_POINT('',(18.288,23.755131825433));
#566 = VECTOR('',#567,1.);
#567 = DIRECTION('',(0.,-1.));
#568 = ( GEOMETRIC_REPRESENTATION_CONTEXT(2) 
PARAMETRIC_REPRESENTATION_CONTEXT() REPRESENTATION_CONTEXT('2D SPACE',''
  ) );
#569 = FACE_BOUND('',#570,.F.);
#570 = EDGE_LOOP('',(#571,#601,#629,#657));
#571 = ORIENTED_EDGE('',*,*,#572,.T.);
#572 = EDGE_CURVE('',#573,#575,#577,.T.);
#573 = VERTEX_POINT('',#574);
#574 = CARTESIAN_POINT('',(-38.4175,47.510263650866,0.));
#575 = VERTEX_POINT('',#576);
#576 = CARTESIAN_POINT('',(-53.6575,47.510263650866,0.));
#577 = SURFACE_CURVE('',#578,(#582,#589),.PCURVE_S1.);
#578 = LINE('',#579,#580);
#579 = CARTESIAN_POINT('',(-26.82875,47.510263650866,0.));
#580 = VECTOR('',#581,1.);
#581 = DIRECTION('',(-1.,0.,0.));
#582 = PCURVE('',#158,#583);
#583 = DEFINITIONAL_REPRESENTATION('',(#584),#588);
#584 = LINE('',#585,#586);
#585 = CARTESIAN_POINT('',(-26.82875,47.510263650866));
#586 = VECTOR('',#587,1.);
#587 = DIRECTION('',(-1.,0.));
#588 = ( GEOMETRIC_REPRESENTATION_CONTEXT(2) 
PARAMETRIC_REPRESENTATION_CONTEXT() REPRESENTATION_CONTEXT('2D SPACE',''
  ) );
#589 = PCURVE('',#590,#595);
#590 = PLANE('',#591);
#591 = AXIS2_PLACEMENT_3D('',#592,#593,#594);
#592 = CARTESIAN_POINT('',(-53.6575,47.510263650866,-18.288));
#593 = DIRECTION('',(0.,1.,0.));
#594 = DIRECTION('',(0.,0.,1.));
#595 = DEFINITIONAL_REPRESENTATION('',(#596),#600);
#596 = LINE('',#597,#598);
#597 = CARTESIAN_POINT('',(18.288,26.82875));
#598 = VECTOR('',#599,1.);
#599 = DIRECTION('',(0.,-1.));
#600 = ( GEOMETRIC_REPRESENTATION_CONTEXT(2) 
PARAMETRIC_REPRESENTATION_CONTEXT() REPRESENTATION_CONTEXT('2D SPACE',''
  ) );
#601 = ORIENTED_EDGE('',*,*,#602,.T.);
#602 = EDGE_CURVE('',#575,#603,#605,.T.);
#603 = VERTEX_POINT('',#604);
#604 = CARTESIAN_POINT('',(-53.6575,49.161263650866,0.));
#605 = SURFACE_CURVE('',#606,(#610,#617),.PCURVE_S1.);
#606 = LINE('',#607,#608);
#607 = CARTESIAN_POINT('',(-53.6575,23.755131825433,0.));
#608 = VECTOR('',#609,1.);
#609 = DIRECTION('',(0.,1.,0.));
#610 = PCURVE('',#158,#611);
#611 = DEFINITIONAL_REPRESENTATION('',(#612),#616);
#612 = LINE('',#613,#614);
#613 = CARTESIAN_POINT('',(-53.6575,23.755131825433));
#614 = VECTOR('',#615,1.);
#615 = DIRECTION('',(0.,1.));
#616 = ( GEOMETRIC_REPRESENTATION_CONTEXT(2) 
PARAMETRIC_REPRESENTATION_CONTEXT() REPRESENTATION_CONTEXT('2D SPACE',''
  ) );
#617 = PCURVE('',#618,#623);
#618 = PLANE('',#619);
#619 = AXIS2_PLACEMENT_3D('',#620,#621,#622);
#620 = CARTESIAN_POINT('',(-53.6575,47.510263650866,-18.288));
#621 = DIRECTION('',(1.,0.,0.));
#622 = DIRECTION('',(0.,0.,1.));
#623 = DEFINITIONAL_REPRESENTATION('',(#624),#628);
#624 = LINE('',#625,#626);
#625 = CARTESIAN_POINT('',(18.288,23.755131825433));
#626 = VECTOR('',#627,1.);
#627 = DIRECTION('',(0.,-1.));
#628 = ( GEOMETRIC_REPRESENTATION_CONTEXT(2) 
PARAMETRIC_REPRESENTATION_CONTEXT() REPRESENTATION_CONTEXT('2D SPACE',''
  ) );
#629 = ORIENTED_EDGE('',*,*,#630,.F.);
#630 = EDGE_CURVE('',#631,#603,#633,.T.);
#631 = VERTEX_POINT('',#632);
#632 = CARTESIAN_POINT('',(-38.4175,49.161263650866,0.));
#633 = SURFACE_CURVE('',#634,(#638,#645),.PCURVE_S1.);
#634 = LINE('',#635,#636);
#635 = CARTESIAN_POINT('',(-26.82875,49.161263650866,0.));
#636 = VECTOR('',#637,1.);
#637 = DIRECTION('',(-1.,0.,0.));
#638 = PCURVE('',#158,#639);
#639 = DEFINITIONAL_REPRESENTATION('',(#640),#644);
#640 = LINE('',#641,#642);
#641 = CARTESIAN_POINT('',(-26.82875,49.161263650866));
#642 = VECTOR('',#643,1.);
#643 = DIRECTION('',(-1.,0.));
#644 = ( GEOMETRIC_REPRESENTATION_CONTEXT(2) 
PARAMETRIC_REPRESENTATION_CONTEXT() REPRESENTATION_CONTEXT('2D SPACE',''
  ) );
#645 = PCURVE('',#646,#651);
#646 = PLANE('',#647);
#647 = AXIS2_PLACEMENT_3D('',#648,#649,#650);
#648 = CARTESIAN_POINT('',(-53.6575,49.161263650866,-18.288));
#649 = DIRECTION('',(0.,1.,0.));
#650 = DIRECTION('',(0.,0.,1.));
#651 = DEFINITIONAL_REPRESENTATION('',(#652),#656);
#652 = LINE('',#653,#654);
#653 = CARTESIAN_POINT('',(18.288,26.82875));
#654 = VECTOR('',#655,1.);
#655 = DIRECTION('',(0.,-1.));
#656 = ( GEOMETRIC_REPRESENTATION_CONTEXT(2) 
PARAMETRIC_REPRESENTATION_CONTEXT() REPRESENTATION_CONTEXT('2D SPACE',''
  ) );
#657 = ORIENTED_EDGE('',*,*,#658,.F.);
#658 = EDGE_CURVE('',#573,#631,#659,.T.);
#659 = SURFACE_CURVE('',#660,(#664,#671),.PCURVE_S1.);
#660 = LINE('',#661,#662);
#661 = CARTESIAN_POINT('',(-38.4175,23.755131825433,0.));
#662 = VECTOR('',#663,1.);
#663 = DIRECTION('',(0.,1.,0.));
#664 = PCURVE('',#158,#665);
#665 = DEFINITIONAL_REPRESENTATION('',(#666),#670);
#666 = LINE('',#667,#668);
#667 = CARTESIAN_POINT('',(-38.4175,23.755131825433));
#668 = VECTOR('',#669,1.);
#669 = DIRECTION('',(0.,1.));
#670 = ( GEOMETRIC_REPRESENTATION_CONTEXT(2) 
PARAMETRIC_REPRESENTATION_CONTEXT() REPRESENTATION_CONTEXT('2D SPACE',''
  ) );
#671 = PCURVE('',#672,#677);
#672 = PLANE('',#673);
#673 = AXIS2_PLACEMENT_3D('',#674,#675,#676);
#674 = CARTESIAN_POINT('',(-38.4175,47.510263650866,-18.288));
#675 = DIRECTION('',(1.,0.,0.));
#676 = DIRECTION('',(0.,0.,1.));
#677 = DEFINITIONAL_REPRESENTATION('',(#678),#682);
#678 = LINE('',#679,#680);
#679 = CARTESIAN_POINT('',(18.288,23.755131825433));
#680 = VECTOR('',#681,1.);
#681 = DIRECTION('',(0.,-1.));
#682 = ( GEOMETRIC_REPRESENTATION_CONTEXT(2) 
PARAMETRIC_REPRESENTATION_CONTEXT() REPRESENTATION_CONTEXT('2D SPACE',''
  ) );
#683 = FACE_BOUND('',#684,.F.);
#684 = EDGE_LOOP('',(#685,#715,#743,#775,#803,#831,#859,#891,#919,#947,
    #975,#1002,#1030,#1058,#1086,#1113));
#685 = ORIENTED_EDGE('',*,*,#686,.F.);
#686 = EDGE_CURVE('',#687,#689,#691,.T.);
#687 = VERTEX_POINT('',#688);
#688 = CARTESIAN_POINT('',(-55.1815,48.95018087556,0.));
#689 = VERTEX_POINT('',#690);
#690 = CARTESIAN_POINT('',(-55.1815,-48.95018087555,0.));
#691 = SURFACE_CURVE('',#692,(#697,#704),.PCURVE_S1.);
#692 = CIRCLE('',#693,49.53);
#693 = AXIS2_PLACEMENT_3D('',#694,#695,#696);
#694 = CARTESIAN_POINT('',(-47.625,0.,0.));
#695 = DIRECTION('',(0.,0.,1.));
#696 = DIRECTION('',(1.,0.,-0.));
#697 = PCURVE('',#158,#698);
#698 = DEFINITIONAL_REPRESENTATION('',(#699),#703);
#699 = CIRCLE('',#700,49.53);
#700 = AXIS2_PLACEMENT_2D('',#701,#702);
#701 = CARTESIAN_POINT('',(-47.625,0.));
#702 = DIRECTION('',(1.,0.));
#703 = ( GEOMETRIC_REPRESENTATION_CONTEXT(2) 
PARAMETRIC_REPRESENTATION_CONTEXT() REPRESENTATION_CONTEXT('2D SPACE',''
  ) );
#704 = PCURVE('',#705,#710);
#705 = CYLINDRICAL_SURFACE('',#706,49.53);
#706 = AXIS2_PLACEMENT_3D('',#707,#708,#709);
#707 = CARTESIAN_POINT('',(-47.625,0.,-17.78));
#708 = DIRECTION('',(-0.,-0.,-1.));
#709 = DIRECTION('',(1.,0.,-0.));
#710 = DEFINITIONAL_REPRESENTATION('',(#711),#714);
#711 = B_SPLINE_CURVE_WITH_KNOTS('',1,(#712,#713),.UNSPECIFIED.,.F.,.F.,
  (2,2),(1.723958557709,4.559226749471),.PIECEWISE_BEZIER_KNOTS.);
#712 = CARTESIAN_POINT('',(-1.723958557709,-17.78));
#713 = CARTESIAN_POINT('',(-4.559226749471,-17.78));
#714 = ( GEOMETRIC_REPRESENTATION_CONTEXT(2) 
PARAMETRIC_REPRESENTATION_CONTEXT() REPRESENTATION_CONTEXT('2D SPACE',''
  ) );
#715 = ORIENTED_EDGE('',*,*,#716,.F.);
#716 = EDGE_CURVE('',#717,#687,#719,.T.);
#717 = VERTEX_POINT('',#718);
#718 = CARTESIAN_POINT('',(-55.1815,41.868560194375,0.));
#719 = SURFACE_CURVE('',#720,(#724,#731),.PCURVE_S1.);
#720 = LINE('',#721,#722);
#721 = CARTESIAN_POINT('',(-55.1815,40.259,1.110223024625E-15));
#722 = VECTOR('',#723,1.);
#723 = DIRECTION('',(0.,1.,0.));
#724 = PCURVE('',#158,#725);
#725 = DEFINITIONAL_REPRESENTATION('',(#726),#730);
#726 = LINE('',#727,#728);
#727 = CARTESIAN_POINT('',(-55.1815,40.259));
#728 = VECTOR('',#729,1.);
#729 = DIRECTION('',(0.,1.));
#730 = ( GEOMETRIC_REPRESENTATION_CONTEXT(2) 
PARAMETRIC_REPRESENTATION_CONTEXT() REPRESENTATION_CONTEXT('2D SPACE',''
  ) );
#731 = PCURVE('',#732,#737);
#732 = PLANE('',#733);
#733 = AXIS2_PLACEMENT_3D('',#734,#735,#736);
#734 = CARTESIAN_POINT('',(-55.1815,40.259,-19.812));
#735 = DIRECTION('',(1.,0.,0.));
#736 = DIRECTION('',(0.,0.,1.));
#737 = DEFINITIONAL_REPRESENTATION('',(#738),#742);
#738 = LINE('',#739,#740);
#739 = CARTESIAN_POINT('',(19.812,0.));
#740 = VECTOR('',#741,1.);
#741 = DIRECTION('',(0.,-1.));
#742 = ( GEOMETRIC_REPRESENTATION_CONTEXT(2) 
PARAMETRIC_REPRESENTATION_CONTEXT() REPRESENTATION_CONTEXT('2D SPACE',''
  ) );
#743 = ORIENTED_EDGE('',*,*,#744,.T.);
#744 = EDGE_CURVE('',#717,#745,#747,.T.);
#745 = VERTEX_POINT('',#746);
#746 = CARTESIAN_POINT('',(-36.8935,41.169308140288,0.));
#747 = SURFACE_CURVE('',#748,(#753,#764),.PCURVE_S1.);
#748 = CIRCLE('',#749,42.545);
#749 = AXIS2_PLACEMENT_3D('',#750,#751,#752);
#750 = CARTESIAN_POINT('',(-47.625,0.,0.));
#751 = DIRECTION('',(0.,-0.,-1.));
#752 = DIRECTION('',(1.,0.,-0.));
#753 = PCURVE('',#158,#754);
#754 = DEFINITIONAL_REPRESENTATION('',(#755),#763);
#755 = ( BOUNDED_CURVE() B_SPLINE_CURVE(2,(#756,#757,#758,#759,#760,#761
,#762),.UNSPECIFIED.,.T.,.F.) B_SPLINE_CURVE_WITH_KNOTS((1,2,2,2,2,1),(
    -2.094395102393,0.,2.094395102393,4.188790204786,6.28318530718,
8.377580409573),.UNSPECIFIED.) CURVE() GEOMETRIC_REPRESENTATION_ITEM() 
RATIONAL_B_SPLINE_CURVE((1.,0.5,1.,0.5,1.,0.5,1.)) REPRESENTATION_ITEM(
  '') );
#756 = CARTESIAN_POINT('',(-5.08,0.));
#757 = CARTESIAN_POINT('',(-5.08,-73.69010160801));
#758 = CARTESIAN_POINT('',(-68.8975,-36.845050804));
#759 = CARTESIAN_POINT('',(-132.715,-1.042051961394E-14));
#760 = CARTESIAN_POINT('',(-68.8975,36.845050804009));
#761 = CARTESIAN_POINT('',(-5.08,73.690101608018));
#762 = CARTESIAN_POINT('',(-5.08,0.));
#763 = ( GEOMETRIC_REPRESENTATION_CONTEXT(2) 
PARAMETRIC_REPRESENTATION_CONTEXT() REPRESENTATION_CONTEXT('2D SPACE',''
  ) );
#764 = PCURVE('',#765,#770);
#765 = CYLINDRICAL_SURFACE('',#766,42.545);
#766 = AXIS2_PLACEMENT_3D('',#767,#768,#769);
#767 = CARTESIAN_POINT('',(-47.625,0.,-13.97));
#768 = DIRECTION('',(-0.,-0.,-1.));
#769 = DIRECTION('',(1.,0.,-0.));
#770 = DEFINITIONAL_REPRESENTATION('',(#771),#774);
#771 = B_SPLINE_CURVE_WITH_KNOTS('',1,(#772,#773),.UNSPECIFIED.,.F.,.F.,
  (2,2),(4.533829704987,4.967382157083),.PIECEWISE_BEZIER_KNOTS.);
#772 = CARTESIAN_POINT('',(-1.749355602193,-13.97));
#773 = CARTESIAN_POINT('',(-1.315803150096,-13.97));
#774 = ( GEOMETRIC_REPRESENTATION_CONTEXT(2) 
PARAMETRIC_REPRESENTATION_CONTEXT() REPRESENTATION_CONTEXT('2D SPACE',''
  ) );
#775 = ORIENTED_EDGE('',*,*,#776,.T.);
#776 = EDGE_CURVE('',#745,#777,#779,.T.);
#777 = VERTEX_POINT('',#778);
#778 = CARTESIAN_POINT('',(-36.8935,49.53,0.));
#779 = SURFACE_CURVE('',#780,(#784,#791),.PCURVE_S1.);
#780 = LINE('',#781,#782);
#781 = CARTESIAN_POINT('',(-36.8935,40.259,1.110223024625E-15));
#782 = VECTOR('',#783,1.);
#783 = DIRECTION('',(0.,1.,0.));
#784 = PCURVE('',#158,#785);
#785 = DEFINITIONAL_REPRESENTATION('',(#786),#790);
#786 = LINE('',#787,#788);
#787 = CARTESIAN_POINT('',(-36.8935,40.259));
#788 = VECTOR('',#789,1.);
#789 = DIRECTION('',(0.,1.));
#790 = ( GEOMETRIC_REPRESENTATION_CONTEXT(2) 
PARAMETRIC_REPRESENTATION_CONTEXT() REPRESENTATION_CONTEXT('2D SPACE',''
  ) );
#791 = PCURVE('',#792,#797);
#792 = PLANE('',#793);
#793 = AXIS2_PLACEMENT_3D('',#794,#795,#796);
#794 = CARTESIAN_POINT('',(-36.8935,40.259,-19.812));
#795 = DIRECTION('',(1.,0.,0.));
#796 = DIRECTION('',(0.,0.,1.));
#797 = DEFINITIONAL_REPRESENTATION('',(#798),#802);
#798 = LINE('',#799,#800);
#799 = CARTESIAN_POINT('',(19.812,0.));
#800 = VECTOR('',#801,1.);
#801 = DIRECTION('',(0.,-1.));
#802 = ( GEOMETRIC_REPRESENTATION_CONTEXT(2) 
PARAMETRIC_REPRESENTATION_CONTEXT() REPRESENTATION_CONTEXT('2D SPACE',''
  ) );
#803 = ORIENTED_EDGE('',*,*,#804,.T.);
#804 = EDGE_CURVE('',#777,#805,#807,.T.);
#805 = VERTEX_POINT('',#806);
#806 = CARTESIAN_POINT('',(36.8935,49.53,0.));
#807 = SURFACE_CURVE('',#808,(#812,#819),.PCURVE_S1.);
#808 = LINE('',#809,#810);
#809 = CARTESIAN_POINT('',(0.,49.53,0.));
#810 = VECTOR('',#811,1.);
#811 = DIRECTION('',(1.,0.,-0.));
#812 = PCURVE('',#158,#813);
#813 = DEFINITIONAL_REPRESENTATION('',(#814),#818);
#814 = LINE('',#815,#816);
#815 = CARTESIAN_POINT('',(0.,49.53));
#816 = VECTOR('',#817,1.);
#817 = DIRECTION('',(1.,0.));
#818 = ( GEOMETRIC_REPRESENTATION_CONTEXT(2) 
PARAMETRIC_REPRESENTATION_CONTEXT() REPRESENTATION_CONTEXT('2D SPACE',''
  ) );
#819 = PCURVE('',#820,#825);
#820 = PLANE('',#821);
#821 = AXIS2_PLACEMENT_3D('',#822,#823,#824);
#822 = CARTESIAN_POINT('',(-47.625,49.53,-17.78));
#823 = DIRECTION('',(-0.,1.,0.));
#824 = DIRECTION('',(1.,0.,-0.));
#825 = DEFINITIONAL_REPRESENTATION('',(#826),#830);
#826 = LINE('',#827,#828);
#827 = CARTESIAN_POINT('',(47.625,-17.78));
#828 = VECTOR('',#829,1.);
#829 = DIRECTION('',(1.,0.));
#830 = ( GEOMETRIC_REPRESENTATION_CONTEXT(2) 
PARAMETRIC_REPRESENTATION_CONTEXT() REPRESENTATION_CONTEXT('2D SPACE',''
  ) );
#831 = ORIENTED_EDGE('',*,*,#832,.F.);
#832 = EDGE_CURVE('',#833,#805,#835,.T.);
#833 = VERTEX_POINT('',#834);
#834 = CARTESIAN_POINT('',(36.8935,41.169308140288,0.));
#835 = SURFACE_CURVE('',#836,(#840,#847),.PCURVE_S1.);
#836 = LINE('',#837,#838);
#837 = CARTESIAN_POINT('',(36.8935,40.259,1.110223024625E-15));
#838 = VECTOR('',#839,1.);
#839 = DIRECTION('',(0.,1.,0.));
#840 = PCURVE('',#158,#841);
#841 = DEFINITIONAL_REPRESENTATION('',(#842),#846);
#842 = LINE('',#843,#844);
#843 = CARTESIAN_POINT('',(36.8935,40.259));
#844 = VECTOR('',#845,1.);
#845 = DIRECTION('',(0.,1.));
#846 = ( GEOMETRIC_REPRESENTATION_CONTEXT(2) 
PARAMETRIC_REPRESENTATION_CONTEXT() REPRESENTATION_CONTEXT('2D SPACE',''
  ) );
#847 = PCURVE('',#848,#853);
#848 = PLANE('',#849);
#849 = AXIS2_PLACEMENT_3D('',#850,#851,#852);
#850 = CARTESIAN_POINT('',(36.8935,40.259,-19.812));
#851 = DIRECTION('',(1.,0.,0.));
#852 = DIRECTION('',(0.,0.,1.));
#853 = DEFINITIONAL_REPRESENTATION('',(#854),#858);
#854 = LINE('',#855,#856);
#855 = CARTESIAN_POINT('',(19.812,0.));
#856 = VECTOR('',#857,1.);
#857 = DIRECTION('',(0.,-1.));
#858 = ( GEOMETRIC_REPRESENTATION_CONTEXT(2) 
PARAMETRIC_REPRESENTATION_CONTEXT() REPRESENTATION_CONTEXT('2D SPACE',''
  ) );
#859 = ORIENTED_EDGE('',*,*,#860,.T.);
#860 = EDGE_CURVE('',#833,#861,#863,.T.);
#861 = VERTEX_POINT('',#862);
#862 = CARTESIAN_POINT('',(55.1815,41.868560194375,0.));
#863 = SURFACE_CURVE('',#864,(#869,#880),.PCURVE_S1.);
#864 = CIRCLE('',#865,42.545);
#865 = AXIS2_PLACEMENT_3D('',#866,#867,#868);
#866 = CARTESIAN_POINT('',(47.625,0.,0.));
#867 = DIRECTION('',(0.,-0.,-1.));
#868 = DIRECTION('',(1.,0.,-0.));
#869 = PCURVE('',#158,#870);
#870 = DEFINITIONAL_REPRESENTATION('',(#871),#879);
#871 = ( BOUNDED_CURVE() B_SPLINE_CURVE(2,(#872,#873,#874,#875,#876,#877
,#878),.UNSPECIFIED.,.T.,.F.) B_SPLINE_CURVE_WITH_KNOTS((1,2,2,2,2,1),(
    -2.094395102393,0.,2.094395102393,4.188790204786,6.28318530718,
8.377580409573),.UNSPECIFIED.) CURVE() GEOMETRIC_REPRESENTATION_ITEM() 
RATIONAL_B_SPLINE_CURVE((1.,0.5,1.,0.5,1.,0.5,1.)) REPRESENTATION_ITEM(
  '') );
#872 = CARTESIAN_POINT('',(90.17,0.));
#873 = CARTESIAN_POINT('',(90.17,-73.69010160801));
#874 = CARTESIAN_POINT('',(26.3525,-36.845050804));
#875 = CARTESIAN_POINT('',(-37.465,-1.042051961394E-14));
#876 = CARTESIAN_POINT('',(26.3525,36.845050804009));
#877 = CARTESIAN_POINT('',(90.17,73.690101608018));
#878 = CARTESIAN_POINT('',(90.17,0.));
#879 = ( GEOMETRIC_REPRESENTATION_CONTEXT(2) 
PARAMETRIC_REPRESENTATION_CONTEXT() REPRESENTATION_CONTEXT('2D SPACE',''
  ) );
#880 = PCURVE('',#881,#886);
#881 = CYLINDRICAL_SURFACE('',#882,42.545);
#882 = AXIS2_PLACEMENT_3D('',#883,#884,#885);
#883 = CARTESIAN_POINT('',(47.625,0.,-13.97));
#884 = DIRECTION('',(-0.,-0.,-1.));
#885 = DIRECTION('',(1.,0.,-0.));
#886 = DEFINITIONAL_REPRESENTATION('',(#887),#890);
#887 = B_SPLINE_CURVE_WITH_KNOTS('',1,(#888,#889),.UNSPECIFIED.,.F.,.F.,
  (2,2),(4.457395803686,4.890948255782),.PIECEWISE_BEZIER_KNOTS.);
#888 = CARTESIAN_POINT('',(-1.825789503493,-13.97));
#889 = CARTESIAN_POINT('',(-1.392237051397,-13.97));
#890 = ( GEOMETRIC_REPRESENTATION_CONTEXT(2) 
PARAMETRIC_REPRESENTATION_CONTEXT() REPRESENTATION_CONTEXT('2D SPACE',''
  ) );
#891 = ORIENTED_EDGE('',*,*,#892,.T.);
#892 = EDGE_CURVE('',#861,#893,#895,.T.);
#893 = VERTEX_POINT('',#894);
#894 = CARTESIAN_POINT('',(55.1815,48.95018087556,0.));
#895 = SURFACE_CURVE('',#896,(#900,#907),.PCURVE_S1.);
#896 = LINE('',#897,#898);
#897 = CARTESIAN_POINT('',(55.1815,40.259,1.110223024625E-15));
#898 = VECTOR('',#899,1.);
#899 = DIRECTION('',(0.,1.,0.));
#900 = PCURVE('',#158,#901);
#901 = DEFINITIONAL_REPRESENTATION('',(#902),#906);
#902 = LINE('',#903,#904);
#903 = CARTESIAN_POINT('',(55.1815,40.259));
#904 = VECTOR('',#905,1.);
#905 = DIRECTION('',(0.,1.));
#906 = ( GEOMETRIC_REPRESENTATION_CONTEXT(2) 
PARAMETRIC_REPRESENTATION_CONTEXT() REPRESENTATION_CONTEXT('2D SPACE',''
  ) );
#907 = PCURVE('',#908,#913);
#908 = PLANE('',#909);
#909 = AXIS2_PLACEMENT_3D('',#910,#911,#912);
#910 = CARTESIAN_POINT('',(55.1815,40.259,-19.812));
#911 = DIRECTION('',(1.,0.,0.));
#912 = DIRECTION('',(0.,0.,1.));
#913 = DEFINITIONAL_REPRESENTATION('',(#914),#918);
#914 = LINE('',#915,#916);
#915 = CARTESIAN_POINT('',(19.812,0.));
#916 = VECTOR('',#917,1.);
#917 = DIRECTION('',(0.,-1.));
#918 = ( GEOMETRIC_REPRESENTATION_CONTEXT(2) 
PARAMETRIC_REPRESENTATION_CONTEXT() REPRESENTATION_CONTEXT('2D SPACE',''
  ) );
#919 = ORIENTED_EDGE('',*,*,#920,.F.);
#920 = EDGE_CURVE('',#921,#893,#923,.T.);
#921 = VERTEX_POINT('',#922);
#922 = CARTESIAN_POINT('',(55.1815,-48.95018087556,0.));
#923 = SURFACE_CURVE('',#924,(#929,#936),.PCURVE_S1.);
#924 = CIRCLE('',#925,49.53);
#925 = AXIS2_PLACEMENT_3D('',#926,#927,#928);
#926 = CARTESIAN_POINT('',(47.625,0.,0.));
#927 = DIRECTION('',(0.,0.,1.));
#928 = DIRECTION('',(0.,-1.,0.));
#929 = PCURVE('',#158,#930);
#930 = DEFINITIONAL_REPRESENTATION('',(#931),#935);
#931 = CIRCLE('',#932,49.53);
#932 = AXIS2_PLACEMENT_2D('',#933,#934);
#933 = CARTESIAN_POINT('',(47.625,0.));
#934 = DIRECTION('',(0.,-1.));
#935 = ( GEOMETRIC_REPRESENTATION_CONTEXT(2) 
PARAMETRIC_REPRESENTATION_CONTEXT() REPRESENTATION_CONTEXT('2D SPACE',''
  ) );
#936 = PCURVE('',#937,#942);
#937 = CYLINDRICAL_SURFACE('',#938,49.53);
#938 = AXIS2_PLACEMENT_3D('',#939,#940,#941);
#939 = CARTESIAN_POINT('',(47.625,0.,-17.78));
#940 = DIRECTION('',(-0.,-0.,-1.));
#941 = DIRECTION('',(0.,-1.,0.));
#942 = DEFINITIONAL_REPRESENTATION('',(#943),#946);
#943 = B_SPLINE_CURVE_WITH_KNOTS('',1,(#944,#945),.UNSPECIFIED.,.F.,.F.,
  (2,2),(0.153162230914,2.988430422676),.PIECEWISE_BEZIER_KNOTS.);
#944 = CARTESIAN_POINT('',(-0.153162230914,-17.78));
#945 = CARTESIAN_POINT('',(-2.988430422676,-17.78));
#946 = ( GEOMETRIC_REPRESENTATION_CONTEXT(2) 
PARAMETRIC_REPRESENTATION_CONTEXT() REPRESENTATION_CONTEXT('2D SPACE',''
  ) );
#947 = ORIENTED_EDGE('',*,*,#948,.F.);
#948 = EDGE_CURVE('',#949,#921,#951,.T.);
#949 = VERTEX_POINT('',#950);
#950 = CARTESIAN_POINT('',(55.1815,-41.86856019437,0.));
#951 = SURFACE_CURVE('',#952,(#956,#963),.PCURVE_S1.);
#952 = LINE('',#953,#954);
#953 = CARTESIAN_POINT('',(55.1815,-40.259,1.110223024625E-15));
#954 = VECTOR('',#955,1.);
#955 = DIRECTION('',(-1.224646799147E-16,-1.,0.));
#956 = PCURVE('',#158,#957);
#957 = DEFINITIONAL_REPRESENTATION('',(#958),#962);
#958 = LINE('',#959,#960);
#959 = CARTESIAN_POINT('',(55.1815,-40.259));
#960 = VECTOR('',#961,1.);
#961 = DIRECTION('',(-1.224646799147E-16,-1.));
#962 = ( GEOMETRIC_REPRESENTATION_CONTEXT(2) 
PARAMETRIC_REPRESENTATION_CONTEXT() REPRESENTATION_CONTEXT('2D SPACE',''
  ) );
#963 = PCURVE('',#964,#969);
#964 = PLANE('',#965);
#965 = AXIS2_PLACEMENT_3D('',#966,#967,#968);
#966 = CARTESIAN_POINT('',(55.1815,-40.259,-19.812));
#967 = DIRECTION('',(-1.,1.224646799147E-16,0.));
#968 = DIRECTION('',(0.,0.,1.));
#969 = DEFINITIONAL_REPRESENTATION('',(#970),#974);
#970 = LINE('',#971,#972);
#971 = CARTESIAN_POINT('',(19.812,0.));
#972 = VECTOR('',#973,1.);
#973 = DIRECTION('',(0.,-1.));
#974 = ( GEOMETRIC_REPRESENTATION_CONTEXT(2) 
PARAMETRIC_REPRESENTATION_CONTEXT() REPRESENTATION_CONTEXT('2D SPACE',''
  ) );
#975 = ORIENTED_EDGE('',*,*,#976,.T.);
#976 = EDGE_CURVE('',#949,#977,#979,.T.);
#977 = VERTEX_POINT('',#978);
#978 = CARTESIAN_POINT('',(36.8935,-41.16930814028,0.));
#979 = SURFACE_CURVE('',#980,(#985,#996),.PCURVE_S1.);
#980 = CIRCLE('',#981,42.545);
#981 = AXIS2_PLACEMENT_3D('',#982,#983,#984);
#982 = CARTESIAN_POINT('',(47.625,0.,0.));
#983 = DIRECTION('',(0.,-0.,-1.));
#984 = DIRECTION('',(1.,0.,-0.));
#985 = PCURVE('',#158,#986);
#986 = DEFINITIONAL_REPRESENTATION('',(#987),#995);
#987 = ( BOUNDED_CURVE() B_SPLINE_CURVE(2,(#988,#989,#990,#991,#992,#993
,#994),.UNSPECIFIED.,.T.,.F.) B_SPLINE_CURVE_WITH_KNOTS((1,2,2,2,2,1),(
    -2.094395102393,0.,2.094395102393,4.188790204786,6.28318530718,
8.377580409573),.UNSPECIFIED.) CURVE() GEOMETRIC_REPRESENTATION_ITEM() 
RATIONAL_B_SPLINE_CURVE((1.,0.5,1.,0.5,1.,0.5,1.)) REPRESENTATION_ITEM(
  '') );
#988 = CARTESIAN_POINT('',(90.17,0.));
#989 = CARTESIAN_POINT('',(90.17,-73.69010160801));
#990 = CARTESIAN_POINT('',(26.3525,-36.845050804));
#991 = CARTESIAN_POINT('',(-37.465,-1.042051961394E-14));
#992 = CARTESIAN_POINT('',(26.3525,36.845050804009));
#993 = CARTESIAN_POINT('',(90.17,73.690101608018));
#994 = CARTESIAN_POINT('',(90.17,0.));
#995 = ( GEOMETRIC_REPRESENTATION_CONTEXT(2) 
PARAMETRIC_REPRESENTATION_CONTEXT() REPRESENTATION_CONTEXT('2D SPACE',''
  ) );
#996 = PCURVE('',#881,#997);
#997 = DEFINITIONAL_REPRESENTATION('',(#998),#1001);
#998 = B_SPLINE_CURVE_WITH_KNOTS('',1,(#999,#1000),.UNSPECIFIED.,.F.,.F.
  ,(2,2),(1.392237051397,1.825789503493),.PIECEWISE_BEZIER_KNOTS.);
#999 = CARTESIAN_POINT('',(-4.890948255782,-13.97));
#1000 = CARTESIAN_POINT('',(-4.457395803686,-13.97));
#1001 = ( GEOMETRIC_REPRESENTATION_CONTEXT(2) 
PARAMETRIC_REPRESENTATION_CONTEXT() REPRESENTATION_CONTEXT('2D SPACE',''
  ) );
#1002 = ORIENTED_EDGE('',*,*,#1003,.T.);
#1003 = EDGE_CURVE('',#977,#1004,#1006,.T.);
#1004 = VERTEX_POINT('',#1005);
#1005 = CARTESIAN_POINT('',(36.8935,-49.53,0.));
#1006 = SURFACE_CURVE('',#1007,(#1011,#1018),.PCURVE_S1.);
#1007 = LINE('',#1008,#1009);
#1008 = CARTESIAN_POINT('',(36.8935,-40.259,1.110223024625E-15));
#1009 = VECTOR('',#1010,1.);
#1010 = DIRECTION('',(-1.224646799147E-16,-1.,0.));
#1011 = PCURVE('',#158,#1012);
#1012 = DEFINITIONAL_REPRESENTATION('',(#1013),#1017);
#1013 = LINE('',#1014,#1015);
#1014 = CARTESIAN_POINT('',(36.8935,-40.259));
#1015 = VECTOR('',#1016,1.);
#1016 = DIRECTION('',(-1.224646799147E-16,-1.));
#1017 = ( GEOMETRIC_REPRESENTATION_CONTEXT(2) 
PARAMETRIC_REPRESENTATION_CONTEXT() REPRESENTATION_CONTEXT('2D SPACE',''
  ) );
#1018 = PCURVE('',#1019,#1024);
#1019 = PLANE('',#1020);
#1020 = AXIS2_PLACEMENT_3D('',#1021,#1022,#1023);
#1021 = CARTESIAN_POINT('',(36.8935,-40.259,-19.812));
#1022 = DIRECTION('',(-1.,1.224646799147E-16,0.));
#1023 = DIRECTION('',(0.,0.,1.));
#1024 = DEFINITIONAL_REPRESENTATION('',(#1025),#1029);
#1025 = LINE('',#1026,#1027);
#1026 = CARTESIAN_POINT('',(19.812,0.));
#1027 = VECTOR('',#1028,1.);
#1028 = DIRECTION('',(0.,-1.));
#1029 = ( GEOMETRIC_REPRESENTATION_CONTEXT(2) 
PARAMETRIC_REPRESENTATION_CONTEXT() REPRESENTATION_CONTEXT('2D SPACE',''
  ) );
#1030 = ORIENTED_EDGE('',*,*,#1031,.F.);
#1031 = EDGE_CURVE('',#1032,#1004,#1034,.T.);
#1032 = VERTEX_POINT('',#1033);
#1033 = CARTESIAN_POINT('',(-36.8935,-49.53,0.));
#1034 = SURFACE_CURVE('',#1035,(#1039,#1046),.PCURVE_S1.);
#1035 = LINE('',#1036,#1037);
#1036 = CARTESIAN_POINT('',(0.,-49.53,0.));
#1037 = VECTOR('',#1038,1.);
#1038 = DIRECTION('',(1.,0.,-0.));
#1039 = PCURVE('',#158,#1040);
#1040 = DEFINITIONAL_REPRESENTATION('',(#1041),#1045);
#1041 = LINE('',#1042,#1043);
#1042 = CARTESIAN_POINT('',(0.,-49.53));
#1043 = VECTOR('',#1044,1.);
#1044 = DIRECTION('',(1.,0.));
#1045 = ( GEOMETRIC_REPRESENTATION_CONTEXT(2) 
PARAMETRIC_REPRESENTATION_CONTEXT() REPRESENTATION_CONTEXT('2D SPACE',''
  ) );
#1046 = PCURVE('',#1047,#1052);
#1047 = PLANE('',#1048);
#1048 = AXIS2_PLACEMENT_3D('',#1049,#1050,#1051);
#1049 = CARTESIAN_POINT('',(-47.625,-49.53,-17.78));
#1050 = DIRECTION('',(-0.,1.,0.));
#1051 = DIRECTION('',(1.,0.,-0.));
#1052 = DEFINITIONAL_REPRESENTATION('',(#1053),#1057);
#1053 = LINE('',#1054,#1055);
#1054 = CARTESIAN_POINT('',(47.625,-17.78));
#1055 = VECTOR('',#1056,1.);
#1056 = DIRECTION('',(1.,0.));
#1057 = ( GEOMETRIC_REPRESENTATION_CONTEXT(2) 
PARAMETRIC_REPRESENTATION_CONTEXT() REPRESENTATION_CONTEXT('2D SPACE',''
  ) );
#1058 = ORIENTED_EDGE('',*,*,#1059,.F.);
#1059 = EDGE_CURVE('',#1060,#1032,#1062,.T.);
#1060 = VERTEX_POINT('',#1061);
#1061 = CARTESIAN_POINT('',(-36.8935,-41.16930814028,0.));
#1062 = SURFACE_CURVE('',#1063,(#1067,#1074),.PCURVE_S1.);
#1063 = LINE('',#1064,#1065);
#1064 = CARTESIAN_POINT('',(-36.8935,-40.259,1.110223024625E-15));
#1065 = VECTOR('',#1066,1.);
#1066 = DIRECTION('',(-1.224646799147E-16,-1.,0.));
#1067 = PCURVE('',#158,#1068);
#1068 = DEFINITIONAL_REPRESENTATION('',(#1069),#1073);
#1069 = LINE('',#1070,#1071);
#1070 = CARTESIAN_POINT('',(-36.8935,-40.259));
#1071 = VECTOR('',#1072,1.);
#1072 = DIRECTION('',(-1.224646799147E-16,-1.));
#1073 = ( GEOMETRIC_REPRESENTATION_CONTEXT(2) 
PARAMETRIC_REPRESENTATION_CONTEXT() REPRESENTATION_CONTEXT('2D SPACE',''
  ) );
#1074 = PCURVE('',#1075,#1080);
#1075 = PLANE('',#1076);
#1076 = AXIS2_PLACEMENT_3D('',#1077,#1078,#1079);
#1077 = CARTESIAN_POINT('',(-36.8935,-40.259,-19.812));
#1078 = DIRECTION('',(-1.,1.224646799147E-16,0.));
#1079 = DIRECTION('',(0.,0.,1.));
#1080 = DEFINITIONAL_REPRESENTATION('',(#1081),#1085);
#1081 = LINE('',#1082,#1083);
#1082 = CARTESIAN_POINT('',(19.812,0.));
#1083 = VECTOR('',#1084,1.);
#1084 = DIRECTION('',(0.,-1.));
#1085 = ( GEOMETRIC_REPRESENTATION_CONTEXT(2) 
PARAMETRIC_REPRESENTATION_CONTEXT() REPRESENTATION_CONTEXT('2D SPACE',''
  ) );
#1086 = ORIENTED_EDGE('',*,*,#1087,.T.);
#1087 = EDGE_CURVE('',#1060,#1088,#1090,.T.);
#1088 = VERTEX_POINT('',#1089);
#1089 = CARTESIAN_POINT('',(-55.1815,-41.86856019437,0.));
#1090 = SURFACE_CURVE('',#1091,(#1096,#1107),.PCURVE_S1.);
#1091 = CIRCLE('',#1092,42.545);
#1092 = AXIS2_PLACEMENT_3D('',#1093,#1094,#1095);
#1093 = CARTESIAN_POINT('',(-47.625,0.,0.));
#1094 = DIRECTION('',(0.,-0.,-1.));
#1095 = DIRECTION('',(1.,0.,-0.));
#1096 = PCURVE('',#158,#1097);
#1097 = DEFINITIONAL_REPRESENTATION('',(#1098),#1106);
#1098 = ( BOUNDED_CURVE() B_SPLINE_CURVE(2,(#1099,#1100,#1101,#1102,
#1103,#1104,#1105),.UNSPECIFIED.,.T.,.F.) B_SPLINE_CURVE_WITH_KNOTS((1,2
    ,2,2,2,1),(-2.094395102393,0.,2.094395102393,4.188790204786,
6.28318530718,8.377580409573),.UNSPECIFIED.) CURVE() 
GEOMETRIC_REPRESENTATION_ITEM() RATIONAL_B_SPLINE_CURVE((1.,0.5,1.,0.5,
1.,0.5,1.)) REPRESENTATION_ITEM('') );
#1099 = CARTESIAN_POINT('',(-5.08,0.));
#1100 = CARTESIAN_POINT('',(-5.08,-73.69010160801));
#1101 = CARTESIAN_POINT('',(-68.8975,-36.845050804));
#1102 = CARTESIAN_POINT('',(-132.715,-1.042051961394E-14));
#1103 = CARTESIAN_POINT('',(-68.8975,36.845050804009));
#1104 = CARTESIAN_POINT('',(-5.08,73.690101608018));
#1105 = CARTESIAN_POINT('',(-5.08,0.));
#1106 = ( GEOMETRIC_REPRESENTATION_CONTEXT(2) 
PARAMETRIC_REPRESENTATION_CONTEXT() REPRESENTATION_CONTEXT('2D SPACE',''
  ) );
#1107 = PCURVE('',#765,#1108);
#1108 = DEFINITIONAL_REPRESENTATION('',(#1109),#1112);
#1109 = B_SPLINE_CURVE_WITH_KNOTS('',1,(#1110,#1111),.UNSPECIFIED.,.F.,
  .F.,(2,2),(1.315803150096,1.749355602193),.PIECEWISE_BEZIER_KNOTS.);
#1110 = CARTESIAN_POINT('',(-4.967382157083,-13.97));
#1111 = CARTESIAN_POINT('',(-4.533829704987,-13.97));
#1112 = ( GEOMETRIC_REPRESENTATION_CONTEXT(2) 
PARAMETRIC_REPRESENTATION_CONTEXT() REPRESENTATION_CONTEXT('2D SPACE',''
  ) );
#1113 = ORIENTED_EDGE('',*,*,#1114,.T.);
#1114 = EDGE_CURVE('',#1088,#689,#1115,.T.);
#1115 = SURFACE_CURVE('',#1116,(#1120,#1127),.PCURVE_S1.);
#1116 = LINE('',#1117,#1118);
#1117 = CARTESIAN_POINT('',(-55.1815,-40.259,1.110223024625E-15));
#1118 = VECTOR('',#1119,1.);
#1119 = DIRECTION('',(-1.224646799147E-16,-1.,0.));
#1120 = PCURVE('',#158,#1121);
#1121 = DEFINITIONAL_REPRESENTATION('',(#1122),#1126);
#1122 = LINE('',#1123,#1124);
#1123 = CARTESIAN_POINT('',(-55.1815,-40.259));
#1124 = VECTOR('',#1125,1.);
#1125 = DIRECTION('',(-1.224646799147E-16,-1.));
#1126 = ( GEOMETRIC_REPRESENTATION_CONTEXT(2) 
PARAMETRIC_REPRESENTATION_CONTEXT() REPRESENTATION_CONTEXT('2D SPACE',''
  ) );
#1127 = PCURVE('',#1128,#1133);
#1128 = PLANE('',#1129);
#1129 = AXIS2_PLACEMENT_3D('',#1130,#1131,#1132);
#1130 = CARTESIAN_POINT('',(-55.1815,-40.259,-19.812));
#1131 = DIRECTION('',(-1.,1.224646799147E-16,0.));
#1132 = DIRECTION('',(0.,0.,1.));
#1133 = DEFINITIONAL_REPRESENTATION('',(#1134),#1138);
#1134 = LINE('',#1135,#1136);
#1135 = CARTESIAN_POINT('',(19.812,0.));
#1136 = VECTOR('',#1137,1.);
#1137 = DIRECTION('',(0.,-1.));
#1138 = ( GEOMETRIC_REPRESENTATION_CONTEXT(2) 
PARAMETRIC_REPRESENTATION_CONTEXT() REPRESENTATION_CONTEXT('2D SPACE',''
  ) );
#1139 = FACE_BOUND('',#1140,.F.);
#1140 = EDGE_LOOP('',(#1141,#1171,#1199,#1227));
#1141 = ORIENTED_EDGE('',*,*,#1142,.T.);
#1142 = EDGE_CURVE('',#1143,#1145,#1147,.T.);
#1143 = VERTEX_POINT('',#1144);
#1144 = CARTESIAN_POINT('',(53.6575,47.510263650866,0.));
#1145 = VERTEX_POINT('',#1146);
#1146 = CARTESIAN_POINT('',(38.4175,47.510263650866,0.));
#1147 = SURFACE_CURVE('',#1148,(#1152,#1159),.PCURVE_S1.);
#1148 = LINE('',#1149,#1150);
#1149 = CARTESIAN_POINT('',(19.20875,47.510263650866,0.));
#1150 = VECTOR('',#1151,1.);
#1151 = DIRECTION('',(-1.,0.,0.));
#1152 = PCURVE('',#158,#1153);
#1153 = DEFINITIONAL_REPRESENTATION('',(#1154),#1158);
#1154 = LINE('',#1155,#1156);
#1155 = CARTESIAN_POINT('',(19.20875,47.510263650866));
#1156 = VECTOR('',#1157,1.);
#1157 = DIRECTION('',(-1.,0.));
#1158 = ( GEOMETRIC_REPRESENTATION_CONTEXT(2) 
PARAMETRIC_REPRESENTATION_CONTEXT() REPRESENTATION_CONTEXT('2D SPACE',''
  ) );
#1159 = PCURVE('',#1160,#1165);
#1160 = PLANE('',#1161);
#1161 = AXIS2_PLACEMENT_3D('',#1162,#1163,#1164);
#1162 = CARTESIAN_POINT('',(38.4175,47.510263650866,-18.288));
#1163 = DIRECTION('',(0.,1.,0.));
#1164 = DIRECTION('',(0.,0.,1.));
#1165 = DEFINITIONAL_REPRESENTATION('',(#1166),#1170);
#1166 = LINE('',#1167,#1168);
#1167 = CARTESIAN_POINT('',(18.288,-19.20875));
#1168 = VECTOR('',#1169,1.);
#1169 = DIRECTION('',(0.,-1.));
#1170 = ( GEOMETRIC_REPRESENTATION_CONTEXT(2) 
PARAMETRIC_REPRESENTATION_CONTEXT() REPRESENTATION_CONTEXT('2D SPACE',''
  ) );
#1171 = ORIENTED_EDGE('',*,*,#1172,.T.);
#1172 = EDGE_CURVE('',#1145,#1173,#1175,.T.);
#1173 = VERTEX_POINT('',#1174);
#1174 = CARTESIAN_POINT('',(38.4175,49.161263650866,0.));
#1175 = SURFACE_CURVE('',#1176,(#1180,#1187),.PCURVE_S1.);
#1176 = LINE('',#1177,#1178);
#1177 = CARTESIAN_POINT('',(38.4175,23.755131825433,0.));
#1178 = VECTOR('',#1179,1.);
#1179 = DIRECTION('',(0.,1.,0.));
#1180 = PCURVE('',#158,#1181);
#1181 = DEFINITIONAL_REPRESENTATION('',(#1182),#1186);
#1182 = LINE('',#1183,#1184);
#1183 = CARTESIAN_POINT('',(38.4175,23.755131825433));
#1184 = VECTOR('',#1185,1.);
#1185 = DIRECTION('',(0.,1.));
#1186 = ( GEOMETRIC_REPRESENTATION_CONTEXT(2) 
PARAMETRIC_REPRESENTATION_CONTEXT() REPRESENTATION_CONTEXT('2D SPACE',''
  ) );
#1187 = PCURVE('',#1188,#1193);
#1188 = PLANE('',#1189);
#1189 = AXIS2_PLACEMENT_3D('',#1190,#1191,#1192);
#1190 = CARTESIAN_POINT('',(38.4175,47.510263650866,-18.288));
#1191 = DIRECTION('',(1.,0.,0.));
#1192 = DIRECTION('',(0.,0.,1.));
#1193 = DEFINITIONAL_REPRESENTATION('',(#1194),#1198);
#1194 = LINE('',#1195,#1196);
#1195 = CARTESIAN_POINT('',(18.288,23.755131825433));
#1196 = VECTOR('',#1197,1.);
#1197 = DIRECTION('',(0.,-1.));
#1198 = ( GEOMETRIC_REPRESENTATION_CONTEXT(2) 
PARAMETRIC_REPRESENTATION_CONTEXT() REPRESENTATION_CONTEXT('2D SPACE',''
  ) );
#1199 = ORIENTED_EDGE('',*,*,#1200,.F.);
#1200 = EDGE_CURVE('',#1201,#1173,#1203,.T.);
#1201 = VERTEX_POINT('',#1202);
#1202 = CARTESIAN_POINT('',(53.6575,49.161263650866,0.));
#1203 = SURFACE_CURVE('',#1204,(#1208,#1215),.PCURVE_S1.);
#1204 = LINE('',#1205,#1206);
#1205 = CARTESIAN_POINT('',(19.20875,49.161263650866,0.));
#1206 = VECTOR('',#1207,1.);
#1207 = DIRECTION('',(-1.,0.,0.));
#1208 = PCURVE('',#158,#1209);
#1209 = DEFINITIONAL_REPRESENTATION('',(#1210),#1214);
#1210 = LINE('',#1211,#1212);
#1211 = CARTESIAN_POINT('',(19.20875,49.161263650866));
#1212 = VECTOR('',#1213,1.);
#1213 = DIRECTION('',(-1.,0.));
#1214 = ( GEOMETRIC_REPRESENTATION_CONTEXT(2) 
PARAMETRIC_REPRESENTATION_CONTEXT() REPRESENTATION_CONTEXT('2D SPACE',''
  ) );
#1215 = PCURVE('',#1216,#1221);
#1216 = PLANE('',#1217);
#1217 = AXIS2_PLACEMENT_3D('',#1218,#1219,#1220);
#1218 = CARTESIAN_POINT('',(38.4175,49.161263650866,-18.288));
#1219 = DIRECTION('',(0.,1.,0.));
#1220 = DIRECTION('',(0.,0.,1.));
#1221 = DEFINITIONAL_REPRESENTATION('',(#1222),#1226);
#1222 = LINE('',#1223,#1224);
#1223 = CARTESIAN_POINT('',(18.288,-19.20875));
#1224 = VECTOR('',#1225,1.);
#1225 = DIRECTION('',(0.,-1.));
#1226 = ( GEOMETRIC_REPRESENTATION_CONTEXT(2) 
PARAMETRIC_REPRESENTATION_CONTEXT() REPRESENTATION_CONTEXT('2D SPACE',''
  ) );
#1227 = ORIENTED_EDGE('',*,*,#1228,.F.);
#1228 = EDGE_CURVE('',#1143,#1201,#1229,.T.);
#1229 = SURFACE_CURVE('',#1230,(#1234,#1241),.PCURVE_S1.);
#1230 = LINE('',#1231,#1232);
#1231 = CARTESIAN_POINT('',(53.6575,23.755131825433,0.));
#1232 = VECTOR('',#1233,1.);
#1233 = DIRECTION('',(0.,1.,0.));
#1234 = PCURVE('',#158,#1235);
#1235 = DEFINITIONAL_REPRESENTATION('',(#1236),#1240);
#1236 = LINE('',#1237,#1238);
#1237 = CARTESIAN_POINT('',(53.6575,23.755131825433));
#1238 = VECTOR('',#1239,1.);
#1239 = DIRECTION('',(0.,1.));
#1240 = ( GEOMETRIC_REPRESENTATION_CONTEXT(2) 
PARAMETRIC_REPRESENTATION_CONTEXT() REPRESENTATION_CONTEXT('2D SPACE',''
  ) );
#1241 = PCURVE('',#1242,#1247);
#1242 = PLANE('',#1243);
#1243 = AXIS2_PLACEMENT_3D('',#1244,#1245,#1246);
#1244 = CARTESIAN_POINT('',(53.6575,47.510263650866,-18.288));
#1245 = DIRECTION('',(1.,0.,0.));
#1246 = DIRECTION('',(0.,0.,1.));
#1247 = DEFINITIONAL_REPRESENTATION('',(#1248),#1252);
#1248 = LINE('',#1249,#1250);
#1249 = CARTESIAN_POINT('',(18.288,23.755131825433));
#1250 = VECTOR('',#1251,1.);
#1251 = DIRECTION('',(0.,-1.));
#1252 = ( GEOMETRIC_REPRESENTATION_CONTEXT(2) 
PARAMETRIC_REPRESENTATION_CONTEXT() REPRESENTATION_CONTEXT('2D SPACE',''
  ) );
#1253 = ADVANCED_FACE('',(#1254,#1280,#1539),#105,.T.);
#1254 = FACE_BOUND('',#1255,.T.);
#1255 = EDGE_LOOP('',(#1256,#1257,#1258,#1279));
#1256 = ORIENTED_EDGE('',*,*,#89,.F.);
#1257 = ORIENTED_EDGE('',*,*,#174,.T.);
#1258 = ORIENTED_EDGE('',*,*,#1259,.T.);
#1259 = EDGE_CURVE('',#175,#251,#1260,.T.);
#1260 = SURFACE_CURVE('',#1261,(#1265,#1272),.PCURVE_S1.);
#1261 = LINE('',#1262,#1263);
#1262 = CARTESIAN_POINT('',(0.,-57.15,3.3528));
#1263 = VECTOR('',#1264,1.);
#1264 = DIRECTION('',(1.,0.,-0.));
#1265 = PCURVE('',#105,#1266);
#1266 = DEFINITIONAL_REPRESENTATION('',(#1267),#1271);
#1267 = LINE('',#1268,#1269);
#1268 = CARTESIAN_POINT('',(0.,-57.15));
#1269 = VECTOR('',#1270,1.);
#1270 = DIRECTION('',(1.,0.));
#1271 = ( GEOMETRIC_REPRESENTATION_CONTEXT(2) 
PARAMETRIC_REPRESENTATION_CONTEXT() REPRESENTATION_CONTEXT('2D SPACE',''
  ) );
#1272 = PCURVE('',#212,#1273);
#1273 = DEFINITIONAL_REPRESENTATION('',(#1274),#1278);
#1274 = LINE('',#1275,#1276);
#1275 = CARTESIAN_POINT('',(47.625,-3.3528));
#1276 = VECTOR('',#1277,1.);
#1277 = DIRECTION('',(1.,0.));
#1278 = ( GEOMETRIC_REPRESENTATION_CONTEXT(2) 
PARAMETRIC_REPRESENTATION_CONTEXT() REPRESENTATION_CONTEXT('2D SPACE',''
  ) );
#1279 = ORIENTED_EDGE('',*,*,#272,.T.);
#1280 = FACE_BOUND('',#1281,.T.);
#1281 = EDGE_LOOP('',(#1282,#1311,#1338,#1366,#1398,#1426,#1453,#1481,
    #1513));
#1282 = ORIENTED_EDGE('',*,*,#1283,.T.);
#1283 = EDGE_CURVE('',#1284,#1286,#1288,.T.);
#1284 = VERTEX_POINT('',#1285);
#1285 = CARTESIAN_POINT('',(-83.70520625097,22.545415096802,3.3528));
#1286 = VERTEX_POINT('',#1287);
#1287 = CARTESIAN_POINT('',(-5.08,0.,3.3528));
#1288 = SURFACE_CURVE('',#1289,(#1294,#1305),.PCURVE_S1.);
#1289 = CIRCLE('',#1290,42.545);
#1290 = AXIS2_PLACEMENT_3D('',#1291,#1292,#1293);
#1291 = CARTESIAN_POINT('',(-47.625,0.,3.3528));
#1292 = DIRECTION('',(0.,-0.,-1.));
#1293 = DIRECTION('',(1.,0.,-0.));
#1294 = PCURVE('',#105,#1295);
#1295 = DEFINITIONAL_REPRESENTATION('',(#1296),#1304);
#1296 = ( BOUNDED_CURVE() B_SPLINE_CURVE(2,(#1297,#1298,#1299,#1300,
#1301,#1302,#1303),.UNSPECIFIED.,.T.,.F.) B_SPLINE_CURVE_WITH_KNOTS((1,2
    ,2,2,2,1),(-2.094395102393,0.,2.094395102393,4.188790204786,
6.28318530718,8.377580409573),.UNSPECIFIED.) CURVE() 
GEOMETRIC_REPRESENTATION_ITEM() RATIONAL_B_SPLINE_CURVE((1.,0.5,1.,0.5,
1.,0.5,1.)) REPRESENTATION_ITEM('') );
#1297 = CARTESIAN_POINT('',(-5.08,0.));
#1298 = CARTESIAN_POINT('',(-5.08,-73.69010160801));
#1299 = CARTESIAN_POINT('',(-68.8975,-36.845050804));
#1300 = CARTESIAN_POINT('',(-132.715,-1.042051961394E-14));
#1301 = CARTESIAN_POINT('',(-68.8975,36.845050804009));
#1302 = CARTESIAN_POINT('',(-5.08,73.690101608018));
#1303 = CARTESIAN_POINT('',(-5.08,0.));
#1304 = ( GEOMETRIC_REPRESENTATION_CONTEXT(2) 
PARAMETRIC_REPRESENTATION_CONTEXT() REPRESENTATION_CONTEXT('2D SPACE',''
  ) );
#1305 = PCURVE('',#765,#1306);
#1306 = DEFINITIONAL_REPRESENTATION('',(#1307),#1310);
#1307 = B_SPLINE_CURVE_WITH_KNOTS('',1,(#1308,#1309),.UNSPECIFIED.,.F.,
  .F.,(2,2),(3.700098014228,6.28318530718),.PIECEWISE_BEZIER_KNOTS.);
#1308 = CARTESIAN_POINT('',(-2.583087292952,-17.3228));
#1309 = CARTESIAN_POINT('',(0.,-17.3228));
#1310 = ( GEOMETRIC_REPRESENTATION_CONTEXT(2) 
PARAMETRIC_REPRESENTATION_CONTEXT() REPRESENTATION_CONTEXT('2D SPACE',''
  ) );
#1311 = ORIENTED_EDGE('',*,*,#1312,.T.);
#1312 = EDGE_CURVE('',#1286,#1313,#1315,.T.);
#1313 = VERTEX_POINT('',#1314);
#1314 = CARTESIAN_POINT('',(-5.49404501539,-5.921119580346,3.3528));
#1315 = SURFACE_CURVE('',#1316,(#1321,#1332),.PCURVE_S1.);
#1316 = CIRCLE('',#1317,42.545);
#1317 = AXIS2_PLACEMENT_3D('',#1318,#1319,#1320);
#1318 = CARTESIAN_POINT('',(-47.625,0.,3.3528));
#1319 = DIRECTION('',(0.,-0.,-1.));
#1320 = DIRECTION('',(1.,0.,-0.));
#1321 = PCURVE('',#105,#1322);
#1322 = DEFINITIONAL_REPRESENTATION('',(#1323),#1331);
#1323 = ( BOUNDED_CURVE() B_SPLINE_CURVE(2,(#1324,#1325,#1326,#1327,
#1328,#1329,#1330),.UNSPECIFIED.,.T.,.F.) B_SPLINE_CURVE_WITH_KNOTS((1,2
    ,2,2,2,1),(-2.094395102393,0.,2.094395102393,4.188790204786,
6.28318530718,8.377580409573),.UNSPECIFIED.) CURVE() 
GEOMETRIC_REPRESENTATION_ITEM() RATIONAL_B_SPLINE_CURVE((1.,0.5,1.,0.5,
1.,0.5,1.)) REPRESENTATION_ITEM('') );
#1324 = CARTESIAN_POINT('',(-5.08,0.));
#1325 = CARTESIAN_POINT('',(-5.08,-73.69010160801));
#1326 = CARTESIAN_POINT('',(-68.8975,-36.845050804));
#1327 = CARTESIAN_POINT('',(-132.715,-1.042051961394E-14));
#1328 = CARTESIAN_POINT('',(-68.8975,36.845050804009));
#1329 = CARTESIAN_POINT('',(-5.08,73.690101608018));
#1330 = CARTESIAN_POINT('',(-5.08,0.));
#1331 = ( GEOMETRIC_REPRESENTATION_CONTEXT(2) 
PARAMETRIC_REPRESENTATION_CONTEXT() REPRESENTATION_CONTEXT('2D SPACE',''
  ) );
#1332 = PCURVE('',#765,#1333);
#1333 = DEFINITIONAL_REPRESENTATION('',(#1334),#1337);
#1334 = B_SPLINE_CURVE_WITH_KNOTS('',1,(#1335,#1336),.UNSPECIFIED.,.F.,
  .F.,(2,2),(0.,0.13962634016),.PIECEWISE_BEZIER_KNOTS.);
#1335 = CARTESIAN_POINT('',(-6.28318530718,-17.3228));
#1336 = CARTESIAN_POINT('',(-6.14355896702,-17.3228));
#1337 = ( GEOMETRIC_REPRESENTATION_CONTEXT(2) 
PARAMETRIC_REPRESENTATION_CONTEXT() REPRESENTATION_CONTEXT('2D SPACE',''
  ) );
#1338 = ORIENTED_EDGE('',*,*,#1339,.T.);
#1339 = EDGE_CURVE('',#1313,#1340,#1342,.T.);
#1340 = VERTEX_POINT('',#1341);
#1341 = CARTESIAN_POINT('',(-1.595359628754,-6.469044078827,3.3528));
#1342 = SURFACE_CURVE('',#1343,(#1347,#1354),.PCURVE_S1.);
#1343 = LINE('',#1344,#1345);
#1344 = CARTESIAN_POINT('',(-1.258907747112,-6.516329307109,3.3528));
#1345 = VECTOR('',#1346,1.);
#1346 = DIRECTION('',(0.990268068742,-0.13917310096,0.));
#1347 = PCURVE('',#105,#1348);
#1348 = DEFINITIONAL_REPRESENTATION('',(#1349),#1353);
#1349 = LINE('',#1350,#1351);
#1350 = CARTESIAN_POINT('',(-1.258907747112,-6.516329307109));
#1351 = VECTOR('',#1352,1.);
#1352 = DIRECTION('',(0.990268068742,-0.13917310096));
#1353 = ( GEOMETRIC_REPRESENTATION_CONTEXT(2) 
PARAMETRIC_REPRESENTATION_CONTEXT() REPRESENTATION_CONTEXT('2D SPACE',''
  ) );
#1354 = PCURVE('',#1355,#1360);
#1355 = PLANE('',#1356);
#1356 = AXIS2_PLACEMENT_3D('',#1357,#1358,#1359);
#1357 = CARTESIAN_POINT('',(-1.595359628754,-6.469044078826,-11.43));
#1358 = DIRECTION('',(-0.13917310096,-0.990268068742,0.));
#1359 = DIRECTION('',(-0.990268068742,0.13917310096,0.));
#1360 = DEFINITIONAL_REPRESENTATION('',(#1361),#1365);
#1361 = LINE('',#1362,#1363);
#1362 = CARTESIAN_POINT('',(-0.339758386909,-14.7828));
#1363 = VECTOR('',#1364,1.);
#1364 = DIRECTION('',(-1.,-0.));
#1365 = ( GEOMETRIC_REPRESENTATION_CONTEXT(2) 
PARAMETRIC_REPRESENTATION_CONTEXT() REPRESENTATION_CONTEXT('2D SPACE',''
  ) );
#1366 = ORIENTED_EDGE('',*,*,#1367,.T.);
#1367 = EDGE_CURVE('',#1340,#1368,#1370,.T.);
#1368 = VERTEX_POINT('',#1369);
#1369 = CARTESIAN_POINT('',(-8.206028394458,-24.63170724008,3.3528));
#1370 = SURFACE_CURVE('',#1371,(#1376,#1387),.PCURVE_S1.);
#1371 = CIRCLE('',#1372,46.482);
#1372 = AXIS2_PLACEMENT_3D('',#1373,#1374,#1375);
#1373 = CARTESIAN_POINT('',(-47.625,0.,3.3528));
#1374 = DIRECTION('',(0.,-0.,-1.));
#1375 = DIRECTION('',(1.,0.,-0.));
#1376 = PCURVE('',#105,#1377);
#1377 = DEFINITIONAL_REPRESENTATION('',(#1378),#1386);
#1378 = ( BOUNDED_CURVE() B_SPLINE_CURVE(2,(#1379,#1380,#1381,#1382,
#1383,#1384,#1385),.UNSPECIFIED.,.T.,.F.) B_SPLINE_CURVE_WITH_KNOTS((1,2
    ,2,2,2,1),(-2.094395102393,0.,2.094395102393,4.188790204786,
6.28318530718,8.377580409573),.UNSPECIFIED.) CURVE() 
GEOMETRIC_REPRESENTATION_ITEM() RATIONAL_B_SPLINE_CURVE((1.,0.5,1.,0.5,
1.,0.5,1.)) REPRESENTATION_ITEM('') );
#1379 = CARTESIAN_POINT('',(-1.143,0.));
#1380 = CARTESIAN_POINT('',(-1.143,-80.50918563741));
#1381 = CARTESIAN_POINT('',(-70.866,-40.2545928187));
#1382 = CARTESIAN_POINT('',(-140.589,-1.138480650359E-14));
#1383 = CARTESIAN_POINT('',(-70.866,40.254592818708));
#1384 = CARTESIAN_POINT('',(-1.143,80.509185637417));
#1385 = CARTESIAN_POINT('',(-1.143,0.));
#1386 = ( GEOMETRIC_REPRESENTATION_CONTEXT(2) 
PARAMETRIC_REPRESENTATION_CONTEXT() REPRESENTATION_CONTEXT('2D SPACE',''
  ) );
#1387 = PCURVE('',#1388,#1393);
#1388 = CYLINDRICAL_SURFACE('',#1389,46.482);
#1389 = AXIS2_PLACEMENT_3D('',#1390,#1391,#1392);
#1390 = CARTESIAN_POINT('',(-47.625,0.,-11.43));
#1391 = DIRECTION('',(-0.,-0.,-1.));
#1392 = DIRECTION('',(1.,0.,-0.));
#1393 = DEFINITIONAL_REPRESENTATION('',(#1394),#1397);
#1394 = B_SPLINE_CURVE_WITH_KNOTS('',1,(#1395,#1396),.UNSPECIFIED.,.F.,
  .F.,(2,2),(0.13962634016,0.558505360638),.PIECEWISE_BEZIER_KNOTS.);
#1395 = CARTESIAN_POINT('',(-6.14355896702,-14.7828));
#1396 = CARTESIAN_POINT('',(-5.724679946541,-14.7828));
#1397 = ( GEOMETRIC_REPRESENTATION_CONTEXT(2) 
PARAMETRIC_REPRESENTATION_CONTEXT() REPRESENTATION_CONTEXT('2D SPACE',''
  ) );
#1398 = ORIENTED_EDGE('',*,*,#1399,.T.);
#1399 = EDGE_CURVE('',#1368,#1400,#1402,.T.);
#1400 = VERTEX_POINT('',#1401);
#1401 = CARTESIAN_POINT('',(-11.54479374902,-22.5454150968,3.3528));
#1402 = SURFACE_CURVE('',#1403,(#1407,#1414),.PCURVE_S1.);
#1403 = LINE('',#1404,#1405);
#1404 = CARTESIAN_POINT('',(-13.48246043606,-21.33462656985,3.3528));
#1405 = VECTOR('',#1406,1.);
#1406 = DIRECTION('',(-0.848048096156,0.529919264233,0.));
#1407 = PCURVE('',#105,#1408);
#1408 = DEFINITIONAL_REPRESENTATION('',(#1409),#1413);
#1409 = LINE('',#1410,#1411);
#1410 = CARTESIAN_POINT('',(-13.48246043606,-21.33462656985));
#1411 = VECTOR('',#1412,1.);
#1412 = DIRECTION('',(-0.848048096156,0.529919264233));
#1413 = ( GEOMETRIC_REPRESENTATION_CONTEXT(2) 
PARAMETRIC_REPRESENTATION_CONTEXT() REPRESENTATION_CONTEXT('2D SPACE',''
  ) );
#1414 = PCURVE('',#1415,#1420);
#1415 = PLANE('',#1416);
#1416 = AXIS2_PLACEMENT_3D('',#1417,#1418,#1419);
#1417 = CARTESIAN_POINT('',(-13.59113380505,-21.2667199122,-11.43));
#1418 = DIRECTION('',(0.529919264233,0.848048096156,-0.));
#1419 = DIRECTION('',(0.848048096156,-0.529919264233,0.));
#1420 = DEFINITIONAL_REPRESENTATION('',(#1421),#1425);
#1421 = LINE('',#1422,#1423);
#1422 = CARTESIAN_POINT('',(0.128145289725,-14.7828));
#1423 = VECTOR('',#1424,1.);
#1424 = DIRECTION('',(-1.,-0.));
#1425 = ( GEOMETRIC_REPRESENTATION_CONTEXT(2) 
PARAMETRIC_REPRESENTATION_CONTEXT() REPRESENTATION_CONTEXT('2D SPACE',''
  ) );
#1426 = ORIENTED_EDGE('',*,*,#1427,.T.);
#1427 = EDGE_CURVE('',#1400,#1428,#1430,.T.);
#1428 = VERTEX_POINT('',#1429);
#1429 = CARTESIAN_POINT('',(-89.75595498461,5.921119580346,3.3528));
#1430 = SURFACE_CURVE('',#1431,(#1436,#1447),.PCURVE_S1.);
#1431 = CIRCLE('',#1432,42.545);
#1432 = AXIS2_PLACEMENT_3D('',#1433,#1434,#1435);
#1433 = CARTESIAN_POINT('',(-47.625,0.,3.3528));
#1434 = DIRECTION('',(0.,-0.,-1.));
#1435 = DIRECTION('',(1.,0.,-0.));
#1436 = PCURVE('',#105,#1437);
#1437 = DEFINITIONAL_REPRESENTATION('',(#1438),#1446);
#1438 = ( BOUNDED_CURVE() B_SPLINE_CURVE(2,(#1439,#1440,#1441,#1442,
#1443,#1444,#1445),.UNSPECIFIED.,.T.,.F.) B_SPLINE_CURVE_WITH_KNOTS((1,2
    ,2,2,2,1),(-2.094395102393,0.,2.094395102393,4.188790204786,
6.28318530718,8.377580409573),.UNSPECIFIED.) CURVE() 
GEOMETRIC_REPRESENTATION_ITEM() RATIONAL_B_SPLINE_CURVE((1.,0.5,1.,0.5,
1.,0.5,1.)) REPRESENTATION_ITEM('') );
#1439 = CARTESIAN_POINT('',(-5.08,0.));
#1440 = CARTESIAN_POINT('',(-5.08,-73.69010160801));
#1441 = CARTESIAN_POINT('',(-68.8975,-36.845050804));
#1442 = CARTESIAN_POINT('',(-132.715,-1.042051961394E-14));
#1443 = CARTESIAN_POINT('',(-68.8975,36.845050804009));
#1444 = CARTESIAN_POINT('',(-5.08,73.690101608018));
#1445 = CARTESIAN_POINT('',(-5.08,0.));
#1446 = ( GEOMETRIC_REPRESENTATION_CONTEXT(2) 
PARAMETRIC_REPRESENTATION_CONTEXT() REPRESENTATION_CONTEXT('2D SPACE',''
  ) );
#1447 = PCURVE('',#765,#1448);
#1448 = DEFINITIONAL_REPRESENTATION('',(#1449),#1452);
#1449 = B_SPLINE_CURVE_WITH_KNOTS('',1,(#1450,#1451),.UNSPECIFIED.,.F.,
  .F.,(2,2),(0.558505360638,3.281218993749),.PIECEWISE_BEZIER_KNOTS.);
#1450 = CARTESIAN_POINT('',(-5.724679946541,-17.3228));
#1451 = CARTESIAN_POINT('',(-3.00196631343,-17.3228));
#1452 = ( GEOMETRIC_REPRESENTATION_CONTEXT(2) 
PARAMETRIC_REPRESENTATION_CONTEXT() REPRESENTATION_CONTEXT('2D SPACE',''
  ) );
#1453 = ORIENTED_EDGE('',*,*,#1454,.T.);
#1454 = EDGE_CURVE('',#1428,#1455,#1457,.T.);
#1455 = VERTEX_POINT('',#1456);
#1456 = CARTESIAN_POINT('',(-93.65464037124,6.469044078826,3.3528));
#1457 = SURFACE_CURVE('',#1458,(#1462,#1469),.PCURVE_S1.);
#1458 = LINE('',#1459,#1460);
#1459 = CARTESIAN_POINT('',(-47.28854811835,-4.728522828327E-02,3.3528)
  );
#1460 = VECTOR('',#1461,1.);
#1461 = DIRECTION('',(-0.990268068742,0.13917310096,0.));
#1462 = PCURVE('',#105,#1463);
#1463 = DEFINITIONAL_REPRESENTATION('',(#1464),#1468);
#1464 = LINE('',#1465,#1466);
#1465 = CARTESIAN_POINT('',(-47.28854811835,-4.728522828327E-02));
#1466 = VECTOR('',#1467,1.);
#1467 = DIRECTION('',(-0.990268068742,0.13917310096));
#1468 = ( GEOMETRIC_REPRESENTATION_CONTEXT(2) 
PARAMETRIC_REPRESENTATION_CONTEXT() REPRESENTATION_CONTEXT('2D SPACE',''
  ) );
#1469 = PCURVE('',#1470,#1475);
#1470 = PLANE('',#1471);
#1471 = AXIS2_PLACEMENT_3D('',#1472,#1473,#1474);
#1472 = CARTESIAN_POINT('',(-93.65464037124,6.469044078826,-11.43));
#1473 = DIRECTION('',(0.13917310096,0.990268068742,-0.));
#1474 = DIRECTION('',(0.990268068742,-0.13917310096,0.));
#1475 = DEFINITIONAL_REPRESENTATION('',(#1476),#1480);
#1476 = LINE('',#1477,#1478);
#1477 = CARTESIAN_POINT('',(46.821758386909,-14.7828));
#1478 = VECTOR('',#1479,1.);
#1479 = DIRECTION('',(-1.,-0.));
#1480 = ( GEOMETRIC_REPRESENTATION_CONTEXT(2) 
PARAMETRIC_REPRESENTATION_CONTEXT() REPRESENTATION_CONTEXT('2D SPACE',''
  ) );
#1481 = ORIENTED_EDGE('',*,*,#1482,.T.);
#1482 = EDGE_CURVE('',#1455,#1483,#1485,.T.);
#1483 = VERTEX_POINT('',#1484);
#1484 = CARTESIAN_POINT('',(-87.04397160554,24.631707240089,3.3528));
#1485 = SURFACE_CURVE('',#1486,(#1491,#1502),.PCURVE_S1.);
#1486 = CIRCLE('',#1487,46.482);
#1487 = AXIS2_PLACEMENT_3D('',#1488,#1489,#1490);
#1488 = CARTESIAN_POINT('',(-47.625,0.,3.3528));
#1489 = DIRECTION('',(0.,-0.,-1.));
#1490 = DIRECTION('',(1.,0.,-0.));
#1491 = PCURVE('',#105,#1492);
#1492 = DEFINITIONAL_REPRESENTATION('',(#1493),#1501);
#1493 = ( BOUNDED_CURVE() B_SPLINE_CURVE(2,(#1494,#1495,#1496,#1497,
#1498,#1499,#1500),.UNSPECIFIED.,.T.,.F.) B_SPLINE_CURVE_WITH_KNOTS((1,2
    ,2,2,2,1),(-2.094395102393,0.,2.094395102393,4.188790204786,
6.28318530718,8.377580409573),.UNSPECIFIED.) CURVE() 
GEOMETRIC_REPRESENTATION_ITEM() RATIONAL_B_SPLINE_CURVE((1.,0.5,1.,0.5,
1.,0.5,1.)) REPRESENTATION_ITEM('') );
#1494 = CARTESIAN_POINT('',(-1.143,0.));
#1495 = CARTESIAN_POINT('',(-1.143,-80.50918563741));
#1496 = CARTESIAN_POINT('',(-70.866,-40.2545928187));
#1497 = CARTESIAN_POINT('',(-140.589,-1.138480650359E-14));
#1498 = CARTESIAN_POINT('',(-70.866,40.254592818708));
#1499 = CARTESIAN_POINT('',(-1.143,80.509185637417));
#1500 = CARTESIAN_POINT('',(-1.143,0.));
#1501 = ( GEOMETRIC_REPRESENTATION_CONTEXT(2) 
PARAMETRIC_REPRESENTATION_CONTEXT() REPRESENTATION_CONTEXT('2D SPACE',''
  ) );
#1502 = PCURVE('',#1503,#1508);
#1503 = CYLINDRICAL_SURFACE('',#1504,46.482);
#1504 = AXIS2_PLACEMENT_3D('',#1505,#1506,#1507);
#1505 = CARTESIAN_POINT('',(-47.625,0.,-11.43));
#1506 = DIRECTION('',(-0.,-0.,-1.));
#1507 = DIRECTION('',(1.,0.,-0.));
#1508 = DEFINITIONAL_REPRESENTATION('',(#1509),#1512);
#1509 = B_SPLINE_CURVE_WITH_KNOTS('',1,(#1510,#1511),.UNSPECIFIED.,.F.,
  .F.,(2,2),(3.281218993749,3.700098014228),.PIECEWISE_BEZIER_KNOTS.);
#1510 = CARTESIAN_POINT('',(-3.00196631343,-14.7828));
#1511 = CARTESIAN_POINT('',(-2.583087292952,-14.7828));
#1512 = ( GEOMETRIC_REPRESENTATION_CONTEXT(2) 
PARAMETRIC_REPRESENTATION_CONTEXT() REPRESENTATION_CONTEXT('2D SPACE',''
  ) );
#1513 = ORIENTED_EDGE('',*,*,#1514,.T.);
#1514 = EDGE_CURVE('',#1483,#1284,#1515,.T.);
#1515 = SURFACE_CURVE('',#1516,(#1520,#1527),.PCURVE_S1.);
#1516 = LINE('',#1517,#1518);
#1517 = CARTESIAN_POINT('',(-47.51632663101,-6.790665764597E-02,3.3528)
  );
#1518 = VECTOR('',#1519,1.);
#1519 = DIRECTION('',(0.848048096156,-0.529919264233,0.));
#1520 = PCURVE('',#105,#1521);
#1521 = DEFINITIONAL_REPRESENTATION('',(#1522),#1526);
#1522 = LINE('',#1523,#1524);
#1523 = CARTESIAN_POINT('',(-47.51632663101,-6.790665764597E-02));
#1524 = VECTOR('',#1525,1.);
#1525 = DIRECTION('',(0.848048096156,-0.529919264233));
#1526 = ( GEOMETRIC_REPRESENTATION_CONTEXT(2) 
PARAMETRIC_REPRESENTATION_CONTEXT() REPRESENTATION_CONTEXT('2D SPACE',''
  ) );
#1527 = PCURVE('',#1528,#1533);
#1528 = PLANE('',#1529);
#1529 = AXIS2_PLACEMENT_3D('',#1530,#1531,#1532);
#1530 = CARTESIAN_POINT('',(-81.65886619495,21.266719912207,-11.43));
#1531 = DIRECTION('',(-0.529919264233,-0.848048096156,0.));
#1532 = DIRECTION('',(-0.848048096156,0.529919264233,0.));
#1533 = DEFINITIONAL_REPRESENTATION('',(#1534),#1538);
#1534 = LINE('',#1535,#1536);
#1535 = CARTESIAN_POINT('',(-40.26014528972,-14.7828));
#1536 = VECTOR('',#1537,1.);
#1537 = DIRECTION('',(-1.,-0.));
#1538 = ( GEOMETRIC_REPRESENTATION_CONTEXT(2) 
PARAMETRIC_REPRESENTATION_CONTEXT() REPRESENTATION_CONTEXT('2D SPACE',''
  ) );
#1539 = FACE_BOUND('',#1540,.T.);
#1540 = EDGE_LOOP('',(#1541,#1570,#1597,#1625,#1657,#1685,#1712,#1740,
    #1772));
#1541 = ORIENTED_EDGE('',*,*,#1542,.T.);
#1542 = EDGE_CURVE('',#1543,#1545,#1547,.T.);
#1543 = VERTEX_POINT('',#1544);
#1544 = CARTESIAN_POINT('',(11.544793749025,22.545415096802,3.3528));
#1545 = VERTEX_POINT('',#1546);
#1546 = CARTESIAN_POINT('',(90.17,0.,3.3528));
#1547 = SURFACE_CURVE('',#1548,(#1553,#1564),.PCURVE_S1.);
#1548 = CIRCLE('',#1549,42.545);
#1549 = AXIS2_PLACEMENT_3D('',#1550,#1551,#1552);
#1550 = CARTESIAN_POINT('',(47.625,0.,3.3528));
#1551 = DIRECTION('',(0.,-0.,-1.));
#1552 = DIRECTION('',(1.,0.,-0.));
#1553 = PCURVE('',#105,#1554);
#1554 = DEFINITIONAL_REPRESENTATION('',(#1555),#1563);
#1555 = ( BOUNDED_CURVE() B_SPLINE_CURVE(2,(#1556,#1557,#1558,#1559,
#1560,#1561,#1562),.UNSPECIFIED.,.T.,.F.) B_SPLINE_CURVE_WITH_KNOTS((1,2
    ,2,2,2,1),(-2.094395102393,0.,2.094395102393,4.188790204786,
6.28318530718,8.377580409573),.UNSPECIFIED.) CURVE() 
GEOMETRIC_REPRESENTATION_ITEM() RATIONAL_B_SPLINE_CURVE((1.,0.5,1.,0.5,
1.,0.5,1.)) REPRESENTATION_ITEM('') );
#1556 = CARTESIAN_POINT('',(90.17,0.));
#1557 = CARTESIAN_POINT('',(90.17,-73.69010160801));
#1558 = CARTESIAN_POINT('',(26.3525,-36.845050804));
#1559 = CARTESIAN_POINT('',(-37.465,-1.042051961394E-14));
#1560 = CARTESIAN_POINT('',(26.3525,36.845050804009));
#1561 = CARTESIAN_POINT('',(90.17,73.690101608018));
#1562 = CARTESIAN_POINT('',(90.17,0.));
#1563 = ( GEOMETRIC_REPRESENTATION_CONTEXT(2) 
PARAMETRIC_REPRESENTATION_CONTEXT() REPRESENTATION_CONTEXT('2D SPACE',''
  ) );
#1564 = PCURVE('',#881,#1565);
#1565 = DEFINITIONAL_REPRESENTATION('',(#1566),#1569);
#1566 = B_SPLINE_CURVE_WITH_KNOTS('',1,(#1567,#1568),.UNSPECIFIED.,.F.,
  .F.,(2,2),(3.700098014228,6.28318530718),.PIECEWISE_BEZIER_KNOTS.);
#1567 = CARTESIAN_POINT('',(-2.583087292952,-17.3228));
#1568 = CARTESIAN_POINT('',(0.,-17.3228));
#1569 = ( GEOMETRIC_REPRESENTATION_CONTEXT(2) 
PARAMETRIC_REPRESENTATION_CONTEXT() REPRESENTATION_CONTEXT('2D SPACE',''
  ) );
#1570 = ORIENTED_EDGE('',*,*,#1571,.T.);
#1571 = EDGE_CURVE('',#1545,#1572,#1574,.T.);
#1572 = VERTEX_POINT('',#1573);
#1573 = CARTESIAN_POINT('',(89.75595498461,-5.921119580346,3.3528));
#1574 = SURFACE_CURVE('',#1575,(#1580,#1591),.PCURVE_S1.);
#1575 = CIRCLE('',#1576,42.545);
#1576 = AXIS2_PLACEMENT_3D('',#1577,#1578,#1579);
#1577 = CARTESIAN_POINT('',(47.625,0.,3.3528));
#1578 = DIRECTION('',(0.,-0.,-1.));
#1579 = DIRECTION('',(1.,0.,-0.));
#1580 = PCURVE('',#105,#1581);
#1581 = DEFINITIONAL_REPRESENTATION('',(#1582),#1590);
#1582 = ( BOUNDED_CURVE() B_SPLINE_CURVE(2,(#1583,#1584,#1585,#1586,
#1587,#1588,#1589),.UNSPECIFIED.,.T.,.F.) B_SPLINE_CURVE_WITH_KNOTS((1,2
    ,2,2,2,1),(-2.094395102393,0.,2.094395102393,4.188790204786,
6.28318530718,8.377580409573),.UNSPECIFIED.) CURVE() 
GEOMETRIC_REPRESENTATION_ITEM() RATIONAL_B_SPLINE_CURVE((1.,0.5,1.,0.5,
1.,0.5,1.)) REPRESENTATION_ITEM('') );
#1583 = CARTESIAN_POINT('',(90.17,0.));
#1584 = CARTESIAN_POINT('',(90.17,-73.69010160801));
#1585 = CARTESIAN_POINT('',(26.3525,-36.845050804));
#1586 = CARTESIAN_POINT('',(-37.465,-1.042051961394E-14));
#1587 = CARTESIAN_POINT('',(26.3525,36.845050804009));
#1588 = CARTESIAN_POINT('',(90.17,73.690101608018));
#1589 = CARTESIAN_POINT('',(90.17,0.));
#1590 = ( GEOMETRIC_REPRESENTATION_CONTEXT(2) 
PARAMETRIC_REPRESENTATION_CONTEXT() REPRESENTATION_CONTEXT('2D SPACE',''
  ) );
#1591 = PCURVE('',#881,#1592);
#1592 = DEFINITIONAL_REPRESENTATION('',(#1593),#1596);
#1593 = B_SPLINE_CURVE_WITH_KNOTS('',1,(#1594,#1595),.UNSPECIFIED.,.F.,
  .F.,(2,2),(0.,0.13962634016),.PIECEWISE_BEZIER_KNOTS.);
#1594 = CARTESIAN_POINT('',(-6.28318530718,-17.3228));
#1595 = CARTESIAN_POINT('',(-6.14355896702,-17.3228));
#1596 = ( GEOMETRIC_REPRESENTATION_CONTEXT(2) 
PARAMETRIC_REPRESENTATION_CONTEXT() REPRESENTATION_CONTEXT('2D SPACE',''
  ) );
#1597 = ORIENTED_EDGE('',*,*,#1598,.T.);
#1598 = EDGE_CURVE('',#1572,#1599,#1601,.T.);
#1599 = VERTEX_POINT('',#1600);
#1600 = CARTESIAN_POINT('',(93.654640371246,-6.469044078826,3.3528));
#1601 = SURFACE_CURVE('',#1602,(#1606,#1613),.PCURVE_S1.);
#1602 = LINE('',#1603,#1604);
#1603 = CARTESIAN_POINT('',(47.288548118357,4.728522828327E-02,3.3528));
#1604 = VECTOR('',#1605,1.);
#1605 = DIRECTION('',(0.990268068742,-0.13917310096,0.));
#1606 = PCURVE('',#105,#1607);
#1607 = DEFINITIONAL_REPRESENTATION('',(#1608),#1612);
#1608 = LINE('',#1609,#1610);
#1609 = CARTESIAN_POINT('',(47.288548118357,4.728522828327E-02));
#1610 = VECTOR('',#1611,1.);
#1611 = DIRECTION('',(0.990268068742,-0.13917310096));
#1612 = ( GEOMETRIC_REPRESENTATION_CONTEXT(2) 
PARAMETRIC_REPRESENTATION_CONTEXT() REPRESENTATION_CONTEXT('2D SPACE',''
  ) );
#1613 = PCURVE('',#1614,#1619);
#1614 = PLANE('',#1615);
#1615 = AXIS2_PLACEMENT_3D('',#1616,#1617,#1618);
#1616 = CARTESIAN_POINT('',(93.654640371246,-6.469044078826,-11.43));
#1617 = DIRECTION('',(-0.13917310096,-0.990268068742,0.));
#1618 = DIRECTION('',(-0.990268068742,0.13917310096,0.));
#1619 = DEFINITIONAL_REPRESENTATION('',(#1620),#1624);
#1620 = LINE('',#1621,#1622);
#1621 = CARTESIAN_POINT('',(46.821758386909,-14.7828));
#1622 = VECTOR('',#1623,1.);
#1623 = DIRECTION('',(-1.,0.));
#1624 = ( GEOMETRIC_REPRESENTATION_CONTEXT(2) 
PARAMETRIC_REPRESENTATION_CONTEXT() REPRESENTATION_CONTEXT('2D SPACE',''
  ) );
#1625 = ORIENTED_EDGE('',*,*,#1626,.T.);
#1626 = EDGE_CURVE('',#1599,#1627,#1629,.T.);
#1627 = VERTEX_POINT('',#1628);
#1628 = CARTESIAN_POINT('',(87.043971605542,-24.63170724008,3.3528));
#1629 = SURFACE_CURVE('',#1630,(#1635,#1646),.PCURVE_S1.);
#1630 = CIRCLE('',#1631,46.482);
#1631 = AXIS2_PLACEMENT_3D('',#1632,#1633,#1634);
#1632 = CARTESIAN_POINT('',(47.625,0.,3.3528));
#1633 = DIRECTION('',(0.,0.,-1.));
#1634 = DIRECTION('',(-1.,1.224646799147E-16,0.));
#1635 = PCURVE('',#105,#1636);
#1636 = DEFINITIONAL_REPRESENTATION('',(#1637),#1645);
#1637 = ( BOUNDED_CURVE() B_SPLINE_CURVE(2,(#1638,#1639,#1640,#1641,
#1642,#1643,#1644),.UNSPECIFIED.,.T.,.F.) B_SPLINE_CURVE_WITH_KNOTS((1,2
    ,2,2,2,1),(-2.094395102393,0.,2.094395102393,4.188790204786,
6.28318530718,8.377580409573),.UNSPECIFIED.) CURVE() 
GEOMETRIC_REPRESENTATION_ITEM() RATIONAL_B_SPLINE_CURVE((1.,0.5,1.,0.5,
1.,0.5,1.)) REPRESENTATION_ITEM('') );
#1638 = CARTESIAN_POINT('',(1.143,5.692403251797E-15));
#1639 = CARTESIAN_POINT('',(1.143,80.509185637417));
#1640 = CARTESIAN_POINT('',(70.866,40.254592818708));
#1641 = CARTESIAN_POINT('',(140.589,0.));
#1642 = CARTESIAN_POINT('',(70.866,-40.2545928187));
#1643 = CARTESIAN_POINT('',(1.143,-80.50918563741));
#1644 = CARTESIAN_POINT('',(1.143,5.692403251797E-15));
#1645 = ( GEOMETRIC_REPRESENTATION_CONTEXT(2) 
PARAMETRIC_REPRESENTATION_CONTEXT() REPRESENTATION_CONTEXT('2D SPACE',''
  ) );
#1646 = PCURVE('',#1647,#1652);
#1647 = CYLINDRICAL_SURFACE('',#1648,46.482);
#1648 = AXIS2_PLACEMENT_3D('',#1649,#1650,#1651);
#1649 = CARTESIAN_POINT('',(47.625,7.88860905221E-31,-11.43));
#1650 = DIRECTION('',(0.,0.,-1.));
#1651 = DIRECTION('',(-1.,1.224646799147E-16,0.));
#1652 = DEFINITIONAL_REPRESENTATION('',(#1653),#1656);
#1653 = B_SPLINE_CURVE_WITH_KNOTS('',1,(#1654,#1655),.UNSPECIFIED.,.F.,
  .F.,(2,2),(3.281218993749,3.700098014228),.PIECEWISE_BEZIER_KNOTS.);
#1654 = CARTESIAN_POINT('',(-3.00196631343,-14.7828));
#1655 = CARTESIAN_POINT('',(-2.583087292952,-14.7828));
#1656 = ( GEOMETRIC_REPRESENTATION_CONTEXT(2) 
PARAMETRIC_REPRESENTATION_CONTEXT() REPRESENTATION_CONTEXT('2D SPACE',''
  ) );
#1657 = ORIENTED_EDGE('',*,*,#1658,.T.);
#1658 = EDGE_CURVE('',#1627,#1659,#1661,.T.);
#1659 = VERTEX_POINT('',#1660);
#1660 = CARTESIAN_POINT('',(83.705206250975,-22.5454150968,3.3528));
#1661 = SURFACE_CURVE('',#1662,(#1666,#1673),.PCURVE_S1.);
#1662 = LINE('',#1663,#1664);
#1663 = CARTESIAN_POINT('',(47.516326631017,6.790665764597E-02,3.3528));
#1664 = VECTOR('',#1665,1.);
#1665 = DIRECTION('',(-0.848048096156,0.529919264233,0.));
#1666 = PCURVE('',#105,#1667);
#1667 = DEFINITIONAL_REPRESENTATION('',(#1668),#1672);
#1668 = LINE('',#1669,#1670);
#1669 = CARTESIAN_POINT('',(47.516326631017,6.790665764597E-02));
#1670 = VECTOR('',#1671,1.);
#1671 = DIRECTION('',(-0.848048096156,0.529919264233));
#1672 = ( GEOMETRIC_REPRESENTATION_CONTEXT(2) 
PARAMETRIC_REPRESENTATION_CONTEXT() REPRESENTATION_CONTEXT('2D SPACE',''
  ) );
#1673 = PCURVE('',#1674,#1679);
#1674 = PLANE('',#1675);
#1675 = AXIS2_PLACEMENT_3D('',#1676,#1677,#1678);
#1676 = CARTESIAN_POINT('',(81.65886619495,-21.2667199122,-11.43));
#1677 = DIRECTION('',(0.529919264233,0.848048096156,0.));
#1678 = DIRECTION('',(0.848048096156,-0.529919264233,0.));
#1679 = DEFINITIONAL_REPRESENTATION('',(#1680),#1684);
#1680 = LINE('',#1681,#1682);
#1681 = CARTESIAN_POINT('',(-40.26014528972,-14.7828));
#1682 = VECTOR('',#1683,1.);
#1683 = DIRECTION('',(-1.,0.));
#1684 = ( GEOMETRIC_REPRESENTATION_CONTEXT(2) 
PARAMETRIC_REPRESENTATION_CONTEXT() REPRESENTATION_CONTEXT('2D SPACE',''
  ) );
#1685 = ORIENTED_EDGE('',*,*,#1686,.T.);
#1686 = EDGE_CURVE('',#1659,#1687,#1689,.T.);
#1687 = VERTEX_POINT('',#1688);
#1688 = CARTESIAN_POINT('',(5.49404501539,5.921119580346,3.3528));
#1689 = SURFACE_CURVE('',#1690,(#1695,#1706),.PCURVE_S1.);
#1690 = CIRCLE('',#1691,42.545);
#1691 = AXIS2_PLACEMENT_3D('',#1692,#1693,#1694);
#1692 = CARTESIAN_POINT('',(47.625,0.,3.3528));
#1693 = DIRECTION('',(0.,-0.,-1.));
#1694 = DIRECTION('',(1.,0.,-0.));
#1695 = PCURVE('',#105,#1696);
#1696 = DEFINITIONAL_REPRESENTATION('',(#1697),#1705);
#1697 = ( BOUNDED_CURVE() B_SPLINE_CURVE(2,(#1698,#1699,#1700,#1701,
#1702,#1703,#1704),.UNSPECIFIED.,.T.,.F.) B_SPLINE_CURVE_WITH_KNOTS((1,2
    ,2,2,2,1),(-2.094395102393,0.,2.094395102393,4.188790204786,
6.28318530718,8.377580409573),.UNSPECIFIED.) CURVE() 
GEOMETRIC_REPRESENTATION_ITEM() RATIONAL_B_SPLINE_CURVE((1.,0.5,1.,0.5,
1.,0.5,1.)) REPRESENTATION_ITEM('') );
#1698 = CARTESIAN_POINT('',(90.17,0.));
#1699 = CARTESIAN_POINT('',(90.17,-73.69010160801));
#1700 = CARTESIAN_POINT('',(26.3525,-36.845050804));
#1701 = CARTESIAN_POINT('',(-37.465,-1.042051961394E-14));
#1702 = CARTESIAN_POINT('',(26.3525,36.845050804009));
#1703 = CARTESIAN_POINT('',(90.17,73.690101608018));
#1704 = CARTESIAN_POINT('',(90.17,0.));
#1705 = ( GEOMETRIC_REPRESENTATION_CONTEXT(2) 
PARAMETRIC_REPRESENTATION_CONTEXT() REPRESENTATION_CONTEXT('2D SPACE',''
  ) );
#1706 = PCURVE('',#881,#1707);
#1707 = DEFINITIONAL_REPRESENTATION('',(#1708),#1711);
#1708 = B_SPLINE_CURVE_WITH_KNOTS('',1,(#1709,#1710),.UNSPECIFIED.,.F.,
  .F.,(2,2),(0.558505360638,3.281218993749),.PIECEWISE_BEZIER_KNOTS.);
#1709 = CARTESIAN_POINT('',(-5.724679946541,-17.3228));
#1710 = CARTESIAN_POINT('',(-3.00196631343,-17.3228));
#1711 = ( GEOMETRIC_REPRESENTATION_CONTEXT(2) 
PARAMETRIC_REPRESENTATION_CONTEXT() REPRESENTATION_CONTEXT('2D SPACE',''
  ) );
#1712 = ORIENTED_EDGE('',*,*,#1713,.T.);
#1713 = EDGE_CURVE('',#1687,#1714,#1716,.T.);
#1714 = VERTEX_POINT('',#1715);
#1715 = CARTESIAN_POINT('',(1.595359628754,6.469044078827,3.3528));
#1716 = SURFACE_CURVE('',#1717,(#1721,#1728),.PCURVE_S1.);
#1717 = LINE('',#1718,#1719);
#1718 = CARTESIAN_POINT('',(1.258907747112,6.516329307109,3.3528));
#1719 = VECTOR('',#1720,1.);
#1720 = DIRECTION('',(-0.990268068742,0.13917310096,0.));
#1721 = PCURVE('',#105,#1722);
#1722 = DEFINITIONAL_REPRESENTATION('',(#1723),#1727);
#1723 = LINE('',#1724,#1725);
#1724 = CARTESIAN_POINT('',(1.258907747112,6.516329307109));
#1725 = VECTOR('',#1726,1.);
#1726 = DIRECTION('',(-0.990268068742,0.13917310096));
#1727 = ( GEOMETRIC_REPRESENTATION_CONTEXT(2) 
PARAMETRIC_REPRESENTATION_CONTEXT() REPRESENTATION_CONTEXT('2D SPACE',''
  ) );
#1728 = PCURVE('',#1729,#1734);
#1729 = PLANE('',#1730);
#1730 = AXIS2_PLACEMENT_3D('',#1731,#1732,#1733);
#1731 = CARTESIAN_POINT('',(1.595359628754,6.469044078826,-11.43));
#1732 = DIRECTION('',(0.13917310096,0.990268068742,0.));
#1733 = DIRECTION('',(0.990268068742,-0.13917310096,0.));
#1734 = DEFINITIONAL_REPRESENTATION('',(#1735),#1739);
#1735 = LINE('',#1736,#1737);
#1736 = CARTESIAN_POINT('',(-0.339758386909,-14.7828));
#1737 = VECTOR('',#1738,1.);
#1738 = DIRECTION('',(-1.,0.));
#1739 = ( GEOMETRIC_REPRESENTATION_CONTEXT(2) 
PARAMETRIC_REPRESENTATION_CONTEXT() REPRESENTATION_CONTEXT('2D SPACE',''
  ) );
#1740 = ORIENTED_EDGE('',*,*,#1741,.T.);
#1741 = EDGE_CURVE('',#1714,#1742,#1744,.T.);
#1742 = VERTEX_POINT('',#1743);
#1743 = CARTESIAN_POINT('',(8.206028394458,24.631707240089,3.3528));
#1744 = SURFACE_CURVE('',#1745,(#1750,#1761),.PCURVE_S1.);
#1745 = CIRCLE('',#1746,46.482);
#1746 = AXIS2_PLACEMENT_3D('',#1747,#1748,#1749);
#1747 = CARTESIAN_POINT('',(47.625,0.,3.3528));
#1748 = DIRECTION('',(0.,0.,-1.));
#1749 = DIRECTION('',(-1.,1.224646799147E-16,0.));
#1750 = PCURVE('',#105,#1751);
#1751 = DEFINITIONAL_REPRESENTATION('',(#1752),#1760);
#1752 = ( BOUNDED_CURVE() B_SPLINE_CURVE(2,(#1753,#1754,#1755,#1756,
#1757,#1758,#1759),.UNSPECIFIED.,.T.,.F.) B_SPLINE_CURVE_WITH_KNOTS((1,2
    ,2,2,2,1),(-2.094395102393,0.,2.094395102393,4.188790204786,
6.28318530718,8.377580409573),.UNSPECIFIED.) CURVE() 
GEOMETRIC_REPRESENTATION_ITEM() RATIONAL_B_SPLINE_CURVE((1.,0.5,1.,0.5,
1.,0.5,1.)) REPRESENTATION_ITEM('') );
#1753 = CARTESIAN_POINT('',(1.143,5.692403251797E-15));
#1754 = CARTESIAN_POINT('',(1.143,80.509185637417));
#1755 = CARTESIAN_POINT('',(70.866,40.254592818708));
#1756 = CARTESIAN_POINT('',(140.589,0.));
#1757 = CARTESIAN_POINT('',(70.866,-40.2545928187));
#1758 = CARTESIAN_POINT('',(1.143,-80.50918563741));
#1759 = CARTESIAN_POINT('',(1.143,5.692403251797E-15));
#1760 = ( GEOMETRIC_REPRESENTATION_CONTEXT(2) 
PARAMETRIC_REPRESENTATION_CONTEXT() REPRESENTATION_CONTEXT('2D SPACE',''
  ) );
#1761 = PCURVE('',#1762,#1767);
#1762 = CYLINDRICAL_SURFACE('',#1763,46.482);
#1763 = AXIS2_PLACEMENT_3D('',#1764,#1765,#1766);
#1764 = CARTESIAN_POINT('',(47.625,7.88860905221E-31,-11.43));
#1765 = DIRECTION('',(0.,0.,-1.));
#1766 = DIRECTION('',(-1.,1.224646799147E-16,0.));
#1767 = DEFINITIONAL_REPRESENTATION('',(#1768),#1771);
#1768 = B_SPLINE_CURVE_WITH_KNOTS('',1,(#1769,#1770),.UNSPECIFIED.,.F.,
  .F.,(2,2),(0.13962634016,0.558505360638),.PIECEWISE_BEZIER_KNOTS.);
#1769 = CARTESIAN_POINT('',(-6.14355896702,-14.7828));
#1770 = CARTESIAN_POINT('',(-5.724679946541,-14.7828));
#1771 = ( GEOMETRIC_REPRESENTATION_CONTEXT(2) 
PARAMETRIC_REPRESENTATION_CONTEXT() REPRESENTATION_CONTEXT('2D SPACE',''
  ) );
#1772 = ORIENTED_EDGE('',*,*,#1773,.T.);
#1773 = EDGE_CURVE('',#1742,#1543,#1774,.T.);
#1774 = SURFACE_CURVE('',#1775,(#1779,#1786),.PCURVE_S1.);
#1775 = LINE('',#1776,#1777);
#1776 = CARTESIAN_POINT('',(13.482460436068,21.334626569853,3.3528));
#1777 = VECTOR('',#1778,1.);
#1778 = DIRECTION('',(0.848048096156,-0.529919264233,0.));
#1779 = PCURVE('',#105,#1780);
#1780 = DEFINITIONAL_REPRESENTATION('',(#1781),#1785);
#1781 = LINE('',#1782,#1783);
#1782 = CARTESIAN_POINT('',(13.482460436068,21.334626569853));
#1783 = VECTOR('',#1784,1.);
#1784 = DIRECTION('',(0.848048096156,-0.529919264233));
#1785 = ( GEOMETRIC_REPRESENTATION_CONTEXT(2) 
PARAMETRIC_REPRESENTATION_CONTEXT() REPRESENTATION_CONTEXT('2D SPACE',''
  ) );
#1786 = PCURVE('',#1787,#1792);
#1787 = PLANE('',#1788);
#1788 = AXIS2_PLACEMENT_3D('',#1789,#1790,#1791);
#1789 = CARTESIAN_POINT('',(13.59113380505,21.266719912207,-11.43));
#1790 = DIRECTION('',(-0.529919264233,-0.848048096156,0.));
#1791 = DIRECTION('',(-0.848048096156,0.529919264233,0.));
#1792 = DEFINITIONAL_REPRESENTATION('',(#1793),#1797);
#1793 = LINE('',#1794,#1795);
#1794 = CARTESIAN_POINT('',(0.128145289725,-14.7828));
#1795 = VECTOR('',#1796,1.);
#1796 = DIRECTION('',(-1.,0.));
#1797 = ( GEOMETRIC_REPRESENTATION_CONTEXT(2) 
PARAMETRIC_REPRESENTATION_CONTEXT() REPRESENTATION_CONTEXT('2D SPACE',''
  ) );
#1798 = ADVANCED_FACE('',(#1799),#212,.F.);
#1799 = FACE_BOUND('',#1800,.F.);
#1800 = EDGE_LOOP('',(#1801,#1802,#1803,#1804));
#1801 = ORIENTED_EDGE('',*,*,#197,.T.);
#1802 = ORIENTED_EDGE('',*,*,#1259,.T.);
#1803 = ORIENTED_EDGE('',*,*,#248,.F.);
#1804 = ORIENTED_EDGE('',*,*,#320,.F.);
#1805 = ADVANCED_FACE('',(#1806),#362,.F.);
#1806 = FACE_BOUND('',#1807,.F.);
#1807 = EDGE_LOOP('',(#1808,#1831,#1859,#1880));
#1808 = ORIENTED_EDGE('',*,*,#1809,.F.);
#1809 = EDGE_CURVE('',#1810,#345,#1812,.T.);
#1810 = VERTEX_POINT('',#1811);
#1811 = CARTESIAN_POINT('',(-53.6575,-47.51026365086,-18.288));
#1812 = SURFACE_CURVE('',#1813,(#1817,#1824),.PCURVE_S1.);
#1813 = LINE('',#1814,#1815);
#1814 = CARTESIAN_POINT('',(-53.6575,-47.51026365086,-18.288));
#1815 = VECTOR('',#1816,1.);
#1816 = DIRECTION('',(0.,0.,1.));
#1817 = PCURVE('',#362,#1818);
#1818 = DEFINITIONAL_REPRESENTATION('',(#1819),#1823);
#1819 = LINE('',#1820,#1821);
#1820 = CARTESIAN_POINT('',(0.,15.24));
#1821 = VECTOR('',#1822,1.);
#1822 = DIRECTION('',(1.,0.));
#1823 = ( GEOMETRIC_REPRESENTATION_CONTEXT(2) 
PARAMETRIC_REPRESENTATION_CONTEXT() REPRESENTATION_CONTEXT('2D SPACE',''
  ) );
#1824 = PCURVE('',#444,#1825);
#1825 = DEFINITIONAL_REPRESENTATION('',(#1826),#1830);
#1826 = LINE('',#1827,#1828);
#1827 = CARTESIAN_POINT('',(0.,0.));
#1828 = VECTOR('',#1829,1.);
#1829 = DIRECTION('',(1.,0.));
#1830 = ( GEOMETRIC_REPRESENTATION_CONTEXT(2) 
PARAMETRIC_REPRESENTATION_CONTEXT() REPRESENTATION_CONTEXT('2D SPACE',''
  ) );
#1831 = ORIENTED_EDGE('',*,*,#1832,.F.);
#1832 = EDGE_CURVE('',#1833,#1810,#1835,.T.);
#1833 = VERTEX_POINT('',#1834);
#1834 = CARTESIAN_POINT('',(-38.4175,-47.51026365086,-18.288));
#1835 = SURFACE_CURVE('',#1836,(#1840,#1847),.PCURVE_S1.);
#1836 = LINE('',#1837,#1838);
#1837 = CARTESIAN_POINT('',(-38.4175,-47.51026365086,-18.288));
#1838 = VECTOR('',#1839,1.);
#1839 = DIRECTION('',(-1.,1.224646799147E-16,0.));
#1840 = PCURVE('',#362,#1841);
#1841 = DEFINITIONAL_REPRESENTATION('',(#1842),#1846);
#1842 = LINE('',#1843,#1844);
#1843 = CARTESIAN_POINT('',(0.,0.));
#1844 = VECTOR('',#1845,1.);
#1845 = DIRECTION('',(0.,1.));
#1846 = ( GEOMETRIC_REPRESENTATION_CONTEXT(2) 
PARAMETRIC_REPRESENTATION_CONTEXT() REPRESENTATION_CONTEXT('2D SPACE',''
  ) );
#1847 = PCURVE('',#1848,#1853);
#1848 = PLANE('',#1849);
#1849 = AXIS2_PLACEMENT_3D('',#1850,#1851,#1852);
#1850 = CARTESIAN_POINT('',(-38.4175,-47.51026365086,-18.288));
#1851 = DIRECTION('',(0.,0.,1.));
#1852 = DIRECTION('',(-1.,1.224646799147E-16,0.));
#1853 = DEFINITIONAL_REPRESENTATION('',(#1854),#1858);
#1854 = LINE('',#1855,#1856);
#1855 = CARTESIAN_POINT('',(0.,0.));
#1856 = VECTOR('',#1857,1.);
#1857 = DIRECTION('',(1.,0.));
#1858 = ( GEOMETRIC_REPRESENTATION_CONTEXT(2) 
PARAMETRIC_REPRESENTATION_CONTEXT() REPRESENTATION_CONTEXT('2D SPACE',''
  ) );
#1859 = ORIENTED_EDGE('',*,*,#1860,.T.);
#1860 = EDGE_CURVE('',#1833,#347,#1861,.T.);
#1861 = SURFACE_CURVE('',#1862,(#1866,#1873),.PCURVE_S1.);
#1862 = LINE('',#1863,#1864);
#1863 = CARTESIAN_POINT('',(-38.4175,-47.51026365086,-18.288));
#1864 = VECTOR('',#1865,1.);
#1865 = DIRECTION('',(0.,0.,1.));
#1866 = PCURVE('',#362,#1867);
#1867 = DEFINITIONAL_REPRESENTATION('',(#1868),#1872);
#1868 = LINE('',#1869,#1870);
#1869 = CARTESIAN_POINT('',(0.,0.));
#1870 = VECTOR('',#1871,1.);
#1871 = DIRECTION('',(1.,0.));
#1872 = ( GEOMETRIC_REPRESENTATION_CONTEXT(2) 
PARAMETRIC_REPRESENTATION_CONTEXT() REPRESENTATION_CONTEXT('2D SPACE',''
  ) );
#1873 = PCURVE('',#390,#1874);
#1874 = DEFINITIONAL_REPRESENTATION('',(#1875),#1879);
#1875 = LINE('',#1876,#1877);
#1876 = CARTESIAN_POINT('',(0.,0.));
#1877 = VECTOR('',#1878,1.);
#1878 = DIRECTION('',(1.,0.));
#1879 = ( GEOMETRIC_REPRESENTATION_CONTEXT(2) 
PARAMETRIC_REPRESENTATION_CONTEXT() REPRESENTATION_CONTEXT('2D SPACE',''
  ) );
#1880 = ORIENTED_EDGE('',*,*,#344,.F.);
#1881 = ADVANCED_FACE('',(#1882),#444,.T.);
#1882 = FACE_BOUND('',#1883,.T.);
#1883 = EDGE_LOOP('',(#1884,#1885,#1908,#1936,#1964,#1985));
#1884 = ORIENTED_EDGE('',*,*,#1809,.F.);
#1885 = ORIENTED_EDGE('',*,*,#1886,.T.);
#1886 = EDGE_CURVE('',#1810,#1887,#1889,.T.);
#1887 = VERTEX_POINT('',#1888);
#1888 = CARTESIAN_POINT('',(-53.6575,-49.16126365086,-18.288));
#1889 = SURFACE_CURVE('',#1890,(#1894,#1901),.PCURVE_S1.);
#1890 = LINE('',#1891,#1892);
#1891 = CARTESIAN_POINT('',(-53.6575,-47.51026365086,-18.288));
#1892 = VECTOR('',#1893,1.);
#1893 = DIRECTION('',(-1.224646799147E-16,-1.,0.));
#1894 = PCURVE('',#444,#1895);
#1895 = DEFINITIONAL_REPRESENTATION('',(#1896),#1900);
#1896 = LINE('',#1897,#1898);
#1897 = CARTESIAN_POINT('',(0.,0.));
#1898 = VECTOR('',#1899,1.);
#1899 = DIRECTION('',(0.,-1.));
#1900 = ( GEOMETRIC_REPRESENTATION_CONTEXT(2) 
PARAMETRIC_REPRESENTATION_CONTEXT() REPRESENTATION_CONTEXT('2D SPACE',''
  ) );
#1901 = PCURVE('',#1848,#1902);
#1902 = DEFINITIONAL_REPRESENTATION('',(#1903),#1907);
#1903 = LINE('',#1904,#1905);
#1904 = CARTESIAN_POINT('',(15.24,0.));
#1905 = VECTOR('',#1906,1.);
#1906 = DIRECTION('',(0.,1.));
#1907 = ( GEOMETRIC_REPRESENTATION_CONTEXT(2) 
PARAMETRIC_REPRESENTATION_CONTEXT() REPRESENTATION_CONTEXT('2D SPACE',''
  ) );
#1908 = ORIENTED_EDGE('',*,*,#1909,.F.);
#1909 = EDGE_CURVE('',#1910,#1887,#1912,.T.);
#1910 = VERTEX_POINT('',#1911);
#1911 = CARTESIAN_POINT('',(-53.6575,-52.324,-16.51));
#1912 = SURFACE_CURVE('',#1913,(#1917,#1924),.PCURVE_S1.);
#1913 = LINE('',#1914,#1915);
#1914 = CARTESIAN_POINT('',(-53.6575,-52.324,-16.51));
#1915 = VECTOR('',#1916,1.);
#1916 = DIRECTION('',(1.067522038633E-16,0.871697896386,-0.490043648501)
  );
#1917 = PCURVE('',#444,#1918);
#1918 = DEFINITIONAL_REPRESENTATION('',(#1919),#1923);
#1919 = LINE('',#1920,#1921);
#1920 = CARTESIAN_POINT('',(1.778,-4.813736349134));
#1921 = VECTOR('',#1922,1.);
#1922 = DIRECTION('',(-0.490043648501,0.871697896386));
#1923 = ( GEOMETRIC_REPRESENTATION_CONTEXT(2) 
PARAMETRIC_REPRESENTATION_CONTEXT() REPRESENTATION_CONTEXT('2D SPACE',''
  ) );
#1924 = PCURVE('',#1925,#1930);
#1925 = PLANE('',#1926);
#1926 = AXIS2_PLACEMENT_3D('',#1927,#1928,#1929);
#1927 = CARTESIAN_POINT('',(-53.6575,-52.324,-16.51));
#1928 = DIRECTION('',(6.001303855787E-17,0.490043648501,0.871697896386)
  );
#1929 = DIRECTION('',(1.067522038633E-16,0.871697896386,-0.490043648501)
  );
#1930 = DEFINITIONAL_REPRESENTATION('',(#1931),#1935);
#1931 = LINE('',#1932,#1933);
#1932 = CARTESIAN_POINT('',(0.,0.));
#1933 = VECTOR('',#1934,1.);
#1934 = DIRECTION('',(1.,0.));
#1935 = ( GEOMETRIC_REPRESENTATION_CONTEXT(2) 
PARAMETRIC_REPRESENTATION_CONTEXT() REPRESENTATION_CONTEXT('2D SPACE',''
  ) );
#1936 = ORIENTED_EDGE('',*,*,#1937,.F.);
#1937 = EDGE_CURVE('',#1938,#1910,#1940,.T.);
#1938 = VERTEX_POINT('',#1939);
#1939 = CARTESIAN_POINT('',(-53.6575,-49.16126365086,-13.462));
#1940 = SURFACE_CURVE('',#1941,(#1945,#1952),.PCURVE_S1.);
#1941 = LINE('',#1942,#1943);
#1942 = CARTESIAN_POINT('',(-53.6575,-49.16126365086,-13.462));
#1943 = VECTOR('',#1944,1.);
#1944 = DIRECTION('',(-8.8180315789E-17,-0.720046921695,-0.693925378234)
  );
#1945 = PCURVE('',#444,#1946);
#1946 = DEFINITIONAL_REPRESENTATION('',(#1947),#1951);
#1947 = LINE('',#1948,#1949);
#1948 = CARTESIAN_POINT('',(4.826,-1.651));
#1949 = VECTOR('',#1950,1.);
#1950 = DIRECTION('',(-0.693925378234,-0.720046921695));
#1951 = ( GEOMETRIC_REPRESENTATION_CONTEXT(2) 
PARAMETRIC_REPRESENTATION_CONTEXT() REPRESENTATION_CONTEXT('2D SPACE',''
  ) );
#1952 = PCURVE('',#1953,#1958);
#1953 = PLANE('',#1954);
#1954 = AXIS2_PLACEMENT_3D('',#1955,#1956,#1957);
#1955 = CARTESIAN_POINT('',(-53.6575,-49.16126365086,-13.462));
#1956 = DIRECTION('',(8.498134933014E-17,0.693925378234,-0.720046921695)
  );
#1957 = DIRECTION('',(-8.8180315789E-17,-0.720046921695,-0.693925378234)
  );
#1958 = DEFINITIONAL_REPRESENTATION('',(#1959),#1963);
#1959 = LINE('',#1960,#1961);
#1960 = CARTESIAN_POINT('',(0.,0.));
#1961 = VECTOR('',#1962,1.);
#1962 = DIRECTION('',(1.,0.));
#1963 = ( GEOMETRIC_REPRESENTATION_CONTEXT(2) 
PARAMETRIC_REPRESENTATION_CONTEXT() REPRESENTATION_CONTEXT('2D SPACE',''
  ) );
#1964 = ORIENTED_EDGE('',*,*,#1965,.T.);
#1965 = EDGE_CURVE('',#1938,#403,#1966,.T.);
#1966 = SURFACE_CURVE('',#1967,(#1971,#1978),.PCURVE_S1.);
#1967 = LINE('',#1968,#1969);
#1968 = CARTESIAN_POINT('',(-53.6575,-49.16126365086,-18.288));
#1969 = VECTOR('',#1970,1.);
#1970 = DIRECTION('',(0.,0.,1.));
#1971 = PCURVE('',#444,#1972);
#1972 = DEFINITIONAL_REPRESENTATION('',(#1973),#1977);
#1973 = LINE('',#1974,#1975);
#1974 = CARTESIAN_POINT('',(0.,-1.651));
#1975 = VECTOR('',#1976,1.);
#1976 = DIRECTION('',(1.,0.));
#1977 = ( GEOMETRIC_REPRESENTATION_CONTEXT(2) 
PARAMETRIC_REPRESENTATION_CONTEXT() REPRESENTATION_CONTEXT('2D SPACE',''
  ) );
#1978 = PCURVE('',#418,#1979);
#1979 = DEFINITIONAL_REPRESENTATION('',(#1980),#1984);
#1980 = LINE('',#1981,#1982);
#1981 = CARTESIAN_POINT('',(0.,15.24));
#1982 = VECTOR('',#1983,1.);
#1983 = DIRECTION('',(1.,0.));
#1984 = ( GEOMETRIC_REPRESENTATION_CONTEXT(2) 
PARAMETRIC_REPRESENTATION_CONTEXT() REPRESENTATION_CONTEXT('2D SPACE',''
  ) );
#1985 = ORIENTED_EDGE('',*,*,#430,.F.);
#1986 = ADVANCED_FACE('',(#1987),#390,.F.);
#1987 = FACE_BOUND('',#1988,.F.);
#1988 = EDGE_LOOP('',(#1989,#1990,#2013,#2036,#2059,#2080));
#1989 = ORIENTED_EDGE('',*,*,#1860,.F.);
#1990 = ORIENTED_EDGE('',*,*,#1991,.T.);
#1991 = EDGE_CURVE('',#1833,#1992,#1994,.T.);
#1992 = VERTEX_POINT('',#1993);
#1993 = CARTESIAN_POINT('',(-38.4175,-49.16126365086,-18.288));
#1994 = SURFACE_CURVE('',#1995,(#1999,#2006),.PCURVE_S1.);
#1995 = LINE('',#1996,#1997);
#1996 = CARTESIAN_POINT('',(-38.4175,-47.51026365086,-18.288));
#1997 = VECTOR('',#1998,1.);
#1998 = DIRECTION('',(-1.224646799147E-16,-1.,0.));
#1999 = PCURVE('',#390,#2000);
#2000 = DEFINITIONAL_REPRESENTATION('',(#2001),#2005);
#2001 = LINE('',#2002,#2003);
#2002 = CARTESIAN_POINT('',(0.,0.));
#2003 = VECTOR('',#2004,1.);
#2004 = DIRECTION('',(0.,-1.));
#2005 = ( GEOMETRIC_REPRESENTATION_CONTEXT(2) 
PARAMETRIC_REPRESENTATION_CONTEXT() REPRESENTATION_CONTEXT('2D SPACE',''
  ) );
#2006 = PCURVE('',#1848,#2007);
#2007 = DEFINITIONAL_REPRESENTATION('',(#2008),#2012);
#2008 = LINE('',#2009,#2010);
#2009 = CARTESIAN_POINT('',(0.,0.));
#2010 = VECTOR('',#2011,1.);
#2011 = DIRECTION('',(0.,1.));
#2012 = ( GEOMETRIC_REPRESENTATION_CONTEXT(2) 
PARAMETRIC_REPRESENTATION_CONTEXT() REPRESENTATION_CONTEXT('2D SPACE',''
  ) );
#2013 = ORIENTED_EDGE('',*,*,#2014,.F.);
#2014 = EDGE_CURVE('',#2015,#1992,#2017,.T.);
#2015 = VERTEX_POINT('',#2016);
#2016 = CARTESIAN_POINT('',(-38.4175,-52.324,-16.51));
#2017 = SURFACE_CURVE('',#2018,(#2022,#2029),.PCURVE_S1.);
#2018 = LINE('',#2019,#2020);
#2019 = CARTESIAN_POINT('',(-38.4175,-52.324,-16.51));
#2020 = VECTOR('',#2021,1.);
#2021 = DIRECTION('',(1.067522038633E-16,0.871697896386,-0.490043648501)
  );
#2022 = PCURVE('',#390,#2023);
#2023 = DEFINITIONAL_REPRESENTATION('',(#2024),#2028);
#2024 = LINE('',#2025,#2026);
#2025 = CARTESIAN_POINT('',(1.778,-4.813736349134));
#2026 = VECTOR('',#2027,1.);
#2027 = DIRECTION('',(-0.490043648501,0.871697896386));
#2028 = ( GEOMETRIC_REPRESENTATION_CONTEXT(2) 
PARAMETRIC_REPRESENTATION_CONTEXT() REPRESENTATION_CONTEXT('2D SPACE',''
  ) );
#2029 = PCURVE('',#1925,#2030);
#2030 = DEFINITIONAL_REPRESENTATION('',(#2031),#2035);
#2031 = LINE('',#2032,#2033);
#2032 = CARTESIAN_POINT('',(-0.,-15.24));
#2033 = VECTOR('',#2034,1.);
#2034 = DIRECTION('',(1.,0.));
#2035 = ( GEOMETRIC_REPRESENTATION_CONTEXT(2) 
PARAMETRIC_REPRESENTATION_CONTEXT() REPRESENTATION_CONTEXT('2D SPACE',''
  ) );
#2036 = ORIENTED_EDGE('',*,*,#2037,.F.);
#2037 = EDGE_CURVE('',#2038,#2015,#2040,.T.);
#2038 = VERTEX_POINT('',#2039);
#2039 = CARTESIAN_POINT('',(-38.4175,-49.16126365086,-13.462));
#2040 = SURFACE_CURVE('',#2041,(#2045,#2052),.PCURVE_S1.);
#2041 = LINE('',#2042,#2043);
#2042 = CARTESIAN_POINT('',(-38.4175,-49.16126365086,-13.462));
#2043 = VECTOR('',#2044,1.);
#2044 = DIRECTION('',(-8.8180315789E-17,-0.720046921695,-0.693925378234)
  );
#2045 = PCURVE('',#390,#2046);
#2046 = DEFINITIONAL_REPRESENTATION('',(#2047),#2051);
#2047 = LINE('',#2048,#2049);
#2048 = CARTESIAN_POINT('',(4.826,-1.651));
#2049 = VECTOR('',#2050,1.);
#2050 = DIRECTION('',(-0.693925378234,-0.720046921695));
#2051 = ( GEOMETRIC_REPRESENTATION_CONTEXT(2) 
PARAMETRIC_REPRESENTATION_CONTEXT() REPRESENTATION_CONTEXT('2D SPACE',''
  ) );
#2052 = PCURVE('',#1953,#2053);
#2053 = DEFINITIONAL_REPRESENTATION('',(#2054),#2058);
#2054 = LINE('',#2055,#2056);
#2055 = CARTESIAN_POINT('',(0.,-15.24));
#2056 = VECTOR('',#2057,1.);
#2057 = DIRECTION('',(1.,0.));
#2058 = ( GEOMETRIC_REPRESENTATION_CONTEXT(2) 
PARAMETRIC_REPRESENTATION_CONTEXT() REPRESENTATION_CONTEXT('2D SPACE',''
  ) );
#2059 = ORIENTED_EDGE('',*,*,#2060,.T.);
#2060 = EDGE_CURVE('',#2038,#375,#2061,.T.);
#2061 = SURFACE_CURVE('',#2062,(#2066,#2073),.PCURVE_S1.);
#2062 = LINE('',#2063,#2064);
#2063 = CARTESIAN_POINT('',(-38.4175,-49.16126365086,-18.288));
#2064 = VECTOR('',#2065,1.);
#2065 = DIRECTION('',(0.,0.,1.));
#2066 = PCURVE('',#390,#2067);
#2067 = DEFINITIONAL_REPRESENTATION('',(#2068),#2072);
#2068 = LINE('',#2069,#2070);
#2069 = CARTESIAN_POINT('',(0.,-1.651));
#2070 = VECTOR('',#2071,1.);
#2071 = DIRECTION('',(1.,0.));
#2072 = ( GEOMETRIC_REPRESENTATION_CONTEXT(2) 
PARAMETRIC_REPRESENTATION_CONTEXT() REPRESENTATION_CONTEXT('2D SPACE',''
  ) );
#2073 = PCURVE('',#418,#2074);
#2074 = DEFINITIONAL_REPRESENTATION('',(#2075),#2079);
#2075 = LINE('',#2076,#2077);
#2076 = CARTESIAN_POINT('',(0.,0.));
#2077 = VECTOR('',#2078,1.);
#2078 = DIRECTION('',(1.,0.));
#2079 = ( GEOMETRIC_REPRESENTATION_CONTEXT(2) 
PARAMETRIC_REPRESENTATION_CONTEXT() REPRESENTATION_CONTEXT('2D SPACE',''
  ) );
#2080 = ORIENTED_EDGE('',*,*,#374,.F.);
#2081 = ADVANCED_FACE('',(#2082),#418,.T.);
#2082 = FACE_BOUND('',#2083,.T.);
#2083 = EDGE_LOOP('',(#2084,#2085,#2106,#2107));
#2084 = ORIENTED_EDGE('',*,*,#1965,.F.);
#2085 = ORIENTED_EDGE('',*,*,#2086,.T.);
#2086 = EDGE_CURVE('',#1938,#2038,#2087,.T.);
#2087 = SURFACE_CURVE('',#2088,(#2092,#2099),.PCURVE_S1.);
#2088 = LINE('',#2089,#2090);
#2089 = CARTESIAN_POINT('',(-53.6575,-49.16126365086,-13.462));
#2090 = VECTOR('',#2091,1.);
#2091 = DIRECTION('',(1.,-1.224646799147E-16,0.));
#2092 = PCURVE('',#418,#2093);
#2093 = DEFINITIONAL_REPRESENTATION('',(#2094),#2098);
#2094 = LINE('',#2095,#2096);
#2095 = CARTESIAN_POINT('',(4.826,15.24));
#2096 = VECTOR('',#2097,1.);
#2097 = DIRECTION('',(0.,-1.));
#2098 = ( GEOMETRIC_REPRESENTATION_CONTEXT(2) 
PARAMETRIC_REPRESENTATION_CONTEXT() REPRESENTATION_CONTEXT('2D SPACE',''
  ) );
#2099 = PCURVE('',#1953,#2100);
#2100 = DEFINITIONAL_REPRESENTATION('',(#2101),#2105);
#2101 = LINE('',#2102,#2103);
#2102 = CARTESIAN_POINT('',(0.,0.));
#2103 = VECTOR('',#2104,1.);
#2104 = DIRECTION('',(0.,-1.));
#2105 = ( GEOMETRIC_REPRESENTATION_CONTEXT(2) 
PARAMETRIC_REPRESENTATION_CONTEXT() REPRESENTATION_CONTEXT('2D SPACE',''
  ) );
#2106 = ORIENTED_EDGE('',*,*,#2060,.T.);
#2107 = ORIENTED_EDGE('',*,*,#402,.F.);
#2108 = ADVANCED_FACE('',(#2109),#476,.F.);
#2109 = FACE_BOUND('',#2110,.F.);
#2110 = EDGE_LOOP('',(#2111,#2134,#2162,#2183));
#2111 = ORIENTED_EDGE('',*,*,#2112,.F.);
#2112 = EDGE_CURVE('',#2113,#459,#2115,.T.);
#2113 = VERTEX_POINT('',#2114);
#2114 = CARTESIAN_POINT('',(38.4175,-47.51026365086,-18.288));
#2115 = SURFACE_CURVE('',#2116,(#2120,#2127),.PCURVE_S1.);
#2116 = LINE('',#2117,#2118);
#2117 = CARTESIAN_POINT('',(38.4175,-47.51026365086,-18.288));
#2118 = VECTOR('',#2119,1.);
#2119 = DIRECTION('',(0.,0.,1.));
#2120 = PCURVE('',#476,#2121);
#2121 = DEFINITIONAL_REPRESENTATION('',(#2122),#2126);
#2122 = LINE('',#2123,#2124);
#2123 = CARTESIAN_POINT('',(0.,15.24));
#2124 = VECTOR('',#2125,1.);
#2125 = DIRECTION('',(1.,0.));
#2126 = ( GEOMETRIC_REPRESENTATION_CONTEXT(2) 
PARAMETRIC_REPRESENTATION_CONTEXT() REPRESENTATION_CONTEXT('2D SPACE',''
  ) );
#2127 = PCURVE('',#558,#2128);
#2128 = DEFINITIONAL_REPRESENTATION('',(#2129),#2133);
#2129 = LINE('',#2130,#2131);
#2130 = CARTESIAN_POINT('',(0.,0.));
#2131 = VECTOR('',#2132,1.);
#2132 = DIRECTION('',(1.,0.));
#2133 = ( GEOMETRIC_REPRESENTATION_CONTEXT(2) 
PARAMETRIC_REPRESENTATION_CONTEXT() REPRESENTATION_CONTEXT('2D SPACE',''
  ) );
#2134 = ORIENTED_EDGE('',*,*,#2135,.F.);
#2135 = EDGE_CURVE('',#2136,#2113,#2138,.T.);
#2136 = VERTEX_POINT('',#2137);
#2137 = CARTESIAN_POINT('',(53.6575,-47.51026365086,-18.288));
#2138 = SURFACE_CURVE('',#2139,(#2143,#2150),.PCURVE_S1.);
#2139 = LINE('',#2140,#2141);
#2140 = CARTESIAN_POINT('',(53.6575,-47.51026365086,-18.288));
#2141 = VECTOR('',#2142,1.);
#2142 = DIRECTION('',(-1.,1.224646799147E-16,0.));
#2143 = PCURVE('',#476,#2144);
#2144 = DEFINITIONAL_REPRESENTATION('',(#2145),#2149);
#2145 = LINE('',#2146,#2147);
#2146 = CARTESIAN_POINT('',(0.,0.));
#2147 = VECTOR('',#2148,1.);
#2148 = DIRECTION('',(0.,1.));
#2149 = ( GEOMETRIC_REPRESENTATION_CONTEXT(2) 
PARAMETRIC_REPRESENTATION_CONTEXT() REPRESENTATION_CONTEXT('2D SPACE',''
  ) );
#2150 = PCURVE('',#2151,#2156);
#2151 = PLANE('',#2152);
#2152 = AXIS2_PLACEMENT_3D('',#2153,#2154,#2155);
#2153 = CARTESIAN_POINT('',(53.6575,-47.51026365086,-18.288));
#2154 = DIRECTION('',(0.,0.,1.));
#2155 = DIRECTION('',(-1.,1.224646799147E-16,0.));
#2156 = DEFINITIONAL_REPRESENTATION('',(#2157),#2161);
#2157 = LINE('',#2158,#2159);
#2158 = CARTESIAN_POINT('',(0.,0.));
#2159 = VECTOR('',#2160,1.);
#2160 = DIRECTION('',(1.,0.));
#2161 = ( GEOMETRIC_REPRESENTATION_CONTEXT(2) 
PARAMETRIC_REPRESENTATION_CONTEXT() REPRESENTATION_CONTEXT('2D SPACE',''
  ) );
#2162 = ORIENTED_EDGE('',*,*,#2163,.T.);
#2163 = EDGE_CURVE('',#2136,#461,#2164,.T.);
#2164 = SURFACE_CURVE('',#2165,(#2169,#2176),.PCURVE_S1.);
#2165 = LINE('',#2166,#2167);
#2166 = CARTESIAN_POINT('',(53.6575,-47.51026365086,-18.288));
#2167 = VECTOR('',#2168,1.);
#2168 = DIRECTION('',(0.,0.,1.));
#2169 = PCURVE('',#476,#2170);
#2170 = DEFINITIONAL_REPRESENTATION('',(#2171),#2175);
#2171 = LINE('',#2172,#2173);
#2172 = CARTESIAN_POINT('',(0.,0.));
#2173 = VECTOR('',#2174,1.);
#2174 = DIRECTION('',(1.,0.));
#2175 = ( GEOMETRIC_REPRESENTATION_CONTEXT(2) 
PARAMETRIC_REPRESENTATION_CONTEXT() REPRESENTATION_CONTEXT('2D SPACE',''
  ) );
#2176 = PCURVE('',#504,#2177);
#2177 = DEFINITIONAL_REPRESENTATION('',(#2178),#2182);
#2178 = LINE('',#2179,#2180);
#2179 = CARTESIAN_POINT('',(0.,0.));
#2180 = VECTOR('',#2181,1.);
#2181 = DIRECTION('',(1.,0.));
#2182 = ( GEOMETRIC_REPRESENTATION_CONTEXT(2) 
PARAMETRIC_REPRESENTATION_CONTEXT() REPRESENTATION_CONTEXT('2D SPACE',''
  ) );
#2183 = ORIENTED_EDGE('',*,*,#458,.F.);
#2184 = ADVANCED_FACE('',(#2185),#558,.T.);
#2185 = FACE_BOUND('',#2186,.T.);
#2186 = EDGE_LOOP('',(#2187,#2188,#2211,#2239,#2267,#2288));
#2187 = ORIENTED_EDGE('',*,*,#2112,.F.);
#2188 = ORIENTED_EDGE('',*,*,#2189,.T.);
#2189 = EDGE_CURVE('',#2113,#2190,#2192,.T.);
#2190 = VERTEX_POINT('',#2191);
#2191 = CARTESIAN_POINT('',(38.4175,-49.16126365086,-18.288));
#2192 = SURFACE_CURVE('',#2193,(#2197,#2204),.PCURVE_S1.);
#2193 = LINE('',#2194,#2195);
#2194 = CARTESIAN_POINT('',(38.4175,-47.51026365086,-18.288));
#2195 = VECTOR('',#2196,1.);
#2196 = DIRECTION('',(-1.224646799147E-16,-1.,0.));
#2197 = PCURVE('',#558,#2198);
#2198 = DEFINITIONAL_REPRESENTATION('',(#2199),#2203);
#2199 = LINE('',#2200,#2201);
#2200 = CARTESIAN_POINT('',(0.,0.));
#2201 = VECTOR('',#2202,1.);
#2202 = DIRECTION('',(0.,-1.));
#2203 = ( GEOMETRIC_REPRESENTATION_CONTEXT(2) 
PARAMETRIC_REPRESENTATION_CONTEXT() REPRESENTATION_CONTEXT('2D SPACE',''
  ) );
#2204 = PCURVE('',#2151,#2205);
#2205 = DEFINITIONAL_REPRESENTATION('',(#2206),#2210);
#2206 = LINE('',#2207,#2208);
#2207 = CARTESIAN_POINT('',(15.24,0.));
#2208 = VECTOR('',#2209,1.);
#2209 = DIRECTION('',(0.,1.));
#2210 = ( GEOMETRIC_REPRESENTATION_CONTEXT(2) 
PARAMETRIC_REPRESENTATION_CONTEXT() REPRESENTATION_CONTEXT('2D SPACE',''
  ) );
#2211 = ORIENTED_EDGE('',*,*,#2212,.F.);
#2212 = EDGE_CURVE('',#2213,#2190,#2215,.T.);
#2213 = VERTEX_POINT('',#2214);
#2214 = CARTESIAN_POINT('',(38.4175,-52.324,-16.51));
#2215 = SURFACE_CURVE('',#2216,(#2220,#2227),.PCURVE_S1.);
#2216 = LINE('',#2217,#2218);
#2217 = CARTESIAN_POINT('',(38.4175,-52.324,-16.51));
#2218 = VECTOR('',#2219,1.);
#2219 = DIRECTION('',(1.067522038633E-16,0.871697896386,-0.490043648501)
  );
#2220 = PCURVE('',#558,#2221);
#2221 = DEFINITIONAL_REPRESENTATION('',(#2222),#2226);
#2222 = LINE('',#2223,#2224);
#2223 = CARTESIAN_POINT('',(1.778,-4.813736349134));
#2224 = VECTOR('',#2225,1.);
#2225 = DIRECTION('',(-0.490043648501,0.871697896386));
#2226 = ( GEOMETRIC_REPRESENTATION_CONTEXT(2) 
PARAMETRIC_REPRESENTATION_CONTEXT() REPRESENTATION_CONTEXT('2D SPACE',''
  ) );
#2227 = PCURVE('',#2228,#2233);
#2228 = PLANE('',#2229);
#2229 = AXIS2_PLACEMENT_3D('',#2230,#2231,#2232);
#2230 = CARTESIAN_POINT('',(38.4175,-52.324,-16.51));
#2231 = DIRECTION('',(6.001303855787E-17,0.490043648501,0.871697896386)
  );
#2232 = DIRECTION('',(1.067522038633E-16,0.871697896386,-0.490043648501)
  );
#2233 = DEFINITIONAL_REPRESENTATION('',(#2234),#2238);
#2234 = LINE('',#2235,#2236);
#2235 = CARTESIAN_POINT('',(0.,0.));
#2236 = VECTOR('',#2237,1.);
#2237 = DIRECTION('',(1.,0.));
#2238 = ( GEOMETRIC_REPRESENTATION_CONTEXT(2) 
PARAMETRIC_REPRESENTATION_CONTEXT() REPRESENTATION_CONTEXT('2D SPACE',''
  ) );
#2239 = ORIENTED_EDGE('',*,*,#2240,.F.);
#2240 = EDGE_CURVE('',#2241,#2213,#2243,.T.);
#2241 = VERTEX_POINT('',#2242);
#2242 = CARTESIAN_POINT('',(38.4175,-49.16126365086,-13.462));
#2243 = SURFACE_CURVE('',#2244,(#2248,#2255),.PCURVE_S1.);
#2244 = LINE('',#2245,#2246);
#2245 = CARTESIAN_POINT('',(38.4175,-49.16126365086,-13.462));
#2246 = VECTOR('',#2247,1.);
#2247 = DIRECTION('',(-8.8180315789E-17,-0.720046921695,-0.693925378234)
  );
#2248 = PCURVE('',#558,#2249);
#2249 = DEFINITIONAL_REPRESENTATION('',(#2250),#2254);
#2250 = LINE('',#2251,#2252);
#2251 = CARTESIAN_POINT('',(4.826,-1.651));
#2252 = VECTOR('',#2253,1.);
#2253 = DIRECTION('',(-0.693925378234,-0.720046921695));
#2254 = ( GEOMETRIC_REPRESENTATION_CONTEXT(2) 
PARAMETRIC_REPRESENTATION_CONTEXT() REPRESENTATION_CONTEXT('2D SPACE',''
  ) );
#2255 = PCURVE('',#2256,#2261);
#2256 = PLANE('',#2257);
#2257 = AXIS2_PLACEMENT_3D('',#2258,#2259,#2260);
#2258 = CARTESIAN_POINT('',(38.4175,-49.16126365086,-13.462));
#2259 = DIRECTION('',(8.498134933014E-17,0.693925378234,-0.720046921695)
  );
#2260 = DIRECTION('',(-8.8180315789E-17,-0.720046921695,-0.693925378234)
  );
#2261 = DEFINITIONAL_REPRESENTATION('',(#2262),#2266);
#2262 = LINE('',#2263,#2264);
#2263 = CARTESIAN_POINT('',(0.,0.));
#2264 = VECTOR('',#2265,1.);
#2265 = DIRECTION('',(1.,0.));
#2266 = ( GEOMETRIC_REPRESENTATION_CONTEXT(2) 
PARAMETRIC_REPRESENTATION_CONTEXT() REPRESENTATION_CONTEXT('2D SPACE',''
  ) );
#2267 = ORIENTED_EDGE('',*,*,#2268,.T.);
#2268 = EDGE_CURVE('',#2241,#517,#2269,.T.);
#2269 = SURFACE_CURVE('',#2270,(#2274,#2281),.PCURVE_S1.);
#2270 = LINE('',#2271,#2272);
#2271 = CARTESIAN_POINT('',(38.4175,-49.16126365086,-18.288));
#2272 = VECTOR('',#2273,1.);
#2273 = DIRECTION('',(0.,0.,1.));
#2274 = PCURVE('',#558,#2275);
#2275 = DEFINITIONAL_REPRESENTATION('',(#2276),#2280);
#2276 = LINE('',#2277,#2278);
#2277 = CARTESIAN_POINT('',(0.,-1.651));
#2278 = VECTOR('',#2279,1.);
#2279 = DIRECTION('',(1.,0.));
#2280 = ( GEOMETRIC_REPRESENTATION_CONTEXT(2) 
PARAMETRIC_REPRESENTATION_CONTEXT() REPRESENTATION_CONTEXT('2D SPACE',''
  ) );
#2281 = PCURVE('',#532,#2282);
#2282 = DEFINITIONAL_REPRESENTATION('',(#2283),#2287);
#2283 = LINE('',#2284,#2285);
#2284 = CARTESIAN_POINT('',(0.,15.24));
#2285 = VECTOR('',#2286,1.);
#2286 = DIRECTION('',(1.,0.));
#2287 = ( GEOMETRIC_REPRESENTATION_CONTEXT(2) 
PARAMETRIC_REPRESENTATION_CONTEXT() REPRESENTATION_CONTEXT('2D SPACE',''
  ) );
#2288 = ORIENTED_EDGE('',*,*,#544,.F.);
#2289 = ADVANCED_FACE('',(#2290),#532,.T.);
#2290 = FACE_BOUND('',#2291,.T.);
#2291 = EDGE_LOOP('',(#2292,#2293,#2316,#2337));
#2292 = ORIENTED_EDGE('',*,*,#2268,.F.);
#2293 = ORIENTED_EDGE('',*,*,#2294,.T.);
#2294 = EDGE_CURVE('',#2241,#2295,#2297,.T.);
#2295 = VERTEX_POINT('',#2296);
#2296 = CARTESIAN_POINT('',(53.6575,-49.16126365086,-13.462));
#2297 = SURFACE_CURVE('',#2298,(#2302,#2309),.PCURVE_S1.);
#2298 = LINE('',#2299,#2300);
#2299 = CARTESIAN_POINT('',(38.4175,-49.16126365086,-13.462));
#2300 = VECTOR('',#2301,1.);
#2301 = DIRECTION('',(1.,-1.224646799147E-16,0.));
#2302 = PCURVE('',#532,#2303);
#2303 = DEFINITIONAL_REPRESENTATION('',(#2304),#2308);
#2304 = LINE('',#2305,#2306);
#2305 = CARTESIAN_POINT('',(4.826,15.24));
#2306 = VECTOR('',#2307,1.);
#2307 = DIRECTION('',(0.,-1.));
#2308 = ( GEOMETRIC_REPRESENTATION_CONTEXT(2) 
PARAMETRIC_REPRESENTATION_CONTEXT() REPRESENTATION_CONTEXT('2D SPACE',''
  ) );
#2309 = PCURVE('',#2256,#2310);
#2310 = DEFINITIONAL_REPRESENTATION('',(#2311),#2315);
#2311 = LINE('',#2312,#2313);
#2312 = CARTESIAN_POINT('',(0.,0.));
#2313 = VECTOR('',#2314,1.);
#2314 = DIRECTION('',(0.,-1.));
#2315 = ( GEOMETRIC_REPRESENTATION_CONTEXT(2) 
PARAMETRIC_REPRESENTATION_CONTEXT() REPRESENTATION_CONTEXT('2D SPACE',''
  ) );
#2316 = ORIENTED_EDGE('',*,*,#2317,.T.);
#2317 = EDGE_CURVE('',#2295,#489,#2318,.T.);
#2318 = SURFACE_CURVE('',#2319,(#2323,#2330),.PCURVE_S1.);
#2319 = LINE('',#2320,#2321);
#2320 = CARTESIAN_POINT('',(53.6575,-49.16126365086,-18.288));
#2321 = VECTOR('',#2322,1.);
#2322 = DIRECTION('',(0.,0.,1.));
#2323 = PCURVE('',#532,#2324);
#2324 = DEFINITIONAL_REPRESENTATION('',(#2325),#2329);
#2325 = LINE('',#2326,#2327);
#2326 = CARTESIAN_POINT('',(0.,0.));
#2327 = VECTOR('',#2328,1.);
#2328 = DIRECTION('',(1.,0.));
#2329 = ( GEOMETRIC_REPRESENTATION_CONTEXT(2) 
PARAMETRIC_REPRESENTATION_CONTEXT() REPRESENTATION_CONTEXT('2D SPACE',''
  ) );
#2330 = PCURVE('',#504,#2331);
#2331 = DEFINITIONAL_REPRESENTATION('',(#2332),#2336);
#2332 = LINE('',#2333,#2334);
#2333 = CARTESIAN_POINT('',(0.,-1.651));
#2334 = VECTOR('',#2335,1.);
#2335 = DIRECTION('',(1.,0.));
#2336 = ( GEOMETRIC_REPRESENTATION_CONTEXT(2) 
PARAMETRIC_REPRESENTATION_CONTEXT() REPRESENTATION_CONTEXT('2D SPACE',''
  ) );
#2337 = ORIENTED_EDGE('',*,*,#516,.F.);
#2338 = ADVANCED_FACE('',(#2339),#504,.F.);
#2339 = FACE_BOUND('',#2340,.F.);
#2340 = EDGE_LOOP('',(#2341,#2342,#2365,#2388,#2409,#2410));
#2341 = ORIENTED_EDGE('',*,*,#2163,.F.);
#2342 = ORIENTED_EDGE('',*,*,#2343,.T.);
#2343 = EDGE_CURVE('',#2136,#2344,#2346,.T.);
#2344 = VERTEX_POINT('',#2345);
#2345 = CARTESIAN_POINT('',(53.6575,-49.16126365086,-18.288));
#2346 = SURFACE_CURVE('',#2347,(#2351,#2358),.PCURVE_S1.);
#2347 = LINE('',#2348,#2349);
#2348 = CARTESIAN_POINT('',(53.6575,-47.51026365086,-18.288));
#2349 = VECTOR('',#2350,1.);
#2350 = DIRECTION('',(-1.224646799147E-16,-1.,0.));
#2351 = PCURVE('',#504,#2352);
#2352 = DEFINITIONAL_REPRESENTATION('',(#2353),#2357);
#2353 = LINE('',#2354,#2355);
#2354 = CARTESIAN_POINT('',(0.,0.));
#2355 = VECTOR('',#2356,1.);
#2356 = DIRECTION('',(0.,-1.));
#2357 = ( GEOMETRIC_REPRESENTATION_CONTEXT(2) 
PARAMETRIC_REPRESENTATION_CONTEXT() REPRESENTATION_CONTEXT('2D SPACE',''
  ) );
#2358 = PCURVE('',#2151,#2359);
#2359 = DEFINITIONAL_REPRESENTATION('',(#2360),#2364);
#2360 = LINE('',#2361,#2362);
#2361 = CARTESIAN_POINT('',(0.,0.));
#2362 = VECTOR('',#2363,1.);
#2363 = DIRECTION('',(0.,1.));
#2364 = ( GEOMETRIC_REPRESENTATION_CONTEXT(2) 
PARAMETRIC_REPRESENTATION_CONTEXT() REPRESENTATION_CONTEXT('2D SPACE',''
  ) );
#2365 = ORIENTED_EDGE('',*,*,#2366,.F.);
#2366 = EDGE_CURVE('',#2367,#2344,#2369,.T.);
#2367 = VERTEX_POINT('',#2368);
#2368 = CARTESIAN_POINT('',(53.6575,-52.324,-16.51));
#2369 = SURFACE_CURVE('',#2370,(#2374,#2381),.PCURVE_S1.);
#2370 = LINE('',#2371,#2372);
#2371 = CARTESIAN_POINT('',(53.6575,-52.324,-16.51));
#2372 = VECTOR('',#2373,1.);
#2373 = DIRECTION('',(1.067522038633E-16,0.871697896386,-0.490043648501)
  );
#2374 = PCURVE('',#504,#2375);
#2375 = DEFINITIONAL_REPRESENTATION('',(#2376),#2380);
#2376 = LINE('',#2377,#2378);
#2377 = CARTESIAN_POINT('',(1.778,-4.813736349134));
#2378 = VECTOR('',#2379,1.);
#2379 = DIRECTION('',(-0.490043648501,0.871697896386));
#2380 = ( GEOMETRIC_REPRESENTATION_CONTEXT(2) 
PARAMETRIC_REPRESENTATION_CONTEXT() REPRESENTATION_CONTEXT('2D SPACE',''
  ) );
#2381 = PCURVE('',#2228,#2382);
#2382 = DEFINITIONAL_REPRESENTATION('',(#2383),#2387);
#2383 = LINE('',#2384,#2385);
#2384 = CARTESIAN_POINT('',(-0.,-15.24));
#2385 = VECTOR('',#2386,1.);
#2386 = DIRECTION('',(1.,0.));
#2387 = ( GEOMETRIC_REPRESENTATION_CONTEXT(2) 
PARAMETRIC_REPRESENTATION_CONTEXT() REPRESENTATION_CONTEXT('2D SPACE',''
  ) );
#2388 = ORIENTED_EDGE('',*,*,#2389,.F.);
#2389 = EDGE_CURVE('',#2295,#2367,#2390,.T.);
#2390 = SURFACE_CURVE('',#2391,(#2395,#2402),.PCURVE_S1.);
#2391 = LINE('',#2392,#2393);
#2392 = CARTESIAN_POINT('',(53.6575,-49.16126365086,-13.462));
#2393 = VECTOR('',#2394,1.);
#2394 = DIRECTION('',(-8.8180315789E-17,-0.720046921695,-0.693925378234)
  );
#2395 = PCURVE('',#504,#2396);
#2396 = DEFINITIONAL_REPRESENTATION('',(#2397),#2401);
#2397 = LINE('',#2398,#2399);
#2398 = CARTESIAN_POINT('',(4.826,-1.651));
#2399 = VECTOR('',#2400,1.);
#2400 = DIRECTION('',(-0.693925378234,-0.720046921695));
#2401 = ( GEOMETRIC_REPRESENTATION_CONTEXT(2) 
PARAMETRIC_REPRESENTATION_CONTEXT() REPRESENTATION_CONTEXT('2D SPACE',''
  ) );
#2402 = PCURVE('',#2256,#2403);
#2403 = DEFINITIONAL_REPRESENTATION('',(#2404),#2408);
#2404 = LINE('',#2405,#2406);
#2405 = CARTESIAN_POINT('',(0.,-15.24));
#2406 = VECTOR('',#2407,1.);
#2407 = DIRECTION('',(1.,0.));
#2408 = ( GEOMETRIC_REPRESENTATION_CONTEXT(2) 
PARAMETRIC_REPRESENTATION_CONTEXT() REPRESENTATION_CONTEXT('2D SPACE',''
  ) );
#2409 = ORIENTED_EDGE('',*,*,#2317,.T.);
#2410 = ORIENTED_EDGE('',*,*,#488,.F.);
#2411 = ADVANCED_FACE('',(#2412),#590,.F.);
#2412 = FACE_BOUND('',#2413,.F.);
#2413 = EDGE_LOOP('',(#2414,#2437,#2465,#2486));
#2414 = ORIENTED_EDGE('',*,*,#2415,.F.);
#2415 = EDGE_CURVE('',#2416,#573,#2418,.T.);
#2416 = VERTEX_POINT('',#2417);
#2417 = CARTESIAN_POINT('',(-38.4175,47.510263650866,-18.288));
#2418 = SURFACE_CURVE('',#2419,(#2423,#2430),.PCURVE_S1.);
#2419 = LINE('',#2420,#2421);
#2420 = CARTESIAN_POINT('',(-38.4175,47.510263650866,-18.288));
#2421 = VECTOR('',#2422,1.);
#2422 = DIRECTION('',(0.,0.,1.));
#2423 = PCURVE('',#590,#2424);
#2424 = DEFINITIONAL_REPRESENTATION('',(#2425),#2429);
#2425 = LINE('',#2426,#2427);
#2426 = CARTESIAN_POINT('',(0.,15.24));
#2427 = VECTOR('',#2428,1.);
#2428 = DIRECTION('',(1.,0.));
#2429 = ( GEOMETRIC_REPRESENTATION_CONTEXT(2) 
PARAMETRIC_REPRESENTATION_CONTEXT() REPRESENTATION_CONTEXT('2D SPACE',''
  ) );
#2430 = PCURVE('',#672,#2431);
#2431 = DEFINITIONAL_REPRESENTATION('',(#2432),#2436);
#2432 = LINE('',#2433,#2434);
#2433 = CARTESIAN_POINT('',(0.,0.));
#2434 = VECTOR('',#2435,1.);
#2435 = DIRECTION('',(1.,0.));
#2436 = ( GEOMETRIC_REPRESENTATION_CONTEXT(2) 
PARAMETRIC_REPRESENTATION_CONTEXT() REPRESENTATION_CONTEXT('2D SPACE',''
  ) );
#2437 = ORIENTED_EDGE('',*,*,#2438,.F.);
#2438 = EDGE_CURVE('',#2439,#2416,#2441,.T.);
#2439 = VERTEX_POINT('',#2440);
#2440 = CARTESIAN_POINT('',(-53.6575,47.510263650866,-18.288));
#2441 = SURFACE_CURVE('',#2442,(#2446,#2453),.PCURVE_S1.);
#2442 = LINE('',#2443,#2444);
#2443 = CARTESIAN_POINT('',(-53.6575,47.510263650866,-18.288));
#2444 = VECTOR('',#2445,1.);
#2445 = DIRECTION('',(1.,0.,0.));
#2446 = PCURVE('',#590,#2447);
#2447 = DEFINITIONAL_REPRESENTATION('',(#2448),#2452);
#2448 = LINE('',#2449,#2450);
#2449 = CARTESIAN_POINT('',(0.,0.));
#2450 = VECTOR('',#2451,1.);
#2451 = DIRECTION('',(0.,1.));
#2452 = ( GEOMETRIC_REPRESENTATION_CONTEXT(2) 
PARAMETRIC_REPRESENTATION_CONTEXT() REPRESENTATION_CONTEXT('2D SPACE',''
  ) );
#2453 = PCURVE('',#2454,#2459);
#2454 = PLANE('',#2455);
#2455 = AXIS2_PLACEMENT_3D('',#2456,#2457,#2458);
#2456 = CARTESIAN_POINT('',(-53.6575,47.510263650866,-18.288));
#2457 = DIRECTION('',(0.,0.,1.));
#2458 = DIRECTION('',(1.,0.,0.));
#2459 = DEFINITIONAL_REPRESENTATION('',(#2460),#2464);
#2460 = LINE('',#2461,#2462);
#2461 = CARTESIAN_POINT('',(0.,0.));
#2462 = VECTOR('',#2463,1.);
#2463 = DIRECTION('',(1.,0.));
#2464 = ( GEOMETRIC_REPRESENTATION_CONTEXT(2) 
PARAMETRIC_REPRESENTATION_CONTEXT() REPRESENTATION_CONTEXT('2D SPACE',''
  ) );
#2465 = ORIENTED_EDGE('',*,*,#2466,.T.);
#2466 = EDGE_CURVE('',#2439,#575,#2467,.T.);
#2467 = SURFACE_CURVE('',#2468,(#2472,#2479),.PCURVE_S1.);
#2468 = LINE('',#2469,#2470);
#2469 = CARTESIAN_POINT('',(-53.6575,47.510263650866,-18.288));
#2470 = VECTOR('',#2471,1.);
#2471 = DIRECTION('',(0.,0.,1.));
#2472 = PCURVE('',#590,#2473);
#2473 = DEFINITIONAL_REPRESENTATION('',(#2474),#2478);
#2474 = LINE('',#2475,#2476);
#2475 = CARTESIAN_POINT('',(0.,0.));
#2476 = VECTOR('',#2477,1.);
#2477 = DIRECTION('',(1.,0.));
#2478 = ( GEOMETRIC_REPRESENTATION_CONTEXT(2) 
PARAMETRIC_REPRESENTATION_CONTEXT() REPRESENTATION_CONTEXT('2D SPACE',''
  ) );
#2479 = PCURVE('',#618,#2480);
#2480 = DEFINITIONAL_REPRESENTATION('',(#2481),#2485);
#2481 = LINE('',#2482,#2483);
#2482 = CARTESIAN_POINT('',(0.,0.));
#2483 = VECTOR('',#2484,1.);
#2484 = DIRECTION('',(1.,0.));
#2485 = ( GEOMETRIC_REPRESENTATION_CONTEXT(2) 
PARAMETRIC_REPRESENTATION_CONTEXT() REPRESENTATION_CONTEXT('2D SPACE',''
  ) );
#2486 = ORIENTED_EDGE('',*,*,#572,.F.);
#2487 = ADVANCED_FACE('',(#2488),#672,.T.);
#2488 = FACE_BOUND('',#2489,.T.);
#2489 = EDGE_LOOP('',(#2490,#2491,#2514,#2542,#2570,#2591));
#2490 = ORIENTED_EDGE('',*,*,#2415,.F.);
#2491 = ORIENTED_EDGE('',*,*,#2492,.T.);
#2492 = EDGE_CURVE('',#2416,#2493,#2495,.T.);
#2493 = VERTEX_POINT('',#2494);
#2494 = CARTESIAN_POINT('',(-38.4175,49.161263650866,-18.288));
#2495 = SURFACE_CURVE('',#2496,(#2500,#2507),.PCURVE_S1.);
#2496 = LINE('',#2497,#2498);
#2497 = CARTESIAN_POINT('',(-38.4175,47.510263650866,-18.288));
#2498 = VECTOR('',#2499,1.);
#2499 = DIRECTION('',(0.,1.,0.));
#2500 = PCURVE('',#672,#2501);
#2501 = DEFINITIONAL_REPRESENTATION('',(#2502),#2506);
#2502 = LINE('',#2503,#2504);
#2503 = CARTESIAN_POINT('',(0.,0.));
#2504 = VECTOR('',#2505,1.);
#2505 = DIRECTION('',(0.,-1.));
#2506 = ( GEOMETRIC_REPRESENTATION_CONTEXT(2) 
PARAMETRIC_REPRESENTATION_CONTEXT() REPRESENTATION_CONTEXT('2D SPACE',''
  ) );
#2507 = PCURVE('',#2454,#2508);
#2508 = DEFINITIONAL_REPRESENTATION('',(#2509),#2513);
#2509 = LINE('',#2510,#2511);
#2510 = CARTESIAN_POINT('',(15.24,0.));
#2511 = VECTOR('',#2512,1.);
#2512 = DIRECTION('',(0.,1.));
#2513 = ( GEOMETRIC_REPRESENTATION_CONTEXT(2) 
PARAMETRIC_REPRESENTATION_CONTEXT() REPRESENTATION_CONTEXT('2D SPACE',''
  ) );
#2514 = ORIENTED_EDGE('',*,*,#2515,.F.);
#2515 = EDGE_CURVE('',#2516,#2493,#2518,.T.);
#2516 = VERTEX_POINT('',#2517);
#2517 = CARTESIAN_POINT('',(-38.4175,52.324,-16.51));
#2518 = SURFACE_CURVE('',#2519,(#2523,#2530),.PCURVE_S1.);
#2519 = LINE('',#2520,#2521);
#2520 = CARTESIAN_POINT('',(-38.4175,52.324,-16.51));
#2521 = VECTOR('',#2522,1.);
#2522 = DIRECTION('',(0.,-0.871697896386,-0.490043648501));
#2523 = PCURVE('',#672,#2524);
#2524 = DEFINITIONAL_REPRESENTATION('',(#2525),#2529);
#2525 = LINE('',#2526,#2527);
#2526 = CARTESIAN_POINT('',(1.778,-4.813736349134));
#2527 = VECTOR('',#2528,1.);
#2528 = DIRECTION('',(-0.490043648501,0.871697896386));
#2529 = ( GEOMETRIC_REPRESENTATION_CONTEXT(2) 
PARAMETRIC_REPRESENTATION_CONTEXT() REPRESENTATION_CONTEXT('2D SPACE',''
  ) );
#2530 = PCURVE('',#2531,#2536);
#2531 = PLANE('',#2532);
#2532 = AXIS2_PLACEMENT_3D('',#2533,#2534,#2535);
#2533 = CARTESIAN_POINT('',(-38.4175,52.324,-16.51));
#2534 = DIRECTION('',(0.,-0.490043648501,0.871697896386));
#2535 = DIRECTION('',(0.,-0.871697896386,-0.490043648501));
#2536 = DEFINITIONAL_REPRESENTATION('',(#2537),#2541);
#2537 = LINE('',#2538,#2539);
#2538 = CARTESIAN_POINT('',(0.,0.));
#2539 = VECTOR('',#2540,1.);
#2540 = DIRECTION('',(1.,0.));
#2541 = ( GEOMETRIC_REPRESENTATION_CONTEXT(2) 
PARAMETRIC_REPRESENTATION_CONTEXT() REPRESENTATION_CONTEXT('2D SPACE',''
  ) );
#2542 = ORIENTED_EDGE('',*,*,#2543,.F.);
#2543 = EDGE_CURVE('',#2544,#2516,#2546,.T.);
#2544 = VERTEX_POINT('',#2545);
#2545 = CARTESIAN_POINT('',(-38.4175,49.161263650866,-13.462));
#2546 = SURFACE_CURVE('',#2547,(#2551,#2558),.PCURVE_S1.);
#2547 = LINE('',#2548,#2549);
#2548 = CARTESIAN_POINT('',(-38.4175,49.161263650866,-13.462));
#2549 = VECTOR('',#2550,1.);
#2550 = DIRECTION('',(0.,0.720046921695,-0.693925378234));
#2551 = PCURVE('',#672,#2552);
#2552 = DEFINITIONAL_REPRESENTATION('',(#2553),#2557);
#2553 = LINE('',#2554,#2555);
#2554 = CARTESIAN_POINT('',(4.826,-1.651));
#2555 = VECTOR('',#2556,1.);
#2556 = DIRECTION('',(-0.693925378234,-0.720046921695));
#2557 = ( GEOMETRIC_REPRESENTATION_CONTEXT(2) 
PARAMETRIC_REPRESENTATION_CONTEXT() REPRESENTATION_CONTEXT('2D SPACE',''
  ) );
#2558 = PCURVE('',#2559,#2564);
#2559 = PLANE('',#2560);
#2560 = AXIS2_PLACEMENT_3D('',#2561,#2562,#2563);
#2561 = CARTESIAN_POINT('',(-38.4175,49.161263650866,-13.462));
#2562 = DIRECTION('',(0.,-0.693925378234,-0.720046921695));
#2563 = DIRECTION('',(0.,0.720046921695,-0.693925378234));
#2564 = DEFINITIONAL_REPRESENTATION('',(#2565),#2569);
#2565 = LINE('',#2566,#2567);
#2566 = CARTESIAN_POINT('',(0.,0.));
#2567 = VECTOR('',#2568,1.);
#2568 = DIRECTION('',(1.,0.));
#2569 = ( GEOMETRIC_REPRESENTATION_CONTEXT(2) 
PARAMETRIC_REPRESENTATION_CONTEXT() REPRESENTATION_CONTEXT('2D SPACE',''
  ) );
#2570 = ORIENTED_EDGE('',*,*,#2571,.T.);
#2571 = EDGE_CURVE('',#2544,#631,#2572,.T.);
#2572 = SURFACE_CURVE('',#2573,(#2577,#2584),.PCURVE_S1.);
#2573 = LINE('',#2574,#2575);
#2574 = CARTESIAN_POINT('',(-38.4175,49.161263650866,-18.288));
#2575 = VECTOR('',#2576,1.);
#2576 = DIRECTION('',(0.,0.,1.));
#2577 = PCURVE('',#672,#2578);
#2578 = DEFINITIONAL_REPRESENTATION('',(#2579),#2583);
#2579 = LINE('',#2580,#2581);
#2580 = CARTESIAN_POINT('',(0.,-1.651));
#2581 = VECTOR('',#2582,1.);
#2582 = DIRECTION('',(1.,0.));
#2583 = ( GEOMETRIC_REPRESENTATION_CONTEXT(2) 
PARAMETRIC_REPRESENTATION_CONTEXT() REPRESENTATION_CONTEXT('2D SPACE',''
  ) );
#2584 = PCURVE('',#646,#2585);
#2585 = DEFINITIONAL_REPRESENTATION('',(#2586),#2590);
#2586 = LINE('',#2587,#2588);
#2587 = CARTESIAN_POINT('',(0.,15.24));
#2588 = VECTOR('',#2589,1.);
#2589 = DIRECTION('',(1.,0.));
#2590 = ( GEOMETRIC_REPRESENTATION_CONTEXT(2) 
PARAMETRIC_REPRESENTATION_CONTEXT() REPRESENTATION_CONTEXT('2D SPACE',''
  ) );
#2591 = ORIENTED_EDGE('',*,*,#658,.F.);
#2592 = ADVANCED_FACE('',(#2593),#618,.F.);
#2593 = FACE_BOUND('',#2594,.F.);
#2594 = EDGE_LOOP('',(#2595,#2596,#2619,#2642,#2665,#2686));
#2595 = ORIENTED_EDGE('',*,*,#2466,.F.);
#2596 = ORIENTED_EDGE('',*,*,#2597,.T.);
#2597 = EDGE_CURVE('',#2439,#2598,#2600,.T.);
#2598 = VERTEX_POINT('',#2599);
#2599 = CARTESIAN_POINT('',(-53.6575,49.161263650866,-18.288));
#2600 = SURFACE_CURVE('',#2601,(#2605,#2612),.PCURVE_S1.);
#2601 = LINE('',#2602,#2603);
#2602 = CARTESIAN_POINT('',(-53.6575,47.510263650866,-18.288));
#2603 = VECTOR('',#2604,1.);
#2604 = DIRECTION('',(0.,1.,0.));
#2605 = PCURVE('',#618,#2606);
#2606 = DEFINITIONAL_REPRESENTATION('',(#2607),#2611);
#2607 = LINE('',#2608,#2609);
#2608 = CARTESIAN_POINT('',(0.,0.));
#2609 = VECTOR('',#2610,1.);
#2610 = DIRECTION('',(0.,-1.));
#2611 = ( GEOMETRIC_REPRESENTATION_CONTEXT(2) 
PARAMETRIC_REPRESENTATION_CONTEXT() REPRESENTATION_CONTEXT('2D SPACE',''
  ) );
#2612 = PCURVE('',#2454,#2613);
#2613 = DEFINITIONAL_REPRESENTATION('',(#2614),#2618);
#2614 = LINE('',#2615,#2616);
#2615 = CARTESIAN_POINT('',(0.,0.));
#2616 = VECTOR('',#2617,1.);
#2617 = DIRECTION('',(0.,1.));
#2618 = ( GEOMETRIC_REPRESENTATION_CONTEXT(2) 
PARAMETRIC_REPRESENTATION_CONTEXT() REPRESENTATION_CONTEXT('2D SPACE',''
  ) );
#2619 = ORIENTED_EDGE('',*,*,#2620,.F.);
#2620 = EDGE_CURVE('',#2621,#2598,#2623,.T.);
#2621 = VERTEX_POINT('',#2622);
#2622 = CARTESIAN_POINT('',(-53.6575,52.324,-16.51));
#2623 = SURFACE_CURVE('',#2624,(#2628,#2635),.PCURVE_S1.);
#2624 = LINE('',#2625,#2626);
#2625 = CARTESIAN_POINT('',(-53.6575,52.324,-16.51));
#2626 = VECTOR('',#2627,1.);
#2627 = DIRECTION('',(0.,-0.871697896386,-0.490043648501));
#2628 = PCURVE('',#618,#2629);
#2629 = DEFINITIONAL_REPRESENTATION('',(#2630),#2634);
#2630 = LINE('',#2631,#2632);
#2631 = CARTESIAN_POINT('',(1.778,-4.813736349134));
#2632 = VECTOR('',#2633,1.);
#2633 = DIRECTION('',(-0.490043648501,0.871697896386));
#2634 = ( GEOMETRIC_REPRESENTATION_CONTEXT(2) 
PARAMETRIC_REPRESENTATION_CONTEXT() REPRESENTATION_CONTEXT('2D SPACE',''
  ) );
#2635 = PCURVE('',#2531,#2636);
#2636 = DEFINITIONAL_REPRESENTATION('',(#2637),#2641);
#2637 = LINE('',#2638,#2639);
#2638 = CARTESIAN_POINT('',(-0.,-15.24));
#2639 = VECTOR('',#2640,1.);
#2640 = DIRECTION('',(1.,0.));
#2641 = ( GEOMETRIC_REPRESENTATION_CONTEXT(2) 
PARAMETRIC_REPRESENTATION_CONTEXT() REPRESENTATION_CONTEXT('2D SPACE',''
  ) );
#2642 = ORIENTED_EDGE('',*,*,#2643,.F.);
#2643 = EDGE_CURVE('',#2644,#2621,#2646,.T.);
#2644 = VERTEX_POINT('',#2645);
#2645 = CARTESIAN_POINT('',(-53.6575,49.161263650866,-13.462));
#2646 = SURFACE_CURVE('',#2647,(#2651,#2658),.PCURVE_S1.);
#2647 = LINE('',#2648,#2649);
#2648 = CARTESIAN_POINT('',(-53.6575,49.161263650866,-13.462));
#2649 = VECTOR('',#2650,1.);
#2650 = DIRECTION('',(0.,0.720046921695,-0.693925378234));
#2651 = PCURVE('',#618,#2652);
#2652 = DEFINITIONAL_REPRESENTATION('',(#2653),#2657);
#2653 = LINE('',#2654,#2655);
#2654 = CARTESIAN_POINT('',(4.826,-1.651));
#2655 = VECTOR('',#2656,1.);
#2656 = DIRECTION('',(-0.693925378234,-0.720046921695));
#2657 = ( GEOMETRIC_REPRESENTATION_CONTEXT(2) 
PARAMETRIC_REPRESENTATION_CONTEXT() REPRESENTATION_CONTEXT('2D SPACE',''
  ) );
#2658 = PCURVE('',#2559,#2659);
#2659 = DEFINITIONAL_REPRESENTATION('',(#2660),#2664);
#2660 = LINE('',#2661,#2662);
#2661 = CARTESIAN_POINT('',(0.,-15.24));
#2662 = VECTOR('',#2663,1.);
#2663 = DIRECTION('',(1.,0.));
#2664 = ( GEOMETRIC_REPRESENTATION_CONTEXT(2) 
PARAMETRIC_REPRESENTATION_CONTEXT() REPRESENTATION_CONTEXT('2D SPACE',''
  ) );
#2665 = ORIENTED_EDGE('',*,*,#2666,.T.);
#2666 = EDGE_CURVE('',#2644,#603,#2667,.T.);
#2667 = SURFACE_CURVE('',#2668,(#2672,#2679),.PCURVE_S1.);
#2668 = LINE('',#2669,#2670);
#2669 = CARTESIAN_POINT('',(-53.6575,49.161263650866,-18.288));
#2670 = VECTOR('',#2671,1.);
#2671 = DIRECTION('',(0.,0.,1.));
#2672 = PCURVE('',#618,#2673);
#2673 = DEFINITIONAL_REPRESENTATION('',(#2674),#2678);
#2674 = LINE('',#2675,#2676);
#2675 = CARTESIAN_POINT('',(0.,-1.651));
#2676 = VECTOR('',#2677,1.);
#2677 = DIRECTION('',(1.,0.));
#2678 = ( GEOMETRIC_REPRESENTATION_CONTEXT(2) 
PARAMETRIC_REPRESENTATION_CONTEXT() REPRESENTATION_CONTEXT('2D SPACE',''
  ) );
#2679 = PCURVE('',#646,#2680);
#2680 = DEFINITIONAL_REPRESENTATION('',(#2681),#2685);
#2681 = LINE('',#2682,#2683);
#2682 = CARTESIAN_POINT('',(0.,0.));
#2683 = VECTOR('',#2684,1.);
#2684 = DIRECTION('',(1.,0.));
#2685 = ( GEOMETRIC_REPRESENTATION_CONTEXT(2) 
PARAMETRIC_REPRESENTATION_CONTEXT() REPRESENTATION_CONTEXT('2D SPACE',''
  ) );
#2686 = ORIENTED_EDGE('',*,*,#602,.F.);
#2687 = ADVANCED_FACE('',(#2688),#646,.T.);
#2688 = FACE_BOUND('',#2689,.T.);
#2689 = EDGE_LOOP('',(#2690,#2691,#2712,#2713));
#2690 = ORIENTED_EDGE('',*,*,#2571,.F.);
#2691 = ORIENTED_EDGE('',*,*,#2692,.T.);
#2692 = EDGE_CURVE('',#2544,#2644,#2693,.T.);
#2693 = SURFACE_CURVE('',#2694,(#2698,#2705),.PCURVE_S1.);
#2694 = LINE('',#2695,#2696);
#2695 = CARTESIAN_POINT('',(-38.4175,49.161263650866,-13.462));
#2696 = VECTOR('',#2697,1.);
#2697 = DIRECTION('',(-1.,0.,0.));
#2698 = PCURVE('',#646,#2699);
#2699 = DEFINITIONAL_REPRESENTATION('',(#2700),#2704);
#2700 = LINE('',#2701,#2702);
#2701 = CARTESIAN_POINT('',(4.826,15.24));
#2702 = VECTOR('',#2703,1.);
#2703 = DIRECTION('',(0.,-1.));
#2704 = ( GEOMETRIC_REPRESENTATION_CONTEXT(2) 
PARAMETRIC_REPRESENTATION_CONTEXT() REPRESENTATION_CONTEXT('2D SPACE',''
  ) );
#2705 = PCURVE('',#2559,#2706);
#2706 = DEFINITIONAL_REPRESENTATION('',(#2707),#2711);
#2707 = LINE('',#2708,#2709);
#2708 = CARTESIAN_POINT('',(0.,0.));
#2709 = VECTOR('',#2710,1.);
#2710 = DIRECTION('',(0.,-1.));
#2711 = ( GEOMETRIC_REPRESENTATION_CONTEXT(2) 
PARAMETRIC_REPRESENTATION_CONTEXT() REPRESENTATION_CONTEXT('2D SPACE',''
  ) );
#2712 = ORIENTED_EDGE('',*,*,#2666,.T.);
#2713 = ORIENTED_EDGE('',*,*,#630,.F.);
#2714 = ADVANCED_FACE('',(#2715),#705,.T.);
#2715 = FACE_BOUND('',#2716,.F.);
#2716 = EDGE_LOOP('',(#2717,#2747,#2767,#2768));
#2717 = ORIENTED_EDGE('',*,*,#2718,.F.);
#2718 = EDGE_CURVE('',#2719,#2721,#2723,.T.);
#2719 = VERTEX_POINT('',#2720);
#2720 = CARTESIAN_POINT('',(-55.1815,48.95018087556,-17.78));
#2721 = VERTEX_POINT('',#2722);
#2722 = CARTESIAN_POINT('',(-55.1815,-48.95018087556,-17.78));
#2723 = SURFACE_CURVE('',#2724,(#2729,#2735),.PCURVE_S1.);
#2724 = CIRCLE('',#2725,49.53);
#2725 = AXIS2_PLACEMENT_3D('',#2726,#2727,#2728);
#2726 = CARTESIAN_POINT('',(-47.625,0.,-17.78));
#2727 = DIRECTION('',(0.,0.,1.));
#2728 = DIRECTION('',(1.,0.,-0.));
#2729 = PCURVE('',#705,#2730);
#2730 = DEFINITIONAL_REPRESENTATION('',(#2731),#2734);
#2731 = B_SPLINE_CURVE_WITH_KNOTS('',1,(#2732,#2733),.UNSPECIFIED.,.F.,
  .F.,(2,2),(1.723958557709,4.559226749471),.PIECEWISE_BEZIER_KNOTS.);
#2732 = CARTESIAN_POINT('',(-1.723958557709,0.));
#2733 = CARTESIAN_POINT('',(-4.559226749471,0.));
#2734 = ( GEOMETRIC_REPRESENTATION_CONTEXT(2) 
PARAMETRIC_REPRESENTATION_CONTEXT() REPRESENTATION_CONTEXT('2D SPACE',''
  ) );
#2735 = PCURVE('',#2736,#2741);
#2736 = PLANE('',#2737);
#2737 = AXIS2_PLACEMENT_3D('',#2738,#2739,#2740);
#2738 = CARTESIAN_POINT('',(0.,0.,-17.78));
#2739 = DIRECTION('',(0.,0.,1.));
#2740 = DIRECTION('',(1.,0.,-0.));
#2741 = DEFINITIONAL_REPRESENTATION('',(#2742),#2746);
#2742 = CIRCLE('',#2743,49.53);
#2743 = AXIS2_PLACEMENT_2D('',#2744,#2745);
#2744 = CARTESIAN_POINT('',(-47.625,0.));
#2745 = DIRECTION('',(1.,0.));
#2746 = ( GEOMETRIC_REPRESENTATION_CONTEXT(2) 
PARAMETRIC_REPRESENTATION_CONTEXT() REPRESENTATION_CONTEXT('2D SPACE',''
  ) );
#2747 = ORIENTED_EDGE('',*,*,#2748,.F.);
#2748 = EDGE_CURVE('',#687,#2719,#2749,.T.);
#2749 = SURFACE_CURVE('',#2750,(#2754,#2760),.PCURVE_S1.);
#2750 = LINE('',#2751,#2752);
#2751 = CARTESIAN_POINT('',(-55.1815,48.95018087556,-17.78));
#2752 = VECTOR('',#2753,1.);
#2753 = DIRECTION('',(-0.,-0.,-1.));
#2754 = PCURVE('',#705,#2755);
#2755 = DEFINITIONAL_REPRESENTATION('',(#2756),#2759);
#2756 = B_SPLINE_CURVE_WITH_KNOTS('',1,(#2757,#2758),.UNSPECIFIED.,.F.,
  .F.,(2,2),(-17.78,0.),.PIECEWISE_BEZIER_KNOTS.);
#2757 = CARTESIAN_POINT('',(-1.723958557709,-17.78));
#2758 = CARTESIAN_POINT('',(-1.723958557709,0.));
#2759 = ( GEOMETRIC_REPRESENTATION_CONTEXT(2) 
PARAMETRIC_REPRESENTATION_CONTEXT() REPRESENTATION_CONTEXT('2D SPACE',''
  ) );
#2760 = PCURVE('',#732,#2761);
#2761 = DEFINITIONAL_REPRESENTATION('',(#2762),#2766);
#2762 = LINE('',#2763,#2764);
#2763 = CARTESIAN_POINT('',(2.032,-8.69118087556));
#2764 = VECTOR('',#2765,1.);
#2765 = DIRECTION('',(-1.,-0.));
#2766 = ( GEOMETRIC_REPRESENTATION_CONTEXT(2) 
PARAMETRIC_REPRESENTATION_CONTEXT() REPRESENTATION_CONTEXT('2D SPACE',''
  ) );
#2767 = ORIENTED_EDGE('',*,*,#686,.T.);
#2768 = ORIENTED_EDGE('',*,*,#2769,.T.);
#2769 = EDGE_CURVE('',#689,#2721,#2770,.T.);
#2770 = SURFACE_CURVE('',#2771,(#2775,#2781),.PCURVE_S1.);
#2771 = LINE('',#2772,#2773);
#2772 = CARTESIAN_POINT('',(-55.1815,-48.95018087556,-17.78));
#2773 = VECTOR('',#2774,1.);
#2774 = DIRECTION('',(-0.,-0.,-1.));
#2775 = PCURVE('',#705,#2776);
#2776 = DEFINITIONAL_REPRESENTATION('',(#2777),#2780);
#2777 = B_SPLINE_CURVE_WITH_KNOTS('',1,(#2778,#2779),.UNSPECIFIED.,.F.,
  .F.,(2,2),(-17.78,0.),.PIECEWISE_BEZIER_KNOTS.);
#2778 = CARTESIAN_POINT('',(-4.559226749471,-17.78));
#2779 = CARTESIAN_POINT('',(-4.559226749471,0.));
#2780 = ( GEOMETRIC_REPRESENTATION_CONTEXT(2) 
PARAMETRIC_REPRESENTATION_CONTEXT() REPRESENTATION_CONTEXT('2D SPACE',''
  ) );
#2781 = PCURVE('',#1128,#2782);
#2782 = DEFINITIONAL_REPRESENTATION('',(#2783),#2787);
#2783 = LINE('',#2784,#2785);
#2784 = CARTESIAN_POINT('',(2.032,-8.69118087556));
#2785 = VECTOR('',#2786,1.);
#2786 = DIRECTION('',(-1.,0.));
#2787 = ( GEOMETRIC_REPRESENTATION_CONTEXT(2) 
PARAMETRIC_REPRESENTATION_CONTEXT() REPRESENTATION_CONTEXT('2D SPACE',''
  ) );
#2788 = ADVANCED_FACE('',(#2789),#732,.T.);
#2789 = FACE_BOUND('',#2790,.T.);
#2790 = EDGE_LOOP('',(#2791,#2821,#2842,#2843,#2844,#2866));
#2791 = ORIENTED_EDGE('',*,*,#2792,.F.);
#2792 = EDGE_CURVE('',#2793,#2795,#2797,.T.);
#2793 = VERTEX_POINT('',#2794);
#2794 = CARTESIAN_POINT('',(-55.1815,40.259,-17.78));
#2795 = VERTEX_POINT('',#2796);
#2796 = CARTESIAN_POINT('',(-55.1815,40.259,-13.97));
#2797 = SURFACE_CURVE('',#2798,(#2802,#2809),.PCURVE_S1.);
#2798 = LINE('',#2799,#2800);
#2799 = CARTESIAN_POINT('',(-55.1815,40.259,-19.812));
#2800 = VECTOR('',#2801,1.);
#2801 = DIRECTION('',(0.,0.,1.));
#2802 = PCURVE('',#732,#2803);
#2803 = DEFINITIONAL_REPRESENTATION('',(#2804),#2808);
#2804 = LINE('',#2805,#2806);
#2805 = CARTESIAN_POINT('',(0.,0.));
#2806 = VECTOR('',#2807,1.);
#2807 = DIRECTION('',(1.,0.));
#2808 = ( GEOMETRIC_REPRESENTATION_CONTEXT(2) 
PARAMETRIC_REPRESENTATION_CONTEXT() REPRESENTATION_CONTEXT('2D SPACE',''
  ) );
#2809 = PCURVE('',#2810,#2815);
#2810 = PLANE('',#2811);
#2811 = AXIS2_PLACEMENT_3D('',#2812,#2813,#2814);
#2812 = CARTESIAN_POINT('',(-55.1815,40.259,-19.812));
#2813 = DIRECTION('',(0.,1.,0.));
#2814 = DIRECTION('',(0.,0.,1.));
#2815 = DEFINITIONAL_REPRESENTATION('',(#2816),#2820);
#2816 = LINE('',#2817,#2818);
#2817 = CARTESIAN_POINT('',(0.,0.));
#2818 = VECTOR('',#2819,1.);
#2819 = DIRECTION('',(1.,0.));
#2820 = ( GEOMETRIC_REPRESENTATION_CONTEXT(2) 
PARAMETRIC_REPRESENTATION_CONTEXT() REPRESENTATION_CONTEXT('2D SPACE',''
  ) );
#2821 = ORIENTED_EDGE('',*,*,#2822,.T.);
#2822 = EDGE_CURVE('',#2793,#2719,#2823,.T.);
#2823 = SURFACE_CURVE('',#2824,(#2828,#2835),.PCURVE_S1.);
#2824 = LINE('',#2825,#2826);
#2825 = CARTESIAN_POINT('',(-55.1815,20.1295,-17.78));
#2826 = VECTOR('',#2827,1.);
#2827 = DIRECTION('',(0.,1.,0.));
#2828 = PCURVE('',#732,#2829);
#2829 = DEFINITIONAL_REPRESENTATION('',(#2830),#2834);
#2830 = LINE('',#2831,#2832);
#2831 = CARTESIAN_POINT('',(2.032,20.1295));
#2832 = VECTOR('',#2833,1.);
#2833 = DIRECTION('',(0.,-1.));
#2834 = ( GEOMETRIC_REPRESENTATION_CONTEXT(2) 
PARAMETRIC_REPRESENTATION_CONTEXT() REPRESENTATION_CONTEXT('2D SPACE',''
  ) );
#2835 = PCURVE('',#2736,#2836);
#2836 = DEFINITIONAL_REPRESENTATION('',(#2837),#2841);
#2837 = LINE('',#2838,#2839);
#2838 = CARTESIAN_POINT('',(-55.1815,20.1295));
#2839 = VECTOR('',#2840,1.);
#2840 = DIRECTION('',(0.,1.));
#2841 = ( GEOMETRIC_REPRESENTATION_CONTEXT(2) 
PARAMETRIC_REPRESENTATION_CONTEXT() REPRESENTATION_CONTEXT('2D SPACE',''
  ) );
#2842 = ORIENTED_EDGE('',*,*,#2748,.F.);
#2843 = ORIENTED_EDGE('',*,*,#716,.F.);
#2844 = ORIENTED_EDGE('',*,*,#2845,.T.);
#2845 = EDGE_CURVE('',#717,#2846,#2848,.T.);
#2846 = VERTEX_POINT('',#2847);
#2847 = CARTESIAN_POINT('',(-55.1815,41.868560194375,-13.97));
#2848 = SURFACE_CURVE('',#2849,(#2853,#2860),.PCURVE_S1.);
#2849 = LINE('',#2850,#2851);
#2850 = CARTESIAN_POINT('',(-55.1815,41.868560194375,-13.97));
#2851 = VECTOR('',#2852,1.);
#2852 = DIRECTION('',(-0.,-0.,-1.));
#2853 = PCURVE('',#732,#2854);
#2854 = DEFINITIONAL_REPRESENTATION('',(#2855),#2859);
#2855 = LINE('',#2856,#2857);
#2856 = CARTESIAN_POINT('',(5.842,-1.609560194375));
#2857 = VECTOR('',#2858,1.);
#2858 = DIRECTION('',(-1.,-0.));
#2859 = ( GEOMETRIC_REPRESENTATION_CONTEXT(2) 
PARAMETRIC_REPRESENTATION_CONTEXT() REPRESENTATION_CONTEXT('2D SPACE',''
  ) );
#2860 = PCURVE('',#765,#2861);
#2861 = DEFINITIONAL_REPRESENTATION('',(#2862),#2865);
#2862 = B_SPLINE_CURVE_WITH_KNOTS('',1,(#2863,#2864),.UNSPECIFIED.,.F.,
  .F.,(2,2),(-13.97,0.),.PIECEWISE_BEZIER_KNOTS.);
#2863 = CARTESIAN_POINT('',(-1.749355602193,-13.97));
#2864 = CARTESIAN_POINT('',(-1.749355602193,0.));
#2865 = ( GEOMETRIC_REPRESENTATION_CONTEXT(2) 
PARAMETRIC_REPRESENTATION_CONTEXT() REPRESENTATION_CONTEXT('2D SPACE',''
  ) );
#2866 = ORIENTED_EDGE('',*,*,#2867,.F.);
#2867 = EDGE_CURVE('',#2795,#2846,#2868,.T.);
#2868 = SURFACE_CURVE('',#2869,(#2873,#2880),.PCURVE_S1.);
#2869 = LINE('',#2870,#2871);
#2870 = CARTESIAN_POINT('',(-55.1815,20.1295,-13.97));
#2871 = VECTOR('',#2872,1.);
#2872 = DIRECTION('',(0.,1.,0.));
#2873 = PCURVE('',#732,#2874);
#2874 = DEFINITIONAL_REPRESENTATION('',(#2875),#2879);
#2875 = LINE('',#2876,#2877);
#2876 = CARTESIAN_POINT('',(5.842,20.1295));
#2877 = VECTOR('',#2878,1.);
#2878 = DIRECTION('',(0.,-1.));
#2879 = ( GEOMETRIC_REPRESENTATION_CONTEXT(2) 
PARAMETRIC_REPRESENTATION_CONTEXT() REPRESENTATION_CONTEXT('2D SPACE',''
  ) );
#2880 = PCURVE('',#2881,#2886);
#2881 = PLANE('',#2882);
#2882 = AXIS2_PLACEMENT_3D('',#2883,#2884,#2885);
#2883 = CARTESIAN_POINT('',(-47.625,3.447273502129E-15,-13.97));
#2884 = DIRECTION('',(0.,0.,1.));
#2885 = DIRECTION('',(1.,0.,-0.));
#2886 = DEFINITIONAL_REPRESENTATION('',(#2887),#2891);
#2887 = LINE('',#2888,#2889);
#2888 = CARTESIAN_POINT('',(-7.5565,20.1295));
#2889 = VECTOR('',#2890,1.);
#2890 = DIRECTION('',(0.,1.));
#2891 = ( GEOMETRIC_REPRESENTATION_CONTEXT(2) 
PARAMETRIC_REPRESENTATION_CONTEXT() REPRESENTATION_CONTEXT('2D SPACE',''
  ) );
#2892 = ADVANCED_FACE('',(#2893),#1128,.F.);
#2893 = FACE_BOUND('',#2894,.F.);
#2894 = EDGE_LOOP('',(#2895,#2925,#2946,#2947,#2948,#2970));
#2895 = ORIENTED_EDGE('',*,*,#2896,.F.);
#2896 = EDGE_CURVE('',#2897,#2899,#2901,.T.);
#2897 = VERTEX_POINT('',#2898);
#2898 = CARTESIAN_POINT('',(-55.1815,-40.259,-17.78));
#2899 = VERTEX_POINT('',#2900);
#2900 = CARTESIAN_POINT('',(-55.1815,-40.259,-13.97));
#2901 = SURFACE_CURVE('',#2902,(#2906,#2913),.PCURVE_S1.);
#2902 = LINE('',#2903,#2904);
#2903 = CARTESIAN_POINT('',(-55.1815,-40.259,-19.812));
#2904 = VECTOR('',#2905,1.);
#2905 = DIRECTION('',(0.,0.,1.));
#2906 = PCURVE('',#1128,#2907);
#2907 = DEFINITIONAL_REPRESENTATION('',(#2908),#2912);
#2908 = LINE('',#2909,#2910);
#2909 = CARTESIAN_POINT('',(0.,0.));
#2910 = VECTOR('',#2911,1.);
#2911 = DIRECTION('',(1.,0.));
#2912 = ( GEOMETRIC_REPRESENTATION_CONTEXT(2) 
PARAMETRIC_REPRESENTATION_CONTEXT() REPRESENTATION_CONTEXT('2D SPACE',''
  ) );
#2913 = PCURVE('',#2914,#2919);
#2914 = PLANE('',#2915);
#2915 = AXIS2_PLACEMENT_3D('',#2916,#2917,#2918);
#2916 = CARTESIAN_POINT('',(-36.8935,-40.259,-19.812));
#2917 = DIRECTION('',(-1.224646799147E-16,-1.,0.));
#2918 = DIRECTION('',(0.,0.,1.));
#2919 = DEFINITIONAL_REPRESENTATION('',(#2920),#2924);
#2920 = LINE('',#2921,#2922);
#2921 = CARTESIAN_POINT('',(0.,18.288));
#2922 = VECTOR('',#2923,1.);
#2923 = DIRECTION('',(1.,0.));
#2924 = ( GEOMETRIC_REPRESENTATION_CONTEXT(2) 
PARAMETRIC_REPRESENTATION_CONTEXT() REPRESENTATION_CONTEXT('2D SPACE',''
  ) );
#2925 = ORIENTED_EDGE('',*,*,#2926,.T.);
#2926 = EDGE_CURVE('',#2897,#2721,#2927,.T.);
#2927 = SURFACE_CURVE('',#2928,(#2932,#2939),.PCURVE_S1.);
#2928 = LINE('',#2929,#2930);
#2929 = CARTESIAN_POINT('',(-55.1815,-20.1295,-17.78));
#2930 = VECTOR('',#2931,1.);
#2931 = DIRECTION('',(-1.224646799147E-16,-1.,0.));
#2932 = PCURVE('',#1128,#2933);
#2933 = DEFINITIONAL_REPRESENTATION('',(#2934),#2938);
#2934 = LINE('',#2935,#2936);
#2935 = CARTESIAN_POINT('',(2.032,20.1295));
#2936 = VECTOR('',#2937,1.);
#2937 = DIRECTION('',(0.,-1.));
#2938 = ( GEOMETRIC_REPRESENTATION_CONTEXT(2) 
PARAMETRIC_REPRESENTATION_CONTEXT() REPRESENTATION_CONTEXT('2D SPACE',''
  ) );
#2939 = PCURVE('',#2736,#2940);
#2940 = DEFINITIONAL_REPRESENTATION('',(#2941),#2945);
#2941 = LINE('',#2942,#2943);
#2942 = CARTESIAN_POINT('',(-55.1815,-20.1295));
#2943 = VECTOR('',#2944,1.);
#2944 = DIRECTION('',(-1.224646799147E-16,-1.));
#2945 = ( GEOMETRIC_REPRESENTATION_CONTEXT(2) 
PARAMETRIC_REPRESENTATION_CONTEXT() REPRESENTATION_CONTEXT('2D SPACE',''
  ) );
#2946 = ORIENTED_EDGE('',*,*,#2769,.F.);
#2947 = ORIENTED_EDGE('',*,*,#1114,.F.);
#2948 = ORIENTED_EDGE('',*,*,#2949,.T.);
#2949 = EDGE_CURVE('',#1088,#2950,#2952,.T.);
#2950 = VERTEX_POINT('',#2951);
#2951 = CARTESIAN_POINT('',(-55.1815,-41.86856019437,-13.97));
#2952 = SURFACE_CURVE('',#2953,(#2957,#2964),.PCURVE_S1.);
#2953 = LINE('',#2954,#2955);
#2954 = CARTESIAN_POINT('',(-55.1815,-41.86856019437,-13.97));
#2955 = VECTOR('',#2956,1.);
#2956 = DIRECTION('',(-0.,-0.,-1.));
#2957 = PCURVE('',#1128,#2958);
#2958 = DEFINITIONAL_REPRESENTATION('',(#2959),#2963);
#2959 = LINE('',#2960,#2961);
#2960 = CARTESIAN_POINT('',(5.842,-1.609560194375));
#2961 = VECTOR('',#2962,1.);
#2962 = DIRECTION('',(-1.,0.));
#2963 = ( GEOMETRIC_REPRESENTATION_CONTEXT(2) 
PARAMETRIC_REPRESENTATION_CONTEXT() REPRESENTATION_CONTEXT('2D SPACE',''
  ) );
#2964 = PCURVE('',#765,#2965);
#2965 = DEFINITIONAL_REPRESENTATION('',(#2966),#2969);
#2966 = B_SPLINE_CURVE_WITH_KNOTS('',1,(#2967,#2968),.UNSPECIFIED.,.F.,
  .F.,(2,2),(-13.97,0.),.PIECEWISE_BEZIER_KNOTS.);
#2967 = CARTESIAN_POINT('',(-4.533829704987,-13.97));
#2968 = CARTESIAN_POINT('',(-4.533829704987,0.));
#2969 = ( GEOMETRIC_REPRESENTATION_CONTEXT(2) 
PARAMETRIC_REPRESENTATION_CONTEXT() REPRESENTATION_CONTEXT('2D SPACE',''
  ) );
#2970 = ORIENTED_EDGE('',*,*,#2971,.F.);
#2971 = EDGE_CURVE('',#2899,#2950,#2972,.T.);
#2972 = SURFACE_CURVE('',#2973,(#2977,#2984),.PCURVE_S1.);
#2973 = LINE('',#2974,#2975);
#2974 = CARTESIAN_POINT('',(-55.1815,-20.1295,-13.97));
#2975 = VECTOR('',#2976,1.);
#2976 = DIRECTION('',(-1.224646799147E-16,-1.,0.));
#2977 = PCURVE('',#1128,#2978);
#2978 = DEFINITIONAL_REPRESENTATION('',(#2979),#2983);
#2979 = LINE('',#2980,#2981);
#2980 = CARTESIAN_POINT('',(5.842,20.1295));
#2981 = VECTOR('',#2982,1.);
#2982 = DIRECTION('',(0.,-1.));
#2983 = ( GEOMETRIC_REPRESENTATION_CONTEXT(2) 
PARAMETRIC_REPRESENTATION_CONTEXT() REPRESENTATION_CONTEXT('2D SPACE',''
  ) );
#2984 = PCURVE('',#2881,#2985);
#2985 = DEFINITIONAL_REPRESENTATION('',(#2986),#2990);
#2986 = LINE('',#2987,#2988);
#2987 = CARTESIAN_POINT('',(-7.5565,-20.1295));
#2988 = VECTOR('',#2989,1.);
#2989 = DIRECTION('',(-1.224646799147E-16,-1.));
#2990 = ( GEOMETRIC_REPRESENTATION_CONTEXT(2) 
PARAMETRIC_REPRESENTATION_CONTEXT() REPRESENTATION_CONTEXT('2D SPACE',''
  ) );
#2991 = ADVANCED_FACE('',(#2992),#765,.F.);
#2992 = FACE_BOUND('',#2993,.T.);
#2993 = EDGE_LOOP('',(#2994,#3015,#3038,#3058,#3059,#3060,#3081,#3082,
    #3083,#3105,#3126,#3127,#3128,#3150,#3182,#3209,#3241,#3261,#3262,
    #3284,#3316,#3343,#3375,#3395));
#2994 = ORIENTED_EDGE('',*,*,#2995,.F.);
#2995 = EDGE_CURVE('',#2996,#1286,#2998,.T.);
#2996 = VERTEX_POINT('',#2997);
#2997 = CARTESIAN_POINT('',(-5.08,0.,-13.97));
#2998 = SEAM_CURVE('',#2999,(#3003,#3009),.PCURVE_S1.);
#2999 = LINE('',#3000,#3001);
#3000 = CARTESIAN_POINT('',(-5.08,0.,-13.97));
#3001 = VECTOR('',#3002,1.);
#3002 = DIRECTION('',(0.,0.,1.));
#3003 = PCURVE('',#765,#3004);
#3004 = DEFINITIONAL_REPRESENTATION('',(#3005),#3008);
#3005 = B_SPLINE_CURVE_WITH_KNOTS('',1,(#3006,#3007),.UNSPECIFIED.,.F.,
  .F.,(2,2),(0.,17.3228),.PIECEWISE_BEZIER_KNOTS.);
#3006 = CARTESIAN_POINT('',(-6.28318530718,0.));
#3007 = CARTESIAN_POINT('',(-6.28318530718,-17.3228));
#3008 = ( GEOMETRIC_REPRESENTATION_CONTEXT(2) 
PARAMETRIC_REPRESENTATION_CONTEXT() REPRESENTATION_CONTEXT('2D SPACE',''
  ) );
#3009 = PCURVE('',#765,#3010);
#3010 = DEFINITIONAL_REPRESENTATION('',(#3011),#3014);
#3011 = B_SPLINE_CURVE_WITH_KNOTS('',1,(#3012,#3013),.UNSPECIFIED.,.F.,
  .F.,(2,2),(0.,17.3228),.PIECEWISE_BEZIER_KNOTS.);
#3012 = CARTESIAN_POINT('',(0.,0.));
#3013 = CARTESIAN_POINT('',(0.,-17.3228));
#3014 = ( GEOMETRIC_REPRESENTATION_CONTEXT(2) 
PARAMETRIC_REPRESENTATION_CONTEXT() REPRESENTATION_CONTEXT('2D SPACE',''
  ) );
#3015 = ORIENTED_EDGE('',*,*,#3016,.F.);
#3016 = EDGE_CURVE('',#3017,#2996,#3019,.T.);
#3017 = VERTEX_POINT('',#3018);
#3018 = CARTESIAN_POINT('',(-36.8935,-41.16930814028,-13.97));
#3019 = SURFACE_CURVE('',#3020,(#3025,#3031),.PCURVE_S1.);
#3020 = CIRCLE('',#3021,42.545);
#3021 = AXIS2_PLACEMENT_3D('',#3022,#3023,#3024);
#3022 = CARTESIAN_POINT('',(-47.625,0.,-13.97));
#3023 = DIRECTION('',(0.,0.,1.));
#3024 = DIRECTION('',(1.,0.,-0.));
#3025 = PCURVE('',#765,#3026);
#3026 = DEFINITIONAL_REPRESENTATION('',(#3027),#3030);
#3027 = B_SPLINE_CURVE_WITH_KNOTS('',1,(#3028,#3029),.UNSPECIFIED.,.F.,
  .F.,(2,2),(4.967382157083,6.28318530718),.PIECEWISE_BEZIER_KNOTS.);
#3028 = CARTESIAN_POINT('',(-4.967382157083,0.));
#3029 = CARTESIAN_POINT('',(-6.28318530718,0.));
#3030 = ( GEOMETRIC_REPRESENTATION_CONTEXT(2) 
PARAMETRIC_REPRESENTATION_CONTEXT() REPRESENTATION_CONTEXT('2D SPACE',''
  ) );
#3031 = PCURVE('',#2881,#3032);
#3032 = DEFINITIONAL_REPRESENTATION('',(#3033),#3037);
#3033 = CIRCLE('',#3034,42.545);
#3034 = AXIS2_PLACEMENT_2D('',#3035,#3036);
#3035 = CARTESIAN_POINT('',(0.,-3.447273502129E-15));
#3036 = DIRECTION('',(1.,0.));
#3037 = ( GEOMETRIC_REPRESENTATION_CONTEXT(2) 
PARAMETRIC_REPRESENTATION_CONTEXT() REPRESENTATION_CONTEXT('2D SPACE',''
  ) );
#3038 = ORIENTED_EDGE('',*,*,#3039,.F.);
#3039 = EDGE_CURVE('',#1060,#3017,#3040,.T.);
#3040 = SURFACE_CURVE('',#3041,(#3045,#3051),.PCURVE_S1.);
#3041 = LINE('',#3042,#3043);
#3042 = CARTESIAN_POINT('',(-36.8935,-41.16930814028,-13.97));
#3043 = VECTOR('',#3044,1.);
#3044 = DIRECTION('',(-0.,-0.,-1.));
#3045 = PCURVE('',#765,#3046);
#3046 = DEFINITIONAL_REPRESENTATION('',(#3047),#3050);
#3047 = B_SPLINE_CURVE_WITH_KNOTS('',1,(#3048,#3049),.UNSPECIFIED.,.F.,
  .F.,(2,2),(-13.97,0.),.PIECEWISE_BEZIER_KNOTS.);
#3048 = CARTESIAN_POINT('',(-4.967382157083,-13.97));
#3049 = CARTESIAN_POINT('',(-4.967382157083,0.));
#3050 = ( GEOMETRIC_REPRESENTATION_CONTEXT(2) 
PARAMETRIC_REPRESENTATION_CONTEXT() REPRESENTATION_CONTEXT('2D SPACE',''
  ) );
#3051 = PCURVE('',#1075,#3052);
#3052 = DEFINITIONAL_REPRESENTATION('',(#3053),#3057);
#3053 = LINE('',#3054,#3055);
#3054 = CARTESIAN_POINT('',(5.842,-0.910308140288));
#3055 = VECTOR('',#3056,1.);
#3056 = DIRECTION('',(-1.,0.));
#3057 = ( GEOMETRIC_REPRESENTATION_CONTEXT(2) 
PARAMETRIC_REPRESENTATION_CONTEXT() REPRESENTATION_CONTEXT('2D SPACE',''
  ) );
#3058 = ORIENTED_EDGE('',*,*,#1087,.T.);
#3059 = ORIENTED_EDGE('',*,*,#2949,.T.);
#3060 = ORIENTED_EDGE('',*,*,#3061,.F.);
#3061 = EDGE_CURVE('',#2846,#2950,#3062,.T.);
#3062 = SURFACE_CURVE('',#3063,(#3068,#3074),.PCURVE_S1.);
#3063 = CIRCLE('',#3064,42.545);
#3064 = AXIS2_PLACEMENT_3D('',#3065,#3066,#3067);
#3065 = CARTESIAN_POINT('',(-47.625,0.,-13.97));
#3066 = DIRECTION('',(0.,0.,1.));
#3067 = DIRECTION('',(1.,0.,-0.));
#3068 = PCURVE('',#765,#3069);
#3069 = DEFINITIONAL_REPRESENTATION('',(#3070),#3073);
#3070 = B_SPLINE_CURVE_WITH_KNOTS('',1,(#3071,#3072),.UNSPECIFIED.,.F.,
  .F.,(2,2),(1.749355602193,4.533829704987),.PIECEWISE_BEZIER_KNOTS.);
#3071 = CARTESIAN_POINT('',(-1.749355602193,0.));
#3072 = CARTESIAN_POINT('',(-4.533829704987,0.));
#3073 = ( GEOMETRIC_REPRESENTATION_CONTEXT(2) 
PARAMETRIC_REPRESENTATION_CONTEXT() REPRESENTATION_CONTEXT('2D SPACE',''
  ) );
#3074 = PCURVE('',#2881,#3075);
#3075 = DEFINITIONAL_REPRESENTATION('',(#3076),#3080);
#3076 = CIRCLE('',#3077,42.545);
#3077 = AXIS2_PLACEMENT_2D('',#3078,#3079);
#3078 = CARTESIAN_POINT('',(0.,-3.447273502129E-15));
#3079 = DIRECTION('',(1.,0.));
#3080 = ( GEOMETRIC_REPRESENTATION_CONTEXT(2) 
PARAMETRIC_REPRESENTATION_CONTEXT() REPRESENTATION_CONTEXT('2D SPACE',''
  ) );
#3081 = ORIENTED_EDGE('',*,*,#2845,.F.);
#3082 = ORIENTED_EDGE('',*,*,#744,.T.);
#3083 = ORIENTED_EDGE('',*,*,#3084,.T.);
#3084 = EDGE_CURVE('',#745,#3085,#3087,.T.);
#3085 = VERTEX_POINT('',#3086);
#3086 = CARTESIAN_POINT('',(-36.8935,41.169308140288,-13.97));
#3087 = SURFACE_CURVE('',#3088,(#3092,#3098),.PCURVE_S1.);
#3088 = LINE('',#3089,#3090);
#3089 = CARTESIAN_POINT('',(-36.8935,41.169308140288,-13.97));
#3090 = VECTOR('',#3091,1.);
#3091 = DIRECTION('',(-0.,-0.,-1.));
#3092 = PCURVE('',#765,#3093);
#3093 = DEFINITIONAL_REPRESENTATION('',(#3094),#3097);
#3094 = B_SPLINE_CURVE_WITH_KNOTS('',1,(#3095,#3096),.UNSPECIFIED.,.F.,
  .F.,(2,2),(-13.97,0.),.PIECEWISE_BEZIER_KNOTS.);
#3095 = CARTESIAN_POINT('',(-1.315803150096,-13.97));
#3096 = CARTESIAN_POINT('',(-1.315803150096,0.));
#3097 = ( GEOMETRIC_REPRESENTATION_CONTEXT(2) 
PARAMETRIC_REPRESENTATION_CONTEXT() REPRESENTATION_CONTEXT('2D SPACE',''
  ) );
#3098 = PCURVE('',#792,#3099);
#3099 = DEFINITIONAL_REPRESENTATION('',(#3100),#3104);
#3100 = LINE('',#3101,#3102);
#3101 = CARTESIAN_POINT('',(5.842,-0.910308140288));
#3102 = VECTOR('',#3103,1.);
#3103 = DIRECTION('',(-1.,-0.));
#3104 = ( GEOMETRIC_REPRESENTATION_CONTEXT(2) 
PARAMETRIC_REPRESENTATION_CONTEXT() REPRESENTATION_CONTEXT('2D SPACE',''
  ) );
#3105 = ORIENTED_EDGE('',*,*,#3106,.F.);
#3106 = EDGE_CURVE('',#2996,#3085,#3107,.T.);
#3107 = SURFACE_CURVE('',#3108,(#3113,#3119),.PCURVE_S1.);
#3108 = CIRCLE('',#3109,42.545);
#3109 = AXIS2_PLACEMENT_3D('',#3110,#3111,#3112);
#3110 = CARTESIAN_POINT('',(-47.625,0.,-13.97));
#3111 = DIRECTION('',(0.,0.,1.));
#3112 = DIRECTION('',(1.,0.,-0.));
#3113 = PCURVE('',#765,#3114);
#3114 = DEFINITIONAL_REPRESENTATION('',(#3115),#3118);
#3115 = B_SPLINE_CURVE_WITH_KNOTS('',1,(#3116,#3117),.UNSPECIFIED.,.F.,
  .F.,(2,2),(0.,1.315803150096),.PIECEWISE_BEZIER_KNOTS.);
#3116 = CARTESIAN_POINT('',(0.,0.));
#3117 = CARTESIAN_POINT('',(-1.315803150096,0.));
#3118 = ( GEOMETRIC_REPRESENTATION_CONTEXT(2) 
PARAMETRIC_REPRESENTATION_CONTEXT() REPRESENTATION_CONTEXT('2D SPACE',''
  ) );
#3119 = PCURVE('',#2881,#3120);
#3120 = DEFINITIONAL_REPRESENTATION('',(#3121),#3125);
#3121 = CIRCLE('',#3122,42.545);
#3122 = AXIS2_PLACEMENT_2D('',#3123,#3124);
#3123 = CARTESIAN_POINT('',(0.,-3.447273502129E-15));
#3124 = DIRECTION('',(1.,0.));
#3125 = ( GEOMETRIC_REPRESENTATION_CONTEXT(2) 
PARAMETRIC_REPRESENTATION_CONTEXT() REPRESENTATION_CONTEXT('2D SPACE',''
  ) );
#3126 = ORIENTED_EDGE('',*,*,#2995,.T.);
#3127 = ORIENTED_EDGE('',*,*,#1283,.F.);
#3128 = ORIENTED_EDGE('',*,*,#3129,.T.);
#3129 = EDGE_CURVE('',#1284,#3130,#3132,.T.);
#3130 = VERTEX_POINT('',#3131);
#3131 = CARTESIAN_POINT('',(-83.70520625097,22.545415096802,-6.223));
#3132 = SURFACE_CURVE('',#3133,(#3137,#3143),.PCURVE_S1.);
#3133 = LINE('',#3134,#3135);
#3134 = CARTESIAN_POINT('',(-83.70520625097,22.545415096802,-13.97));
#3135 = VECTOR('',#3136,1.);
#3136 = DIRECTION('',(-0.,-0.,-1.));
#3137 = PCURVE('',#765,#3138);
#3138 = DEFINITIONAL_REPRESENTATION('',(#3139),#3142);
#3139 = B_SPLINE_CURVE_WITH_KNOTS('',1,(#3140,#3141),.UNSPECIFIED.,.F.,
  .F.,(2,2),(-17.3228,-7.747),.PIECEWISE_BEZIER_KNOTS.);
#3140 = CARTESIAN_POINT('',(-2.583087292952,-17.3228));
#3141 = CARTESIAN_POINT('',(-2.583087292952,-7.747));
#3142 = ( GEOMETRIC_REPRESENTATION_CONTEXT(2) 
PARAMETRIC_REPRESENTATION_CONTEXT() REPRESENTATION_CONTEXT('2D SPACE',''
  ) );
#3143 = PCURVE('',#1528,#3144);
#3144 = DEFINITIONAL_REPRESENTATION('',(#3145),#3149);
#3145 = LINE('',#3146,#3147);
#3146 = CARTESIAN_POINT('',(2.413,2.54));
#3147 = VECTOR('',#3148,1.);
#3148 = DIRECTION('',(0.,1.));
#3149 = ( GEOMETRIC_REPRESENTATION_CONTEXT(2) 
PARAMETRIC_REPRESENTATION_CONTEXT() REPRESENTATION_CONTEXT('2D SPACE',''
  ) );
#3150 = ORIENTED_EDGE('',*,*,#3151,.T.);
#3151 = EDGE_CURVE('',#3130,#3152,#3154,.T.);
#3152 = VERTEX_POINT('',#3153);
#3153 = CARTESIAN_POINT('',(-69.53729489704,36.468182808371,-6.223));
#3154 = SURFACE_CURVE('',#3155,(#3160,#3166),.PCURVE_S1.);
#3155 = CIRCLE('',#3156,42.545);
#3156 = AXIS2_PLACEMENT_3D('',#3157,#3158,#3159);
#3157 = CARTESIAN_POINT('',(-47.625,0.,-6.223));
#3158 = DIRECTION('',(0.,-0.,-1.));
#3159 = DIRECTION('',(1.,0.,-0.));
#3160 = PCURVE('',#765,#3161);
#3161 = DEFINITIONAL_REPRESENTATION('',(#3162),#3165);
#3162 = B_SPLINE_CURVE_WITH_KNOTS('',1,(#3163,#3164),.UNSPECIFIED.,.F.,
  .F.,(2,2),(3.700098014228,4.171336912266),.PIECEWISE_BEZIER_KNOTS.);
#3163 = CARTESIAN_POINT('',(-2.583087292952,-7.747));
#3164 = CARTESIAN_POINT('',(-2.111848394913,-7.747));
#3165 = ( GEOMETRIC_REPRESENTATION_CONTEXT(2) 
PARAMETRIC_REPRESENTATION_CONTEXT() REPRESENTATION_CONTEXT('2D SPACE',''
  ) );
#3166 = PCURVE('',#3167,#3172);
#3167 = PLANE('',#3168);
#3168 = AXIS2_PLACEMENT_3D('',#3169,#3170,#3171);
#3169 = CARTESIAN_POINT('',(-47.625,5.219946054012E-15,-6.223));
#3170 = DIRECTION('',(0.,0.,1.));
#3171 = DIRECTION('',(1.,0.,-0.));
#3172 = DEFINITIONAL_REPRESENTATION('',(#3173),#3181);
#3173 = ( BOUNDED_CURVE() B_SPLINE_CURVE(2,(#3174,#3175,#3176,#3177,
#3178,#3179,#3180),.UNSPECIFIED.,.T.,.F.) B_SPLINE_CURVE_WITH_KNOTS((1,2
    ,2,2,2,1),(-2.094395102393,0.,2.094395102393,4.188790204786,
6.28318530718,8.377580409573),.UNSPECIFIED.) CURVE() 
GEOMETRIC_REPRESENTATION_ITEM() RATIONAL_B_SPLINE_CURVE((1.,0.5,1.,0.5,
1.,0.5,1.)) REPRESENTATION_ITEM('') );
#3174 = CARTESIAN_POINT('',(42.545,-5.219946054012E-15));
#3175 = CARTESIAN_POINT('',(42.545,-73.69010160801));
#3176 = CARTESIAN_POINT('',(-21.2725,-36.845050804));
#3177 = CARTESIAN_POINT('',(-85.09,-1.564046566796E-14));
#3178 = CARTESIAN_POINT('',(-21.2725,36.845050804009));
#3179 = CARTESIAN_POINT('',(42.545,73.690101608018));
#3180 = CARTESIAN_POINT('',(42.545,-5.219946054012E-15));
#3181 = ( GEOMETRIC_REPRESENTATION_CONTEXT(2) 
PARAMETRIC_REPRESENTATION_CONTEXT() REPRESENTATION_CONTEXT('2D SPACE',''
  ) );
#3182 = ORIENTED_EDGE('',*,*,#3183,.T.);
#3183 = EDGE_CURVE('',#3152,#3184,#3186,.T.);
#3184 = VERTEX_POINT('',#3185);
#3185 = CARTESIAN_POINT('',(-69.53729489704,36.468182808371,-11.43));
#3186 = SURFACE_CURVE('',#3187,(#3191,#3197),.PCURVE_S1.);
#3187 = LINE('',#3188,#3189);
#3188 = CARTESIAN_POINT('',(-69.53729489704,36.468182808371,-13.97));
#3189 = VECTOR('',#3190,1.);
#3190 = DIRECTION('',(-0.,-0.,-1.));
#3191 = PCURVE('',#765,#3192);
#3192 = DEFINITIONAL_REPRESENTATION('',(#3193),#3196);
#3193 = B_SPLINE_CURVE_WITH_KNOTS('',1,(#3194,#3195),.UNSPECIFIED.,.F.,
  .F.,(2,2),(-7.747,-2.54),.PIECEWISE_BEZIER_KNOTS.);
#3194 = CARTESIAN_POINT('',(-2.111848394913,-7.747));
#3195 = CARTESIAN_POINT('',(-2.111848394913,-2.54));
#3196 = ( GEOMETRIC_REPRESENTATION_CONTEXT(2) 
PARAMETRIC_REPRESENTATION_CONTEXT() REPRESENTATION_CONTEXT('2D SPACE',''
  ) );
#3197 = PCURVE('',#3198,#3203);
#3198 = PLANE('',#3199);
#3199 = AXIS2_PLACEMENT_3D('',#3200,#3201,#3202);
#3200 = CARTESIAN_POINT('',(-68.29450802229,34.399838111777,-11.43));
#3201 = DIRECTION('',(-0.857167300702,-0.51503807491,0.));
#3202 = DIRECTION('',(-0.51503807491,0.857167300702,0.));
#3203 = DEFINITIONAL_REPRESENTATION('',(#3204),#3208);
#3204 = LINE('',#3205,#3206);
#3205 = CARTESIAN_POINT('',(2.413,2.54));
#3206 = VECTOR('',#3207,1.);
#3207 = DIRECTION('',(0.,1.));
#3208 = ( GEOMETRIC_REPRESENTATION_CONTEXT(2) 
PARAMETRIC_REPRESENTATION_CONTEXT() REPRESENTATION_CONTEXT('2D SPACE',''
  ) );
#3209 = ORIENTED_EDGE('',*,*,#3210,.F.);
#3210 = EDGE_CURVE('',#3211,#3184,#3213,.T.);
#3211 = VERTEX_POINT('',#3212);
#3212 = CARTESIAN_POINT('',(-89.75595498461,5.921119580346,-11.43));
#3213 = SURFACE_CURVE('',#3214,(#3219,#3225),.PCURVE_S1.);
#3214 = CIRCLE('',#3215,42.545);
#3215 = AXIS2_PLACEMENT_3D('',#3216,#3217,#3218);
#3216 = CARTESIAN_POINT('',(-47.625,0.,-11.43));
#3217 = DIRECTION('',(0.,-0.,-1.));
#3218 = DIRECTION('',(1.,0.,-0.));
#3219 = PCURVE('',#765,#3220);
#3220 = DEFINITIONAL_REPRESENTATION('',(#3221),#3224);
#3221 = B_SPLINE_CURVE_WITH_KNOTS('',1,(#3222,#3223),.UNSPECIFIED.,.F.,
  .F.,(2,2),(3.281218993749,4.171336912266),.PIECEWISE_BEZIER_KNOTS.);
#3222 = CARTESIAN_POINT('',(-3.00196631343,-2.54));
#3223 = CARTESIAN_POINT('',(-2.111848394913,-2.54));
#3224 = ( GEOMETRIC_REPRESENTATION_CONTEXT(2) 
PARAMETRIC_REPRESENTATION_CONTEXT() REPRESENTATION_CONTEXT('2D SPACE',''
  ) );
#3225 = PCURVE('',#3226,#3231);
#3226 = PLANE('',#3227);
#3227 = AXIS2_PLACEMENT_3D('',#3228,#3229,#3230);
#3228 = CARTESIAN_POINT('',(-47.625,5.219946054012E-15,-11.43));
#3229 = DIRECTION('',(0.,0.,1.));
#3230 = DIRECTION('',(1.,0.,-0.));
#3231 = DEFINITIONAL_REPRESENTATION('',(#3232),#3240);
#3232 = ( BOUNDED_CURVE() B_SPLINE_CURVE(2,(#3233,#3234,#3235,#3236,
#3237,#3238,#3239),.UNSPECIFIED.,.T.,.F.) B_SPLINE_CURVE_WITH_KNOTS((1,2
    ,2,2,2,1),(-2.094395102393,0.,2.094395102393,4.188790204786,
6.28318530718,8.377580409573),.UNSPECIFIED.) CURVE() 
GEOMETRIC_REPRESENTATION_ITEM() RATIONAL_B_SPLINE_CURVE((1.,0.5,1.,0.5,
1.,0.5,1.)) REPRESENTATION_ITEM('') );
#3233 = CARTESIAN_POINT('',(42.545,-5.219946054012E-15));
#3234 = CARTESIAN_POINT('',(42.545,-73.69010160801));
#3235 = CARTESIAN_POINT('',(-21.2725,-36.845050804));
#3236 = CARTESIAN_POINT('',(-85.09,-1.564046566796E-14));
#3237 = CARTESIAN_POINT('',(-21.2725,36.845050804009));
#3238 = CARTESIAN_POINT('',(42.545,73.690101608018));
#3239 = CARTESIAN_POINT('',(42.545,-5.219946054012E-15));
#3240 = ( GEOMETRIC_REPRESENTATION_CONTEXT(2) 
PARAMETRIC_REPRESENTATION_CONTEXT() REPRESENTATION_CONTEXT('2D SPACE',''
  ) );
#3241 = ORIENTED_EDGE('',*,*,#3242,.F.);
#3242 = EDGE_CURVE('',#1428,#3211,#3243,.T.);
#3243 = SURFACE_CURVE('',#3244,(#3248,#3254),.PCURVE_S1.);
#3244 = LINE('',#3245,#3246);
#3245 = CARTESIAN_POINT('',(-89.75595498461,5.921119580346,-13.97));
#3246 = VECTOR('',#3247,1.);
#3247 = DIRECTION('',(-0.,-0.,-1.));
#3248 = PCURVE('',#765,#3249);
#3249 = DEFINITIONAL_REPRESENTATION('',(#3250),#3253);
#3250 = B_SPLINE_CURVE_WITH_KNOTS('',1,(#3251,#3252),.UNSPECIFIED.,.F.,
  .F.,(2,2),(-17.3228,-2.54),.PIECEWISE_BEZIER_KNOTS.);
#3251 = CARTESIAN_POINT('',(-3.00196631343,-17.3228));
#3252 = CARTESIAN_POINT('',(-3.00196631343,-2.54));
#3253 = ( GEOMETRIC_REPRESENTATION_CONTEXT(2) 
PARAMETRIC_REPRESENTATION_CONTEXT() REPRESENTATION_CONTEXT('2D SPACE',''
  ) );
#3254 = PCURVE('',#1470,#3255);
#3255 = DEFINITIONAL_REPRESENTATION('',(#3256),#3260);
#3256 = LINE('',#3257,#3258);
#3257 = CARTESIAN_POINT('',(3.937,2.54));
#3258 = VECTOR('',#3259,1.);
#3259 = DIRECTION('',(0.,1.));
#3260 = ( GEOMETRIC_REPRESENTATION_CONTEXT(2) 
PARAMETRIC_REPRESENTATION_CONTEXT() REPRESENTATION_CONTEXT('2D SPACE',''
  ) );
#3261 = ORIENTED_EDGE('',*,*,#1427,.F.);
#3262 = ORIENTED_EDGE('',*,*,#3263,.T.);
#3263 = EDGE_CURVE('',#1400,#3264,#3266,.T.);
#3264 = VERTEX_POINT('',#3265);
#3265 = CARTESIAN_POINT('',(-11.54479374902,-22.5454150968,-6.223));
#3266 = SURFACE_CURVE('',#3267,(#3271,#3277),.PCURVE_S1.);
#3267 = LINE('',#3268,#3269);
#3268 = CARTESIAN_POINT('',(-11.54479374902,-22.5454150968,-13.97));
#3269 = VECTOR('',#3270,1.);
#3270 = DIRECTION('',(-0.,-0.,-1.));
#3271 = PCURVE('',#765,#3272);
#3272 = DEFINITIONAL_REPRESENTATION('',(#3273),#3276);
#3273 = B_SPLINE_CURVE_WITH_KNOTS('',1,(#3274,#3275),.UNSPECIFIED.,.F.,
  .F.,(2,2),(-17.3228,-7.747),.PIECEWISE_BEZIER_KNOTS.);
#3274 = CARTESIAN_POINT('',(-5.724679946541,-17.3228));
#3275 = CARTESIAN_POINT('',(-5.724679946541,-7.747));
#3276 = ( GEOMETRIC_REPRESENTATION_CONTEXT(2) 
PARAMETRIC_REPRESENTATION_CONTEXT() REPRESENTATION_CONTEXT('2D SPACE',''
  ) );
#3277 = PCURVE('',#1415,#3278);
#3278 = DEFINITIONAL_REPRESENTATION('',(#3279),#3283);
#3279 = LINE('',#3280,#3281);
#3280 = CARTESIAN_POINT('',(2.413,2.54));
#3281 = VECTOR('',#3282,1.);
#3282 = DIRECTION('',(0.,1.));
#3283 = ( GEOMETRIC_REPRESENTATION_CONTEXT(2) 
PARAMETRIC_REPRESENTATION_CONTEXT() REPRESENTATION_CONTEXT('2D SPACE',''
  ) );
#3284 = ORIENTED_EDGE('',*,*,#3285,.T.);
#3285 = EDGE_CURVE('',#3264,#3286,#3288,.T.);
#3286 = VERTEX_POINT('',#3287);
#3287 = CARTESIAN_POINT('',(-25.71270510295,-36.46818280837,-6.223));
#3288 = SURFACE_CURVE('',#3289,(#3294,#3300),.PCURVE_S1.);
#3289 = CIRCLE('',#3290,42.545);
#3290 = AXIS2_PLACEMENT_3D('',#3291,#3292,#3293);
#3291 = CARTESIAN_POINT('',(-47.625,0.,-6.223));
#3292 = DIRECTION('',(0.,-0.,-1.));
#3293 = DIRECTION('',(1.,0.,-0.));
#3294 = PCURVE('',#765,#3295);
#3295 = DEFINITIONAL_REPRESENTATION('',(#3296),#3299);
#3296 = B_SPLINE_CURVE_WITH_KNOTS('',1,(#3297,#3298),.UNSPECIFIED.,.F.,
  .F.,(2,2),(0.558505360638,1.029744258677),.PIECEWISE_BEZIER_KNOTS.);
#3297 = CARTESIAN_POINT('',(-5.724679946541,-7.747));
#3298 = CARTESIAN_POINT('',(-5.253441048503,-7.747));
#3299 = ( GEOMETRIC_REPRESENTATION_CONTEXT(2) 
PARAMETRIC_REPRESENTATION_CONTEXT() REPRESENTATION_CONTEXT('2D SPACE',''
  ) );
#3300 = PCURVE('',#3301,#3306);
#3301 = PLANE('',#3302);
#3302 = AXIS2_PLACEMENT_3D('',#3303,#3304,#3305);
#3303 = CARTESIAN_POINT('',(-47.625,5.219946054012E-15,-6.223));
#3304 = DIRECTION('',(0.,0.,1.));
#3305 = DIRECTION('',(1.,0.,-0.));
#3306 = DEFINITIONAL_REPRESENTATION('',(#3307),#3315);
#3307 = ( BOUNDED_CURVE() B_SPLINE_CURVE(2,(#3308,#3309,#3310,#3311,
#3312,#3313,#3314),.UNSPECIFIED.,.T.,.F.) B_SPLINE_CURVE_WITH_KNOTS((1,2
    ,2,2,2,1),(-2.094395102393,0.,2.094395102393,4.188790204786,
6.28318530718,8.377580409573),.UNSPECIFIED.) CURVE() 
GEOMETRIC_REPRESENTATION_ITEM() RATIONAL_B_SPLINE_CURVE((1.,0.5,1.,0.5,
1.,0.5,1.)) REPRESENTATION_ITEM('') );
#3308 = CARTESIAN_POINT('',(42.545,-5.219946054012E-15));
#3309 = CARTESIAN_POINT('',(42.545,-73.69010160801));
#3310 = CARTESIAN_POINT('',(-21.2725,-36.845050804));
#3311 = CARTESIAN_POINT('',(-85.09,-1.564046566796E-14));
#3312 = CARTESIAN_POINT('',(-21.2725,36.845050804009));
#3313 = CARTESIAN_POINT('',(42.545,73.690101608018));
#3314 = CARTESIAN_POINT('',(42.545,-5.219946054012E-15));
#3315 = ( GEOMETRIC_REPRESENTATION_CONTEXT(2) 
PARAMETRIC_REPRESENTATION_CONTEXT() REPRESENTATION_CONTEXT('2D SPACE',''
  ) );
#3316 = ORIENTED_EDGE('',*,*,#3317,.T.);
#3317 = EDGE_CURVE('',#3286,#3318,#3320,.T.);
#3318 = VERTEX_POINT('',#3319);
#3319 = CARTESIAN_POINT('',(-25.71270510295,-36.46818280837,-11.43));
#3320 = SURFACE_CURVE('',#3321,(#3325,#3331),.PCURVE_S1.);
#3321 = LINE('',#3322,#3323);
#3322 = CARTESIAN_POINT('',(-25.71270510295,-36.46818280837,-13.97));
#3323 = VECTOR('',#3324,1.);
#3324 = DIRECTION('',(-0.,-0.,-1.));
#3325 = PCURVE('',#765,#3326);
#3326 = DEFINITIONAL_REPRESENTATION('',(#3327),#3330);
#3327 = B_SPLINE_CURVE_WITH_KNOTS('',1,(#3328,#3329),.UNSPECIFIED.,.F.,
  .F.,(2,2),(-7.747,-2.54),.PIECEWISE_BEZIER_KNOTS.);
#3328 = CARTESIAN_POINT('',(-5.253441048503,-7.747));
#3329 = CARTESIAN_POINT('',(-5.253441048503,-2.54));
#3330 = ( GEOMETRIC_REPRESENTATION_CONTEXT(2) 
PARAMETRIC_REPRESENTATION_CONTEXT() REPRESENTATION_CONTEXT('2D SPACE',''
  ) );
#3331 = PCURVE('',#3332,#3337);
#3332 = PLANE('',#3333);
#3333 = AXIS2_PLACEMENT_3D('',#3334,#3335,#3336);
#3334 = CARTESIAN_POINT('',(-26.95549197771,-34.39983811177,-11.43));
#3335 = DIRECTION('',(0.857167300702,0.51503807491,-0.));
#3336 = DIRECTION('',(0.51503807491,-0.857167300702,0.));
#3337 = DEFINITIONAL_REPRESENTATION('',(#3338),#3342);
#3338 = LINE('',#3339,#3340);
#3339 = CARTESIAN_POINT('',(2.413,2.54));
#3340 = VECTOR('',#3341,1.);
#3341 = DIRECTION('',(0.,1.));
#3342 = ( GEOMETRIC_REPRESENTATION_CONTEXT(2) 
PARAMETRIC_REPRESENTATION_CONTEXT() REPRESENTATION_CONTEXT('2D SPACE',''
  ) );
#3343 = ORIENTED_EDGE('',*,*,#3344,.F.);
#3344 = EDGE_CURVE('',#3345,#3318,#3347,.T.);
#3345 = VERTEX_POINT('',#3346);
#3346 = CARTESIAN_POINT('',(-5.49404501539,-5.921119580346,-11.43));
#3347 = SURFACE_CURVE('',#3348,(#3353,#3359),.PCURVE_S1.);
#3348 = CIRCLE('',#3349,42.545);
#3349 = AXIS2_PLACEMENT_3D('',#3350,#3351,#3352);
#3350 = CARTESIAN_POINT('',(-47.625,0.,-11.43));
#3351 = DIRECTION('',(0.,-0.,-1.));
#3352 = DIRECTION('',(1.,0.,-0.));
#3353 = PCURVE('',#765,#3354);
#3354 = DEFINITIONAL_REPRESENTATION('',(#3355),#3358);
#3355 = B_SPLINE_CURVE_WITH_KNOTS('',1,(#3356,#3357),.UNSPECIFIED.,.F.,
  .F.,(2,2),(0.13962634016,1.029744258677),.PIECEWISE_BEZIER_KNOTS.);
#3356 = CARTESIAN_POINT('',(-6.14355896702,-2.54));
#3357 = CARTESIAN_POINT('',(-5.253441048503,-2.54));
#3358 = ( GEOMETRIC_REPRESENTATION_CONTEXT(2) 
PARAMETRIC_REPRESENTATION_CONTEXT() REPRESENTATION_CONTEXT('2D SPACE',''
  ) );
#3359 = PCURVE('',#3360,#3365);
#3360 = PLANE('',#3361);
#3361 = AXIS2_PLACEMENT_3D('',#3362,#3363,#3364);
#3362 = CARTESIAN_POINT('',(-47.625,5.219946054012E-15,-11.43));
#3363 = DIRECTION('',(0.,0.,1.));
#3364 = DIRECTION('',(1.,0.,-0.));
#3365 = DEFINITIONAL_REPRESENTATION('',(#3366),#3374);
#3366 = ( BOUNDED_CURVE() B_SPLINE_CURVE(2,(#3367,#3368,#3369,#3370,
#3371,#3372,#3373),.UNSPECIFIED.,.T.,.F.) B_SPLINE_CURVE_WITH_KNOTS((1,2
    ,2,2,2,1),(-2.094395102393,0.,2.094395102393,4.188790204786,
6.28318530718,8.377580409573),.UNSPECIFIED.) CURVE() 
GEOMETRIC_REPRESENTATION_ITEM() RATIONAL_B_SPLINE_CURVE((1.,0.5,1.,0.5,
1.,0.5,1.)) REPRESENTATION_ITEM('') );
#3367 = CARTESIAN_POINT('',(42.545,-5.219946054012E-15));
#3368 = CARTESIAN_POINT('',(42.545,-73.69010160801));
#3369 = CARTESIAN_POINT('',(-21.2725,-36.845050804));
#3370 = CARTESIAN_POINT('',(-85.09,-1.564046566796E-14));
#3371 = CARTESIAN_POINT('',(-21.2725,36.845050804009));
#3372 = CARTESIAN_POINT('',(42.545,73.690101608018));
#3373 = CARTESIAN_POINT('',(42.545,-5.219946054012E-15));
#3374 = ( GEOMETRIC_REPRESENTATION_CONTEXT(2) 
PARAMETRIC_REPRESENTATION_CONTEXT() REPRESENTATION_CONTEXT('2D SPACE',''
  ) );
#3375 = ORIENTED_EDGE('',*,*,#3376,.F.);
#3376 = EDGE_CURVE('',#1313,#3345,#3377,.T.);
#3377 = SURFACE_CURVE('',#3378,(#3382,#3388),.PCURVE_S1.);
#3378 = LINE('',#3379,#3380);
#3379 = CARTESIAN_POINT('',(-5.49404501539,-5.921119580346,-13.97));
#3380 = VECTOR('',#3381,1.);
#3381 = DIRECTION('',(-0.,-0.,-1.));
#3382 = PCURVE('',#765,#3383);
#3383 = DEFINITIONAL_REPRESENTATION('',(#3384),#3387);
#3384 = B_SPLINE_CURVE_WITH_KNOTS('',1,(#3385,#3386),.UNSPECIFIED.,.F.,
  .F.,(2,2),(-17.3228,-2.54),.PIECEWISE_BEZIER_KNOTS.);
#3385 = CARTESIAN_POINT('',(-6.14355896702,-17.3228));
#3386 = CARTESIAN_POINT('',(-6.14355896702,-2.54));
#3387 = ( GEOMETRIC_REPRESENTATION_CONTEXT(2) 
PARAMETRIC_REPRESENTATION_CONTEXT() REPRESENTATION_CONTEXT('2D SPACE',''
  ) );
#3388 = PCURVE('',#1355,#3389);
#3389 = DEFINITIONAL_REPRESENTATION('',(#3390),#3394);
#3390 = LINE('',#3391,#3392);
#3391 = CARTESIAN_POINT('',(3.937,2.54));
#3392 = VECTOR('',#3393,1.);
#3393 = DIRECTION('',(0.,1.));
#3394 = ( GEOMETRIC_REPRESENTATION_CONTEXT(2) 
PARAMETRIC_REPRESENTATION_CONTEXT() REPRESENTATION_CONTEXT('2D SPACE',''
  ) );
#3395 = ORIENTED_EDGE('',*,*,#1312,.F.);
#3396 = ADVANCED_FACE('',(#3397),#792,.F.);
#3397 = FACE_BOUND('',#3398,.F.);
#3398 = EDGE_LOOP('',(#3399,#3424,#3447,#3468,#3469,#3470));
#3399 = ORIENTED_EDGE('',*,*,#3400,.F.);
#3400 = EDGE_CURVE('',#3401,#3403,#3405,.T.);
#3401 = VERTEX_POINT('',#3402);
#3402 = CARTESIAN_POINT('',(-36.8935,40.259,-17.78));
#3403 = VERTEX_POINT('',#3404);
#3404 = CARTESIAN_POINT('',(-36.8935,40.259,-13.97));
#3405 = SURFACE_CURVE('',#3406,(#3410,#3417),.PCURVE_S1.);
#3406 = LINE('',#3407,#3408);
#3407 = CARTESIAN_POINT('',(-36.8935,40.259,-19.812));
#3408 = VECTOR('',#3409,1.);
#3409 = DIRECTION('',(0.,0.,1.));
#3410 = PCURVE('',#792,#3411);
#3411 = DEFINITIONAL_REPRESENTATION('',(#3412),#3416);
#3412 = LINE('',#3413,#3414);
#3413 = CARTESIAN_POINT('',(0.,0.));
#3414 = VECTOR('',#3415,1.);
#3415 = DIRECTION('',(1.,0.));
#3416 = ( GEOMETRIC_REPRESENTATION_CONTEXT(2) 
PARAMETRIC_REPRESENTATION_CONTEXT() REPRESENTATION_CONTEXT('2D SPACE',''
  ) );
#3417 = PCURVE('',#2810,#3418);
#3418 = DEFINITIONAL_REPRESENTATION('',(#3419),#3423);
#3419 = LINE('',#3420,#3421);
#3420 = CARTESIAN_POINT('',(0.,18.288));
#3421 = VECTOR('',#3422,1.);
#3422 = DIRECTION('',(1.,0.));
#3423 = ( GEOMETRIC_REPRESENTATION_CONTEXT(2) 
PARAMETRIC_REPRESENTATION_CONTEXT() REPRESENTATION_CONTEXT('2D SPACE',''
  ) );
#3424 = ORIENTED_EDGE('',*,*,#3425,.T.);
#3425 = EDGE_CURVE('',#3401,#3426,#3428,.T.);
#3426 = VERTEX_POINT('',#3427);
#3427 = CARTESIAN_POINT('',(-36.8935,49.53,-17.78));
#3428 = SURFACE_CURVE('',#3429,(#3433,#3440),.PCURVE_S1.);
#3429 = LINE('',#3430,#3431);
#3430 = CARTESIAN_POINT('',(-36.8935,20.1295,-17.78));
#3431 = VECTOR('',#3432,1.);
#3432 = DIRECTION('',(0.,1.,0.));
#3433 = PCURVE('',#792,#3434);
#3434 = DEFINITIONAL_REPRESENTATION('',(#3435),#3439);
#3435 = LINE('',#3436,#3437);
#3436 = CARTESIAN_POINT('',(2.032,20.1295));
#3437 = VECTOR('',#3438,1.);
#3438 = DIRECTION('',(0.,-1.));
#3439 = ( GEOMETRIC_REPRESENTATION_CONTEXT(2) 
PARAMETRIC_REPRESENTATION_CONTEXT() REPRESENTATION_CONTEXT('2D SPACE',''
  ) );
#3440 = PCURVE('',#2736,#3441);
#3441 = DEFINITIONAL_REPRESENTATION('',(#3442),#3446);
#3442 = LINE('',#3443,#3444);
#3443 = CARTESIAN_POINT('',(-36.8935,20.1295));
#3444 = VECTOR('',#3445,1.);
#3445 = DIRECTION('',(0.,1.));
#3446 = ( GEOMETRIC_REPRESENTATION_CONTEXT(2) 
PARAMETRIC_REPRESENTATION_CONTEXT() REPRESENTATION_CONTEXT('2D SPACE',''
  ) );
#3447 = ORIENTED_EDGE('',*,*,#3448,.F.);
#3448 = EDGE_CURVE('',#777,#3426,#3449,.T.);
#3449 = SURFACE_CURVE('',#3450,(#3454,#3461),.PCURVE_S1.);
#3450 = LINE('',#3451,#3452);
#3451 = CARTESIAN_POINT('',(-36.8935,49.53,-18.796));
#3452 = VECTOR('',#3453,1.);
#3453 = DIRECTION('',(0.,0.,-1.));
#3454 = PCURVE('',#792,#3455);
#3455 = DEFINITIONAL_REPRESENTATION('',(#3456),#3460);
#3456 = LINE('',#3457,#3458);
#3457 = CARTESIAN_POINT('',(1.016,-9.271));
#3458 = VECTOR('',#3459,1.);
#3459 = DIRECTION('',(-1.,0.));
#3460 = ( GEOMETRIC_REPRESENTATION_CONTEXT(2) 
PARAMETRIC_REPRESENTATION_CONTEXT() REPRESENTATION_CONTEXT('2D SPACE',''
  ) );
#3461 = PCURVE('',#820,#3462);
#3462 = DEFINITIONAL_REPRESENTATION('',(#3463),#3467);
#3463 = LINE('',#3464,#3465);
#3464 = CARTESIAN_POINT('',(10.7315,1.016));
#3465 = VECTOR('',#3466,1.);
#3466 = DIRECTION('',(0.,1.));
#3467 = ( GEOMETRIC_REPRESENTATION_CONTEXT(2) 
PARAMETRIC_REPRESENTATION_CONTEXT() REPRESENTATION_CONTEXT('2D SPACE',''
  ) );
#3468 = ORIENTED_EDGE('',*,*,#776,.F.);
#3469 = ORIENTED_EDGE('',*,*,#3084,.T.);
#3470 = ORIENTED_EDGE('',*,*,#3471,.F.);
#3471 = EDGE_CURVE('',#3403,#3085,#3472,.T.);
#3472 = SURFACE_CURVE('',#3473,(#3477,#3484),.PCURVE_S1.);
#3473 = LINE('',#3474,#3475);
#3474 = CARTESIAN_POINT('',(-36.8935,20.1295,-13.97));
#3475 = VECTOR('',#3476,1.);
#3476 = DIRECTION('',(0.,1.,0.));
#3477 = PCURVE('',#792,#3478);
#3478 = DEFINITIONAL_REPRESENTATION('',(#3479),#3483);
#3479 = LINE('',#3480,#3481);
#3480 = CARTESIAN_POINT('',(5.842,20.1295));
#3481 = VECTOR('',#3482,1.);
#3482 = DIRECTION('',(0.,-1.));
#3483 = ( GEOMETRIC_REPRESENTATION_CONTEXT(2) 
PARAMETRIC_REPRESENTATION_CONTEXT() REPRESENTATION_CONTEXT('2D SPACE',''
  ) );
#3484 = PCURVE('',#2881,#3485);
#3485 = DEFINITIONAL_REPRESENTATION('',(#3486),#3490);
#3486 = LINE('',#3487,#3488);
#3487 = CARTESIAN_POINT('',(10.7315,20.1295));
#3488 = VECTOR('',#3489,1.);
#3489 = DIRECTION('',(0.,1.));
#3490 = ( GEOMETRIC_REPRESENTATION_CONTEXT(2) 
PARAMETRIC_REPRESENTATION_CONTEXT() REPRESENTATION_CONTEXT('2D SPACE',''
  ) );
#3491 = ADVANCED_FACE('',(#3492),#1075,.T.);
#3492 = FACE_BOUND('',#3493,.T.);
#3493 = EDGE_LOOP('',(#3494,#3519,#3542,#3563,#3564,#3565));
#3494 = ORIENTED_EDGE('',*,*,#3495,.F.);
#3495 = EDGE_CURVE('',#3496,#3498,#3500,.T.);
#3496 = VERTEX_POINT('',#3497);
#3497 = CARTESIAN_POINT('',(-36.8935,-40.259,-17.78));
#3498 = VERTEX_POINT('',#3499);
#3499 = CARTESIAN_POINT('',(-36.8935,-40.259,-13.97));
#3500 = SURFACE_CURVE('',#3501,(#3505,#3512),.PCURVE_S1.);
#3501 = LINE('',#3502,#3503);
#3502 = CARTESIAN_POINT('',(-36.8935,-40.259,-19.812));
#3503 = VECTOR('',#3504,1.);
#3504 = DIRECTION('',(0.,0.,1.));
#3505 = PCURVE('',#1075,#3506);
#3506 = DEFINITIONAL_REPRESENTATION('',(#3507),#3511);
#3507 = LINE('',#3508,#3509);
#3508 = CARTESIAN_POINT('',(0.,0.));
#3509 = VECTOR('',#3510,1.);
#3510 = DIRECTION('',(1.,0.));
#3511 = ( GEOMETRIC_REPRESENTATION_CONTEXT(2) 
PARAMETRIC_REPRESENTATION_CONTEXT() REPRESENTATION_CONTEXT('2D SPACE',''
  ) );
#3512 = PCURVE('',#2914,#3513);
#3513 = DEFINITIONAL_REPRESENTATION('',(#3514),#3518);
#3514 = LINE('',#3515,#3516);
#3515 = CARTESIAN_POINT('',(0.,0.));
#3516 = VECTOR('',#3517,1.);
#3517 = DIRECTION('',(1.,0.));
#3518 = ( GEOMETRIC_REPRESENTATION_CONTEXT(2) 
PARAMETRIC_REPRESENTATION_CONTEXT() REPRESENTATION_CONTEXT('2D SPACE',''
  ) );
#3519 = ORIENTED_EDGE('',*,*,#3520,.T.);
#3520 = EDGE_CURVE('',#3496,#3521,#3523,.T.);
#3521 = VERTEX_POINT('',#3522);
#3522 = CARTESIAN_POINT('',(-36.8935,-49.53,-17.78));
#3523 = SURFACE_CURVE('',#3524,(#3528,#3535),.PCURVE_S1.);
#3524 = LINE('',#3525,#3526);
#3525 = CARTESIAN_POINT('',(-36.8935,-20.1295,-17.78));
#3526 = VECTOR('',#3527,1.);
#3527 = DIRECTION('',(-1.224646799147E-16,-1.,0.));
#3528 = PCURVE('',#1075,#3529);
#3529 = DEFINITIONAL_REPRESENTATION('',(#3530),#3534);
#3530 = LINE('',#3531,#3532);
#3531 = CARTESIAN_POINT('',(2.032,20.1295));
#3532 = VECTOR('',#3533,1.);
#3533 = DIRECTION('',(0.,-1.));
#3534 = ( GEOMETRIC_REPRESENTATION_CONTEXT(2) 
PARAMETRIC_REPRESENTATION_CONTEXT() REPRESENTATION_CONTEXT('2D SPACE',''
  ) );
#3535 = PCURVE('',#2736,#3536);
#3536 = DEFINITIONAL_REPRESENTATION('',(#3537),#3541);
#3537 = LINE('',#3538,#3539);
#3538 = CARTESIAN_POINT('',(-36.8935,-20.1295));
#3539 = VECTOR('',#3540,1.);
#3540 = DIRECTION('',(-1.224646799147E-16,-1.));
#3541 = ( GEOMETRIC_REPRESENTATION_CONTEXT(2) 
PARAMETRIC_REPRESENTATION_CONTEXT() REPRESENTATION_CONTEXT('2D SPACE',''
  ) );
#3542 = ORIENTED_EDGE('',*,*,#3543,.T.);
#3543 = EDGE_CURVE('',#3521,#1032,#3544,.T.);
#3544 = SURFACE_CURVE('',#3545,(#3549,#3556),.PCURVE_S1.);
#3545 = LINE('',#3546,#3547);
#3546 = CARTESIAN_POINT('',(-36.8935,-49.53,-18.796));
#3547 = VECTOR('',#3548,1.);
#3548 = DIRECTION('',(0.,0.,1.));
#3549 = PCURVE('',#1075,#3550);
#3550 = DEFINITIONAL_REPRESENTATION('',(#3551),#3555);
#3551 = LINE('',#3552,#3553);
#3552 = CARTESIAN_POINT('',(1.016,-9.271));
#3553 = VECTOR('',#3554,1.);
#3554 = DIRECTION('',(1.,0.));
#3555 = ( GEOMETRIC_REPRESENTATION_CONTEXT(2) 
PARAMETRIC_REPRESENTATION_CONTEXT() REPRESENTATION_CONTEXT('2D SPACE',''
  ) );
#3556 = PCURVE('',#1047,#3557);
#3557 = DEFINITIONAL_REPRESENTATION('',(#3558),#3562);
#3558 = LINE('',#3559,#3560);
#3559 = CARTESIAN_POINT('',(10.7315,1.016));
#3560 = VECTOR('',#3561,1.);
#3561 = DIRECTION('',(0.,-1.));
#3562 = ( GEOMETRIC_REPRESENTATION_CONTEXT(2) 
PARAMETRIC_REPRESENTATION_CONTEXT() REPRESENTATION_CONTEXT('2D SPACE',''
  ) );
#3563 = ORIENTED_EDGE('',*,*,#1059,.F.);
#3564 = ORIENTED_EDGE('',*,*,#3039,.T.);
#3565 = ORIENTED_EDGE('',*,*,#3566,.F.);
#3566 = EDGE_CURVE('',#3498,#3017,#3567,.T.);
#3567 = SURFACE_CURVE('',#3568,(#3572,#3579),.PCURVE_S1.);
#3568 = LINE('',#3569,#3570);
#3569 = CARTESIAN_POINT('',(-36.8935,-20.1295,-13.97));
#3570 = VECTOR('',#3571,1.);
#3571 = DIRECTION('',(-1.224646799147E-16,-1.,0.));
#3572 = PCURVE('',#1075,#3573);
#3573 = DEFINITIONAL_REPRESENTATION('',(#3574),#3578);
#3574 = LINE('',#3575,#3576);
#3575 = CARTESIAN_POINT('',(5.842,20.1295));
#3576 = VECTOR('',#3577,1.);
#3577 = DIRECTION('',(0.,-1.));
#3578 = ( GEOMETRIC_REPRESENTATION_CONTEXT(2) 
PARAMETRIC_REPRESENTATION_CONTEXT() REPRESENTATION_CONTEXT('2D SPACE',''
  ) );
#3579 = PCURVE('',#2881,#3580);
#3580 = DEFINITIONAL_REPRESENTATION('',(#3581),#3585);
#3581 = LINE('',#3582,#3583);
#3582 = CARTESIAN_POINT('',(10.7315,-20.1295));
#3583 = VECTOR('',#3584,1.);
#3584 = DIRECTION('',(-1.224646799147E-16,-1.));
#3585 = ( GEOMETRIC_REPRESENTATION_CONTEXT(2) 
PARAMETRIC_REPRESENTATION_CONTEXT() REPRESENTATION_CONTEXT('2D SPACE',''
  ) );
#3586 = ADVANCED_FACE('',(#3587),#820,.T.);
#3587 = FACE_BOUND('',#3588,.T.);
#3588 = EDGE_LOOP('',(#3589,#3612,#3613,#3614));
#3589 = ORIENTED_EDGE('',*,*,#3590,.F.);
#3590 = EDGE_CURVE('',#3426,#3591,#3593,.T.);
#3591 = VERTEX_POINT('',#3592);
#3592 = CARTESIAN_POINT('',(36.8935,49.53,-17.78));
#3593 = SURFACE_CURVE('',#3594,(#3598,#3605),.PCURVE_S1.);
#3594 = LINE('',#3595,#3596);
#3595 = CARTESIAN_POINT('',(0.,49.53,-17.78));
#3596 = VECTOR('',#3597,1.);
#3597 = DIRECTION('',(1.,0.,-0.));
#3598 = PCURVE('',#820,#3599);
#3599 = DEFINITIONAL_REPRESENTATION('',(#3600),#3604);
#3600 = LINE('',#3601,#3602);
#3601 = CARTESIAN_POINT('',(47.625,0.));
#3602 = VECTOR('',#3603,1.);
#3603 = DIRECTION('',(1.,0.));
#3604 = ( GEOMETRIC_REPRESENTATION_CONTEXT(2) 
PARAMETRIC_REPRESENTATION_CONTEXT() REPRESENTATION_CONTEXT('2D SPACE',''
  ) );
#3605 = PCURVE('',#2736,#3606);
#3606 = DEFINITIONAL_REPRESENTATION('',(#3607),#3611);
#3607 = LINE('',#3608,#3609);
#3608 = CARTESIAN_POINT('',(0.,49.53));
#3609 = VECTOR('',#3610,1.);
#3610 = DIRECTION('',(1.,0.));
#3611 = ( GEOMETRIC_REPRESENTATION_CONTEXT(2) 
PARAMETRIC_REPRESENTATION_CONTEXT() REPRESENTATION_CONTEXT('2D SPACE',''
  ) );
#3612 = ORIENTED_EDGE('',*,*,#3448,.F.);
#3613 = ORIENTED_EDGE('',*,*,#804,.T.);
#3614 = ORIENTED_EDGE('',*,*,#3615,.T.);
#3615 = EDGE_CURVE('',#805,#3591,#3616,.T.);
#3616 = SURFACE_CURVE('',#3617,(#3621,#3628),.PCURVE_S1.);
#3617 = LINE('',#3618,#3619);
#3618 = CARTESIAN_POINT('',(36.8935,49.53,-18.796));
#3619 = VECTOR('',#3620,1.);
#3620 = DIRECTION('',(0.,0.,-1.));
#3621 = PCURVE('',#820,#3622);
#3622 = DEFINITIONAL_REPRESENTATION('',(#3623),#3627);
#3623 = LINE('',#3624,#3625);
#3624 = CARTESIAN_POINT('',(84.5185,1.016));
#3625 = VECTOR('',#3626,1.);
#3626 = DIRECTION('',(0.,1.));
#3627 = ( GEOMETRIC_REPRESENTATION_CONTEXT(2) 
PARAMETRIC_REPRESENTATION_CONTEXT() REPRESENTATION_CONTEXT('2D SPACE',''
  ) );
#3628 = PCURVE('',#848,#3629);
#3629 = DEFINITIONAL_REPRESENTATION('',(#3630),#3634);
#3630 = LINE('',#3631,#3632);
#3631 = CARTESIAN_POINT('',(1.016,-9.271));
#3632 = VECTOR('',#3633,1.);
#3633 = DIRECTION('',(-1.,0.));
#3634 = ( GEOMETRIC_REPRESENTATION_CONTEXT(2) 
PARAMETRIC_REPRESENTATION_CONTEXT() REPRESENTATION_CONTEXT('2D SPACE',''
  ) );
#3635 = ADVANCED_FACE('',(#3636),#1047,.F.);
#3636 = FACE_BOUND('',#3637,.F.);
#3637 = EDGE_LOOP('',(#3638,#3661,#3662,#3663));
#3638 = ORIENTED_EDGE('',*,*,#3639,.F.);
#3639 = EDGE_CURVE('',#3521,#3640,#3642,.T.);
#3640 = VERTEX_POINT('',#3641);
#3641 = CARTESIAN_POINT('',(36.8935,-49.53,-17.78));
#3642 = SURFACE_CURVE('',#3643,(#3647,#3654),.PCURVE_S1.);
#3643 = LINE('',#3644,#3645);
#3644 = CARTESIAN_POINT('',(0.,-49.53,-17.78));
#3645 = VECTOR('',#3646,1.);
#3646 = DIRECTION('',(1.,0.,-0.));
#3647 = PCURVE('',#1047,#3648);
#3648 = DEFINITIONAL_REPRESENTATION('',(#3649),#3653);
#3649 = LINE('',#3650,#3651);
#3650 = CARTESIAN_POINT('',(47.625,0.));
#3651 = VECTOR('',#3652,1.);
#3652 = DIRECTION('',(1.,0.));
#3653 = ( GEOMETRIC_REPRESENTATION_CONTEXT(2) 
PARAMETRIC_REPRESENTATION_CONTEXT() REPRESENTATION_CONTEXT('2D SPACE',''
  ) );
#3654 = PCURVE('',#2736,#3655);
#3655 = DEFINITIONAL_REPRESENTATION('',(#3656),#3660);
#3656 = LINE('',#3657,#3658);
#3657 = CARTESIAN_POINT('',(0.,-49.53));
#3658 = VECTOR('',#3659,1.);
#3659 = DIRECTION('',(1.,0.));
#3660 = ( GEOMETRIC_REPRESENTATION_CONTEXT(2) 
PARAMETRIC_REPRESENTATION_CONTEXT() REPRESENTATION_CONTEXT('2D SPACE',''
  ) );
#3661 = ORIENTED_EDGE('',*,*,#3543,.T.);
#3662 = ORIENTED_EDGE('',*,*,#1031,.T.);
#3663 = ORIENTED_EDGE('',*,*,#3664,.F.);
#3664 = EDGE_CURVE('',#3640,#1004,#3665,.T.);
#3665 = SURFACE_CURVE('',#3666,(#3670,#3677),.PCURVE_S1.);
#3666 = LINE('',#3667,#3668);
#3667 = CARTESIAN_POINT('',(36.8935,-49.53,-18.796));
#3668 = VECTOR('',#3669,1.);
#3669 = DIRECTION('',(0.,0.,1.));
#3670 = PCURVE('',#1047,#3671);
#3671 = DEFINITIONAL_REPRESENTATION('',(#3672),#3676);
#3672 = LINE('',#3673,#3674);
#3673 = CARTESIAN_POINT('',(84.5185,1.016));
#3674 = VECTOR('',#3675,1.);
#3675 = DIRECTION('',(0.,-1.));
#3676 = ( GEOMETRIC_REPRESENTATION_CONTEXT(2) 
PARAMETRIC_REPRESENTATION_CONTEXT() REPRESENTATION_CONTEXT('2D SPACE',''
  ) );
#3677 = PCURVE('',#1019,#3678);
#3678 = DEFINITIONAL_REPRESENTATION('',(#3679),#3683);
#3679 = LINE('',#3680,#3681);
#3680 = CARTESIAN_POINT('',(1.016,-9.271));
#3681 = VECTOR('',#3682,1.);
#3682 = DIRECTION('',(1.,0.));
#3683 = ( GEOMETRIC_REPRESENTATION_CONTEXT(2) 
PARAMETRIC_REPRESENTATION_CONTEXT() REPRESENTATION_CONTEXT('2D SPACE',''
  ) );
#3684 = ADVANCED_FACE('',(#3685),#848,.T.);
#3685 = FACE_BOUND('',#3686,.T.);
#3686 = EDGE_LOOP('',(#3687,#3717,#3738,#3739,#3740,#3762));
#3687 = ORIENTED_EDGE('',*,*,#3688,.F.);
#3688 = EDGE_CURVE('',#3689,#3691,#3693,.T.);
#3689 = VERTEX_POINT('',#3690);
#3690 = CARTESIAN_POINT('',(36.8935,40.259,-17.78));
#3691 = VERTEX_POINT('',#3692);
#3692 = CARTESIAN_POINT('',(36.8935,40.259,-13.97));
#3693 = SURFACE_CURVE('',#3694,(#3698,#3705),.PCURVE_S1.);
#3694 = LINE('',#3695,#3696);
#3695 = CARTESIAN_POINT('',(36.8935,40.259,-19.812));
#3696 = VECTOR('',#3697,1.);
#3697 = DIRECTION('',(0.,0.,1.));
#3698 = PCURVE('',#848,#3699);
#3699 = DEFINITIONAL_REPRESENTATION('',(#3700),#3704);
#3700 = LINE('',#3701,#3702);
#3701 = CARTESIAN_POINT('',(0.,0.));
#3702 = VECTOR('',#3703,1.);
#3703 = DIRECTION('',(1.,0.));
#3704 = ( GEOMETRIC_REPRESENTATION_CONTEXT(2) 
PARAMETRIC_REPRESENTATION_CONTEXT() REPRESENTATION_CONTEXT('2D SPACE',''
  ) );
#3705 = PCURVE('',#3706,#3711);
#3706 = PLANE('',#3707);
#3707 = AXIS2_PLACEMENT_3D('',#3708,#3709,#3710);
#3708 = CARTESIAN_POINT('',(36.8935,40.259,-19.812));
#3709 = DIRECTION('',(0.,1.,0.));
#3710 = DIRECTION('',(0.,0.,1.));
#3711 = DEFINITIONAL_REPRESENTATION('',(#3712),#3716);
#3712 = LINE('',#3713,#3714);
#3713 = CARTESIAN_POINT('',(0.,0.));
#3714 = VECTOR('',#3715,1.);
#3715 = DIRECTION('',(1.,0.));
#3716 = ( GEOMETRIC_REPRESENTATION_CONTEXT(2) 
PARAMETRIC_REPRESENTATION_CONTEXT() REPRESENTATION_CONTEXT('2D SPACE',''
  ) );
#3717 = ORIENTED_EDGE('',*,*,#3718,.T.);
#3718 = EDGE_CURVE('',#3689,#3591,#3719,.T.);
#3719 = SURFACE_CURVE('',#3720,(#3724,#3731),.PCURVE_S1.);
#3720 = LINE('',#3721,#3722);
#3721 = CARTESIAN_POINT('',(36.8935,20.1295,-17.78));
#3722 = VECTOR('',#3723,1.);
#3723 = DIRECTION('',(0.,1.,0.));
#3724 = PCURVE('',#848,#3725);
#3725 = DEFINITIONAL_REPRESENTATION('',(#3726),#3730);
#3726 = LINE('',#3727,#3728);
#3727 = CARTESIAN_POINT('',(2.032,20.1295));
#3728 = VECTOR('',#3729,1.);
#3729 = DIRECTION('',(0.,-1.));
#3730 = ( GEOMETRIC_REPRESENTATION_CONTEXT(2) 
PARAMETRIC_REPRESENTATION_CONTEXT() REPRESENTATION_CONTEXT('2D SPACE',''
  ) );
#3731 = PCURVE('',#2736,#3732);
#3732 = DEFINITIONAL_REPRESENTATION('',(#3733),#3737);
#3733 = LINE('',#3734,#3735);
#3734 = CARTESIAN_POINT('',(36.8935,20.1295));
#3735 = VECTOR('',#3736,1.);
#3736 = DIRECTION('',(0.,1.));
#3737 = ( GEOMETRIC_REPRESENTATION_CONTEXT(2) 
PARAMETRIC_REPRESENTATION_CONTEXT() REPRESENTATION_CONTEXT('2D SPACE',''
  ) );
#3738 = ORIENTED_EDGE('',*,*,#3615,.F.);
#3739 = ORIENTED_EDGE('',*,*,#832,.F.);
#3740 = ORIENTED_EDGE('',*,*,#3741,.T.);
#3741 = EDGE_CURVE('',#833,#3742,#3744,.T.);
#3742 = VERTEX_POINT('',#3743);
#3743 = CARTESIAN_POINT('',(36.8935,41.169308140288,-13.97));
#3744 = SURFACE_CURVE('',#3745,(#3749,#3756),.PCURVE_S1.);
#3745 = LINE('',#3746,#3747);
#3746 = CARTESIAN_POINT('',(36.8935,41.169308140288,-13.97));
#3747 = VECTOR('',#3748,1.);
#3748 = DIRECTION('',(-0.,-0.,-1.));
#3749 = PCURVE('',#848,#3750);
#3750 = DEFINITIONAL_REPRESENTATION('',(#3751),#3755);
#3751 = LINE('',#3752,#3753);
#3752 = CARTESIAN_POINT('',(5.842,-0.910308140288));
#3753 = VECTOR('',#3754,1.);
#3754 = DIRECTION('',(-1.,-0.));
#3755 = ( GEOMETRIC_REPRESENTATION_CONTEXT(2) 
PARAMETRIC_REPRESENTATION_CONTEXT() REPRESENTATION_CONTEXT('2D SPACE',''
  ) );
#3756 = PCURVE('',#881,#3757);
#3757 = DEFINITIONAL_REPRESENTATION('',(#3758),#3761);
#3758 = B_SPLINE_CURVE_WITH_KNOTS('',1,(#3759,#3760),.UNSPECIFIED.,.F.,
  .F.,(2,2),(-13.97,0.),.PIECEWISE_BEZIER_KNOTS.);
#3759 = CARTESIAN_POINT('',(-1.825789503493,-13.97));
#3760 = CARTESIAN_POINT('',(-1.825789503493,0.));
#3761 = ( GEOMETRIC_REPRESENTATION_CONTEXT(2) 
PARAMETRIC_REPRESENTATION_CONTEXT() REPRESENTATION_CONTEXT('2D SPACE',''
  ) );
#3762 = ORIENTED_EDGE('',*,*,#3763,.F.);
#3763 = EDGE_CURVE('',#3691,#3742,#3764,.T.);
#3764 = SURFACE_CURVE('',#3765,(#3769,#3776),.PCURVE_S1.);
#3765 = LINE('',#3766,#3767);
#3766 = CARTESIAN_POINT('',(36.8935,20.1295,-13.97));
#3767 = VECTOR('',#3768,1.);
#3768 = DIRECTION('',(0.,1.,0.));
#3769 = PCURVE('',#848,#3770);
#3770 = DEFINITIONAL_REPRESENTATION('',(#3771),#3775);
#3771 = LINE('',#3772,#3773);
#3772 = CARTESIAN_POINT('',(5.842,20.1295));
#3773 = VECTOR('',#3774,1.);
#3774 = DIRECTION('',(0.,-1.));
#3775 = ( GEOMETRIC_REPRESENTATION_CONTEXT(2) 
PARAMETRIC_REPRESENTATION_CONTEXT() REPRESENTATION_CONTEXT('2D SPACE',''
  ) );
#3776 = PCURVE('',#3777,#3782);
#3777 = PLANE('',#3778);
#3778 = AXIS2_PLACEMENT_3D('',#3779,#3780,#3781);
#3779 = CARTESIAN_POINT('',(47.625,3.447273502129E-15,-13.97));
#3780 = DIRECTION('',(0.,0.,1.));
#3781 = DIRECTION('',(1.,0.,-0.));
#3782 = DEFINITIONAL_REPRESENTATION('',(#3783),#3787);
#3783 = LINE('',#3784,#3785);
#3784 = CARTESIAN_POINT('',(-10.7315,20.1295));
#3785 = VECTOR('',#3786,1.);
#3786 = DIRECTION('',(0.,1.));
#3787 = ( GEOMETRIC_REPRESENTATION_CONTEXT(2) 
PARAMETRIC_REPRESENTATION_CONTEXT() REPRESENTATION_CONTEXT('2D SPACE',''
  ) );
#3788 = ADVANCED_FACE('',(#3789),#1019,.F.);
#3789 = FACE_BOUND('',#3790,.F.);
#3790 = EDGE_LOOP('',(#3791,#3821,#3842,#3843,#3844,#3866));
#3791 = ORIENTED_EDGE('',*,*,#3792,.F.);
#3792 = EDGE_CURVE('',#3793,#3795,#3797,.T.);
#3793 = VERTEX_POINT('',#3794);
#3794 = CARTESIAN_POINT('',(36.8935,-40.259,-17.78));
#3795 = VERTEX_POINT('',#3796);
#3796 = CARTESIAN_POINT('',(36.8935,-40.259,-13.97));
#3797 = SURFACE_CURVE('',#3798,(#3802,#3809),.PCURVE_S1.);
#3798 = LINE('',#3799,#3800);
#3799 = CARTESIAN_POINT('',(36.8935,-40.259,-19.812));
#3800 = VECTOR('',#3801,1.);
#3801 = DIRECTION('',(0.,0.,1.));
#3802 = PCURVE('',#1019,#3803);
#3803 = DEFINITIONAL_REPRESENTATION('',(#3804),#3808);
#3804 = LINE('',#3805,#3806);
#3805 = CARTESIAN_POINT('',(0.,0.));
#3806 = VECTOR('',#3807,1.);
#3807 = DIRECTION('',(1.,0.));
#3808 = ( GEOMETRIC_REPRESENTATION_CONTEXT(2) 
PARAMETRIC_REPRESENTATION_CONTEXT() REPRESENTATION_CONTEXT('2D SPACE',''
  ) );
#3809 = PCURVE('',#3810,#3815);
#3810 = PLANE('',#3811);
#3811 = AXIS2_PLACEMENT_3D('',#3812,#3813,#3814);
#3812 = CARTESIAN_POINT('',(55.1815,-40.259,-19.812));
#3813 = DIRECTION('',(-1.224646799147E-16,-1.,0.));
#3814 = DIRECTION('',(0.,0.,1.));
#3815 = DEFINITIONAL_REPRESENTATION('',(#3816),#3820);
#3816 = LINE('',#3817,#3818);
#3817 = CARTESIAN_POINT('',(0.,18.288));
#3818 = VECTOR('',#3819,1.);
#3819 = DIRECTION('',(1.,0.));
#3820 = ( GEOMETRIC_REPRESENTATION_CONTEXT(2) 
PARAMETRIC_REPRESENTATION_CONTEXT() REPRESENTATION_CONTEXT('2D SPACE',''
  ) );
#3821 = ORIENTED_EDGE('',*,*,#3822,.T.);
#3822 = EDGE_CURVE('',#3793,#3640,#3823,.T.);
#3823 = SURFACE_CURVE('',#3824,(#3828,#3835),.PCURVE_S1.);
#3824 = LINE('',#3825,#3826);
#3825 = CARTESIAN_POINT('',(36.8935,-20.1295,-17.78));
#3826 = VECTOR('',#3827,1.);
#3827 = DIRECTION('',(-1.224646799147E-16,-1.,0.));
#3828 = PCURVE('',#1019,#3829);
#3829 = DEFINITIONAL_REPRESENTATION('',(#3830),#3834);
#3830 = LINE('',#3831,#3832);
#3831 = CARTESIAN_POINT('',(2.032,20.1295));
#3832 = VECTOR('',#3833,1.);
#3833 = DIRECTION('',(0.,-1.));
#3834 = ( GEOMETRIC_REPRESENTATION_CONTEXT(2) 
PARAMETRIC_REPRESENTATION_CONTEXT() REPRESENTATION_CONTEXT('2D SPACE',''
  ) );
#3835 = PCURVE('',#2736,#3836);
#3836 = DEFINITIONAL_REPRESENTATION('',(#3837),#3841);
#3837 = LINE('',#3838,#3839);
#3838 = CARTESIAN_POINT('',(36.8935,-20.1295));
#3839 = VECTOR('',#3840,1.);
#3840 = DIRECTION('',(-1.224646799147E-16,-1.));
#3841 = ( GEOMETRIC_REPRESENTATION_CONTEXT(2) 
PARAMETRIC_REPRESENTATION_CONTEXT() REPRESENTATION_CONTEXT('2D SPACE',''
  ) );
#3842 = ORIENTED_EDGE('',*,*,#3664,.T.);
#3843 = ORIENTED_EDGE('',*,*,#1003,.F.);
#3844 = ORIENTED_EDGE('',*,*,#3845,.T.);
#3845 = EDGE_CURVE('',#977,#3846,#3848,.T.);
#3846 = VERTEX_POINT('',#3847);
#3847 = CARTESIAN_POINT('',(36.8935,-41.16930814028,-13.97));
#3848 = SURFACE_CURVE('',#3849,(#3853,#3860),.PCURVE_S1.);
#3849 = LINE('',#3850,#3851);
#3850 = CARTESIAN_POINT('',(36.8935,-41.16930814028,-13.97));
#3851 = VECTOR('',#3852,1.);
#3852 = DIRECTION('',(-0.,-0.,-1.));
#3853 = PCURVE('',#1019,#3854);
#3854 = DEFINITIONAL_REPRESENTATION('',(#3855),#3859);
#3855 = LINE('',#3856,#3857);
#3856 = CARTESIAN_POINT('',(5.842,-0.910308140288));
#3857 = VECTOR('',#3858,1.);
#3858 = DIRECTION('',(-1.,0.));
#3859 = ( GEOMETRIC_REPRESENTATION_CONTEXT(2) 
PARAMETRIC_REPRESENTATION_CONTEXT() REPRESENTATION_CONTEXT('2D SPACE',''
  ) );
#3860 = PCURVE('',#881,#3861);
#3861 = DEFINITIONAL_REPRESENTATION('',(#3862),#3865);
#3862 = B_SPLINE_CURVE_WITH_KNOTS('',1,(#3863,#3864),.UNSPECIFIED.,.F.,
  .F.,(2,2),(-13.97,0.),.PIECEWISE_BEZIER_KNOTS.);
#3863 = CARTESIAN_POINT('',(-4.457395803686,-13.97));
#3864 = CARTESIAN_POINT('',(-4.457395803686,0.));
#3865 = ( GEOMETRIC_REPRESENTATION_CONTEXT(2) 
PARAMETRIC_REPRESENTATION_CONTEXT() REPRESENTATION_CONTEXT('2D SPACE',''
  ) );
#3866 = ORIENTED_EDGE('',*,*,#3867,.F.);
#3867 = EDGE_CURVE('',#3795,#3846,#3868,.T.);
#3868 = SURFACE_CURVE('',#3869,(#3873,#3880),.PCURVE_S1.);
#3869 = LINE('',#3870,#3871);
#3870 = CARTESIAN_POINT('',(36.8935,-20.1295,-13.97));
#3871 = VECTOR('',#3872,1.);
#3872 = DIRECTION('',(-1.224646799147E-16,-1.,0.));
#3873 = PCURVE('',#1019,#3874);
#3874 = DEFINITIONAL_REPRESENTATION('',(#3875),#3879);
#3875 = LINE('',#3876,#3877);
#3876 = CARTESIAN_POINT('',(5.842,20.1295));
#3877 = VECTOR('',#3878,1.);
#3878 = DIRECTION('',(0.,-1.));
#3879 = ( GEOMETRIC_REPRESENTATION_CONTEXT(2) 
PARAMETRIC_REPRESENTATION_CONTEXT() REPRESENTATION_CONTEXT('2D SPACE',''
  ) );
#3880 = PCURVE('',#3777,#3881);
#3881 = DEFINITIONAL_REPRESENTATION('',(#3882),#3886);
#3882 = LINE('',#3883,#3884);
#3883 = CARTESIAN_POINT('',(-10.7315,-20.1295));
#3884 = VECTOR('',#3885,1.);
#3885 = DIRECTION('',(-1.224646799147E-16,-1.));
#3886 = ( GEOMETRIC_REPRESENTATION_CONTEXT(2) 
PARAMETRIC_REPRESENTATION_CONTEXT() REPRESENTATION_CONTEXT('2D SPACE',''
  ) );
#3887 = ADVANCED_FACE('',(#3888),#881,.F.);
#3888 = FACE_BOUND('',#3889,.T.);
#3889 = EDGE_LOOP('',(#3890,#3911,#3934,#3954,#3955,#3956,#3977,#3978,
    #3979,#4001,#4022,#4023,#4024,#4046,#4078,#4105,#4137,#4157,#4158,
    #4180,#4212,#4239,#4271,#4291));
#3890 = ORIENTED_EDGE('',*,*,#3891,.F.);
#3891 = EDGE_CURVE('',#3892,#1545,#3894,.T.);
#3892 = VERTEX_POINT('',#3893);
#3893 = CARTESIAN_POINT('',(90.17,0.,-13.97));
#3894 = SEAM_CURVE('',#3895,(#3899,#3905),.PCURVE_S1.);
#3895 = LINE('',#3896,#3897);
#3896 = CARTESIAN_POINT('',(90.17,0.,-13.97));
#3897 = VECTOR('',#3898,1.);
#3898 = DIRECTION('',(0.,0.,1.));
#3899 = PCURVE('',#881,#3900);
#3900 = DEFINITIONAL_REPRESENTATION('',(#3901),#3904);
#3901 = B_SPLINE_CURVE_WITH_KNOTS('',1,(#3902,#3903),.UNSPECIFIED.,.F.,
  .F.,(2,2),(0.,17.3228),.PIECEWISE_BEZIER_KNOTS.);
#3902 = CARTESIAN_POINT('',(-6.28318530718,0.));
#3903 = CARTESIAN_POINT('',(-6.28318530718,-17.3228));
#3904 = ( GEOMETRIC_REPRESENTATION_CONTEXT(2) 
PARAMETRIC_REPRESENTATION_CONTEXT() REPRESENTATION_CONTEXT('2D SPACE',''
  ) );
#3905 = PCURVE('',#881,#3906);
#3906 = DEFINITIONAL_REPRESENTATION('',(#3907),#3910);
#3907 = B_SPLINE_CURVE_WITH_KNOTS('',1,(#3908,#3909),.UNSPECIFIED.,.F.,
  .F.,(2,2),(0.,17.3228),.PIECEWISE_BEZIER_KNOTS.);
#3908 = CARTESIAN_POINT('',(0.,0.));
#3909 = CARTESIAN_POINT('',(0.,-17.3228));
#3910 = ( GEOMETRIC_REPRESENTATION_CONTEXT(2) 
PARAMETRIC_REPRESENTATION_CONTEXT() REPRESENTATION_CONTEXT('2D SPACE',''
  ) );
#3911 = ORIENTED_EDGE('',*,*,#3912,.F.);
#3912 = EDGE_CURVE('',#3913,#3892,#3915,.T.);
#3913 = VERTEX_POINT('',#3914);
#3914 = CARTESIAN_POINT('',(55.1815,-41.86856019437,-13.97));
#3915 = SURFACE_CURVE('',#3916,(#3921,#3927),.PCURVE_S1.);
#3916 = CIRCLE('',#3917,42.545);
#3917 = AXIS2_PLACEMENT_3D('',#3918,#3919,#3920);
#3918 = CARTESIAN_POINT('',(47.625,0.,-13.97));
#3919 = DIRECTION('',(0.,0.,1.));
#3920 = DIRECTION('',(1.,0.,-0.));
#3921 = PCURVE('',#881,#3922);
#3922 = DEFINITIONAL_REPRESENTATION('',(#3923),#3926);
#3923 = B_SPLINE_CURVE_WITH_KNOTS('',1,(#3924,#3925),.UNSPECIFIED.,.F.,
  .F.,(2,2),(4.890948255782,6.28318530718),.PIECEWISE_BEZIER_KNOTS.);
#3924 = CARTESIAN_POINT('',(-4.890948255782,0.));
#3925 = CARTESIAN_POINT('',(-6.28318530718,0.));
#3926 = ( GEOMETRIC_REPRESENTATION_CONTEXT(2) 
PARAMETRIC_REPRESENTATION_CONTEXT() REPRESENTATION_CONTEXT('2D SPACE',''
  ) );
#3927 = PCURVE('',#3777,#3928);
#3928 = DEFINITIONAL_REPRESENTATION('',(#3929),#3933);
#3929 = CIRCLE('',#3930,42.545);
#3930 = AXIS2_PLACEMENT_2D('',#3931,#3932);
#3931 = CARTESIAN_POINT('',(0.,-3.447273502129E-15));
#3932 = DIRECTION('',(1.,0.));
#3933 = ( GEOMETRIC_REPRESENTATION_CONTEXT(2) 
PARAMETRIC_REPRESENTATION_CONTEXT() REPRESENTATION_CONTEXT('2D SPACE',''
  ) );
#3934 = ORIENTED_EDGE('',*,*,#3935,.F.);
#3935 = EDGE_CURVE('',#949,#3913,#3936,.T.);
#3936 = SURFACE_CURVE('',#3937,(#3941,#3947),.PCURVE_S1.);
#3937 = LINE('',#3938,#3939);
#3938 = CARTESIAN_POINT('',(55.1815,-41.86856019437,-13.97));
#3939 = VECTOR('',#3940,1.);
#3940 = DIRECTION('',(-0.,-0.,-1.));
#3941 = PCURVE('',#881,#3942);
#3942 = DEFINITIONAL_REPRESENTATION('',(#3943),#3946);
#3943 = B_SPLINE_CURVE_WITH_KNOTS('',1,(#3944,#3945),.UNSPECIFIED.,.F.,
  .F.,(2,2),(-13.97,0.),.PIECEWISE_BEZIER_KNOTS.);
#3944 = CARTESIAN_POINT('',(-4.890948255782,-13.97));
#3945 = CARTESIAN_POINT('',(-4.890948255782,0.));
#3946 = ( GEOMETRIC_REPRESENTATION_CONTEXT(2) 
PARAMETRIC_REPRESENTATION_CONTEXT() REPRESENTATION_CONTEXT('2D SPACE',''
  ) );
#3947 = PCURVE('',#964,#3948);
#3948 = DEFINITIONAL_REPRESENTATION('',(#3949),#3953);
#3949 = LINE('',#3950,#3951);
#3950 = CARTESIAN_POINT('',(5.842,-1.609560194375));
#3951 = VECTOR('',#3952,1.);
#3952 = DIRECTION('',(-1.,0.));
#3953 = ( GEOMETRIC_REPRESENTATION_CONTEXT(2) 
PARAMETRIC_REPRESENTATION_CONTEXT() REPRESENTATION_CONTEXT('2D SPACE',''
  ) );
#3954 = ORIENTED_EDGE('',*,*,#976,.T.);
#3955 = ORIENTED_EDGE('',*,*,#3845,.T.);
#3956 = ORIENTED_EDGE('',*,*,#3957,.F.);
#3957 = EDGE_CURVE('',#3742,#3846,#3958,.T.);
#3958 = SURFACE_CURVE('',#3959,(#3964,#3970),.PCURVE_S1.);
#3959 = CIRCLE('',#3960,42.545);
#3960 = AXIS2_PLACEMENT_3D('',#3961,#3962,#3963);
#3961 = CARTESIAN_POINT('',(47.625,0.,-13.97));
#3962 = DIRECTION('',(0.,0.,1.));
#3963 = DIRECTION('',(1.,0.,-0.));
#3964 = PCURVE('',#881,#3965);
#3965 = DEFINITIONAL_REPRESENTATION('',(#3966),#3969);
#3966 = B_SPLINE_CURVE_WITH_KNOTS('',1,(#3967,#3968),.UNSPECIFIED.,.F.,
  .F.,(2,2),(1.825789503493,4.457395803686),.PIECEWISE_BEZIER_KNOTS.);
#3967 = CARTESIAN_POINT('',(-1.825789503493,0.));
#3968 = CARTESIAN_POINT('',(-4.457395803686,0.));
#3969 = ( GEOMETRIC_REPRESENTATION_CONTEXT(2) 
PARAMETRIC_REPRESENTATION_CONTEXT() REPRESENTATION_CONTEXT('2D SPACE',''
  ) );
#3970 = PCURVE('',#3777,#3971);
#3971 = DEFINITIONAL_REPRESENTATION('',(#3972),#3976);
#3972 = CIRCLE('',#3973,42.545);
#3973 = AXIS2_PLACEMENT_2D('',#3974,#3975);
#3974 = CARTESIAN_POINT('',(0.,-3.447273502129E-15));
#3975 = DIRECTION('',(1.,0.));
#3976 = ( GEOMETRIC_REPRESENTATION_CONTEXT(2) 
PARAMETRIC_REPRESENTATION_CONTEXT() REPRESENTATION_CONTEXT('2D SPACE',''
  ) );
#3977 = ORIENTED_EDGE('',*,*,#3741,.F.);
#3978 = ORIENTED_EDGE('',*,*,#860,.T.);
#3979 = ORIENTED_EDGE('',*,*,#3980,.T.);
#3980 = EDGE_CURVE('',#861,#3981,#3983,.T.);
#3981 = VERTEX_POINT('',#3982);
#3982 = CARTESIAN_POINT('',(55.1815,41.868560194375,-13.97));
#3983 = SURFACE_CURVE('',#3984,(#3988,#3994),.PCURVE_S1.);
#3984 = LINE('',#3985,#3986);
#3985 = CARTESIAN_POINT('',(55.1815,41.868560194375,-13.97));
#3986 = VECTOR('',#3987,1.);
#3987 = DIRECTION('',(-0.,-0.,-1.));
#3988 = PCURVE('',#881,#3989);
#3989 = DEFINITIONAL_REPRESENTATION('',(#3990),#3993);
#3990 = B_SPLINE_CURVE_WITH_KNOTS('',1,(#3991,#3992),.UNSPECIFIED.,.F.,
  .F.,(2,2),(-13.97,0.),.PIECEWISE_BEZIER_KNOTS.);
#3991 = CARTESIAN_POINT('',(-1.392237051397,-13.97));
#3992 = CARTESIAN_POINT('',(-1.392237051397,0.));
#3993 = ( GEOMETRIC_REPRESENTATION_CONTEXT(2) 
PARAMETRIC_REPRESENTATION_CONTEXT() REPRESENTATION_CONTEXT('2D SPACE',''
  ) );
#3994 = PCURVE('',#908,#3995);
#3995 = DEFINITIONAL_REPRESENTATION('',(#3996),#4000);
#3996 = LINE('',#3997,#3998);
#3997 = CARTESIAN_POINT('',(5.842,-1.609560194375));
#3998 = VECTOR('',#3999,1.);
#3999 = DIRECTION('',(-1.,-0.));
#4000 = ( GEOMETRIC_REPRESENTATION_CONTEXT(2) 
PARAMETRIC_REPRESENTATION_CONTEXT() REPRESENTATION_CONTEXT('2D SPACE',''
  ) );
#4001 = ORIENTED_EDGE('',*,*,#4002,.F.);
#4002 = EDGE_CURVE('',#3892,#3981,#4003,.T.);
#4003 = SURFACE_CURVE('',#4004,(#4009,#4015),.PCURVE_S1.);
#4004 = CIRCLE('',#4005,42.545);
#4005 = AXIS2_PLACEMENT_3D('',#4006,#4007,#4008);
#4006 = CARTESIAN_POINT('',(47.625,0.,-13.97));
#4007 = DIRECTION('',(0.,0.,1.));
#4008 = DIRECTION('',(1.,0.,-0.));
#4009 = PCURVE('',#881,#4010);
#4010 = DEFINITIONAL_REPRESENTATION('',(#4011),#4014);
#4011 = B_SPLINE_CURVE_WITH_KNOTS('',1,(#4012,#4013),.UNSPECIFIED.,.F.,
  .F.,(2,2),(0.,1.392237051397),.PIECEWISE_BEZIER_KNOTS.);
#4012 = CARTESIAN_POINT('',(0.,0.));
#4013 = CARTESIAN_POINT('',(-1.392237051397,0.));
#4014 = ( GEOMETRIC_REPRESENTATION_CONTEXT(2) 
PARAMETRIC_REPRESENTATION_CONTEXT() REPRESENTATION_CONTEXT('2D SPACE',''
  ) );
#4015 = PCURVE('',#3777,#4016);
#4016 = DEFINITIONAL_REPRESENTATION('',(#4017),#4021);
#4017 = CIRCLE('',#4018,42.545);
#4018 = AXIS2_PLACEMENT_2D('',#4019,#4020);
#4019 = CARTESIAN_POINT('',(0.,-3.447273502129E-15));
#4020 = DIRECTION('',(1.,0.));
#4021 = ( GEOMETRIC_REPRESENTATION_CONTEXT(2) 
PARAMETRIC_REPRESENTATION_CONTEXT() REPRESENTATION_CONTEXT('2D SPACE',''
  ) );
#4022 = ORIENTED_EDGE('',*,*,#3891,.T.);
#4023 = ORIENTED_EDGE('',*,*,#1542,.F.);
#4024 = ORIENTED_EDGE('',*,*,#4025,.T.);
#4025 = EDGE_CURVE('',#1543,#4026,#4028,.T.);
#4026 = VERTEX_POINT('',#4027);
#4027 = CARTESIAN_POINT('',(11.544793749025,22.545415096802,-6.223));
#4028 = SURFACE_CURVE('',#4029,(#4033,#4039),.PCURVE_S1.);
#4029 = LINE('',#4030,#4031);
#4030 = CARTESIAN_POINT('',(11.544793749025,22.545415096802,-13.97));
#4031 = VECTOR('',#4032,1.);
#4032 = DIRECTION('',(-0.,-0.,-1.));
#4033 = PCURVE('',#881,#4034);
#4034 = DEFINITIONAL_REPRESENTATION('',(#4035),#4038);
#4035 = B_SPLINE_CURVE_WITH_KNOTS('',1,(#4036,#4037),.UNSPECIFIED.,.F.,
  .F.,(2,2),(-17.3228,-7.747),.PIECEWISE_BEZIER_KNOTS.);
#4036 = CARTESIAN_POINT('',(-2.583087292952,-17.3228));
#4037 = CARTESIAN_POINT('',(-2.583087292952,-7.747));
#4038 = ( GEOMETRIC_REPRESENTATION_CONTEXT(2) 
PARAMETRIC_REPRESENTATION_CONTEXT() REPRESENTATION_CONTEXT('2D SPACE',''
  ) );
#4039 = PCURVE('',#1787,#4040);
#4040 = DEFINITIONAL_REPRESENTATION('',(#4041),#4045);
#4041 = LINE('',#4042,#4043);
#4042 = CARTESIAN_POINT('',(2.413,2.54));
#4043 = VECTOR('',#4044,1.);
#4044 = DIRECTION('',(0.,1.));
#4045 = ( GEOMETRIC_REPRESENTATION_CONTEXT(2) 
PARAMETRIC_REPRESENTATION_CONTEXT() REPRESENTATION_CONTEXT('2D SPACE',''
  ) );
#4046 = ORIENTED_EDGE('',*,*,#4047,.T.);
#4047 = EDGE_CURVE('',#4026,#4048,#4050,.T.);
#4048 = VERTEX_POINT('',#4049);
#4049 = CARTESIAN_POINT('',(25.712705102952,36.468182808371,-6.223));
#4050 = SURFACE_CURVE('',#4051,(#4056,#4062),.PCURVE_S1.);
#4051 = CIRCLE('',#4052,42.545);
#4052 = AXIS2_PLACEMENT_3D('',#4053,#4054,#4055);
#4053 = CARTESIAN_POINT('',(47.625,0.,-6.223));
#4054 = DIRECTION('',(0.,-0.,-1.));
#4055 = DIRECTION('',(1.,0.,-0.));
#4056 = PCURVE('',#881,#4057);
#4057 = DEFINITIONAL_REPRESENTATION('',(#4058),#4061);
#4058 = B_SPLINE_CURVE_WITH_KNOTS('',1,(#4059,#4060),.UNSPECIFIED.,.F.,
  .F.,(2,2),(3.700098014228,4.171336912266),.PIECEWISE_BEZIER_KNOTS.);
#4059 = CARTESIAN_POINT('',(-2.583087292952,-7.747));
#4060 = CARTESIAN_POINT('',(-2.111848394913,-7.747));
#4061 = ( GEOMETRIC_REPRESENTATION_CONTEXT(2) 
PARAMETRIC_REPRESENTATION_CONTEXT() REPRESENTATION_CONTEXT('2D SPACE',''
  ) );
#4062 = PCURVE('',#4063,#4068);
#4063 = PLANE('',#4064);
#4064 = AXIS2_PLACEMENT_3D('',#4065,#4066,#4067);
#4065 = CARTESIAN_POINT('',(47.625,-5.219946054012E-15,-6.223));
#4066 = DIRECTION('',(0.,0.,1.));
#4067 = DIRECTION('',(-1.,1.224646799147E-16,0.));
#4068 = DEFINITIONAL_REPRESENTATION('',(#4069),#4077);
#4069 = ( BOUNDED_CURVE() B_SPLINE_CURVE(2,(#4070,#4071,#4072,#4073,
#4074,#4075,#4076),.UNSPECIFIED.,.T.,.F.) B_SPLINE_CURVE_WITH_KNOTS((1,2
    ,2,2,2,1),(-2.094395102393,0.,2.094395102393,4.188790204786,
6.28318530718,8.377580409573),.UNSPECIFIED.) CURVE() 
GEOMETRIC_REPRESENTATION_ITEM() RATIONAL_B_SPLINE_CURVE((1.,0.5,1.,0.5,
1.,0.5,1.)) REPRESENTATION_ITEM('') );
#4070 = CARTESIAN_POINT('',(-42.545,-1.043020586098E-14));
#4071 = CARTESIAN_POINT('',(-42.545,73.690101608018));
#4072 = CARTESIAN_POINT('',(21.2725,36.845050804009));
#4073 = CARTESIAN_POINT('',(85.09,1.562109317388E-14));
#4074 = CARTESIAN_POINT('',(21.2725,-36.845050804));
#4075 = CARTESIAN_POINT('',(-42.545,-73.69010160801));
#4076 = CARTESIAN_POINT('',(-42.545,-1.043020586098E-14));
#4077 = ( GEOMETRIC_REPRESENTATION_CONTEXT(2) 
PARAMETRIC_REPRESENTATION_CONTEXT() REPRESENTATION_CONTEXT('2D SPACE',''
  ) );
#4078 = ORIENTED_EDGE('',*,*,#4079,.T.);
#4079 = EDGE_CURVE('',#4048,#4080,#4082,.T.);
#4080 = VERTEX_POINT('',#4081);
#4081 = CARTESIAN_POINT('',(25.712705102952,36.468182808371,-11.43));
#4082 = SURFACE_CURVE('',#4083,(#4087,#4093),.PCURVE_S1.);
#4083 = LINE('',#4084,#4085);
#4084 = CARTESIAN_POINT('',(25.712705102952,36.468182808371,-13.97));
#4085 = VECTOR('',#4086,1.);
#4086 = DIRECTION('',(-0.,-0.,-1.));
#4087 = PCURVE('',#881,#4088);
#4088 = DEFINITIONAL_REPRESENTATION('',(#4089),#4092);
#4089 = B_SPLINE_CURVE_WITH_KNOTS('',1,(#4090,#4091),.UNSPECIFIED.,.F.,
  .F.,(2,2),(-7.747,-2.54),.PIECEWISE_BEZIER_KNOTS.);
#4090 = CARTESIAN_POINT('',(-2.111848394913,-7.747));
#4091 = CARTESIAN_POINT('',(-2.111848394913,-2.54));
#4092 = ( GEOMETRIC_REPRESENTATION_CONTEXT(2) 
PARAMETRIC_REPRESENTATION_CONTEXT() REPRESENTATION_CONTEXT('2D SPACE',''
  ) );
#4093 = PCURVE('',#4094,#4099);
#4094 = PLANE('',#4095);
#4095 = AXIS2_PLACEMENT_3D('',#4096,#4097,#4098);
#4096 = CARTESIAN_POINT('',(26.95549197771,34.399838111777,-11.43));
#4097 = DIRECTION('',(-0.857167300702,-0.51503807491,0.));
#4098 = DIRECTION('',(-0.51503807491,0.857167300702,0.));
#4099 = DEFINITIONAL_REPRESENTATION('',(#4100),#4104);
#4100 = LINE('',#4101,#4102);
#4101 = CARTESIAN_POINT('',(2.413,2.54));
#4102 = VECTOR('',#4103,1.);
#4103 = DIRECTION('',(0.,1.));
#4104 = ( GEOMETRIC_REPRESENTATION_CONTEXT(2) 
PARAMETRIC_REPRESENTATION_CONTEXT() REPRESENTATION_CONTEXT('2D SPACE',''
  ) );
#4105 = ORIENTED_EDGE('',*,*,#4106,.F.);
#4106 = EDGE_CURVE('',#4107,#4080,#4109,.T.);
#4107 = VERTEX_POINT('',#4108);
#4108 = CARTESIAN_POINT('',(5.49404501539,5.921119580346,-11.43));
#4109 = SURFACE_CURVE('',#4110,(#4115,#4121),.PCURVE_S1.);
#4110 = CIRCLE('',#4111,42.545);
#4111 = AXIS2_PLACEMENT_3D('',#4112,#4113,#4114);
#4112 = CARTESIAN_POINT('',(47.625,0.,-11.43));
#4113 = DIRECTION('',(0.,-0.,-1.));
#4114 = DIRECTION('',(1.,0.,-0.));
#4115 = PCURVE('',#881,#4116);
#4116 = DEFINITIONAL_REPRESENTATION('',(#4117),#4120);
#4117 = B_SPLINE_CURVE_WITH_KNOTS('',1,(#4118,#4119),.UNSPECIFIED.,.F.,
  .F.,(2,2),(3.281218993749,4.171336912266),.PIECEWISE_BEZIER_KNOTS.);
#4118 = CARTESIAN_POINT('',(-3.00196631343,-2.54));
#4119 = CARTESIAN_POINT('',(-2.111848394913,-2.54));
#4120 = ( GEOMETRIC_REPRESENTATION_CONTEXT(2) 
PARAMETRIC_REPRESENTATION_CONTEXT() REPRESENTATION_CONTEXT('2D SPACE',''
  ) );
#4121 = PCURVE('',#4122,#4127);
#4122 = PLANE('',#4123);
#4123 = AXIS2_PLACEMENT_3D('',#4124,#4125,#4126);
#4124 = CARTESIAN_POINT('',(47.625,-5.219946054012E-15,-11.43));
#4125 = DIRECTION('',(0.,0.,1.));
#4126 = DIRECTION('',(-1.,1.224646799147E-16,0.));
#4127 = DEFINITIONAL_REPRESENTATION('',(#4128),#4136);
#4128 = ( BOUNDED_CURVE() B_SPLINE_CURVE(2,(#4129,#4130,#4131,#4132,
#4133,#4134,#4135),.UNSPECIFIED.,.T.,.F.) B_SPLINE_CURVE_WITH_KNOTS((1,2
    ,2,2,2,1),(-2.094395102393,0.,2.094395102393,4.188790204786,
6.28318530718,8.377580409573),.UNSPECIFIED.) CURVE() 
GEOMETRIC_REPRESENTATION_ITEM() RATIONAL_B_SPLINE_CURVE((1.,0.5,1.,0.5,
1.,0.5,1.)) REPRESENTATION_ITEM('') );
#4129 = CARTESIAN_POINT('',(-42.545,-1.043020586098E-14));
#4130 = CARTESIAN_POINT('',(-42.545,73.690101608018));
#4131 = CARTESIAN_POINT('',(21.2725,36.845050804009));
#4132 = CARTESIAN_POINT('',(85.09,1.562109317388E-14));
#4133 = CARTESIAN_POINT('',(21.2725,-36.845050804));
#4134 = CARTESIAN_POINT('',(-42.545,-73.69010160801));
#4135 = CARTESIAN_POINT('',(-42.545,-1.043020586098E-14));
#4136 = ( GEOMETRIC_REPRESENTATION_CONTEXT(2) 
PARAMETRIC_REPRESENTATION_CONTEXT() REPRESENTATION_CONTEXT('2D SPACE',''
  ) );
#4137 = ORIENTED_EDGE('',*,*,#4138,.F.);
#4138 = EDGE_CURVE('',#1687,#4107,#4139,.T.);
#4139 = SURFACE_CURVE('',#4140,(#4144,#4150),.PCURVE_S1.);
#4140 = LINE('',#4141,#4142);
#4141 = CARTESIAN_POINT('',(5.49404501539,5.921119580346,-13.97));
#4142 = VECTOR('',#4143,1.);
#4143 = DIRECTION('',(-0.,-0.,-1.));
#4144 = PCURVE('',#881,#4145);
#4145 = DEFINITIONAL_REPRESENTATION('',(#4146),#4149);
#4146 = B_SPLINE_CURVE_WITH_KNOTS('',1,(#4147,#4148),.UNSPECIFIED.,.F.,
  .F.,(2,2),(-17.3228,-2.54),.PIECEWISE_BEZIER_KNOTS.);
#4147 = CARTESIAN_POINT('',(-3.00196631343,-17.3228));
#4148 = CARTESIAN_POINT('',(-3.00196631343,-2.54));
#4149 = ( GEOMETRIC_REPRESENTATION_CONTEXT(2) 
PARAMETRIC_REPRESENTATION_CONTEXT() REPRESENTATION_CONTEXT('2D SPACE',''
  ) );
#4150 = PCURVE('',#1729,#4151);
#4151 = DEFINITIONAL_REPRESENTATION('',(#4152),#4156);
#4152 = LINE('',#4153,#4154);
#4153 = CARTESIAN_POINT('',(3.937,2.54));
#4154 = VECTOR('',#4155,1.);
#4155 = DIRECTION('',(0.,1.));
#4156 = ( GEOMETRIC_REPRESENTATION_CONTEXT(2) 
PARAMETRIC_REPRESENTATION_CONTEXT() REPRESENTATION_CONTEXT('2D SPACE',''
  ) );
#4157 = ORIENTED_EDGE('',*,*,#1686,.F.);
#4158 = ORIENTED_EDGE('',*,*,#4159,.T.);
#4159 = EDGE_CURVE('',#1659,#4160,#4162,.T.);
#4160 = VERTEX_POINT('',#4161);
#4161 = CARTESIAN_POINT('',(83.705206250975,-22.5454150968,-6.223));
#4162 = SURFACE_CURVE('',#4163,(#4167,#4173),.PCURVE_S1.);
#4163 = LINE('',#4164,#4165);
#4164 = CARTESIAN_POINT('',(83.705206250975,-22.5454150968,-13.97));
#4165 = VECTOR('',#4166,1.);
#4166 = DIRECTION('',(-0.,-0.,-1.));
#4167 = PCURVE('',#881,#4168);
#4168 = DEFINITIONAL_REPRESENTATION('',(#4169),#4172);
#4169 = B_SPLINE_CURVE_WITH_KNOTS('',1,(#4170,#4171),.UNSPECIFIED.,.F.,
  .F.,(2,2),(-17.3228,-7.747),.PIECEWISE_BEZIER_KNOTS.);
#4170 = CARTESIAN_POINT('',(-5.724679946541,-17.3228));
#4171 = CARTESIAN_POINT('',(-5.724679946541,-7.747));
#4172 = ( GEOMETRIC_REPRESENTATION_CONTEXT(2) 
PARAMETRIC_REPRESENTATION_CONTEXT() REPRESENTATION_CONTEXT('2D SPACE',''
  ) );
#4173 = PCURVE('',#1674,#4174);
#4174 = DEFINITIONAL_REPRESENTATION('',(#4175),#4179);
#4175 = LINE('',#4176,#4177);
#4176 = CARTESIAN_POINT('',(2.413,2.54));
#4177 = VECTOR('',#4178,1.);
#4178 = DIRECTION('',(0.,1.));
#4179 = ( GEOMETRIC_REPRESENTATION_CONTEXT(2) 
PARAMETRIC_REPRESENTATION_CONTEXT() REPRESENTATION_CONTEXT('2D SPACE',''
  ) );
#4180 = ORIENTED_EDGE('',*,*,#4181,.T.);
#4181 = EDGE_CURVE('',#4160,#4182,#4184,.T.);
#4182 = VERTEX_POINT('',#4183);
#4183 = CARTESIAN_POINT('',(69.537294897048,-36.46818280837,-6.223));
#4184 = SURFACE_CURVE('',#4185,(#4190,#4196),.PCURVE_S1.);
#4185 = CIRCLE('',#4186,42.545);
#4186 = AXIS2_PLACEMENT_3D('',#4187,#4188,#4189);
#4187 = CARTESIAN_POINT('',(47.625,0.,-6.223));
#4188 = DIRECTION('',(0.,-0.,-1.));
#4189 = DIRECTION('',(1.,0.,-0.));
#4190 = PCURVE('',#881,#4191);
#4191 = DEFINITIONAL_REPRESENTATION('',(#4192),#4195);
#4192 = B_SPLINE_CURVE_WITH_KNOTS('',1,(#4193,#4194),.UNSPECIFIED.,.F.,
  .F.,(2,2),(0.558505360638,1.029744258677),.PIECEWISE_BEZIER_KNOTS.);
#4193 = CARTESIAN_POINT('',(-5.724679946541,-7.747));
#4194 = CARTESIAN_POINT('',(-5.253441048503,-7.747));
#4195 = ( GEOMETRIC_REPRESENTATION_CONTEXT(2) 
PARAMETRIC_REPRESENTATION_CONTEXT() REPRESENTATION_CONTEXT('2D SPACE',''
  ) );
#4196 = PCURVE('',#4197,#4202);
#4197 = PLANE('',#4198);
#4198 = AXIS2_PLACEMENT_3D('',#4199,#4200,#4201);
#4199 = CARTESIAN_POINT('',(47.625,-5.219946054012E-15,-6.223));
#4200 = DIRECTION('',(0.,0.,1.));
#4201 = DIRECTION('',(-1.,1.224646799147E-16,0.));
#4202 = DEFINITIONAL_REPRESENTATION('',(#4203),#4211);
#4203 = ( BOUNDED_CURVE() B_SPLINE_CURVE(2,(#4204,#4205,#4206,#4207,
#4208,#4209,#4210),.UNSPECIFIED.,.T.,.F.) B_SPLINE_CURVE_WITH_KNOTS((1,2
    ,2,2,2,1),(-2.094395102393,0.,2.094395102393,4.188790204786,
6.28318530718,8.377580409573),.UNSPECIFIED.) CURVE() 
GEOMETRIC_REPRESENTATION_ITEM() RATIONAL_B_SPLINE_CURVE((1.,0.5,1.,0.5,
1.,0.5,1.)) REPRESENTATION_ITEM('') );
#4204 = CARTESIAN_POINT('',(-42.545,-1.043020586098E-14));
#4205 = CARTESIAN_POINT('',(-42.545,73.690101608018));
#4206 = CARTESIAN_POINT('',(21.2725,36.845050804009));
#4207 = CARTESIAN_POINT('',(85.09,1.562109317388E-14));
#4208 = CARTESIAN_POINT('',(21.2725,-36.845050804));
#4209 = CARTESIAN_POINT('',(-42.545,-73.69010160801));
#4210 = CARTESIAN_POINT('',(-42.545,-1.043020586098E-14));
#4211 = ( GEOMETRIC_REPRESENTATION_CONTEXT(2) 
PARAMETRIC_REPRESENTATION_CONTEXT() REPRESENTATION_CONTEXT('2D SPACE',''
  ) );
#4212 = ORIENTED_EDGE('',*,*,#4213,.T.);
#4213 = EDGE_CURVE('',#4182,#4214,#4216,.T.);
#4214 = VERTEX_POINT('',#4215);
#4215 = CARTESIAN_POINT('',(69.537294897048,-36.46818280837,-11.43));
#4216 = SURFACE_CURVE('',#4217,(#4221,#4227),.PCURVE_S1.);
#4217 = LINE('',#4218,#4219);
#4218 = CARTESIAN_POINT('',(69.537294897048,-36.46818280837,-13.97));
#4219 = VECTOR('',#4220,1.);
#4220 = DIRECTION('',(-0.,-0.,-1.));
#4221 = PCURVE('',#881,#4222);
#4222 = DEFINITIONAL_REPRESENTATION('',(#4223),#4226);
#4223 = B_SPLINE_CURVE_WITH_KNOTS('',1,(#4224,#4225),.UNSPECIFIED.,.F.,
  .F.,(2,2),(-7.747,-2.54),.PIECEWISE_BEZIER_KNOTS.);
#4224 = CARTESIAN_POINT('',(-5.253441048503,-7.747));
#4225 = CARTESIAN_POINT('',(-5.253441048503,-2.54));
#4226 = ( GEOMETRIC_REPRESENTATION_CONTEXT(2) 
PARAMETRIC_REPRESENTATION_CONTEXT() REPRESENTATION_CONTEXT('2D SPACE',''
  ) );
#4227 = PCURVE('',#4228,#4233);
#4228 = PLANE('',#4229);
#4229 = AXIS2_PLACEMENT_3D('',#4230,#4231,#4232);
#4230 = CARTESIAN_POINT('',(68.29450802229,-34.39983811177,-11.43));
#4231 = DIRECTION('',(0.857167300702,0.51503807491,0.));
#4232 = DIRECTION('',(0.51503807491,-0.857167300702,0.));
#4233 = DEFINITIONAL_REPRESENTATION('',(#4234),#4238);
#4234 = LINE('',#4235,#4236);
#4235 = CARTESIAN_POINT('',(2.413,2.54));
#4236 = VECTOR('',#4237,1.);
#4237 = DIRECTION('',(0.,1.));
#4238 = ( GEOMETRIC_REPRESENTATION_CONTEXT(2) 
PARAMETRIC_REPRESENTATION_CONTEXT() REPRESENTATION_CONTEXT('2D SPACE',''
  ) );
#4239 = ORIENTED_EDGE('',*,*,#4240,.F.);
#4240 = EDGE_CURVE('',#4241,#4214,#4243,.T.);
#4241 = VERTEX_POINT('',#4242);
#4242 = CARTESIAN_POINT('',(89.75595498461,-5.921119580346,-11.43));
#4243 = SURFACE_CURVE('',#4244,(#4249,#4255),.PCURVE_S1.);
#4244 = CIRCLE('',#4245,42.545);
#4245 = AXIS2_PLACEMENT_3D('',#4246,#4247,#4248);
#4246 = CARTESIAN_POINT('',(47.625,0.,-11.43));
#4247 = DIRECTION('',(0.,-0.,-1.));
#4248 = DIRECTION('',(1.,0.,-0.));
#4249 = PCURVE('',#881,#4250);
#4250 = DEFINITIONAL_REPRESENTATION('',(#4251),#4254);
#4251 = B_SPLINE_CURVE_WITH_KNOTS('',1,(#4252,#4253),.UNSPECIFIED.,.F.,
  .F.,(2,2),(0.13962634016,1.029744258677),.PIECEWISE_BEZIER_KNOTS.);
#4252 = CARTESIAN_POINT('',(-6.14355896702,-2.54));
#4253 = CARTESIAN_POINT('',(-5.253441048503,-2.54));
#4254 = ( GEOMETRIC_REPRESENTATION_CONTEXT(2) 
PARAMETRIC_REPRESENTATION_CONTEXT() REPRESENTATION_CONTEXT('2D SPACE',''
  ) );
#4255 = PCURVE('',#4256,#4261);
#4256 = PLANE('',#4257);
#4257 = AXIS2_PLACEMENT_3D('',#4258,#4259,#4260);
#4258 = CARTESIAN_POINT('',(47.625,-5.219946054012E-15,-11.43));
#4259 = DIRECTION('',(0.,0.,1.));
#4260 = DIRECTION('',(-1.,1.224646799147E-16,0.));
#4261 = DEFINITIONAL_REPRESENTATION('',(#4262),#4270);
#4262 = ( BOUNDED_CURVE() B_SPLINE_CURVE(2,(#4263,#4264,#4265,#4266,
#4267,#4268,#4269),.UNSPECIFIED.,.T.,.F.) B_SPLINE_CURVE_WITH_KNOTS((1,2
    ,2,2,2,1),(-2.094395102393,0.,2.094395102393,4.188790204786,
6.28318530718,8.377580409573),.UNSPECIFIED.) CURVE() 
GEOMETRIC_REPRESENTATION_ITEM() RATIONAL_B_SPLINE_CURVE((1.,0.5,1.,0.5,
1.,0.5,1.)) REPRESENTATION_ITEM('') );
#4263 = CARTESIAN_POINT('',(-42.545,-1.043020586098E-14));
#4264 = CARTESIAN_POINT('',(-42.545,73.690101608018));
#4265 = CARTESIAN_POINT('',(21.2725,36.845050804009));
#4266 = CARTESIAN_POINT('',(85.09,1.562109317388E-14));
#4267 = CARTESIAN_POINT('',(21.2725,-36.845050804));
#4268 = CARTESIAN_POINT('',(-42.545,-73.69010160801));
#4269 = CARTESIAN_POINT('',(-42.545,-1.043020586098E-14));
#4270 = ( GEOMETRIC_REPRESENTATION_CONTEXT(2) 
PARAMETRIC_REPRESENTATION_CONTEXT() REPRESENTATION_CONTEXT('2D SPACE',''
  ) );
#4271 = ORIENTED_EDGE('',*,*,#4272,.F.);
#4272 = EDGE_CURVE('',#1572,#4241,#4273,.T.);
#4273 = SURFACE_CURVE('',#4274,(#4278,#4284),.PCURVE_S1.);
#4274 = LINE('',#4275,#4276);
#4275 = CARTESIAN_POINT('',(89.75595498461,-5.921119580346,-13.97));
#4276 = VECTOR('',#4277,1.);
#4277 = DIRECTION('',(-0.,-0.,-1.));
#4278 = PCURVE('',#881,#4279);
#4279 = DEFINITIONAL_REPRESENTATION('',(#4280),#4283);
#4280 = B_SPLINE_CURVE_WITH_KNOTS('',1,(#4281,#4282),.UNSPECIFIED.,.F.,
  .F.,(2,2),(-17.3228,-2.54),.PIECEWISE_BEZIER_KNOTS.);
#4281 = CARTESIAN_POINT('',(-6.14355896702,-17.3228));
#4282 = CARTESIAN_POINT('',(-6.14355896702,-2.54));
#4283 = ( GEOMETRIC_REPRESENTATION_CONTEXT(2) 
PARAMETRIC_REPRESENTATION_CONTEXT() REPRESENTATION_CONTEXT('2D SPACE',''
  ) );
#4284 = PCURVE('',#1614,#4285);
#4285 = DEFINITIONAL_REPRESENTATION('',(#4286),#4290);
#4286 = LINE('',#4287,#4288);
#4287 = CARTESIAN_POINT('',(3.937,2.54));
#4288 = VECTOR('',#4289,1.);
#4289 = DIRECTION('',(0.,1.));
#4290 = ( GEOMETRIC_REPRESENTATION_CONTEXT(2) 
PARAMETRIC_REPRESENTATION_CONTEXT() REPRESENTATION_CONTEXT('2D SPACE',''
  ) );
#4291 = ORIENTED_EDGE('',*,*,#1571,.F.);
#4292 = ADVANCED_FACE('',(#4293),#908,.F.);
#4293 = FACE_BOUND('',#4294,.F.);
#4294 = EDGE_LOOP('',(#4295,#4320,#4343,#4363,#4364,#4365));
#4295 = ORIENTED_EDGE('',*,*,#4296,.F.);
#4296 = EDGE_CURVE('',#4297,#4299,#4301,.T.);
#4297 = VERTEX_POINT('',#4298);
#4298 = CARTESIAN_POINT('',(55.1815,40.259,-17.78));
#4299 = VERTEX_POINT('',#4300);
#4300 = CARTESIAN_POINT('',(55.1815,40.259,-13.97));
#4301 = SURFACE_CURVE('',#4302,(#4306,#4313),.PCURVE_S1.);
#4302 = LINE('',#4303,#4304);
#4303 = CARTESIAN_POINT('',(55.1815,40.259,-19.812));
#4304 = VECTOR('',#4305,1.);
#4305 = DIRECTION('',(0.,0.,1.));
#4306 = PCURVE('',#908,#4307);
#4307 = DEFINITIONAL_REPRESENTATION('',(#4308),#4312);
#4308 = LINE('',#4309,#4310);
#4309 = CARTESIAN_POINT('',(0.,0.));
#4310 = VECTOR('',#4311,1.);
#4311 = DIRECTION('',(1.,0.));
#4312 = ( GEOMETRIC_REPRESENTATION_CONTEXT(2) 
PARAMETRIC_REPRESENTATION_CONTEXT() REPRESENTATION_CONTEXT('2D SPACE',''
  ) );
#4313 = PCURVE('',#3706,#4314);
#4314 = DEFINITIONAL_REPRESENTATION('',(#4315),#4319);
#4315 = LINE('',#4316,#4317);
#4316 = CARTESIAN_POINT('',(0.,18.288));
#4317 = VECTOR('',#4318,1.);
#4318 = DIRECTION('',(1.,0.));
#4319 = ( GEOMETRIC_REPRESENTATION_CONTEXT(2) 
PARAMETRIC_REPRESENTATION_CONTEXT() REPRESENTATION_CONTEXT('2D SPACE',''
  ) );
#4320 = ORIENTED_EDGE('',*,*,#4321,.T.);
#4321 = EDGE_CURVE('',#4297,#4322,#4324,.T.);
#4322 = VERTEX_POINT('',#4323);
#4323 = CARTESIAN_POINT('',(55.1815,48.95018087556,-17.78));
#4324 = SURFACE_CURVE('',#4325,(#4329,#4336),.PCURVE_S1.);
#4325 = LINE('',#4326,#4327);
#4326 = CARTESIAN_POINT('',(55.1815,20.1295,-17.78));
#4327 = VECTOR('',#4328,1.);
#4328 = DIRECTION('',(0.,1.,0.));
#4329 = PCURVE('',#908,#4330);
#4330 = DEFINITIONAL_REPRESENTATION('',(#4331),#4335);
#4331 = LINE('',#4332,#4333);
#4332 = CARTESIAN_POINT('',(2.032,20.1295));
#4333 = VECTOR('',#4334,1.);
#4334 = DIRECTION('',(0.,-1.));
#4335 = ( GEOMETRIC_REPRESENTATION_CONTEXT(2) 
PARAMETRIC_REPRESENTATION_CONTEXT() REPRESENTATION_CONTEXT('2D SPACE',''
  ) );
#4336 = PCURVE('',#2736,#4337);
#4337 = DEFINITIONAL_REPRESENTATION('',(#4338),#4342);
#4338 = LINE('',#4339,#4340);
#4339 = CARTESIAN_POINT('',(55.1815,20.1295));
#4340 = VECTOR('',#4341,1.);
#4341 = DIRECTION('',(0.,1.));
#4342 = ( GEOMETRIC_REPRESENTATION_CONTEXT(2) 
PARAMETRIC_REPRESENTATION_CONTEXT() REPRESENTATION_CONTEXT('2D SPACE',''
  ) );
#4343 = ORIENTED_EDGE('',*,*,#4344,.F.);
#4344 = EDGE_CURVE('',#893,#4322,#4345,.T.);
#4345 = SURFACE_CURVE('',#4346,(#4350,#4357),.PCURVE_S1.);
#4346 = LINE('',#4347,#4348);
#4347 = CARTESIAN_POINT('',(55.1815,48.95018087556,-17.78));
#4348 = VECTOR('',#4349,1.);
#4349 = DIRECTION('',(-0.,-0.,-1.));
#4350 = PCURVE('',#908,#4351);
#4351 = DEFINITIONAL_REPRESENTATION('',(#4352),#4356);
#4352 = LINE('',#4353,#4354);
#4353 = CARTESIAN_POINT('',(2.032,-8.69118087556));
#4354 = VECTOR('',#4355,1.);
#4355 = DIRECTION('',(-1.,-0.));
#4356 = ( GEOMETRIC_REPRESENTATION_CONTEXT(2) 
PARAMETRIC_REPRESENTATION_CONTEXT() REPRESENTATION_CONTEXT('2D SPACE',''
  ) );
#4357 = PCURVE('',#937,#4358);
#4358 = DEFINITIONAL_REPRESENTATION('',(#4359),#4362);
#4359 = B_SPLINE_CURVE_WITH_KNOTS('',1,(#4360,#4361),.UNSPECIFIED.,.F.,
  .F.,(2,2),(-17.78,0.),.PIECEWISE_BEZIER_KNOTS.);
#4360 = CARTESIAN_POINT('',(-2.988430422676,-17.78));
#4361 = CARTESIAN_POINT('',(-2.988430422676,0.));
#4362 = ( GEOMETRIC_REPRESENTATION_CONTEXT(2) 
PARAMETRIC_REPRESENTATION_CONTEXT() REPRESENTATION_CONTEXT('2D SPACE',''
  ) );
#4363 = ORIENTED_EDGE('',*,*,#892,.F.);
#4364 = ORIENTED_EDGE('',*,*,#3980,.T.);
#4365 = ORIENTED_EDGE('',*,*,#4366,.F.);
#4366 = EDGE_CURVE('',#4299,#3981,#4367,.T.);
#4367 = SURFACE_CURVE('',#4368,(#4372,#4379),.PCURVE_S1.);
#4368 = LINE('',#4369,#4370);
#4369 = CARTESIAN_POINT('',(55.1815,20.1295,-13.97));
#4370 = VECTOR('',#4371,1.);
#4371 = DIRECTION('',(0.,1.,0.));
#4372 = PCURVE('',#908,#4373);
#4373 = DEFINITIONAL_REPRESENTATION('',(#4374),#4378);
#4374 = LINE('',#4375,#4376);
#4375 = CARTESIAN_POINT('',(5.842,20.1295));
#4376 = VECTOR('',#4377,1.);
#4377 = DIRECTION('',(0.,-1.));
#4378 = ( GEOMETRIC_REPRESENTATION_CONTEXT(2) 
PARAMETRIC_REPRESENTATION_CONTEXT() REPRESENTATION_CONTEXT('2D SPACE',''
  ) );
#4379 = PCURVE('',#3777,#4380);
#4380 = DEFINITIONAL_REPRESENTATION('',(#4381),#4385);
#4381 = LINE('',#4382,#4383);
#4382 = CARTESIAN_POINT('',(7.5565,20.1295));
#4383 = VECTOR('',#4384,1.);
#4384 = DIRECTION('',(0.,1.));
#4385 = ( GEOMETRIC_REPRESENTATION_CONTEXT(2) 
PARAMETRIC_REPRESENTATION_CONTEXT() REPRESENTATION_CONTEXT('2D SPACE',''
  ) );
#4386 = ADVANCED_FACE('',(#4387),#964,.T.);
#4387 = FACE_BOUND('',#4388,.T.);
#4388 = EDGE_LOOP('',(#4389,#4414,#4437,#4457,#4458,#4459));
#4389 = ORIENTED_EDGE('',*,*,#4390,.F.);
#4390 = EDGE_CURVE('',#4391,#4393,#4395,.T.);
#4391 = VERTEX_POINT('',#4392);
#4392 = CARTESIAN_POINT('',(55.1815,-40.259,-17.78));
#4393 = VERTEX_POINT('',#4394);
#4394 = CARTESIAN_POINT('',(55.1815,-40.259,-13.97));
#4395 = SURFACE_CURVE('',#4396,(#4400,#4407),.PCURVE_S1.);
#4396 = LINE('',#4397,#4398);
#4397 = CARTESIAN_POINT('',(55.1815,-40.259,-19.812));
#4398 = VECTOR('',#4399,1.);
#4399 = DIRECTION('',(0.,0.,1.));
#4400 = PCURVE('',#964,#4401);
#4401 = DEFINITIONAL_REPRESENTATION('',(#4402),#4406);
#4402 = LINE('',#4403,#4404);
#4403 = CARTESIAN_POINT('',(0.,0.));
#4404 = VECTOR('',#4405,1.);
#4405 = DIRECTION('',(1.,0.));
#4406 = ( GEOMETRIC_REPRESENTATION_CONTEXT(2) 
PARAMETRIC_REPRESENTATION_CONTEXT() REPRESENTATION_CONTEXT('2D SPACE',''
  ) );
#4407 = PCURVE('',#3810,#4408);
#4408 = DEFINITIONAL_REPRESENTATION('',(#4409),#4413);
#4409 = LINE('',#4410,#4411);
#4410 = CARTESIAN_POINT('',(0.,0.));
#4411 = VECTOR('',#4412,1.);
#4412 = DIRECTION('',(1.,0.));
#4413 = ( GEOMETRIC_REPRESENTATION_CONTEXT(2) 
PARAMETRIC_REPRESENTATION_CONTEXT() REPRESENTATION_CONTEXT('2D SPACE',''
  ) );
#4414 = ORIENTED_EDGE('',*,*,#4415,.T.);
#4415 = EDGE_CURVE('',#4391,#4416,#4418,.T.);
#4416 = VERTEX_POINT('',#4417);
#4417 = CARTESIAN_POINT('',(55.1815,-48.95018087556,-17.78));
#4418 = SURFACE_CURVE('',#4419,(#4423,#4430),.PCURVE_S1.);
#4419 = LINE('',#4420,#4421);
#4420 = CARTESIAN_POINT('',(55.1815,-20.1295,-17.78));
#4421 = VECTOR('',#4422,1.);
#4422 = DIRECTION('',(-1.224646799147E-16,-1.,0.));
#4423 = PCURVE('',#964,#4424);
#4424 = DEFINITIONAL_REPRESENTATION('',(#4425),#4429);
#4425 = LINE('',#4426,#4427);
#4426 = CARTESIAN_POINT('',(2.032,20.1295));
#4427 = VECTOR('',#4428,1.);
#4428 = DIRECTION('',(0.,-1.));
#4429 = ( GEOMETRIC_REPRESENTATION_CONTEXT(2) 
PARAMETRIC_REPRESENTATION_CONTEXT() REPRESENTATION_CONTEXT('2D SPACE',''
  ) );
#4430 = PCURVE('',#2736,#4431);
#4431 = DEFINITIONAL_REPRESENTATION('',(#4432),#4436);
#4432 = LINE('',#4433,#4434);
#4433 = CARTESIAN_POINT('',(55.1815,-20.1295));
#4434 = VECTOR('',#4435,1.);
#4435 = DIRECTION('',(-1.224646799147E-16,-1.));
#4436 = ( GEOMETRIC_REPRESENTATION_CONTEXT(2) 
PARAMETRIC_REPRESENTATION_CONTEXT() REPRESENTATION_CONTEXT('2D SPACE',''
  ) );
#4437 = ORIENTED_EDGE('',*,*,#4438,.F.);
#4438 = EDGE_CURVE('',#921,#4416,#4439,.T.);
#4439 = SURFACE_CURVE('',#4440,(#4444,#4451),.PCURVE_S1.);
#4440 = LINE('',#4441,#4442);
#4441 = CARTESIAN_POINT('',(55.1815,-48.95018087556,-17.78));
#4442 = VECTOR('',#4443,1.);
#4443 = DIRECTION('',(-0.,-0.,-1.));
#4444 = PCURVE('',#964,#4445);
#4445 = DEFINITIONAL_REPRESENTATION('',(#4446),#4450);
#4446 = LINE('',#4447,#4448);
#4447 = CARTESIAN_POINT('',(2.032,-8.69118087556));
#4448 = VECTOR('',#4449,1.);
#4449 = DIRECTION('',(-1.,0.));
#4450 = ( GEOMETRIC_REPRESENTATION_CONTEXT(2) 
PARAMETRIC_REPRESENTATION_CONTEXT() REPRESENTATION_CONTEXT('2D SPACE',''
  ) );
#4451 = PCURVE('',#937,#4452);
#4452 = DEFINITIONAL_REPRESENTATION('',(#4453),#4456);
#4453 = B_SPLINE_CURVE_WITH_KNOTS('',1,(#4454,#4455),.UNSPECIFIED.,.F.,
  .F.,(2,2),(-17.78,0.),.PIECEWISE_BEZIER_KNOTS.);
#4454 = CARTESIAN_POINT('',(-0.153162230914,-17.78));
#4455 = CARTESIAN_POINT('',(-0.153162230914,0.));
#4456 = ( GEOMETRIC_REPRESENTATION_CONTEXT(2) 
PARAMETRIC_REPRESENTATION_CONTEXT() REPRESENTATION_CONTEXT('2D SPACE',''
  ) );
#4457 = ORIENTED_EDGE('',*,*,#948,.F.);
#4458 = ORIENTED_EDGE('',*,*,#3935,.T.);
#4459 = ORIENTED_EDGE('',*,*,#4460,.F.);
#4460 = EDGE_CURVE('',#4393,#3913,#4461,.T.);
#4461 = SURFACE_CURVE('',#4462,(#4466,#4473),.PCURVE_S1.);
#4462 = LINE('',#4463,#4464);
#4463 = CARTESIAN_POINT('',(55.1815,-20.1295,-13.97));
#4464 = VECTOR('',#4465,1.);
#4465 = DIRECTION('',(-1.224646799147E-16,-1.,0.));
#4466 = PCURVE('',#964,#4467);
#4467 = DEFINITIONAL_REPRESENTATION('',(#4468),#4472);
#4468 = LINE('',#4469,#4470);
#4469 = CARTESIAN_POINT('',(5.842,20.1295));
#4470 = VECTOR('',#4471,1.);
#4471 = DIRECTION('',(0.,-1.));
#4472 = ( GEOMETRIC_REPRESENTATION_CONTEXT(2) 
PARAMETRIC_REPRESENTATION_CONTEXT() REPRESENTATION_CONTEXT('2D SPACE',''
  ) );
#4473 = PCURVE('',#3777,#4474);
#4474 = DEFINITIONAL_REPRESENTATION('',(#4475),#4479);
#4475 = LINE('',#4476,#4477);
#4476 = CARTESIAN_POINT('',(7.5565,-20.1295));
#4477 = VECTOR('',#4478,1.);
#4478 = DIRECTION('',(-1.224646799147E-16,-1.));
#4479 = ( GEOMETRIC_REPRESENTATION_CONTEXT(2) 
PARAMETRIC_REPRESENTATION_CONTEXT() REPRESENTATION_CONTEXT('2D SPACE',''
  ) );
#4480 = ADVANCED_FACE('',(#4481),#937,.T.);
#4481 = FACE_BOUND('',#4482,.F.);
#4482 = EDGE_LOOP('',(#4483,#4504,#4505,#4506));
#4483 = ORIENTED_EDGE('',*,*,#4484,.F.);
#4484 = EDGE_CURVE('',#4416,#4322,#4485,.T.);
#4485 = SURFACE_CURVE('',#4486,(#4491,#4497),.PCURVE_S1.);
#4486 = CIRCLE('',#4487,49.53);
#4487 = AXIS2_PLACEMENT_3D('',#4488,#4489,#4490);
#4488 = CARTESIAN_POINT('',(47.625,0.,-17.78));
#4489 = DIRECTION('',(0.,0.,1.));
#4490 = DIRECTION('',(0.,-1.,0.));
#4491 = PCURVE('',#937,#4492);
#4492 = DEFINITIONAL_REPRESENTATION('',(#4493),#4496);
#4493 = B_SPLINE_CURVE_WITH_KNOTS('',1,(#4494,#4495),.UNSPECIFIED.,.F.,
  .F.,(2,2),(0.153162230914,2.988430422676),.PIECEWISE_BEZIER_KNOTS.);
#4494 = CARTESIAN_POINT('',(-0.153162230914,0.));
#4495 = CARTESIAN_POINT('',(-2.988430422676,0.));
#4496 = ( GEOMETRIC_REPRESENTATION_CONTEXT(2) 
PARAMETRIC_REPRESENTATION_CONTEXT() REPRESENTATION_CONTEXT('2D SPACE',''
  ) );
#4497 = PCURVE('',#2736,#4498);
#4498 = DEFINITIONAL_REPRESENTATION('',(#4499),#4503);
#4499 = CIRCLE('',#4500,49.53);
#4500 = AXIS2_PLACEMENT_2D('',#4501,#4502);
#4501 = CARTESIAN_POINT('',(47.625,0.));
#4502 = DIRECTION('',(0.,-1.));
#4503 = ( GEOMETRIC_REPRESENTATION_CONTEXT(2) 
PARAMETRIC_REPRESENTATION_CONTEXT() REPRESENTATION_CONTEXT('2D SPACE',''
  ) );
#4504 = ORIENTED_EDGE('',*,*,#4438,.F.);
#4505 = ORIENTED_EDGE('',*,*,#920,.T.);
#4506 = ORIENTED_EDGE('',*,*,#4344,.T.);
#4507 = ADVANCED_FACE('',(#4508),#1160,.F.);
#4508 = FACE_BOUND('',#4509,.F.);
#4509 = EDGE_LOOP('',(#4510,#4533,#4561,#4582));
#4510 = ORIENTED_EDGE('',*,*,#4511,.F.);
#4511 = EDGE_CURVE('',#4512,#1143,#4514,.T.);
#4512 = VERTEX_POINT('',#4513);
#4513 = CARTESIAN_POINT('',(53.6575,47.510263650866,-18.288));
#4514 = SURFACE_CURVE('',#4515,(#4519,#4526),.PCURVE_S1.);
#4515 = LINE('',#4516,#4517);
#4516 = CARTESIAN_POINT('',(53.6575,47.510263650866,-18.288));
#4517 = VECTOR('',#4518,1.);
#4518 = DIRECTION('',(0.,0.,1.));
#4519 = PCURVE('',#1160,#4520);
#4520 = DEFINITIONAL_REPRESENTATION('',(#4521),#4525);
#4521 = LINE('',#4522,#4523);
#4522 = CARTESIAN_POINT('',(0.,15.24));
#4523 = VECTOR('',#4524,1.);
#4524 = DIRECTION('',(1.,0.));
#4525 = ( GEOMETRIC_REPRESENTATION_CONTEXT(2) 
PARAMETRIC_REPRESENTATION_CONTEXT() REPRESENTATION_CONTEXT('2D SPACE',''
  ) );
#4526 = PCURVE('',#1242,#4527);
#4527 = DEFINITIONAL_REPRESENTATION('',(#4528),#4532);
#4528 = LINE('',#4529,#4530);
#4529 = CARTESIAN_POINT('',(0.,0.));
#4530 = VECTOR('',#4531,1.);
#4531 = DIRECTION('',(1.,0.));
#4532 = ( GEOMETRIC_REPRESENTATION_CONTEXT(2) 
PARAMETRIC_REPRESENTATION_CONTEXT() REPRESENTATION_CONTEXT('2D SPACE',''
  ) );
#4533 = ORIENTED_EDGE('',*,*,#4534,.F.);
#4534 = EDGE_CURVE('',#4535,#4512,#4537,.T.);
#4535 = VERTEX_POINT('',#4536);
#4536 = CARTESIAN_POINT('',(38.4175,47.510263650866,-18.288));
#4537 = SURFACE_CURVE('',#4538,(#4542,#4549),.PCURVE_S1.);
#4538 = LINE('',#4539,#4540);
#4539 = CARTESIAN_POINT('',(38.4175,47.510263650866,-18.288));
#4540 = VECTOR('',#4541,1.);
#4541 = DIRECTION('',(1.,0.,0.));
#4542 = PCURVE('',#1160,#4543);
#4543 = DEFINITIONAL_REPRESENTATION('',(#4544),#4548);
#4544 = LINE('',#4545,#4546);
#4545 = CARTESIAN_POINT('',(0.,0.));
#4546 = VECTOR('',#4547,1.);
#4547 = DIRECTION('',(0.,1.));
#4548 = ( GEOMETRIC_REPRESENTATION_CONTEXT(2) 
PARAMETRIC_REPRESENTATION_CONTEXT() REPRESENTATION_CONTEXT('2D SPACE',''
  ) );
#4549 = PCURVE('',#4550,#4555);
#4550 = PLANE('',#4551);
#4551 = AXIS2_PLACEMENT_3D('',#4552,#4553,#4554);
#4552 = CARTESIAN_POINT('',(38.4175,47.510263650866,-18.288));
#4553 = DIRECTION('',(0.,0.,1.));
#4554 = DIRECTION('',(1.,0.,0.));
#4555 = DEFINITIONAL_REPRESENTATION('',(#4556),#4560);
#4556 = LINE('',#4557,#4558);
#4557 = CARTESIAN_POINT('',(0.,0.));
#4558 = VECTOR('',#4559,1.);
#4559 = DIRECTION('',(1.,0.));
#4560 = ( GEOMETRIC_REPRESENTATION_CONTEXT(2) 
PARAMETRIC_REPRESENTATION_CONTEXT() REPRESENTATION_CONTEXT('2D SPACE',''
  ) );
#4561 = ORIENTED_EDGE('',*,*,#4562,.T.);
#4562 = EDGE_CURVE('',#4535,#1145,#4563,.T.);
#4563 = SURFACE_CURVE('',#4564,(#4568,#4575),.PCURVE_S1.);
#4564 = LINE('',#4565,#4566);
#4565 = CARTESIAN_POINT('',(38.4175,47.510263650866,-18.288));
#4566 = VECTOR('',#4567,1.);
#4567 = DIRECTION('',(0.,0.,1.));
#4568 = PCURVE('',#1160,#4569);
#4569 = DEFINITIONAL_REPRESENTATION('',(#4570),#4574);
#4570 = LINE('',#4571,#4572);
#4571 = CARTESIAN_POINT('',(0.,0.));
#4572 = VECTOR('',#4573,1.);
#4573 = DIRECTION('',(1.,0.));
#4574 = ( GEOMETRIC_REPRESENTATION_CONTEXT(2) 
PARAMETRIC_REPRESENTATION_CONTEXT() REPRESENTATION_CONTEXT('2D SPACE',''
  ) );
#4575 = PCURVE('',#1188,#4576);
#4576 = DEFINITIONAL_REPRESENTATION('',(#4577),#4581);
#4577 = LINE('',#4578,#4579);
#4578 = CARTESIAN_POINT('',(0.,0.));
#4579 = VECTOR('',#4580,1.);
#4580 = DIRECTION('',(1.,0.));
#4581 = ( GEOMETRIC_REPRESENTATION_CONTEXT(2) 
PARAMETRIC_REPRESENTATION_CONTEXT() REPRESENTATION_CONTEXT('2D SPACE',''
  ) );
#4582 = ORIENTED_EDGE('',*,*,#1142,.F.);
#4583 = ADVANCED_FACE('',(#4584),#1242,.T.);
#4584 = FACE_BOUND('',#4585,.T.);
#4585 = EDGE_LOOP('',(#4586,#4587,#4610,#4638,#4666,#4687));
#4586 = ORIENTED_EDGE('',*,*,#4511,.F.);
#4587 = ORIENTED_EDGE('',*,*,#4588,.T.);
#4588 = EDGE_CURVE('',#4512,#4589,#4591,.T.);
#4589 = VERTEX_POINT('',#4590);
#4590 = CARTESIAN_POINT('',(53.6575,49.161263650866,-18.288));
#4591 = SURFACE_CURVE('',#4592,(#4596,#4603),.PCURVE_S1.);
#4592 = LINE('',#4593,#4594);
#4593 = CARTESIAN_POINT('',(53.6575,47.510263650866,-18.288));
#4594 = VECTOR('',#4595,1.);
#4595 = DIRECTION('',(0.,1.,0.));
#4596 = PCURVE('',#1242,#4597);
#4597 = DEFINITIONAL_REPRESENTATION('',(#4598),#4602);
#4598 = LINE('',#4599,#4600);
#4599 = CARTESIAN_POINT('',(0.,0.));
#4600 = VECTOR('',#4601,1.);
#4601 = DIRECTION('',(0.,-1.));
#4602 = ( GEOMETRIC_REPRESENTATION_CONTEXT(2) 
PARAMETRIC_REPRESENTATION_CONTEXT() REPRESENTATION_CONTEXT('2D SPACE',''
  ) );
#4603 = PCURVE('',#4550,#4604);
#4604 = DEFINITIONAL_REPRESENTATION('',(#4605),#4609);
#4605 = LINE('',#4606,#4607);
#4606 = CARTESIAN_POINT('',(15.24,0.));
#4607 = VECTOR('',#4608,1.);
#4608 = DIRECTION('',(0.,1.));
#4609 = ( GEOMETRIC_REPRESENTATION_CONTEXT(2) 
PARAMETRIC_REPRESENTATION_CONTEXT() REPRESENTATION_CONTEXT('2D SPACE',''
  ) );
#4610 = ORIENTED_EDGE('',*,*,#4611,.F.);
#4611 = EDGE_CURVE('',#4612,#4589,#4614,.T.);
#4612 = VERTEX_POINT('',#4613);
#4613 = CARTESIAN_POINT('',(53.6575,52.324,-16.51));
#4614 = SURFACE_CURVE('',#4615,(#4619,#4626),.PCURVE_S1.);
#4615 = LINE('',#4616,#4617);
#4616 = CARTESIAN_POINT('',(53.6575,52.324,-16.51));
#4617 = VECTOR('',#4618,1.);
#4618 = DIRECTION('',(0.,-0.871697896386,-0.490043648501));
#4619 = PCURVE('',#1242,#4620);
#4620 = DEFINITIONAL_REPRESENTATION('',(#4621),#4625);
#4621 = LINE('',#4622,#4623);
#4622 = CARTESIAN_POINT('',(1.778,-4.813736349134));
#4623 = VECTOR('',#4624,1.);
#4624 = DIRECTION('',(-0.490043648501,0.871697896386));
#4625 = ( GEOMETRIC_REPRESENTATION_CONTEXT(2) 
PARAMETRIC_REPRESENTATION_CONTEXT() REPRESENTATION_CONTEXT('2D SPACE',''
  ) );
#4626 = PCURVE('',#4627,#4632);
#4627 = PLANE('',#4628);
#4628 = AXIS2_PLACEMENT_3D('',#4629,#4630,#4631);
#4629 = CARTESIAN_POINT('',(53.6575,52.324,-16.51));
#4630 = DIRECTION('',(0.,-0.490043648501,0.871697896386));
#4631 = DIRECTION('',(0.,-0.871697896386,-0.490043648501));
#4632 = DEFINITIONAL_REPRESENTATION('',(#4633),#4637);
#4633 = LINE('',#4634,#4635);
#4634 = CARTESIAN_POINT('',(0.,0.));
#4635 = VECTOR('',#4636,1.);
#4636 = DIRECTION('',(1.,0.));
#4637 = ( GEOMETRIC_REPRESENTATION_CONTEXT(2) 
PARAMETRIC_REPRESENTATION_CONTEXT() REPRESENTATION_CONTEXT('2D SPACE',''
  ) );
#4638 = ORIENTED_EDGE('',*,*,#4639,.F.);
#4639 = EDGE_CURVE('',#4640,#4612,#4642,.T.);
#4640 = VERTEX_POINT('',#4641);
#4641 = CARTESIAN_POINT('',(53.6575,49.161263650866,-13.462));
#4642 = SURFACE_CURVE('',#4643,(#4647,#4654),.PCURVE_S1.);
#4643 = LINE('',#4644,#4645);
#4644 = CARTESIAN_POINT('',(53.6575,49.161263650866,-13.462));
#4645 = VECTOR('',#4646,1.);
#4646 = DIRECTION('',(0.,0.720046921695,-0.693925378234));
#4647 = PCURVE('',#1242,#4648);
#4648 = DEFINITIONAL_REPRESENTATION('',(#4649),#4653);
#4649 = LINE('',#4650,#4651);
#4650 = CARTESIAN_POINT('',(4.826,-1.651));
#4651 = VECTOR('',#4652,1.);
#4652 = DIRECTION('',(-0.693925378234,-0.720046921695));
#4653 = ( GEOMETRIC_REPRESENTATION_CONTEXT(2) 
PARAMETRIC_REPRESENTATION_CONTEXT() REPRESENTATION_CONTEXT('2D SPACE',''
  ) );
#4654 = PCURVE('',#4655,#4660);
#4655 = PLANE('',#4656);
#4656 = AXIS2_PLACEMENT_3D('',#4657,#4658,#4659);
#4657 = CARTESIAN_POINT('',(53.6575,49.161263650866,-13.462));
#4658 = DIRECTION('',(0.,-0.693925378234,-0.720046921695));
#4659 = DIRECTION('',(0.,0.720046921695,-0.693925378234));
#4660 = DEFINITIONAL_REPRESENTATION('',(#4661),#4665);
#4661 = LINE('',#4662,#4663);
#4662 = CARTESIAN_POINT('',(0.,0.));
#4663 = VECTOR('',#4664,1.);
#4664 = DIRECTION('',(1.,0.));
#4665 = ( GEOMETRIC_REPRESENTATION_CONTEXT(2) 
PARAMETRIC_REPRESENTATION_CONTEXT() REPRESENTATION_CONTEXT('2D SPACE',''
  ) );
#4666 = ORIENTED_EDGE('',*,*,#4667,.T.);
#4667 = EDGE_CURVE('',#4640,#1201,#4668,.T.);
#4668 = SURFACE_CURVE('',#4669,(#4673,#4680),.PCURVE_S1.);
#4669 = LINE('',#4670,#4671);
#4670 = CARTESIAN_POINT('',(53.6575,49.161263650866,-18.288));
#4671 = VECTOR('',#4672,1.);
#4672 = DIRECTION('',(0.,0.,1.));
#4673 = PCURVE('',#1242,#4674);
#4674 = DEFINITIONAL_REPRESENTATION('',(#4675),#4679);
#4675 = LINE('',#4676,#4677);
#4676 = CARTESIAN_POINT('',(0.,-1.651));
#4677 = VECTOR('',#4678,1.);
#4678 = DIRECTION('',(1.,0.));
#4679 = ( GEOMETRIC_REPRESENTATION_CONTEXT(2) 
PARAMETRIC_REPRESENTATION_CONTEXT() REPRESENTATION_CONTEXT('2D SPACE',''
  ) );
#4680 = PCURVE('',#1216,#4681);
#4681 = DEFINITIONAL_REPRESENTATION('',(#4682),#4686);
#4682 = LINE('',#4683,#4684);
#4683 = CARTESIAN_POINT('',(0.,15.24));
#4684 = VECTOR('',#4685,1.);
#4685 = DIRECTION('',(1.,0.));
#4686 = ( GEOMETRIC_REPRESENTATION_CONTEXT(2) 
PARAMETRIC_REPRESENTATION_CONTEXT() REPRESENTATION_CONTEXT('2D SPACE',''
  ) );
#4687 = ORIENTED_EDGE('',*,*,#1228,.F.);
#4688 = ADVANCED_FACE('',(#4689),#1188,.F.);
#4689 = FACE_BOUND('',#4690,.F.);
#4690 = EDGE_LOOP('',(#4691,#4692,#4715,#4738,#4761,#4782));
#4691 = ORIENTED_EDGE('',*,*,#4562,.F.);
#4692 = ORIENTED_EDGE('',*,*,#4693,.T.);
#4693 = EDGE_CURVE('',#4535,#4694,#4696,.T.);
#4694 = VERTEX_POINT('',#4695);
#4695 = CARTESIAN_POINT('',(38.4175,49.161263650866,-18.288));
#4696 = SURFACE_CURVE('',#4697,(#4701,#4708),.PCURVE_S1.);
#4697 = LINE('',#4698,#4699);
#4698 = CARTESIAN_POINT('',(38.4175,47.510263650866,-18.288));
#4699 = VECTOR('',#4700,1.);
#4700 = DIRECTION('',(0.,1.,0.));
#4701 = PCURVE('',#1188,#4702);
#4702 = DEFINITIONAL_REPRESENTATION('',(#4703),#4707);
#4703 = LINE('',#4704,#4705);
#4704 = CARTESIAN_POINT('',(0.,0.));
#4705 = VECTOR('',#4706,1.);
#4706 = DIRECTION('',(0.,-1.));
#4707 = ( GEOMETRIC_REPRESENTATION_CONTEXT(2) 
PARAMETRIC_REPRESENTATION_CONTEXT() REPRESENTATION_CONTEXT('2D SPACE',''
  ) );
#4708 = PCURVE('',#4550,#4709);
#4709 = DEFINITIONAL_REPRESENTATION('',(#4710),#4714);
#4710 = LINE('',#4711,#4712);
#4711 = CARTESIAN_POINT('',(0.,0.));
#4712 = VECTOR('',#4713,1.);
#4713 = DIRECTION('',(0.,1.));
#4714 = ( GEOMETRIC_REPRESENTATION_CONTEXT(2) 
PARAMETRIC_REPRESENTATION_CONTEXT() REPRESENTATION_CONTEXT('2D SPACE',''
  ) );
#4715 = ORIENTED_EDGE('',*,*,#4716,.F.);
#4716 = EDGE_CURVE('',#4717,#4694,#4719,.T.);
#4717 = VERTEX_POINT('',#4718);
#4718 = CARTESIAN_POINT('',(38.4175,52.324,-16.51));
#4719 = SURFACE_CURVE('',#4720,(#4724,#4731),.PCURVE_S1.);
#4720 = LINE('',#4721,#4722);
#4721 = CARTESIAN_POINT('',(38.4175,52.324,-16.51));
#4722 = VECTOR('',#4723,1.);
#4723 = DIRECTION('',(0.,-0.871697896386,-0.490043648501));
#4724 = PCURVE('',#1188,#4725);
#4725 = DEFINITIONAL_REPRESENTATION('',(#4726),#4730);
#4726 = LINE('',#4727,#4728);
#4727 = CARTESIAN_POINT('',(1.778,-4.813736349134));
#4728 = VECTOR('',#4729,1.);
#4729 = DIRECTION('',(-0.490043648501,0.871697896386));
#4730 = ( GEOMETRIC_REPRESENTATION_CONTEXT(2) 
PARAMETRIC_REPRESENTATION_CONTEXT() REPRESENTATION_CONTEXT('2D SPACE',''
  ) );
#4731 = PCURVE('',#4627,#4732);
#4732 = DEFINITIONAL_REPRESENTATION('',(#4733),#4737);
#4733 = LINE('',#4734,#4735);
#4734 = CARTESIAN_POINT('',(-0.,-15.24));
#4735 = VECTOR('',#4736,1.);
#4736 = DIRECTION('',(1.,0.));
#4737 = ( GEOMETRIC_REPRESENTATION_CONTEXT(2) 
PARAMETRIC_REPRESENTATION_CONTEXT() REPRESENTATION_CONTEXT('2D SPACE',''
  ) );
#4738 = ORIENTED_EDGE('',*,*,#4739,.F.);
#4739 = EDGE_CURVE('',#4740,#4717,#4742,.T.);
#4740 = VERTEX_POINT('',#4741);
#4741 = CARTESIAN_POINT('',(38.4175,49.161263650866,-13.462));
#4742 = SURFACE_CURVE('',#4743,(#4747,#4754),.PCURVE_S1.);
#4743 = LINE('',#4744,#4745);
#4744 = CARTESIAN_POINT('',(38.4175,49.161263650866,-13.462));
#4745 = VECTOR('',#4746,1.);
#4746 = DIRECTION('',(0.,0.720046921695,-0.693925378234));
#4747 = PCURVE('',#1188,#4748);
#4748 = DEFINITIONAL_REPRESENTATION('',(#4749),#4753);
#4749 = LINE('',#4750,#4751);
#4750 = CARTESIAN_POINT('',(4.826,-1.651));
#4751 = VECTOR('',#4752,1.);
#4752 = DIRECTION('',(-0.693925378234,-0.720046921695));
#4753 = ( GEOMETRIC_REPRESENTATION_CONTEXT(2) 
PARAMETRIC_REPRESENTATION_CONTEXT() REPRESENTATION_CONTEXT('2D SPACE',''
  ) );
#4754 = PCURVE('',#4655,#4755);
#4755 = DEFINITIONAL_REPRESENTATION('',(#4756),#4760);
#4756 = LINE('',#4757,#4758);
#4757 = CARTESIAN_POINT('',(0.,-15.24));
#4758 = VECTOR('',#4759,1.);
#4759 = DIRECTION('',(1.,0.));
#4760 = ( GEOMETRIC_REPRESENTATION_CONTEXT(2) 
PARAMETRIC_REPRESENTATION_CONTEXT() REPRESENTATION_CONTEXT('2D SPACE',''
  ) );
#4761 = ORIENTED_EDGE('',*,*,#4762,.T.);
#4762 = EDGE_CURVE('',#4740,#1173,#4763,.T.);
#4763 = SURFACE_CURVE('',#4764,(#4768,#4775),.PCURVE_S1.);
#4764 = LINE('',#4765,#4766);
#4765 = CARTESIAN_POINT('',(38.4175,49.161263650866,-18.288));
#4766 = VECTOR('',#4767,1.);
#4767 = DIRECTION('',(0.,0.,1.));
#4768 = PCURVE('',#1188,#4769);
#4769 = DEFINITIONAL_REPRESENTATION('',(#4770),#4774);
#4770 = LINE('',#4771,#4772);
#4771 = CARTESIAN_POINT('',(0.,-1.651));
#4772 = VECTOR('',#4773,1.);
#4773 = DIRECTION('',(1.,0.));
#4774 = ( GEOMETRIC_REPRESENTATION_CONTEXT(2) 
PARAMETRIC_REPRESENTATION_CONTEXT() REPRESENTATION_CONTEXT('2D SPACE',''
  ) );
#4775 = PCURVE('',#1216,#4776);
#4776 = DEFINITIONAL_REPRESENTATION('',(#4777),#4781);
#4777 = LINE('',#4778,#4779);
#4778 = CARTESIAN_POINT('',(0.,0.));
#4779 = VECTOR('',#4780,1.);
#4780 = DIRECTION('',(1.,0.));
#4781 = ( GEOMETRIC_REPRESENTATION_CONTEXT(2) 
PARAMETRIC_REPRESENTATION_CONTEXT() REPRESENTATION_CONTEXT('2D SPACE',''
  ) );
#4782 = ORIENTED_EDGE('',*,*,#1172,.F.);
#4783 = ADVANCED_FACE('',(#4784),#1216,.T.);
#4784 = FACE_BOUND('',#4785,.T.);
#4785 = EDGE_LOOP('',(#4786,#4787,#4808,#4809));
#4786 = ORIENTED_EDGE('',*,*,#4667,.F.);
#4787 = ORIENTED_EDGE('',*,*,#4788,.T.);
#4788 = EDGE_CURVE('',#4640,#4740,#4789,.T.);
#4789 = SURFACE_CURVE('',#4790,(#4794,#4801),.PCURVE_S1.);
#4790 = LINE('',#4791,#4792);
#4791 = CARTESIAN_POINT('',(53.6575,49.161263650866,-13.462));
#4792 = VECTOR('',#4793,1.);
#4793 = DIRECTION('',(-1.,0.,0.));
#4794 = PCURVE('',#1216,#4795);
#4795 = DEFINITIONAL_REPRESENTATION('',(#4796),#4800);
#4796 = LINE('',#4797,#4798);
#4797 = CARTESIAN_POINT('',(4.826,15.24));
#4798 = VECTOR('',#4799,1.);
#4799 = DIRECTION('',(0.,-1.));
#4800 = ( GEOMETRIC_REPRESENTATION_CONTEXT(2) 
PARAMETRIC_REPRESENTATION_CONTEXT() REPRESENTATION_CONTEXT('2D SPACE',''
  ) );
#4801 = PCURVE('',#4655,#4802);
#4802 = DEFINITIONAL_REPRESENTATION('',(#4803),#4807);
#4803 = LINE('',#4804,#4805);
#4804 = CARTESIAN_POINT('',(0.,0.));
#4805 = VECTOR('',#4806,1.);
#4806 = DIRECTION('',(0.,-1.));
#4807 = ( GEOMETRIC_REPRESENTATION_CONTEXT(2) 
PARAMETRIC_REPRESENTATION_CONTEXT() REPRESENTATION_CONTEXT('2D SPACE',''
  ) );
#4808 = ORIENTED_EDGE('',*,*,#4762,.T.);
#4809 = ORIENTED_EDGE('',*,*,#1200,.F.);
#4810 = ADVANCED_FACE('',(#4811),#1528,.T.);
#4811 = FACE_BOUND('',#4812,.T.);
#4812 = EDGE_LOOP('',(#4813,#4836,#4837,#4838));
#4813 = ORIENTED_EDGE('',*,*,#4814,.F.);
#4814 = EDGE_CURVE('',#3130,#4815,#4817,.T.);
#4815 = VERTEX_POINT('',#4816);
#4816 = CARTESIAN_POINT('',(-87.04397160554,24.631707240088,-6.223));
#4817 = SURFACE_CURVE('',#4818,(#4822,#4829),.PCURVE_S1.);
#4818 = LINE('',#4819,#4820);
#4819 = CARTESIAN_POINT('',(-64.64193309747,10.633359956103,-6.223));
#4820 = VECTOR('',#4821,1.);
#4821 = DIRECTION('',(-0.848048096156,0.529919264233,0.));
#4822 = PCURVE('',#1528,#4823);
#4823 = DEFINITIONAL_REPRESENTATION('',(#4824),#4828);
#4824 = LINE('',#4825,#4826);
#4825 = CARTESIAN_POINT('',(-20.066,-5.207));
#4826 = VECTOR('',#4827,1.);
#4827 = DIRECTION('',(1.,0.));
#4828 = ( GEOMETRIC_REPRESENTATION_CONTEXT(2) 
PARAMETRIC_REPRESENTATION_CONTEXT() REPRESENTATION_CONTEXT('2D SPACE',''
  ) );
#4829 = PCURVE('',#3167,#4830);
#4830 = DEFINITIONAL_REPRESENTATION('',(#4831),#4835);
#4831 = LINE('',#4832,#4833);
#4832 = CARTESIAN_POINT('',(-17.01693309747,10.633359956103));
#4833 = VECTOR('',#4834,1.);
#4834 = DIRECTION('',(-0.848048096156,0.529919264233));
#4835 = ( GEOMETRIC_REPRESENTATION_CONTEXT(2) 
PARAMETRIC_REPRESENTATION_CONTEXT() REPRESENTATION_CONTEXT('2D SPACE',''
  ) );
#4836 = ORIENTED_EDGE('',*,*,#3129,.F.);
#4837 = ORIENTED_EDGE('',*,*,#1514,.F.);
#4838 = ORIENTED_EDGE('',*,*,#4839,.F.);
#4839 = EDGE_CURVE('',#4815,#1483,#4840,.T.);
#4840 = SURFACE_CURVE('',#4841,(#4845,#4852),.PCURVE_S1.);
#4841 = LINE('',#4842,#4843);
#4842 = CARTESIAN_POINT('',(-87.04397160554,24.631707240089,-11.43));
#4843 = VECTOR('',#4844,1.);
#4844 = DIRECTION('',(0.,0.,1.));
#4845 = PCURVE('',#1528,#4846);
#4846 = DEFINITIONAL_REPRESENTATION('',(#4847),#4851);
#4847 = LINE('',#4848,#4849);
#4848 = CARTESIAN_POINT('',(6.35,0.));
#4849 = VECTOR('',#4850,1.);
#4850 = DIRECTION('',(0.,-1.));
#4851 = ( GEOMETRIC_REPRESENTATION_CONTEXT(2) 
PARAMETRIC_REPRESENTATION_CONTEXT() REPRESENTATION_CONTEXT('2D SPACE',''
  ) );
#4852 = PCURVE('',#1503,#4853);
#4853 = DEFINITIONAL_REPRESENTATION('',(#4854),#4857);
#4854 = B_SPLINE_CURVE_WITH_KNOTS('',1,(#4855,#4856),.UNSPECIFIED.,.F.,
  .F.,(2,2),(5.207,14.7828),.PIECEWISE_BEZIER_KNOTS.);
#4855 = CARTESIAN_POINT('',(-2.583087292952,-5.207));
#4856 = CARTESIAN_POINT('',(-2.583087292952,-14.7828));
#4857 = ( GEOMETRIC_REPRESENTATION_CONTEXT(2) 
PARAMETRIC_REPRESENTATION_CONTEXT() REPRESENTATION_CONTEXT('2D SPACE',''
  ) );
#4858 = ADVANCED_FACE('',(#4859),#1503,.F.);
#4859 = FACE_BOUND('',#4860,.T.);
#4860 = EDGE_LOOP('',(#4861,#4883,#4910,#4932,#4953,#4954));
#4861 = ORIENTED_EDGE('',*,*,#4862,.T.);
#4862 = EDGE_CURVE('',#1455,#4863,#4865,.T.);
#4863 = VERTEX_POINT('',#4864);
#4864 = CARTESIAN_POINT('',(-93.65464037124,6.469044078826,-11.43));
#4865 = SURFACE_CURVE('',#4866,(#4870,#4876),.PCURVE_S1.);
#4866 = LINE('',#4867,#4868);
#4867 = CARTESIAN_POINT('',(-93.65464037124,6.469044078826,5.8928));
#4868 = VECTOR('',#4869,1.);
#4869 = DIRECTION('',(0.,0.,-1.));
#4870 = PCURVE('',#1503,#4871);
#4871 = DEFINITIONAL_REPRESENTATION('',(#4872),#4875);
#4872 = B_SPLINE_CURVE_WITH_KNOTS('',1,(#4873,#4874),.UNSPECIFIED.,.F.,
  .F.,(2,2),(2.54,17.3228),.PIECEWISE_BEZIER_KNOTS.);
#4873 = CARTESIAN_POINT('',(-3.00196631343,-14.7828));
#4874 = CARTESIAN_POINT('',(-3.00196631343,0.));
#4875 = ( GEOMETRIC_REPRESENTATION_CONTEXT(2) 
PARAMETRIC_REPRESENTATION_CONTEXT() REPRESENTATION_CONTEXT('2D SPACE',''
  ) );
#4876 = PCURVE('',#1470,#4877);
#4877 = DEFINITIONAL_REPRESENTATION('',(#4878),#4882);
#4878 = LINE('',#4879,#4880);
#4879 = CARTESIAN_POINT('',(-1.431977674374E-14,-17.3228));
#4880 = VECTOR('',#4881,1.);
#4881 = DIRECTION('',(0.,1.));
#4882 = ( GEOMETRIC_REPRESENTATION_CONTEXT(2) 
PARAMETRIC_REPRESENTATION_CONTEXT() REPRESENTATION_CONTEXT('2D SPACE',''
  ) );
#4883 = ORIENTED_EDGE('',*,*,#4884,.T.);
#4884 = EDGE_CURVE('',#4863,#4885,#4887,.T.);
#4885 = VERTEX_POINT('',#4886);
#4886 = CARTESIAN_POINT('',(-71.56499979796,39.842850471236,-11.43));
#4887 = SURFACE_CURVE('',#4888,(#4893,#4899),.PCURVE_S1.);
#4888 = CIRCLE('',#4889,46.482);
#4889 = AXIS2_PLACEMENT_3D('',#4890,#4891,#4892);
#4890 = CARTESIAN_POINT('',(-47.625,0.,-11.43));
#4891 = DIRECTION('',(0.,0.,-1.));
#4892 = DIRECTION('',(-0.990268068742,0.13917310096,0.));
#4893 = PCURVE('',#1503,#4894);
#4894 = DEFINITIONAL_REPRESENTATION('',(#4895),#4898);
#4895 = B_SPLINE_CURVE_WITH_KNOTS('',1,(#4896,#4897),.UNSPECIFIED.,.F.,
  .F.,(2,2),(0.,0.890117918517),.PIECEWISE_BEZIER_KNOTS.);
#4896 = CARTESIAN_POINT('',(-3.00196631343,0.));
#4897 = CARTESIAN_POINT('',(-2.111848394913,0.));
#4898 = ( GEOMETRIC_REPRESENTATION_CONTEXT(2) 
PARAMETRIC_REPRESENTATION_CONTEXT() REPRESENTATION_CONTEXT('2D SPACE',''
  ) );
#4899 = PCURVE('',#3226,#4900);
#4900 = DEFINITIONAL_REPRESENTATION('',(#4901),#4909);
#4901 = ( BOUNDED_CURVE() B_SPLINE_CURVE(2,(#4902,#4903,#4904,#4905,
#4906,#4907,#4908),.UNSPECIFIED.,.T.,.F.) B_SPLINE_CURVE_WITH_KNOTS((1,2
    ,2,2,2,1),(-2.094395102393,0.,2.094395102393,4.188790204786,
6.28318530718,8.377580409573),.UNSPECIFIED.) CURVE() 
GEOMETRIC_REPRESENTATION_ITEM() RATIONAL_B_SPLINE_CURVE((1.,0.5,1.,0.5,
1.,0.5,1.)) REPRESENTATION_ITEM('') );
#4902 = CARTESIAN_POINT('',(-46.02964037124,6.469044078826));
#4903 = CARTESIAN_POINT('',(-34.82492735031,86.194719855947));
#4904 = CARTESIAN_POINT('',(28.617176696088,36.628315849147));
#4905 = CARTESIAN_POINT('',(92.059280742491,-12.93808815765));
#4906 = CARTESIAN_POINT('',(17.412463675158,-43.09735992797));
#4907 = CARTESIAN_POINT('',(-57.23435339217,-73.25663169829));
#4908 = CARTESIAN_POINT('',(-46.02964037124,6.469044078826));
#4909 = ( GEOMETRIC_REPRESENTATION_CONTEXT(2) 
PARAMETRIC_REPRESENTATION_CONTEXT() REPRESENTATION_CONTEXT('2D SPACE',''
  ) );
#4910 = ORIENTED_EDGE('',*,*,#4911,.T.);
#4911 = EDGE_CURVE('',#4885,#4912,#4914,.T.);
#4912 = VERTEX_POINT('',#4913);
#4913 = CARTESIAN_POINT('',(-71.56499979796,39.842850471236,-6.223));
#4914 = SURFACE_CURVE('',#4915,(#4919,#4925),.PCURVE_S1.);
#4915 = LINE('',#4916,#4917);
#4916 = CARTESIAN_POINT('',(-71.56499979796,39.842850471236,-11.43));
#4917 = VECTOR('',#4918,1.);
#4918 = DIRECTION('',(0.,0.,1.));
#4919 = PCURVE('',#1503,#4920);
#4920 = DEFINITIONAL_REPRESENTATION('',(#4921),#4924);
#4921 = B_SPLINE_CURVE_WITH_KNOTS('',1,(#4922,#4923),.UNSPECIFIED.,.F.,
  .F.,(2,2),(0.,5.207),.PIECEWISE_BEZIER_KNOTS.);
#4922 = CARTESIAN_POINT('',(-2.111848394913,0.));
#4923 = CARTESIAN_POINT('',(-2.111848394913,-5.207));
#4924 = ( GEOMETRIC_REPRESENTATION_CONTEXT(2) 
PARAMETRIC_REPRESENTATION_CONTEXT() REPRESENTATION_CONTEXT('2D SPACE',''
  ) );
#4925 = PCURVE('',#3198,#4926);
#4926 = DEFINITIONAL_REPRESENTATION('',(#4927),#4931);
#4927 = LINE('',#4928,#4929);
#4928 = CARTESIAN_POINT('',(6.35,0.));
#4929 = VECTOR('',#4930,1.);
#4930 = DIRECTION('',(0.,-1.));
#4931 = ( GEOMETRIC_REPRESENTATION_CONTEXT(2) 
PARAMETRIC_REPRESENTATION_CONTEXT() REPRESENTATION_CONTEXT('2D SPACE',''
  ) );
#4932 = ORIENTED_EDGE('',*,*,#4933,.T.);
#4933 = EDGE_CURVE('',#4912,#4815,#4934,.T.);
#4934 = SURFACE_CURVE('',#4935,(#4940,#4946),.PCURVE_S1.);
#4935 = CIRCLE('',#4936,46.482);
#4936 = AXIS2_PLACEMENT_3D('',#4937,#4938,#4939);
#4937 = CARTESIAN_POINT('',(-47.625,0.,-6.223));
#4938 = DIRECTION('',(0.,0.,1.));
#4939 = DIRECTION('',(1.,0.,-0.));
#4940 = PCURVE('',#1503,#4941);
#4941 = DEFINITIONAL_REPRESENTATION('',(#4942),#4945);
#4942 = B_SPLINE_CURVE_WITH_KNOTS('',1,(#4943,#4944),.UNSPECIFIED.,.F.,
  .F.,(2,2),(2.111848394913,2.583087292952),.PIECEWISE_BEZIER_KNOTS.);
#4943 = CARTESIAN_POINT('',(-2.111848394913,-5.207));
#4944 = CARTESIAN_POINT('',(-2.583087292952,-5.207));
#4945 = ( GEOMETRIC_REPRESENTATION_CONTEXT(2) 
PARAMETRIC_REPRESENTATION_CONTEXT() REPRESENTATION_CONTEXT('2D SPACE',''
  ) );
#4946 = PCURVE('',#3167,#4947);
#4947 = DEFINITIONAL_REPRESENTATION('',(#4948),#4952);
#4948 = CIRCLE('',#4949,46.482);
#4949 = AXIS2_PLACEMENT_2D('',#4950,#4951);
#4950 = CARTESIAN_POINT('',(0.,-5.219946054012E-15));
#4951 = DIRECTION('',(1.,0.));
#4952 = ( GEOMETRIC_REPRESENTATION_CONTEXT(2) 
PARAMETRIC_REPRESENTATION_CONTEXT() REPRESENTATION_CONTEXT('2D SPACE',''
  ) );
#4953 = ORIENTED_EDGE('',*,*,#4839,.T.);
#4954 = ORIENTED_EDGE('',*,*,#1482,.F.);
#4955 = ADVANCED_FACE('',(#4956),#1355,.T.);
#4956 = FACE_BOUND('',#4957,.T.);
#4957 = EDGE_LOOP('',(#4958,#4981,#5001,#5002));
#4958 = ORIENTED_EDGE('',*,*,#4959,.F.);
#4959 = EDGE_CURVE('',#4960,#3345,#4962,.T.);
#4960 = VERTEX_POINT('',#4961);
#4961 = CARTESIAN_POINT('',(-1.595359628754,-6.469044078827,-11.43));
#4962 = SURFACE_CURVE('',#4963,(#4967,#4974),.PCURVE_S1.);
#4963 = LINE('',#4964,#4965);
#4964 = CARTESIAN_POINT('',(203.90308946035,-35.34996764385,-11.43));
#4965 = VECTOR('',#4966,1.);
#4966 = DIRECTION('',(-0.990268068742,0.13917310096,0.));
#4967 = PCURVE('',#1355,#4968);
#4968 = DEFINITIONAL_REPRESENTATION('',(#4969),#4973);
#4969 = LINE('',#4970,#4971);
#4970 = CARTESIAN_POINT('',(-207.518,-0.));
#4971 = VECTOR('',#4972,1.);
#4972 = DIRECTION('',(1.,0.));
#4973 = ( GEOMETRIC_REPRESENTATION_CONTEXT(2) 
PARAMETRIC_REPRESENTATION_CONTEXT() REPRESENTATION_CONTEXT('2D SPACE',''
  ) );
#4974 = PCURVE('',#3360,#4975);
#4975 = DEFINITIONAL_REPRESENTATION('',(#4976),#4980);
#4976 = LINE('',#4977,#4978);
#4977 = CARTESIAN_POINT('',(251.52808946035,-35.34996764385));
#4978 = VECTOR('',#4979,1.);
#4979 = DIRECTION('',(-0.990268068742,0.13917310096));
#4980 = ( GEOMETRIC_REPRESENTATION_CONTEXT(2) 
PARAMETRIC_REPRESENTATION_CONTEXT() REPRESENTATION_CONTEXT('2D SPACE',''
  ) );
#4981 = ORIENTED_EDGE('',*,*,#4982,.F.);
#4982 = EDGE_CURVE('',#1340,#4960,#4983,.T.);
#4983 = SURFACE_CURVE('',#4984,(#4988,#4995),.PCURVE_S1.);
#4984 = LINE('',#4985,#4986);
#4985 = CARTESIAN_POINT('',(-1.595359628754,-6.469044078827,5.8928));
#4986 = VECTOR('',#4987,1.);
#4987 = DIRECTION('',(0.,0.,-1.));
#4988 = PCURVE('',#1355,#4989);
#4989 = DEFINITIONAL_REPRESENTATION('',(#4990),#4994);
#4990 = LINE('',#4991,#4992);
#4991 = CARTESIAN_POINT('',(-6.214388538868E-14,-17.3228));
#4992 = VECTOR('',#4993,1.);
#4993 = DIRECTION('',(0.,1.));
#4994 = ( GEOMETRIC_REPRESENTATION_CONTEXT(2) 
PARAMETRIC_REPRESENTATION_CONTEXT() REPRESENTATION_CONTEXT('2D SPACE',''
  ) );
#4995 = PCURVE('',#1388,#4996);
#4996 = DEFINITIONAL_REPRESENTATION('',(#4997),#5000);
#4997 = B_SPLINE_CURVE_WITH_KNOTS('',1,(#4998,#4999),.UNSPECIFIED.,.F.,
  .F.,(2,2),(2.54,17.3228),.PIECEWISE_BEZIER_KNOTS.);
#4998 = CARTESIAN_POINT('',(-6.14355896702,-14.7828));
#4999 = CARTESIAN_POINT('',(-6.14355896702,0.));
#5000 = ( GEOMETRIC_REPRESENTATION_CONTEXT(2) 
PARAMETRIC_REPRESENTATION_CONTEXT() REPRESENTATION_CONTEXT('2D SPACE',''
  ) );
#5001 = ORIENTED_EDGE('',*,*,#1339,.F.);
#5002 = ORIENTED_EDGE('',*,*,#3376,.T.);
#5003 = ADVANCED_FACE('',(#5004),#1470,.T.);
#5004 = FACE_BOUND('',#5005,.T.);
#5005 = EDGE_LOOP('',(#5006,#5027,#5028,#5029));
#5006 = ORIENTED_EDGE('',*,*,#5007,.F.);
#5007 = EDGE_CURVE('',#4863,#3211,#5008,.T.);
#5008 = SURFACE_CURVE('',#5009,(#5013,#5020),.PCURVE_S1.);
#5009 = LINE('',#5010,#5011);
#5010 = CARTESIAN_POINT('',(-299.1530894603,35.349967643857,-11.43));
#5011 = VECTOR('',#5012,1.);
#5012 = DIRECTION('',(0.990268068742,-0.13917310096,0.));
#5013 = PCURVE('',#1470,#5014);
#5014 = DEFINITIONAL_REPRESENTATION('',(#5015),#5019);
#5015 = LINE('',#5016,#5017);
#5016 = CARTESIAN_POINT('',(-207.518,-0.));
#5017 = VECTOR('',#5018,1.);
#5018 = DIRECTION('',(1.,0.));
#5019 = ( GEOMETRIC_REPRESENTATION_CONTEXT(2) 
PARAMETRIC_REPRESENTATION_CONTEXT() REPRESENTATION_CONTEXT('2D SPACE',''
  ) );
#5020 = PCURVE('',#3226,#5021);
#5021 = DEFINITIONAL_REPRESENTATION('',(#5022),#5026);
#5022 = LINE('',#5023,#5024);
#5023 = CARTESIAN_POINT('',(-251.5280894603,35.349967643857));
#5024 = VECTOR('',#5025,1.);
#5025 = DIRECTION('',(0.990268068742,-0.13917310096));
#5026 = ( GEOMETRIC_REPRESENTATION_CONTEXT(2) 
PARAMETRIC_REPRESENTATION_CONTEXT() REPRESENTATION_CONTEXT('2D SPACE',''
  ) );
#5027 = ORIENTED_EDGE('',*,*,#4862,.F.);
#5028 = ORIENTED_EDGE('',*,*,#1454,.F.);
#5029 = ORIENTED_EDGE('',*,*,#3242,.T.);
#5030 = ADVANCED_FACE('',(#5031),#1388,.F.);
#5031 = FACE_BOUND('',#5032,.T.);
#5032 = EDGE_LOOP('',(#5033,#5034,#5061,#5083,#5106,#5126));
#5033 = ORIENTED_EDGE('',*,*,#4982,.T.);
#5034 = ORIENTED_EDGE('',*,*,#5035,.T.);
#5035 = EDGE_CURVE('',#4960,#5036,#5038,.T.);
#5036 = VERTEX_POINT('',#5037);
#5037 = CARTESIAN_POINT('',(-23.68500020203,-39.84285047123,-11.43));
#5038 = SURFACE_CURVE('',#5039,(#5044,#5050),.PCURVE_S1.);
#5039 = CIRCLE('',#5040,46.482);
#5040 = AXIS2_PLACEMENT_3D('',#5041,#5042,#5043);
#5041 = CARTESIAN_POINT('',(-47.625,0.,-11.43));
#5042 = DIRECTION('',(0.,0.,-1.));
#5043 = DIRECTION('',(0.990268068742,-0.13917310096,0.));
#5044 = PCURVE('',#1388,#5045);
#5045 = DEFINITIONAL_REPRESENTATION('',(#5046),#5049);
#5046 = B_SPLINE_CURVE_WITH_KNOTS('',1,(#5047,#5048),.UNSPECIFIED.,.F.,
  .F.,(2,2),(0.,0.890117918517),.PIECEWISE_BEZIER_KNOTS.);
#5047 = CARTESIAN_POINT('',(-6.14355896702,0.));
#5048 = CARTESIAN_POINT('',(-5.253441048503,0.));
#5049 = ( GEOMETRIC_REPRESENTATION_CONTEXT(2) 
PARAMETRIC_REPRESENTATION_CONTEXT() REPRESENTATION_CONTEXT('2D SPACE',''
  ) );
#5050 = PCURVE('',#3360,#5051);
#5051 = DEFINITIONAL_REPRESENTATION('',(#5052),#5060);
#5052 = ( BOUNDED_CURVE() B_SPLINE_CURVE(2,(#5053,#5054,#5055,#5056,
#5057,#5058,#5059),.UNSPECIFIED.,.T.,.F.) B_SPLINE_CURVE_WITH_KNOTS((1,2
    ,2,2,2,1),(-2.094395102393,0.,2.094395102393,4.188790204786,
6.28318530718,8.377580409573),.UNSPECIFIED.) CURVE() 
GEOMETRIC_REPRESENTATION_ITEM() RATIONAL_B_SPLINE_CURVE((1.,0.5,1.,0.5,
1.,0.5,1.)) REPRESENTATION_ITEM('') );
#5053 = CARTESIAN_POINT('',(46.029640371246,-6.469044078827));
#5054 = CARTESIAN_POINT('',(34.824927350315,-86.19471985594));
#5055 = CARTESIAN_POINT('',(-28.61717669608,-36.62831584914));
#5056 = CARTESIAN_POINT('',(-92.05928074249,12.938088157653));
#5057 = CARTESIAN_POINT('',(-17.41246367515,43.097359927974));
#5058 = CARTESIAN_POINT('',(57.234353392176,73.256631698294));
#5059 = CARTESIAN_POINT('',(46.029640371246,-6.469044078827));
#5060 = ( GEOMETRIC_REPRESENTATION_CONTEXT(2) 
PARAMETRIC_REPRESENTATION_CONTEXT() REPRESENTATION_CONTEXT('2D SPACE',''
  ) );
#5061 = ORIENTED_EDGE('',*,*,#5062,.T.);
#5062 = EDGE_CURVE('',#5036,#5063,#5065,.T.);
#5063 = VERTEX_POINT('',#5064);
#5064 = CARTESIAN_POINT('',(-23.68500020203,-39.84285047123,-6.223));
#5065 = SURFACE_CURVE('',#5066,(#5070,#5076),.PCURVE_S1.);
#5066 = LINE('',#5067,#5068);
#5067 = CARTESIAN_POINT('',(-23.68500020203,-39.84285047123,-11.43));
#5068 = VECTOR('',#5069,1.);
#5069 = DIRECTION('',(0.,0.,1.));
#5070 = PCURVE('',#1388,#5071);
#5071 = DEFINITIONAL_REPRESENTATION('',(#5072),#5075);
#5072 = B_SPLINE_CURVE_WITH_KNOTS('',1,(#5073,#5074),.UNSPECIFIED.,.F.,
  .F.,(2,2),(0.,5.207),.PIECEWISE_BEZIER_KNOTS.);
#5073 = CARTESIAN_POINT('',(-5.253441048503,0.));
#5074 = CARTESIAN_POINT('',(-5.253441048503,-5.207));
#5075 = ( GEOMETRIC_REPRESENTATION_CONTEXT(2) 
PARAMETRIC_REPRESENTATION_CONTEXT() REPRESENTATION_CONTEXT('2D SPACE',''
  ) );
#5076 = PCURVE('',#3332,#5077);
#5077 = DEFINITIONAL_REPRESENTATION('',(#5078),#5082);
#5078 = LINE('',#5079,#5080);
#5079 = CARTESIAN_POINT('',(6.35,0.));
#5080 = VECTOR('',#5081,1.);
#5081 = DIRECTION('',(0.,-1.));
#5082 = ( GEOMETRIC_REPRESENTATION_CONTEXT(2) 
PARAMETRIC_REPRESENTATION_CONTEXT() REPRESENTATION_CONTEXT('2D SPACE',''
  ) );
#5083 = ORIENTED_EDGE('',*,*,#5084,.T.);
#5084 = EDGE_CURVE('',#5063,#5085,#5087,.T.);
#5085 = VERTEX_POINT('',#5086);
#5086 = CARTESIAN_POINT('',(-8.206028394457,-24.63170724008,-6.223));
#5087 = SURFACE_CURVE('',#5088,(#5093,#5099),.PCURVE_S1.);
#5088 = CIRCLE('',#5089,46.482);
#5089 = AXIS2_PLACEMENT_3D('',#5090,#5091,#5092);
#5090 = CARTESIAN_POINT('',(-47.625,0.,-6.223));
#5091 = DIRECTION('',(0.,0.,1.));
#5092 = DIRECTION('',(1.,0.,-0.));
#5093 = PCURVE('',#1388,#5094);
#5094 = DEFINITIONAL_REPRESENTATION('',(#5095),#5098);
#5095 = B_SPLINE_CURVE_WITH_KNOTS('',1,(#5096,#5097),.UNSPECIFIED.,.F.,
  .F.,(2,2),(5.253441048503,5.724679946541),.PIECEWISE_BEZIER_KNOTS.);
#5096 = CARTESIAN_POINT('',(-5.253441048503,-5.207));
#5097 = CARTESIAN_POINT('',(-5.724679946541,-5.207));
#5098 = ( GEOMETRIC_REPRESENTATION_CONTEXT(2) 
PARAMETRIC_REPRESENTATION_CONTEXT() REPRESENTATION_CONTEXT('2D SPACE',''
  ) );
#5099 = PCURVE('',#3301,#5100);
#5100 = DEFINITIONAL_REPRESENTATION('',(#5101),#5105);
#5101 = CIRCLE('',#5102,46.482);
#5102 = AXIS2_PLACEMENT_2D('',#5103,#5104);
#5103 = CARTESIAN_POINT('',(0.,-5.219946054012E-15));
#5104 = DIRECTION('',(1.,0.));
#5105 = ( GEOMETRIC_REPRESENTATION_CONTEXT(2) 
PARAMETRIC_REPRESENTATION_CONTEXT() REPRESENTATION_CONTEXT('2D SPACE',''
  ) );
#5106 = ORIENTED_EDGE('',*,*,#5107,.T.);
#5107 = EDGE_CURVE('',#5085,#1368,#5108,.T.);
#5108 = SURFACE_CURVE('',#5109,(#5113,#5119),.PCURVE_S1.);
#5109 = LINE('',#5110,#5111);
#5110 = CARTESIAN_POINT('',(-8.206028394458,-24.63170724008,-11.43));
#5111 = VECTOR('',#5112,1.);
#5112 = DIRECTION('',(0.,0.,1.));
#5113 = PCURVE('',#1388,#5114);
#5114 = DEFINITIONAL_REPRESENTATION('',(#5115),#5118);
#5115 = B_SPLINE_CURVE_WITH_KNOTS('',1,(#5116,#5117),.UNSPECIFIED.,.F.,
  .F.,(2,2),(5.207,14.7828),.PIECEWISE_BEZIER_KNOTS.);
#5116 = CARTESIAN_POINT('',(-5.724679946541,-5.207));
#5117 = CARTESIAN_POINT('',(-5.724679946541,-14.7828));
#5118 = ( GEOMETRIC_REPRESENTATION_CONTEXT(2) 
PARAMETRIC_REPRESENTATION_CONTEXT() REPRESENTATION_CONTEXT('2D SPACE',''
  ) );
#5119 = PCURVE('',#1415,#5120);
#5120 = DEFINITIONAL_REPRESENTATION('',(#5121),#5125);
#5121 = LINE('',#5122,#5123);
#5122 = CARTESIAN_POINT('',(6.35,0.));
#5123 = VECTOR('',#5124,1.);
#5124 = DIRECTION('',(0.,-1.));
#5125 = ( GEOMETRIC_REPRESENTATION_CONTEXT(2) 
PARAMETRIC_REPRESENTATION_CONTEXT() REPRESENTATION_CONTEXT('2D SPACE',''
  ) );
#5126 = ORIENTED_EDGE('',*,*,#1367,.F.);
#5127 = ADVANCED_FACE('',(#5128),#1415,.T.);
#5128 = FACE_BOUND('',#5129,.T.);
#5129 = EDGE_LOOP('',(#5130,#5151,#5152,#5153));
#5130 = ORIENTED_EDGE('',*,*,#5131,.F.);
#5131 = EDGE_CURVE('',#3264,#5085,#5132,.T.);
#5132 = SURFACE_CURVE('',#5133,(#5137,#5144),.PCURVE_S1.);
#5133 = LINE('',#5134,#5135);
#5134 = CARTESIAN_POINT('',(-30.60806690252,-10.6333599561,-6.223));
#5135 = VECTOR('',#5136,1.);
#5136 = DIRECTION('',(0.848048096156,-0.529919264233,0.));
#5137 = PCURVE('',#1415,#5138);
#5138 = DEFINITIONAL_REPRESENTATION('',(#5139),#5143);
#5139 = LINE('',#5140,#5141);
#5140 = CARTESIAN_POINT('',(-20.066,-5.207));
#5141 = VECTOR('',#5142,1.);
#5142 = DIRECTION('',(1.,0.));
#5143 = ( GEOMETRIC_REPRESENTATION_CONTEXT(2) 
PARAMETRIC_REPRESENTATION_CONTEXT() REPRESENTATION_CONTEXT('2D SPACE',''
  ) );
#5144 = PCURVE('',#3301,#5145);
#5145 = DEFINITIONAL_REPRESENTATION('',(#5146),#5150);
#5146 = LINE('',#5147,#5148);
#5147 = CARTESIAN_POINT('',(17.016933097475,-10.6333599561));
#5148 = VECTOR('',#5149,1.);
#5149 = DIRECTION('',(0.848048096156,-0.529919264233));
#5150 = ( GEOMETRIC_REPRESENTATION_CONTEXT(2) 
PARAMETRIC_REPRESENTATION_CONTEXT() REPRESENTATION_CONTEXT('2D SPACE',''
  ) );
#5151 = ORIENTED_EDGE('',*,*,#3263,.F.);
#5152 = ORIENTED_EDGE('',*,*,#1399,.F.);
#5153 = ORIENTED_EDGE('',*,*,#5107,.F.);
#5154 = ADVANCED_FACE('',(#5155),#1787,.T.);
#5155 = FACE_BOUND('',#5156,.T.);
#5156 = EDGE_LOOP('',(#5157,#5180,#5181,#5182));
#5157 = ORIENTED_EDGE('',*,*,#5158,.F.);
#5158 = EDGE_CURVE('',#4026,#5159,#5161,.T.);
#5159 = VERTEX_POINT('',#5160);
#5160 = CARTESIAN_POINT('',(8.206028394457,24.631707240088,-6.223));
#5161 = SURFACE_CURVE('',#5162,(#5166,#5173),.PCURVE_S1.);
#5162 = LINE('',#5163,#5164);
#5163 = CARTESIAN_POINT('',(30.608066902525,10.633359956103,-6.223));
#5164 = VECTOR('',#5165,1.);
#5165 = DIRECTION('',(-0.848048096156,0.529919264233,0.));
#5166 = PCURVE('',#1787,#5167);
#5167 = DEFINITIONAL_REPRESENTATION('',(#5168),#5172);
#5168 = LINE('',#5169,#5170);
#5169 = CARTESIAN_POINT('',(-20.066,-5.207));
#5170 = VECTOR('',#5171,1.);
#5171 = DIRECTION('',(1.,0.));
#5172 = ( GEOMETRIC_REPRESENTATION_CONTEXT(2) 
PARAMETRIC_REPRESENTATION_CONTEXT() REPRESENTATION_CONTEXT('2D SPACE',''
  ) );
#5173 = PCURVE('',#4063,#5174);
#5174 = DEFINITIONAL_REPRESENTATION('',(#5175),#5179);
#5175 = LINE('',#5176,#5177);
#5176 = CARTESIAN_POINT('',(17.016933097475,-10.6333599561));
#5177 = VECTOR('',#5178,1.);
#5178 = DIRECTION('',(0.848048096156,-0.529919264233));
#5179 = ( GEOMETRIC_REPRESENTATION_CONTEXT(2) 
PARAMETRIC_REPRESENTATION_CONTEXT() REPRESENTATION_CONTEXT('2D SPACE',''
  ) );
#5180 = ORIENTED_EDGE('',*,*,#4025,.F.);
#5181 = ORIENTED_EDGE('',*,*,#1773,.F.);
#5182 = ORIENTED_EDGE('',*,*,#5183,.F.);
#5183 = EDGE_CURVE('',#5159,#1742,#5184,.T.);
#5184 = SURFACE_CURVE('',#5185,(#5189,#5196),.PCURVE_S1.);
#5185 = LINE('',#5186,#5187);
#5186 = CARTESIAN_POINT('',(8.206028394458,24.631707240089,-11.43));
#5187 = VECTOR('',#5188,1.);
#5188 = DIRECTION('',(0.,0.,1.));
#5189 = PCURVE('',#1787,#5190);
#5190 = DEFINITIONAL_REPRESENTATION('',(#5191),#5195);
#5191 = LINE('',#5192,#5193);
#5192 = CARTESIAN_POINT('',(6.35,0.));
#5193 = VECTOR('',#5194,1.);
#5194 = DIRECTION('',(0.,-1.));
#5195 = ( GEOMETRIC_REPRESENTATION_CONTEXT(2) 
PARAMETRIC_REPRESENTATION_CONTEXT() REPRESENTATION_CONTEXT('2D SPACE',''
  ) );
#5196 = PCURVE('',#1762,#5197);
#5197 = DEFINITIONAL_REPRESENTATION('',(#5198),#5201);
#5198 = B_SPLINE_CURVE_WITH_KNOTS('',1,(#5199,#5200),.UNSPECIFIED.,.F.,
  .F.,(2,2),(5.207,14.7828),.PIECEWISE_BEZIER_KNOTS.);
#5199 = CARTESIAN_POINT('',(-5.724679946541,-5.207));
#5200 = CARTESIAN_POINT('',(-5.724679946541,-14.7828));
#5201 = ( GEOMETRIC_REPRESENTATION_CONTEXT(2) 
PARAMETRIC_REPRESENTATION_CONTEXT() REPRESENTATION_CONTEXT('2D SPACE',''
  ) );
#5202 = ADVANCED_FACE('',(#5203),#1762,.F.);
#5203 = FACE_BOUND('',#5204,.T.);
#5204 = EDGE_LOOP('',(#5205,#5227,#5254,#5276,#5297,#5298));
#5205 = ORIENTED_EDGE('',*,*,#5206,.T.);
#5206 = EDGE_CURVE('',#1714,#5207,#5209,.T.);
#5207 = VERTEX_POINT('',#5208);
#5208 = CARTESIAN_POINT('',(1.595359628754,6.469044078827,-11.43));
#5209 = SURFACE_CURVE('',#5210,(#5214,#5220),.PCURVE_S1.);
#5210 = LINE('',#5211,#5212);
#5211 = CARTESIAN_POINT('',(1.595359628754,6.469044078827,5.8928));
#5212 = VECTOR('',#5213,1.);
#5213 = DIRECTION('',(-0.,0.,-1.));
#5214 = PCURVE('',#1762,#5215);
#5215 = DEFINITIONAL_REPRESENTATION('',(#5216),#5219);
#5216 = B_SPLINE_CURVE_WITH_KNOTS('',1,(#5217,#5218),.UNSPECIFIED.,.F.,
  .F.,(2,2),(2.54,17.3228),.PIECEWISE_BEZIER_KNOTS.);
#5217 = CARTESIAN_POINT('',(-6.14355896702,-14.7828));
#5218 = CARTESIAN_POINT('',(-6.14355896702,0.));
#5219 = ( GEOMETRIC_REPRESENTATION_CONTEXT(2) 
PARAMETRIC_REPRESENTATION_CONTEXT() REPRESENTATION_CONTEXT('2D SPACE',''
  ) );
#5220 = PCURVE('',#1729,#5221);
#5221 = DEFINITIONAL_REPRESENTATION('',(#5222),#5226);
#5222 = LINE('',#5223,#5224);
#5223 = CARTESIAN_POINT('',(-6.214388538868E-14,-17.3228));
#5224 = VECTOR('',#5225,1.);
#5225 = DIRECTION('',(0.,1.));
#5226 = ( GEOMETRIC_REPRESENTATION_CONTEXT(2) 
PARAMETRIC_REPRESENTATION_CONTEXT() REPRESENTATION_CONTEXT('2D SPACE',''
  ) );
#5227 = ORIENTED_EDGE('',*,*,#5228,.T.);
#5228 = EDGE_CURVE('',#5207,#5229,#5231,.T.);
#5229 = VERTEX_POINT('',#5230);
#5230 = CARTESIAN_POINT('',(23.685000202032,39.842850471236,-11.43));
#5231 = SURFACE_CURVE('',#5232,(#5237,#5243),.PCURVE_S1.);
#5232 = CIRCLE('',#5233,46.482);
#5233 = AXIS2_PLACEMENT_3D('',#5234,#5235,#5236);
#5234 = CARTESIAN_POINT('',(47.625,7.88860905221E-31,-11.43));
#5235 = DIRECTION('',(-0.,0.,-1.));
#5236 = DIRECTION('',(-0.990268068742,0.13917310096,0.));
#5237 = PCURVE('',#1762,#5238);
#5238 = DEFINITIONAL_REPRESENTATION('',(#5239),#5242);
#5239 = B_SPLINE_CURVE_WITH_KNOTS('',1,(#5240,#5241),.UNSPECIFIED.,.F.,
  .F.,(2,2),(0.,0.890117918517),.PIECEWISE_BEZIER_KNOTS.);
#5240 = CARTESIAN_POINT('',(-6.14355896702,0.));
#5241 = CARTESIAN_POINT('',(-5.253441048503,0.));
#5242 = ( GEOMETRIC_REPRESENTATION_CONTEXT(2) 
PARAMETRIC_REPRESENTATION_CONTEXT() REPRESENTATION_CONTEXT('2D SPACE',''
  ) );
#5243 = PCURVE('',#4122,#5244);
#5244 = DEFINITIONAL_REPRESENTATION('',(#5245),#5253);
#5245 = ( BOUNDED_CURVE() B_SPLINE_CURVE(2,(#5246,#5247,#5248,#5249,
#5250,#5251,#5252),.UNSPECIFIED.,.T.,.F.) B_SPLINE_CURVE_WITH_KNOTS((1,2
    ,2,2,2,1),(-2.094395102393,0.,2.094395102393,4.188790204786,
6.28318530718,8.377580409573),.UNSPECIFIED.) CURVE() 
GEOMETRIC_REPRESENTATION_ITEM() RATIONAL_B_SPLINE_CURVE((1.,0.5,1.,0.5,
1.,0.5,1.)) REPRESENTATION_ITEM('') );
#5246 = CARTESIAN_POINT('',(46.029640371246,-6.469044078827));
#5247 = CARTESIAN_POINT('',(34.824927350315,-86.19471985594));
#5248 = CARTESIAN_POINT('',(-28.61717669608,-36.62831584914));
#5249 = CARTESIAN_POINT('',(-92.05928074249,12.938088157653));
#5250 = CARTESIAN_POINT('',(-17.41246367515,43.097359927974));
#5251 = CARTESIAN_POINT('',(57.234353392176,73.256631698294));
#5252 = CARTESIAN_POINT('',(46.029640371246,-6.469044078827));
#5253 = ( GEOMETRIC_REPRESENTATION_CONTEXT(2) 
PARAMETRIC_REPRESENTATION_CONTEXT() REPRESENTATION_CONTEXT('2D SPACE',''
  ) );
#5254 = ORIENTED_EDGE('',*,*,#5255,.T.);
#5255 = EDGE_CURVE('',#5229,#5256,#5258,.T.);
#5256 = VERTEX_POINT('',#5257);
#5257 = CARTESIAN_POINT('',(23.685000202032,39.842850471236,-6.223));
#5258 = SURFACE_CURVE('',#5259,(#5263,#5269),.PCURVE_S1.);
#5259 = LINE('',#5260,#5261);
#5260 = CARTESIAN_POINT('',(23.685000202032,39.842850471236,-11.43));
#5261 = VECTOR('',#5262,1.);
#5262 = DIRECTION('',(0.,0.,1.));
#5263 = PCURVE('',#1762,#5264);
#5264 = DEFINITIONAL_REPRESENTATION('',(#5265),#5268);
#5265 = B_SPLINE_CURVE_WITH_KNOTS('',1,(#5266,#5267),.UNSPECIFIED.,.F.,
  .F.,(2,2),(0.,5.207),.PIECEWISE_BEZIER_KNOTS.);
#5266 = CARTESIAN_POINT('',(-5.253441048503,0.));
#5267 = CARTESIAN_POINT('',(-5.253441048503,-5.207));
#5268 = ( GEOMETRIC_REPRESENTATION_CONTEXT(2) 
PARAMETRIC_REPRESENTATION_CONTEXT() REPRESENTATION_CONTEXT('2D SPACE',''
  ) );
#5269 = PCURVE('',#4094,#5270);
#5270 = DEFINITIONAL_REPRESENTATION('',(#5271),#5275);
#5271 = LINE('',#5272,#5273);
#5272 = CARTESIAN_POINT('',(6.35,0.));
#5273 = VECTOR('',#5274,1.);
#5274 = DIRECTION('',(0.,-1.));
#5275 = ( GEOMETRIC_REPRESENTATION_CONTEXT(2) 
PARAMETRIC_REPRESENTATION_CONTEXT() REPRESENTATION_CONTEXT('2D SPACE',''
  ) );
#5276 = ORIENTED_EDGE('',*,*,#5277,.T.);
#5277 = EDGE_CURVE('',#5256,#5159,#5278,.T.);
#5278 = SURFACE_CURVE('',#5279,(#5284,#5290),.PCURVE_S1.);
#5279 = CIRCLE('',#5280,46.482);
#5280 = AXIS2_PLACEMENT_3D('',#5281,#5282,#5283);
#5281 = CARTESIAN_POINT('',(47.625,7.88860905221E-31,-6.223));
#5282 = DIRECTION('',(0.,0.,1.));
#5283 = DIRECTION('',(-1.,1.224646799147E-16,0.));
#5284 = PCURVE('',#1762,#5285);
#5285 = DEFINITIONAL_REPRESENTATION('',(#5286),#5289);
#5286 = B_SPLINE_CURVE_WITH_KNOTS('',1,(#5287,#5288),.UNSPECIFIED.,.F.,
  .F.,(2,2),(5.253441048503,5.724679946541),.PIECEWISE_BEZIER_KNOTS.);
#5287 = CARTESIAN_POINT('',(-5.253441048503,-5.207));
#5288 = CARTESIAN_POINT('',(-5.724679946541,-5.207));
#5289 = ( GEOMETRIC_REPRESENTATION_CONTEXT(2) 
PARAMETRIC_REPRESENTATION_CONTEXT() REPRESENTATION_CONTEXT('2D SPACE',''
  ) );
#5290 = PCURVE('',#4063,#5291);
#5291 = DEFINITIONAL_REPRESENTATION('',(#5292),#5296);
#5292 = CIRCLE('',#5293,46.482);
#5293 = AXIS2_PLACEMENT_2D('',#5294,#5295);
#5294 = CARTESIAN_POINT('',(0.,-5.219946054012E-15));
#5295 = DIRECTION('',(1.,0.));
#5296 = ( GEOMETRIC_REPRESENTATION_CONTEXT(2) 
PARAMETRIC_REPRESENTATION_CONTEXT() REPRESENTATION_CONTEXT('2D SPACE',''
  ) );
#5297 = ORIENTED_EDGE('',*,*,#5183,.T.);
#5298 = ORIENTED_EDGE('',*,*,#1741,.F.);
#5299 = ADVANCED_FACE('',(#5300),#1729,.T.);
#5300 = FACE_BOUND('',#5301,.T.);
#5301 = EDGE_LOOP('',(#5302,#5323,#5324,#5325));
#5302 = ORIENTED_EDGE('',*,*,#5303,.F.);
#5303 = EDGE_CURVE('',#5207,#4107,#5304,.T.);
#5304 = SURFACE_CURVE('',#5305,(#5309,#5316),.PCURVE_S1.);
#5305 = LINE('',#5306,#5307);
#5306 = CARTESIAN_POINT('',(-203.9030894603,35.349967643857,-11.43));
#5307 = VECTOR('',#5308,1.);
#5308 = DIRECTION('',(0.990268068742,-0.13917310096,0.));
#5309 = PCURVE('',#1729,#5310);
#5310 = DEFINITIONAL_REPRESENTATION('',(#5311),#5315);
#5311 = LINE('',#5312,#5313);
#5312 = CARTESIAN_POINT('',(-207.518,0.));
#5313 = VECTOR('',#5314,1.);
#5314 = DIRECTION('',(1.,0.));
#5315 = ( GEOMETRIC_REPRESENTATION_CONTEXT(2) 
PARAMETRIC_REPRESENTATION_CONTEXT() REPRESENTATION_CONTEXT('2D SPACE',''
  ) );
#5316 = PCURVE('',#4122,#5317);
#5317 = DEFINITIONAL_REPRESENTATION('',(#5318),#5322);
#5318 = LINE('',#5319,#5320);
#5319 = CARTESIAN_POINT('',(251.52808946035,-35.34996764385));
#5320 = VECTOR('',#5321,1.);
#5321 = DIRECTION('',(-0.990268068742,0.13917310096));
#5322 = ( GEOMETRIC_REPRESENTATION_CONTEXT(2) 
PARAMETRIC_REPRESENTATION_CONTEXT() REPRESENTATION_CONTEXT('2D SPACE',''
  ) );
#5323 = ORIENTED_EDGE('',*,*,#5206,.F.);
#5324 = ORIENTED_EDGE('',*,*,#1713,.F.);
#5325 = ORIENTED_EDGE('',*,*,#4138,.T.);
#5326 = ADVANCED_FACE('',(#5327),#1674,.T.);
#5327 = FACE_BOUND('',#5328,.T.);
#5328 = EDGE_LOOP('',(#5329,#5352,#5353,#5354));
#5329 = ORIENTED_EDGE('',*,*,#5330,.F.);
#5330 = EDGE_CURVE('',#4160,#5331,#5333,.T.);
#5331 = VERTEX_POINT('',#5332);
#5332 = CARTESIAN_POINT('',(87.043971605543,-24.63170724008,-6.223));
#5333 = SURFACE_CURVE('',#5334,(#5338,#5345),.PCURVE_S1.);
#5334 = LINE('',#5335,#5336);
#5335 = CARTESIAN_POINT('',(64.641933097475,-10.6333599561,-6.223));
#5336 = VECTOR('',#5337,1.);
#5337 = DIRECTION('',(0.848048096156,-0.529919264233,0.));
#5338 = PCURVE('',#1674,#5339);
#5339 = DEFINITIONAL_REPRESENTATION('',(#5340),#5344);
#5340 = LINE('',#5341,#5342);
#5341 = CARTESIAN_POINT('',(-20.066,-5.207));
#5342 = VECTOR('',#5343,1.);
#5343 = DIRECTION('',(1.,0.));
#5344 = ( GEOMETRIC_REPRESENTATION_CONTEXT(2) 
PARAMETRIC_REPRESENTATION_CONTEXT() REPRESENTATION_CONTEXT('2D SPACE',''
  ) );
#5345 = PCURVE('',#4197,#5346);
#5346 = DEFINITIONAL_REPRESENTATION('',(#5347),#5351);
#5347 = LINE('',#5348,#5349);
#5348 = CARTESIAN_POINT('',(-17.01693309747,10.633359956103));
#5349 = VECTOR('',#5350,1.);
#5350 = DIRECTION('',(-0.848048096156,0.529919264233));
#5351 = ( GEOMETRIC_REPRESENTATION_CONTEXT(2) 
PARAMETRIC_REPRESENTATION_CONTEXT() REPRESENTATION_CONTEXT('2D SPACE',''
  ) );
#5352 = ORIENTED_EDGE('',*,*,#4159,.F.);
#5353 = ORIENTED_EDGE('',*,*,#1658,.F.);
#5354 = ORIENTED_EDGE('',*,*,#5355,.F.);
#5355 = EDGE_CURVE('',#5331,#1627,#5356,.T.);
#5356 = SURFACE_CURVE('',#5357,(#5361,#5368),.PCURVE_S1.);
#5357 = LINE('',#5358,#5359);
#5358 = CARTESIAN_POINT('',(87.043971605542,-24.63170724008,-11.43));
#5359 = VECTOR('',#5360,1.);
#5360 = DIRECTION('',(0.,0.,1.));
#5361 = PCURVE('',#1674,#5362);
#5362 = DEFINITIONAL_REPRESENTATION('',(#5363),#5367);
#5363 = LINE('',#5364,#5365);
#5364 = CARTESIAN_POINT('',(6.35,0.));
#5365 = VECTOR('',#5366,1.);
#5366 = DIRECTION('',(0.,-1.));
#5367 = ( GEOMETRIC_REPRESENTATION_CONTEXT(2) 
PARAMETRIC_REPRESENTATION_CONTEXT() REPRESENTATION_CONTEXT('2D SPACE',''
  ) );
#5368 = PCURVE('',#1647,#5369);
#5369 = DEFINITIONAL_REPRESENTATION('',(#5370),#5373);
#5370 = B_SPLINE_CURVE_WITH_KNOTS('',1,(#5371,#5372),.UNSPECIFIED.,.F.,
  .F.,(2,2),(5.207,14.7828),.PIECEWISE_BEZIER_KNOTS.);
#5371 = CARTESIAN_POINT('',(-2.583087292952,-5.207));
#5372 = CARTESIAN_POINT('',(-2.583087292952,-14.7828));
#5373 = ( GEOMETRIC_REPRESENTATION_CONTEXT(2) 
PARAMETRIC_REPRESENTATION_CONTEXT() REPRESENTATION_CONTEXT('2D SPACE',''
  ) );
#5374 = ADVANCED_FACE('',(#5375),#1647,.F.);
#5375 = FACE_BOUND('',#5376,.T.);
#5376 = EDGE_LOOP('',(#5377,#5399,#5426,#5448,#5469,#5470));
#5377 = ORIENTED_EDGE('',*,*,#5378,.T.);
#5378 = EDGE_CURVE('',#1599,#5379,#5381,.T.);
#5379 = VERTEX_POINT('',#5380);
#5380 = CARTESIAN_POINT('',(93.654640371246,-6.469044078826,-11.43));
#5381 = SURFACE_CURVE('',#5382,(#5386,#5392),.PCURVE_S1.);
#5382 = LINE('',#5383,#5384);
#5383 = CARTESIAN_POINT('',(93.654640371246,-6.469044078826,5.8928));
#5384 = VECTOR('',#5385,1.);
#5385 = DIRECTION('',(-0.,0.,-1.));
#5386 = PCURVE('',#1647,#5387);
#5387 = DEFINITIONAL_REPRESENTATION('',(#5388),#5391);
#5388 = B_SPLINE_CURVE_WITH_KNOTS('',1,(#5389,#5390),.UNSPECIFIED.,.F.,
  .F.,(2,2),(2.54,17.3228),.PIECEWISE_BEZIER_KNOTS.);
#5389 = CARTESIAN_POINT('',(-3.00196631343,-14.7828));
#5390 = CARTESIAN_POINT('',(-3.00196631343,0.));
#5391 = ( GEOMETRIC_REPRESENTATION_CONTEXT(2) 
PARAMETRIC_REPRESENTATION_CONTEXT() REPRESENTATION_CONTEXT('2D SPACE',''
  ) );
#5392 = PCURVE('',#1614,#5393);
#5393 = DEFINITIONAL_REPRESENTATION('',(#5394),#5398);
#5394 = LINE('',#5395,#5396);
#5395 = CARTESIAN_POINT('',(-1.431977674374E-14,-17.3228));
#5396 = VECTOR('',#5397,1.);
#5397 = DIRECTION('',(0.,1.));
#5398 = ( GEOMETRIC_REPRESENTATION_CONTEXT(2) 
PARAMETRIC_REPRESENTATION_CONTEXT() REPRESENTATION_CONTEXT('2D SPACE',''
  ) );
#5399 = ORIENTED_EDGE('',*,*,#5400,.T.);
#5400 = EDGE_CURVE('',#5379,#5401,#5403,.T.);
#5401 = VERTEX_POINT('',#5402);
#5402 = CARTESIAN_POINT('',(71.564999797968,-39.84285047123,-11.43));
#5403 = SURFACE_CURVE('',#5404,(#5409,#5415),.PCURVE_S1.);
#5404 = CIRCLE('',#5405,46.482);
#5405 = AXIS2_PLACEMENT_3D('',#5406,#5407,#5408);
#5406 = CARTESIAN_POINT('',(47.625,7.88860905221E-31,-11.43));
#5407 = DIRECTION('',(0.,-0.,-1.));
#5408 = DIRECTION('',(0.990268068742,-0.13917310096,0.));
#5409 = PCURVE('',#1647,#5410);
#5410 = DEFINITIONAL_REPRESENTATION('',(#5411),#5414);
#5411 = B_SPLINE_CURVE_WITH_KNOTS('',1,(#5412,#5413),.UNSPECIFIED.,.F.,
  .F.,(2,2),(0.,0.890117918517),.PIECEWISE_BEZIER_KNOTS.);
#5412 = CARTESIAN_POINT('',(-3.00196631343,0.));
#5413 = CARTESIAN_POINT('',(-2.111848394913,0.));
#5414 = ( GEOMETRIC_REPRESENTATION_CONTEXT(2) 
PARAMETRIC_REPRESENTATION_CONTEXT() REPRESENTATION_CONTEXT('2D SPACE',''
  ) );
#5415 = PCURVE('',#4256,#5416);
#5416 = DEFINITIONAL_REPRESENTATION('',(#5417),#5425);
#5417 = ( BOUNDED_CURVE() B_SPLINE_CURVE(2,(#5418,#5419,#5420,#5421,
#5422,#5423,#5424),.UNSPECIFIED.,.T.,.F.) B_SPLINE_CURVE_WITH_KNOTS((1,2
    ,2,2,2,1),(-2.094395102393,0.,2.094395102393,4.188790204786,
6.28318530718,8.377580409573),.UNSPECIFIED.) CURVE() 
GEOMETRIC_REPRESENTATION_ITEM() RATIONAL_B_SPLINE_CURVE((1.,0.5,1.,0.5,
1.,0.5,1.)) REPRESENTATION_ITEM('') );
#5418 = CARTESIAN_POINT('',(-46.02964037124,6.469044078826));
#5419 = CARTESIAN_POINT('',(-34.82492735031,86.194719855947));
#5420 = CARTESIAN_POINT('',(28.617176696088,36.628315849147));
#5421 = CARTESIAN_POINT('',(92.059280742491,-12.93808815765));
#5422 = CARTESIAN_POINT('',(17.412463675158,-43.09735992797));
#5423 = CARTESIAN_POINT('',(-57.23435339217,-73.25663169829));
#5424 = CARTESIAN_POINT('',(-46.02964037124,6.469044078826));
#5425 = ( GEOMETRIC_REPRESENTATION_CONTEXT(2) 
PARAMETRIC_REPRESENTATION_CONTEXT() REPRESENTATION_CONTEXT('2D SPACE',''
  ) );
#5426 = ORIENTED_EDGE('',*,*,#5427,.T.);
#5427 = EDGE_CURVE('',#5401,#5428,#5430,.T.);
#5428 = VERTEX_POINT('',#5429);
#5429 = CARTESIAN_POINT('',(71.564999797968,-39.84285047123,-6.223));
#5430 = SURFACE_CURVE('',#5431,(#5435,#5441),.PCURVE_S1.);
#5431 = LINE('',#5432,#5433);
#5432 = CARTESIAN_POINT('',(71.564999797968,-39.84285047123,-11.43));
#5433 = VECTOR('',#5434,1.);
#5434 = DIRECTION('',(0.,0.,1.));
#5435 = PCURVE('',#1647,#5436);
#5436 = DEFINITIONAL_REPRESENTATION('',(#5437),#5440);
#5437 = B_SPLINE_CURVE_WITH_KNOTS('',1,(#5438,#5439),.UNSPECIFIED.,.F.,
  .F.,(2,2),(0.,5.207),.PIECEWISE_BEZIER_KNOTS.);
#5438 = CARTESIAN_POINT('',(-2.111848394913,0.));
#5439 = CARTESIAN_POINT('',(-2.111848394913,-5.207));
#5440 = ( GEOMETRIC_REPRESENTATION_CONTEXT(2) 
PARAMETRIC_REPRESENTATION_CONTEXT() REPRESENTATION_CONTEXT('2D SPACE',''
  ) );
#5441 = PCURVE('',#4228,#5442);
#5442 = DEFINITIONAL_REPRESENTATION('',(#5443),#5447);
#5443 = LINE('',#5444,#5445);
#5444 = CARTESIAN_POINT('',(6.35,0.));
#5445 = VECTOR('',#5446,1.);
#5446 = DIRECTION('',(0.,-1.));
#5447 = ( GEOMETRIC_REPRESENTATION_CONTEXT(2) 
PARAMETRIC_REPRESENTATION_CONTEXT() REPRESENTATION_CONTEXT('2D SPACE',''
  ) );
#5448 = ORIENTED_EDGE('',*,*,#5449,.T.);
#5449 = EDGE_CURVE('',#5428,#5331,#5450,.T.);
#5450 = SURFACE_CURVE('',#5451,(#5456,#5462),.PCURVE_S1.);
#5451 = CIRCLE('',#5452,46.482);
#5452 = AXIS2_PLACEMENT_3D('',#5453,#5454,#5455);
#5453 = CARTESIAN_POINT('',(47.625,7.88860905221E-31,-6.223));
#5454 = DIRECTION('',(0.,0.,1.));
#5455 = DIRECTION('',(-1.,1.224646799147E-16,0.));
#5456 = PCURVE('',#1647,#5457);
#5457 = DEFINITIONAL_REPRESENTATION('',(#5458),#5461);
#5458 = B_SPLINE_CURVE_WITH_KNOTS('',1,(#5459,#5460),.UNSPECIFIED.,.F.,
  .F.,(2,2),(2.111848394913,2.583087292952),.PIECEWISE_BEZIER_KNOTS.);
#5459 = CARTESIAN_POINT('',(-2.111848394913,-5.207));
#5460 = CARTESIAN_POINT('',(-2.583087292952,-5.207));
#5461 = ( GEOMETRIC_REPRESENTATION_CONTEXT(2) 
PARAMETRIC_REPRESENTATION_CONTEXT() REPRESENTATION_CONTEXT('2D SPACE',''
  ) );
#5462 = PCURVE('',#4197,#5463);
#5463 = DEFINITIONAL_REPRESENTATION('',(#5464),#5468);
#5464 = CIRCLE('',#5465,46.482);
#5465 = AXIS2_PLACEMENT_2D('',#5466,#5467);
#5466 = CARTESIAN_POINT('',(0.,-5.219946054012E-15));
#5467 = DIRECTION('',(1.,0.));
#5468 = ( GEOMETRIC_REPRESENTATION_CONTEXT(2) 
PARAMETRIC_REPRESENTATION_CONTEXT() REPRESENTATION_CONTEXT('2D SPACE',''
  ) );
#5469 = ORIENTED_EDGE('',*,*,#5355,.T.);
#5470 = ORIENTED_EDGE('',*,*,#1626,.F.);
#5471 = ADVANCED_FACE('',(#5472),#1614,.T.);
#5472 = FACE_BOUND('',#5473,.T.);
#5473 = EDGE_LOOP('',(#5474,#5495,#5496,#5497));
#5474 = ORIENTED_EDGE('',*,*,#5475,.F.);
#5475 = EDGE_CURVE('',#5379,#4241,#5476,.T.);
#5476 = SURFACE_CURVE('',#5477,(#5481,#5488),.PCURVE_S1.);
#5477 = LINE('',#5478,#5479);
#5478 = CARTESIAN_POINT('',(299.15308946035,-35.34996764385,-11.43));
#5479 = VECTOR('',#5480,1.);
#5480 = DIRECTION('',(-0.990268068742,0.13917310096,0.));
#5481 = PCURVE('',#1614,#5482);
#5482 = DEFINITIONAL_REPRESENTATION('',(#5483),#5487);
#5483 = LINE('',#5484,#5485);
#5484 = CARTESIAN_POINT('',(-207.518,0.));
#5485 = VECTOR('',#5486,1.);
#5486 = DIRECTION('',(1.,0.));
#5487 = ( GEOMETRIC_REPRESENTATION_CONTEXT(2) 
PARAMETRIC_REPRESENTATION_CONTEXT() REPRESENTATION_CONTEXT('2D SPACE',''
  ) );
#5488 = PCURVE('',#4256,#5489);
#5489 = DEFINITIONAL_REPRESENTATION('',(#5490),#5494);
#5490 = LINE('',#5491,#5492);
#5491 = CARTESIAN_POINT('',(-251.5280894603,35.349967643857));
#5492 = VECTOR('',#5493,1.);
#5493 = DIRECTION('',(0.990268068742,-0.13917310096));
#5494 = ( GEOMETRIC_REPRESENTATION_CONTEXT(2) 
PARAMETRIC_REPRESENTATION_CONTEXT() REPRESENTATION_CONTEXT('2D SPACE',''
  ) );
#5495 = ORIENTED_EDGE('',*,*,#5378,.F.);
#5496 = ORIENTED_EDGE('',*,*,#1598,.F.);
#5497 = ORIENTED_EDGE('',*,*,#4272,.T.);
#5498 = ADVANCED_FACE('',(#5499),#1848,.F.);
#5499 = FACE_BOUND('',#5500,.F.);
#5500 = EDGE_LOOP('',(#5501,#5502,#5503,#5504));
#5501 = ORIENTED_EDGE('',*,*,#1991,.F.);
#5502 = ORIENTED_EDGE('',*,*,#1832,.T.);
#5503 = ORIENTED_EDGE('',*,*,#1886,.T.);
#5504 = ORIENTED_EDGE('',*,*,#5505,.F.);
#5505 = EDGE_CURVE('',#1992,#1887,#5506,.T.);
#5506 = SURFACE_CURVE('',#5507,(#5511,#5518),.PCURVE_S1.);
#5507 = LINE('',#5508,#5509);
#5508 = CARTESIAN_POINT('',(-38.4175,-49.16126365086,-18.288));
#5509 = VECTOR('',#5510,1.);
#5510 = DIRECTION('',(-1.,1.224646799147E-16,0.));
#5511 = PCURVE('',#1848,#5512);
#5512 = DEFINITIONAL_REPRESENTATION('',(#5513),#5517);
#5513 = LINE('',#5514,#5515);
#5514 = CARTESIAN_POINT('',(0.,1.651));
#5515 = VECTOR('',#5516,1.);
#5516 = DIRECTION('',(1.,0.));
#5517 = ( GEOMETRIC_REPRESENTATION_CONTEXT(2) 
PARAMETRIC_REPRESENTATION_CONTEXT() REPRESENTATION_CONTEXT('2D SPACE',''
  ) );
#5518 = PCURVE('',#1925,#5519);
#5519 = DEFINITIONAL_REPRESENTATION('',(#5520),#5524);
#5520 = LINE('',#5521,#5522);
#5521 = CARTESIAN_POINT('',(3.628248229398,-15.24));
#5522 = VECTOR('',#5523,1.);
#5523 = DIRECTION('',(0.,1.));
#5524 = ( GEOMETRIC_REPRESENTATION_CONTEXT(2) 
PARAMETRIC_REPRESENTATION_CONTEXT() REPRESENTATION_CONTEXT('2D SPACE',''
  ) );
#5525 = ADVANCED_FACE('',(#5526),#1953,.F.);
#5526 = FACE_BOUND('',#5527,.F.);
#5527 = EDGE_LOOP('',(#5528,#5529,#5530,#5551));
#5528 = ORIENTED_EDGE('',*,*,#2086,.T.);
#5529 = ORIENTED_EDGE('',*,*,#2037,.T.);
#5530 = ORIENTED_EDGE('',*,*,#5531,.F.);
#5531 = EDGE_CURVE('',#1910,#2015,#5532,.T.);
#5532 = SURFACE_CURVE('',#5533,(#5537,#5544),.PCURVE_S1.);
#5533 = LINE('',#5534,#5535);
#5534 = CARTESIAN_POINT('',(-53.6575,-52.324,-16.51));
#5535 = VECTOR('',#5536,1.);
#5536 = DIRECTION('',(1.,-1.224646799147E-16,0.));
#5537 = PCURVE('',#1953,#5538);
#5538 = DEFINITIONAL_REPRESENTATION('',(#5539),#5543);
#5539 = LINE('',#5540,#5541);
#5540 = CARTESIAN_POINT('',(4.392403125185,0.));
#5541 = VECTOR('',#5542,1.);
#5542 = DIRECTION('',(0.,-1.));
#5543 = ( GEOMETRIC_REPRESENTATION_CONTEXT(2) 
PARAMETRIC_REPRESENTATION_CONTEXT() REPRESENTATION_CONTEXT('2D SPACE',''
  ) );
#5544 = PCURVE('',#1925,#5545);
#5545 = DEFINITIONAL_REPRESENTATION('',(#5546),#5550);
#5546 = LINE('',#5547,#5548);
#5547 = CARTESIAN_POINT('',(0.,0.));
#5548 = VECTOR('',#5549,1.);
#5549 = DIRECTION('',(-0.,-1.));
#5550 = ( GEOMETRIC_REPRESENTATION_CONTEXT(2) 
PARAMETRIC_REPRESENTATION_CONTEXT() REPRESENTATION_CONTEXT('2D SPACE',''
  ) );
#5551 = ORIENTED_EDGE('',*,*,#1937,.F.);
#5552 = ADVANCED_FACE('',(#5553),#1925,.F.);
#5553 = FACE_BOUND('',#5554,.F.);
#5554 = EDGE_LOOP('',(#5555,#5556,#5557,#5558));
#5555 = ORIENTED_EDGE('',*,*,#5531,.T.);
#5556 = ORIENTED_EDGE('',*,*,#2014,.T.);
#5557 = ORIENTED_EDGE('',*,*,#5505,.T.);
#5558 = ORIENTED_EDGE('',*,*,#1909,.F.);
#5559 = ADVANCED_FACE('',(#5560),#2151,.F.);
#5560 = FACE_BOUND('',#5561,.F.);
#5561 = EDGE_LOOP('',(#5562,#5563,#5564,#5565));
#5562 = ORIENTED_EDGE('',*,*,#2343,.F.);
#5563 = ORIENTED_EDGE('',*,*,#2135,.T.);
#5564 = ORIENTED_EDGE('',*,*,#2189,.T.);
#5565 = ORIENTED_EDGE('',*,*,#5566,.F.);
#5566 = EDGE_CURVE('',#2344,#2190,#5567,.T.);
#5567 = SURFACE_CURVE('',#5568,(#5572,#5579),.PCURVE_S1.);
#5568 = LINE('',#5569,#5570);
#5569 = CARTESIAN_POINT('',(53.6575,-49.16126365086,-18.288));
#5570 = VECTOR('',#5571,1.);
#5571 = DIRECTION('',(-1.,1.224646799147E-16,0.));
#5572 = PCURVE('',#2151,#5573);
#5573 = DEFINITIONAL_REPRESENTATION('',(#5574),#5578);
#5574 = LINE('',#5575,#5576);
#5575 = CARTESIAN_POINT('',(0.,1.651));
#5576 = VECTOR('',#5577,1.);
#5577 = DIRECTION('',(1.,0.));
#5578 = ( GEOMETRIC_REPRESENTATION_CONTEXT(2) 
PARAMETRIC_REPRESENTATION_CONTEXT() REPRESENTATION_CONTEXT('2D SPACE',''
  ) );
#5579 = PCURVE('',#2228,#5580);
#5580 = DEFINITIONAL_REPRESENTATION('',(#5581),#5585);
#5581 = LINE('',#5582,#5583);
#5582 = CARTESIAN_POINT('',(3.628248229398,-15.24));
#5583 = VECTOR('',#5584,1.);
#5584 = DIRECTION('',(0.,1.));
#5585 = ( GEOMETRIC_REPRESENTATION_CONTEXT(2) 
PARAMETRIC_REPRESENTATION_CONTEXT() REPRESENTATION_CONTEXT('2D SPACE',''
  ) );
#5586 = ADVANCED_FACE('',(#5587),#2256,.F.);
#5587 = FACE_BOUND('',#5588,.F.);
#5588 = EDGE_LOOP('',(#5589,#5590,#5591,#5612));
#5589 = ORIENTED_EDGE('',*,*,#2294,.T.);
#5590 = ORIENTED_EDGE('',*,*,#2389,.T.);
#5591 = ORIENTED_EDGE('',*,*,#5592,.F.);
#5592 = EDGE_CURVE('',#2213,#2367,#5593,.T.);
#5593 = SURFACE_CURVE('',#5594,(#5598,#5605),.PCURVE_S1.);
#5594 = LINE('',#5595,#5596);
#5595 = CARTESIAN_POINT('',(38.4175,-52.324,-16.51));
#5596 = VECTOR('',#5597,1.);
#5597 = DIRECTION('',(1.,-1.224646799147E-16,0.));
#5598 = PCURVE('',#2256,#5599);
#5599 = DEFINITIONAL_REPRESENTATION('',(#5600),#5604);
#5600 = LINE('',#5601,#5602);
#5601 = CARTESIAN_POINT('',(4.392403125185,0.));
#5602 = VECTOR('',#5603,1.);
#5603 = DIRECTION('',(0.,-1.));
#5604 = ( GEOMETRIC_REPRESENTATION_CONTEXT(2) 
PARAMETRIC_REPRESENTATION_CONTEXT() REPRESENTATION_CONTEXT('2D SPACE',''
  ) );
#5605 = PCURVE('',#2228,#5606);
#5606 = DEFINITIONAL_REPRESENTATION('',(#5607),#5611);
#5607 = LINE('',#5608,#5609);
#5608 = CARTESIAN_POINT('',(0.,0.));
#5609 = VECTOR('',#5610,1.);
#5610 = DIRECTION('',(-0.,-1.));
#5611 = ( GEOMETRIC_REPRESENTATION_CONTEXT(2) 
PARAMETRIC_REPRESENTATION_CONTEXT() REPRESENTATION_CONTEXT('2D SPACE',''
  ) );
#5612 = ORIENTED_EDGE('',*,*,#2240,.F.);
#5613 = ADVANCED_FACE('',(#5614),#2228,.F.);
#5614 = FACE_BOUND('',#5615,.F.);
#5615 = EDGE_LOOP('',(#5616,#5617,#5618,#5619));
#5616 = ORIENTED_EDGE('',*,*,#5592,.T.);
#5617 = ORIENTED_EDGE('',*,*,#2366,.T.);
#5618 = ORIENTED_EDGE('',*,*,#5566,.T.);
#5619 = ORIENTED_EDGE('',*,*,#2212,.F.);
#5620 = ADVANCED_FACE('',(#5621),#2454,.F.);
#5621 = FACE_BOUND('',#5622,.F.);
#5622 = EDGE_LOOP('',(#5623,#5624,#5625,#5626));
#5623 = ORIENTED_EDGE('',*,*,#2597,.F.);
#5624 = ORIENTED_EDGE('',*,*,#2438,.T.);
#5625 = ORIENTED_EDGE('',*,*,#2492,.T.);
#5626 = ORIENTED_EDGE('',*,*,#5627,.F.);
#5627 = EDGE_CURVE('',#2598,#2493,#5628,.T.);
#5628 = SURFACE_CURVE('',#5629,(#5633,#5640),.PCURVE_S1.);
#5629 = LINE('',#5630,#5631);
#5630 = CARTESIAN_POINT('',(-53.6575,49.161263650866,-18.288));
#5631 = VECTOR('',#5632,1.);
#5632 = DIRECTION('',(1.,0.,0.));
#5633 = PCURVE('',#2454,#5634);
#5634 = DEFINITIONAL_REPRESENTATION('',(#5635),#5639);
#5635 = LINE('',#5636,#5637);
#5636 = CARTESIAN_POINT('',(0.,1.651));
#5637 = VECTOR('',#5638,1.);
#5638 = DIRECTION('',(1.,0.));
#5639 = ( GEOMETRIC_REPRESENTATION_CONTEXT(2) 
PARAMETRIC_REPRESENTATION_CONTEXT() REPRESENTATION_CONTEXT('2D SPACE',''
  ) );
#5640 = PCURVE('',#2531,#5641);
#5641 = DEFINITIONAL_REPRESENTATION('',(#5642),#5646);
#5642 = LINE('',#5643,#5644);
#5643 = CARTESIAN_POINT('',(3.628248229398,-15.24));
#5644 = VECTOR('',#5645,1.);
#5645 = DIRECTION('',(0.,1.));
#5646 = ( GEOMETRIC_REPRESENTATION_CONTEXT(2) 
PARAMETRIC_REPRESENTATION_CONTEXT() REPRESENTATION_CONTEXT('2D SPACE',''
  ) );
#5647 = ADVANCED_FACE('',(#5648),#2559,.F.);
#5648 = FACE_BOUND('',#5649,.F.);
#5649 = EDGE_LOOP('',(#5650,#5651,#5652,#5673));
#5650 = ORIENTED_EDGE('',*,*,#2692,.T.);
#5651 = ORIENTED_EDGE('',*,*,#2643,.T.);
#5652 = ORIENTED_EDGE('',*,*,#5653,.F.);
#5653 = EDGE_CURVE('',#2516,#2621,#5654,.T.);
#5654 = SURFACE_CURVE('',#5655,(#5659,#5666),.PCURVE_S1.);
#5655 = LINE('',#5656,#5657);
#5656 = CARTESIAN_POINT('',(-38.4175,52.324,-16.51));
#5657 = VECTOR('',#5658,1.);
#5658 = DIRECTION('',(-1.,0.,0.));
#5659 = PCURVE('',#2559,#5660);
#5660 = DEFINITIONAL_REPRESENTATION('',(#5661),#5665);
#5661 = LINE('',#5662,#5663);
#5662 = CARTESIAN_POINT('',(4.392403125185,0.));
#5663 = VECTOR('',#5664,1.);
#5664 = DIRECTION('',(0.,-1.));
#5665 = ( GEOMETRIC_REPRESENTATION_CONTEXT(2) 
PARAMETRIC_REPRESENTATION_CONTEXT() REPRESENTATION_CONTEXT('2D SPACE',''
  ) );
#5666 = PCURVE('',#2531,#5667);
#5667 = DEFINITIONAL_REPRESENTATION('',(#5668),#5672);
#5668 = LINE('',#5669,#5670);
#5669 = CARTESIAN_POINT('',(0.,0.));
#5670 = VECTOR('',#5671,1.);
#5671 = DIRECTION('',(-0.,-1.));
#5672 = ( GEOMETRIC_REPRESENTATION_CONTEXT(2) 
PARAMETRIC_REPRESENTATION_CONTEXT() REPRESENTATION_CONTEXT('2D SPACE',''
  ) );
#5673 = ORIENTED_EDGE('',*,*,#2543,.F.);
#5674 = ADVANCED_FACE('',(#5675),#2531,.F.);
#5675 = FACE_BOUND('',#5676,.F.);
#5676 = EDGE_LOOP('',(#5677,#5678,#5679,#5680));
#5677 = ORIENTED_EDGE('',*,*,#5653,.T.);
#5678 = ORIENTED_EDGE('',*,*,#2620,.T.);
#5679 = ORIENTED_EDGE('',*,*,#5627,.T.);
#5680 = ORIENTED_EDGE('',*,*,#2515,.F.);
#5681 = ADVANCED_FACE('',(#5682,#5780,#5814),#2736,.F.);
#5682 = FACE_BOUND('',#5683,.F.);
#5683 = EDGE_LOOP('',(#5684,#5685,#5686,#5707,#5708,#5709,#5710,#5731,
    #5732,#5733,#5734,#5755,#5756,#5757,#5758,#5779));
#5684 = ORIENTED_EDGE('',*,*,#3590,.F.);
#5685 = ORIENTED_EDGE('',*,*,#3425,.F.);
#5686 = ORIENTED_EDGE('',*,*,#5687,.T.);
#5687 = EDGE_CURVE('',#3401,#2793,#5688,.T.);
#5688 = SURFACE_CURVE('',#5689,(#5693,#5700),.PCURVE_S1.);
#5689 = LINE('',#5690,#5691);
#5690 = CARTESIAN_POINT('',(-27.59075,40.259,-17.78));
#5691 = VECTOR('',#5692,1.);
#5692 = DIRECTION('',(-1.,0.,0.));
#5693 = PCURVE('',#2736,#5694);
#5694 = DEFINITIONAL_REPRESENTATION('',(#5695),#5699);
#5695 = LINE('',#5696,#5697);
#5696 = CARTESIAN_POINT('',(-27.59075,40.259));
#5697 = VECTOR('',#5698,1.);
#5698 = DIRECTION('',(-1.,0.));
#5699 = ( GEOMETRIC_REPRESENTATION_CONTEXT(2) 
PARAMETRIC_REPRESENTATION_CONTEXT() REPRESENTATION_CONTEXT('2D SPACE',''
  ) );
#5700 = PCURVE('',#2810,#5701);
#5701 = DEFINITIONAL_REPRESENTATION('',(#5702),#5706);
#5702 = LINE('',#5703,#5704);
#5703 = CARTESIAN_POINT('',(2.032,27.59075));
#5704 = VECTOR('',#5705,1.);
#5705 = DIRECTION('',(0.,-1.));
#5706 = ( GEOMETRIC_REPRESENTATION_CONTEXT(2) 
PARAMETRIC_REPRESENTATION_CONTEXT() REPRESENTATION_CONTEXT('2D SPACE',''
  ) );
#5707 = ORIENTED_EDGE('',*,*,#2822,.T.);
#5708 = ORIENTED_EDGE('',*,*,#2718,.T.);
#5709 = ORIENTED_EDGE('',*,*,#2926,.F.);
#5710 = ORIENTED_EDGE('',*,*,#5711,.T.);
#5711 = EDGE_CURVE('',#2897,#3496,#5712,.T.);
#5712 = SURFACE_CURVE('',#5713,(#5717,#5724),.PCURVE_S1.);
#5713 = LINE('',#5714,#5715);
#5714 = CARTESIAN_POINT('',(-18.44675,-40.259,-17.78));
#5715 = VECTOR('',#5716,1.);
#5716 = DIRECTION('',(1.,-1.224646799147E-16,0.));
#5717 = PCURVE('',#2736,#5718);
#5718 = DEFINITIONAL_REPRESENTATION('',(#5719),#5723);
#5719 = LINE('',#5720,#5721);
#5720 = CARTESIAN_POINT('',(-18.44675,-40.259));
#5721 = VECTOR('',#5722,1.);
#5722 = DIRECTION('',(1.,-1.224646799147E-16));
#5723 = ( GEOMETRIC_REPRESENTATION_CONTEXT(2) 
PARAMETRIC_REPRESENTATION_CONTEXT() REPRESENTATION_CONTEXT('2D SPACE',''
  ) );
#5724 = PCURVE('',#2914,#5725);
#5725 = DEFINITIONAL_REPRESENTATION('',(#5726),#5730);
#5726 = LINE('',#5727,#5728);
#5727 = CARTESIAN_POINT('',(2.032,-18.44675));
#5728 = VECTOR('',#5729,1.);
#5729 = DIRECTION('',(0.,-1.));
#5730 = ( GEOMETRIC_REPRESENTATION_CONTEXT(2) 
PARAMETRIC_REPRESENTATION_CONTEXT() REPRESENTATION_CONTEXT('2D SPACE',''
  ) );
#5731 = ORIENTED_EDGE('',*,*,#3520,.T.);
#5732 = ORIENTED_EDGE('',*,*,#3639,.T.);
#5733 = ORIENTED_EDGE('',*,*,#3822,.F.);
#5734 = ORIENTED_EDGE('',*,*,#5735,.T.);
#5735 = EDGE_CURVE('',#3793,#4391,#5736,.T.);
#5736 = SURFACE_CURVE('',#5737,(#5741,#5748),.PCURVE_S1.);
#5737 = LINE('',#5738,#5739);
#5738 = CARTESIAN_POINT('',(27.59075,-40.259,-17.78));
#5739 = VECTOR('',#5740,1.);
#5740 = DIRECTION('',(1.,-1.224646799147E-16,0.));
#5741 = PCURVE('',#2736,#5742);
#5742 = DEFINITIONAL_REPRESENTATION('',(#5743),#5747);
#5743 = LINE('',#5744,#5745);
#5744 = CARTESIAN_POINT('',(27.59075,-40.259));
#5745 = VECTOR('',#5746,1.);
#5746 = DIRECTION('',(1.,-1.224646799147E-16));
#5747 = ( GEOMETRIC_REPRESENTATION_CONTEXT(2) 
PARAMETRIC_REPRESENTATION_CONTEXT() REPRESENTATION_CONTEXT('2D SPACE',''
  ) );
#5748 = PCURVE('',#3810,#5749);
#5749 = DEFINITIONAL_REPRESENTATION('',(#5750),#5754);
#5750 = LINE('',#5751,#5752);
#5751 = CARTESIAN_POINT('',(2.032,27.59075));
#5752 = VECTOR('',#5753,1.);
#5753 = DIRECTION('',(0.,-1.));
#5754 = ( GEOMETRIC_REPRESENTATION_CONTEXT(2) 
PARAMETRIC_REPRESENTATION_CONTEXT() REPRESENTATION_CONTEXT('2D SPACE',''
  ) );
#5755 = ORIENTED_EDGE('',*,*,#4415,.T.);
#5756 = ORIENTED_EDGE('',*,*,#4484,.T.);
#5757 = ORIENTED_EDGE('',*,*,#4321,.F.);
#5758 = ORIENTED_EDGE('',*,*,#5759,.T.);
#5759 = EDGE_CURVE('',#4297,#3689,#5760,.T.);
#5760 = SURFACE_CURVE('',#5761,(#5765,#5772),.PCURVE_S1.);
#5761 = LINE('',#5762,#5763);
#5762 = CARTESIAN_POINT('',(18.44675,40.259,-17.78));
#5763 = VECTOR('',#5764,1.);
#5764 = DIRECTION('',(-1.,0.,0.));
#5765 = PCURVE('',#2736,#5766);
#5766 = DEFINITIONAL_REPRESENTATION('',(#5767),#5771);
#5767 = LINE('',#5768,#5769);
#5768 = CARTESIAN_POINT('',(18.44675,40.259));
#5769 = VECTOR('',#5770,1.);
#5770 = DIRECTION('',(-1.,0.));
#5771 = ( GEOMETRIC_REPRESENTATION_CONTEXT(2) 
PARAMETRIC_REPRESENTATION_CONTEXT() REPRESENTATION_CONTEXT('2D SPACE',''
  ) );
#5772 = PCURVE('',#3706,#5773);
#5773 = DEFINITIONAL_REPRESENTATION('',(#5774),#5778);
#5774 = LINE('',#5775,#5776);
#5775 = CARTESIAN_POINT('',(2.032,-18.44675));
#5776 = VECTOR('',#5777,1.);
#5777 = DIRECTION('',(0.,-1.));
#5778 = ( GEOMETRIC_REPRESENTATION_CONTEXT(2) 
PARAMETRIC_REPRESENTATION_CONTEXT() REPRESENTATION_CONTEXT('2D SPACE',''
  ) );
#5779 = ORIENTED_EDGE('',*,*,#3718,.T.);
#5780 = FACE_BOUND('',#5781,.F.);
#5781 = EDGE_LOOP('',(#5782));
#5782 = ORIENTED_EDGE('',*,*,#5783,.T.);
#5783 = EDGE_CURVE('',#5784,#5784,#5786,.T.);
#5784 = VERTEX_POINT('',#5785);
#5785 = CARTESIAN_POINT('',(-44.45,0.,-17.78));
#5786 = SURFACE_CURVE('',#5787,(#5792,#5803),.PCURVE_S1.);
#5787 = CIRCLE('',#5788,3.175);
#5788 = AXIS2_PLACEMENT_3D('',#5789,#5790,#5791);
#5789 = CARTESIAN_POINT('',(-47.625,0.,-17.78));
#5790 = DIRECTION('',(0.,-0.,-1.));
#5791 = DIRECTION('',(1.,0.,-0.));
#5792 = PCURVE('',#2736,#5793);
#5793 = DEFINITIONAL_REPRESENTATION('',(#5794),#5802);
#5794 = ( BOUNDED_CURVE() B_SPLINE_CURVE(2,(#5795,#5796,#5797,#5798,
#5799,#5800,#5801),.UNSPECIFIED.,.T.,.F.) B_SPLINE_CURVE_WITH_KNOTS((1,2
    ,2,2,2,1),(-2.094395102393,0.,2.094395102393,4.188790204786,
6.28318530718,8.377580409573),.UNSPECIFIED.) CURVE() 
GEOMETRIC_REPRESENTATION_ITEM() RATIONAL_B_SPLINE_CURVE((1.,0.5,1.,0.5,
1.,0.5,1.)) REPRESENTATION_ITEM('') );
#5795 = CARTESIAN_POINT('',(-44.45,0.));
#5796 = CARTESIAN_POINT('',(-44.45,-5.499261314031));
#5797 = CARTESIAN_POINT('',(-49.2125,-2.749630657016));
#5798 = CARTESIAN_POINT('',(-53.975,-7.776507174586E-16));
#5799 = CARTESIAN_POINT('',(-49.2125,2.749630657016));
#5800 = CARTESIAN_POINT('',(-44.45,5.499261314031));
#5801 = CARTESIAN_POINT('',(-44.45,0.));
#5802 = ( GEOMETRIC_REPRESENTATION_CONTEXT(2) 
PARAMETRIC_REPRESENTATION_CONTEXT() REPRESENTATION_CONTEXT('2D SPACE',''
  ) );
#5803 = PCURVE('',#5804,#5809);
#5804 = CYLINDRICAL_SURFACE('',#5805,3.175);
#5805 = AXIS2_PLACEMENT_3D('',#5806,#5807,#5808);
#5806 = CARTESIAN_POINT('',(-47.625,0.,-22.86));
#5807 = DIRECTION('',(-0.,-0.,-1.));
#5808 = DIRECTION('',(1.,0.,-0.));
#5809 = DEFINITIONAL_REPRESENTATION('',(#5810),#5813);
#5810 = B_SPLINE_CURVE_WITH_KNOTS('',1,(#5811,#5812),.UNSPECIFIED.,.F.,
  .F.,(2,2),(0.,6.28318530718),.PIECEWISE_BEZIER_KNOTS.);
#5811 = CARTESIAN_POINT('',(-6.28318530718,-5.08));
#5812 = CARTESIAN_POINT('',(0.,-5.08));
#5813 = ( GEOMETRIC_REPRESENTATION_CONTEXT(2) 
PARAMETRIC_REPRESENTATION_CONTEXT() REPRESENTATION_CONTEXT('2D SPACE',''
  ) );
#5814 = FACE_BOUND('',#5815,.F.);
#5815 = EDGE_LOOP('',(#5816));
#5816 = ORIENTED_EDGE('',*,*,#5817,.T.);
#5817 = EDGE_CURVE('',#5818,#5818,#5820,.T.);
#5818 = VERTEX_POINT('',#5819);
#5819 = CARTESIAN_POINT('',(50.8,0.,-17.78));
#5820 = SURFACE_CURVE('',#5821,(#5826,#5837),.PCURVE_S1.);
#5821 = CIRCLE('',#5822,3.175);
#5822 = AXIS2_PLACEMENT_3D('',#5823,#5824,#5825);
#5823 = CARTESIAN_POINT('',(47.625,0.,-17.78));
#5824 = DIRECTION('',(0.,-0.,-1.));
#5825 = DIRECTION('',(1.,0.,-0.));
#5826 = PCURVE('',#2736,#5827);
#5827 = DEFINITIONAL_REPRESENTATION('',(#5828),#5836);
#5828 = ( BOUNDED_CURVE() B_SPLINE_CURVE(2,(#5829,#5830,#5831,#5832,
#5833,#5834,#5835),.UNSPECIFIED.,.T.,.F.) B_SPLINE_CURVE_WITH_KNOTS((1,2
    ,2,2,2,1),(-2.094395102393,0.,2.094395102393,4.188790204786,
6.28318530718,8.377580409573),.UNSPECIFIED.) CURVE() 
GEOMETRIC_REPRESENTATION_ITEM() RATIONAL_B_SPLINE_CURVE((1.,0.5,1.,0.5,
1.,0.5,1.)) REPRESENTATION_ITEM('') );
#5829 = CARTESIAN_POINT('',(50.8,0.));
#5830 = CARTESIAN_POINT('',(50.8,-5.499261314031));
#5831 = CARTESIAN_POINT('',(46.0375,-2.749630657016));
#5832 = CARTESIAN_POINT('',(41.275,-7.776507174586E-16));
#5833 = CARTESIAN_POINT('',(46.0375,2.749630657016));
#5834 = CARTESIAN_POINT('',(50.8,5.499261314031));
#5835 = CARTESIAN_POINT('',(50.8,0.));
#5836 = ( GEOMETRIC_REPRESENTATION_CONTEXT(2) 
PARAMETRIC_REPRESENTATION_CONTEXT() REPRESENTATION_CONTEXT('2D SPACE',''
  ) );
#5837 = PCURVE('',#5838,#5843);
#5838 = CYLINDRICAL_SURFACE('',#5839,3.175);
#5839 = AXIS2_PLACEMENT_3D('',#5840,#5841,#5842);
#5840 = CARTESIAN_POINT('',(47.625,0.,-22.86));
#5841 = DIRECTION('',(-0.,-0.,-1.));
#5842 = DIRECTION('',(1.,0.,-0.));
#5843 = DEFINITIONAL_REPRESENTATION('',(#5844),#5847);
#5844 = B_SPLINE_CURVE_WITH_KNOTS('',1,(#5845,#5846),.UNSPECIFIED.,.F.,
  .F.,(2,2),(0.,6.28318530718),.PIECEWISE_BEZIER_KNOTS.);
#5845 = CARTESIAN_POINT('',(-6.28318530718,-5.08));
#5846 = CARTESIAN_POINT('',(0.,-5.08));
#5847 = ( GEOMETRIC_REPRESENTATION_CONTEXT(2) 
PARAMETRIC_REPRESENTATION_CONTEXT() REPRESENTATION_CONTEXT('2D SPACE',''
  ) );
#5848 = ADVANCED_FACE('',(#5849),#2810,.T.);
#5849 = FACE_BOUND('',#5850,.T.);
#5850 = EDGE_LOOP('',(#5851,#5852,#5853,#5854));
#5851 = ORIENTED_EDGE('',*,*,#3400,.F.);
#5852 = ORIENTED_EDGE('',*,*,#5687,.T.);
#5853 = ORIENTED_EDGE('',*,*,#2792,.T.);
#5854 = ORIENTED_EDGE('',*,*,#5855,.F.);
#5855 = EDGE_CURVE('',#3403,#2795,#5856,.T.);
#5856 = SURFACE_CURVE('',#5857,(#5861,#5868),.PCURVE_S1.);
#5857 = LINE('',#5858,#5859);
#5858 = CARTESIAN_POINT('',(-51.40325,40.259,-13.97));
#5859 = VECTOR('',#5860,1.);
#5860 = DIRECTION('',(-1.,0.,0.));
#5861 = PCURVE('',#2810,#5862);
#5862 = DEFINITIONAL_REPRESENTATION('',(#5863),#5867);
#5863 = LINE('',#5864,#5865);
#5864 = CARTESIAN_POINT('',(5.842,3.77825));
#5865 = VECTOR('',#5866,1.);
#5866 = DIRECTION('',(0.,-1.));
#5867 = ( GEOMETRIC_REPRESENTATION_CONTEXT(2) 
PARAMETRIC_REPRESENTATION_CONTEXT() REPRESENTATION_CONTEXT('2D SPACE',''
  ) );
#5868 = PCURVE('',#2881,#5869);
#5869 = DEFINITIONAL_REPRESENTATION('',(#5870),#5874);
#5870 = LINE('',#5871,#5872);
#5871 = CARTESIAN_POINT('',(-3.77825,40.259));
#5872 = VECTOR('',#5873,1.);
#5873 = DIRECTION('',(-1.,0.));
#5874 = ( GEOMETRIC_REPRESENTATION_CONTEXT(2) 
PARAMETRIC_REPRESENTATION_CONTEXT() REPRESENTATION_CONTEXT('2D SPACE',''
  ) );
#5875 = ADVANCED_FACE('',(#5876,#5907),#2881,.T.);
#5876 = FACE_BOUND('',#5877,.T.);
#5877 = EDGE_LOOP('',(#5878,#5879,#5880,#5881,#5902,#5903,#5904,#5905,
    #5906));
#5878 = ORIENTED_EDGE('',*,*,#2867,.T.);
#5879 = ORIENTED_EDGE('',*,*,#3061,.T.);
#5880 = ORIENTED_EDGE('',*,*,#2971,.F.);
#5881 = ORIENTED_EDGE('',*,*,#5882,.T.);
#5882 = EDGE_CURVE('',#2899,#3498,#5883,.T.);
#5883 = SURFACE_CURVE('',#5884,(#5888,#5895),.PCURVE_S1.);
#5884 = LINE('',#5885,#5886);
#5885 = CARTESIAN_POINT('',(-42.25925,-40.259,-13.97));
#5886 = VECTOR('',#5887,1.);
#5887 = DIRECTION('',(1.,-1.224646799147E-16,0.));
#5888 = PCURVE('',#2881,#5889);
#5889 = DEFINITIONAL_REPRESENTATION('',(#5890),#5894);
#5890 = LINE('',#5891,#5892);
#5891 = CARTESIAN_POINT('',(5.36575,-40.259));
#5892 = VECTOR('',#5893,1.);
#5893 = DIRECTION('',(1.,-1.224646799147E-16));
#5894 = ( GEOMETRIC_REPRESENTATION_CONTEXT(2) 
PARAMETRIC_REPRESENTATION_CONTEXT() REPRESENTATION_CONTEXT('2D SPACE',''
  ) );
#5895 = PCURVE('',#2914,#5896);
#5896 = DEFINITIONAL_REPRESENTATION('',(#5897),#5901);
#5897 = LINE('',#5898,#5899);
#5898 = CARTESIAN_POINT('',(5.842,5.36575));
#5899 = VECTOR('',#5900,1.);
#5900 = DIRECTION('',(0.,-1.));
#5901 = ( GEOMETRIC_REPRESENTATION_CONTEXT(2) 
PARAMETRIC_REPRESENTATION_CONTEXT() REPRESENTATION_CONTEXT('2D SPACE',''
  ) );
#5902 = ORIENTED_EDGE('',*,*,#3566,.T.);
#5903 = ORIENTED_EDGE('',*,*,#3016,.T.);
#5904 = ORIENTED_EDGE('',*,*,#3106,.T.);
#5905 = ORIENTED_EDGE('',*,*,#3471,.F.);
#5906 = ORIENTED_EDGE('',*,*,#5855,.T.);
#5907 = FACE_BOUND('',#5908,.T.);
#5908 = EDGE_LOOP('',(#5909));
#5909 = ORIENTED_EDGE('',*,*,#5910,.T.);
#5910 = EDGE_CURVE('',#5911,#5911,#5913,.T.);
#5911 = VERTEX_POINT('',#5912);
#5912 = CARTESIAN_POINT('',(-44.45,0.,-13.97));
#5913 = SURFACE_CURVE('',#5914,(#5919,#5930),.PCURVE_S1.);
#5914 = CIRCLE('',#5915,3.175);
#5915 = AXIS2_PLACEMENT_3D('',#5916,#5917,#5918);
#5916 = CARTESIAN_POINT('',(-47.625,0.,-13.97));
#5917 = DIRECTION('',(0.,-0.,-1.));
#5918 = DIRECTION('',(1.,0.,-0.));
#5919 = PCURVE('',#2881,#5920);
#5920 = DEFINITIONAL_REPRESENTATION('',(#5921),#5929);
#5921 = ( BOUNDED_CURVE() B_SPLINE_CURVE(2,(#5922,#5923,#5924,#5925,
#5926,#5927,#5928),.UNSPECIFIED.,.T.,.F.) B_SPLINE_CURVE_WITH_KNOTS((1,2
    ,2,2,2,1),(-2.094395102393,0.,2.094395102393,4.188790204786,
6.28318530718,8.377580409573),.UNSPECIFIED.) CURVE() 
GEOMETRIC_REPRESENTATION_ITEM() RATIONAL_B_SPLINE_CURVE((1.,0.5,1.,0.5,
1.,0.5,1.)) REPRESENTATION_ITEM('') );
#5922 = CARTESIAN_POINT('',(3.175,-3.447273502129E-15));
#5923 = CARTESIAN_POINT('',(3.175,-5.499261314031));
#5924 = CARTESIAN_POINT('',(-1.5875,-2.749630657016));
#5925 = CARTESIAN_POINT('',(-6.35,-4.224924219587E-15));
#5926 = CARTESIAN_POINT('',(-1.5875,2.749630657016));
#5927 = CARTESIAN_POINT('',(3.175,5.499261314031));
#5928 = CARTESIAN_POINT('',(3.175,-3.447273502129E-15));
#5929 = ( GEOMETRIC_REPRESENTATION_CONTEXT(2) 
PARAMETRIC_REPRESENTATION_CONTEXT() REPRESENTATION_CONTEXT('2D SPACE',''
  ) );
#5930 = PCURVE('',#5804,#5931);
#5931 = DEFINITIONAL_REPRESENTATION('',(#5932),#5935);
#5932 = B_SPLINE_CURVE_WITH_KNOTS('',1,(#5933,#5934),.UNSPECIFIED.,.F.,
  .F.,(2,2),(0.,6.28318530718),.PIECEWISE_BEZIER_KNOTS.);
#5933 = CARTESIAN_POINT('',(-6.28318530718,-8.89));
#5934 = CARTESIAN_POINT('',(0.,-8.89));
#5935 = ( GEOMETRIC_REPRESENTATION_CONTEXT(2) 
PARAMETRIC_REPRESENTATION_CONTEXT() REPRESENTATION_CONTEXT('2D SPACE',''
  ) );
#5936 = ADVANCED_FACE('',(#5937),#2914,.T.);
#5937 = FACE_BOUND('',#5938,.T.);
#5938 = EDGE_LOOP('',(#5939,#5940,#5941,#5942));
#5939 = ORIENTED_EDGE('',*,*,#2896,.F.);
#5940 = ORIENTED_EDGE('',*,*,#5711,.T.);
#5941 = ORIENTED_EDGE('',*,*,#3495,.T.);
#5942 = ORIENTED_EDGE('',*,*,#5882,.F.);
#5943 = ADVANCED_FACE('',(#5944),#3360,.T.);
#5944 = FACE_BOUND('',#5945,.T.);
#5945 = EDGE_LOOP('',(#5946,#5947,#5968,#5969));
#5946 = ORIENTED_EDGE('',*,*,#3344,.T.);
#5947 = ORIENTED_EDGE('',*,*,#5948,.T.);
#5948 = EDGE_CURVE('',#3318,#5036,#5949,.T.);
#5949 = SURFACE_CURVE('',#5950,(#5954,#5961),.PCURVE_S1.);
#5950 = LINE('',#5951,#5952);
#5951 = CARTESIAN_POINT('',(-47.625,0.,-11.43));
#5952 = VECTOR('',#5953,1.);
#5953 = DIRECTION('',(0.51503807491,-0.857167300702,0.));
#5954 = PCURVE('',#3360,#5955);
#5955 = DEFINITIONAL_REPRESENTATION('',(#5956),#5960);
#5956 = LINE('',#5957,#5958);
#5957 = CARTESIAN_POINT('',(0.,-5.219946054012E-15));
#5958 = VECTOR('',#5959,1.);
#5959 = DIRECTION('',(0.51503807491,-0.857167300702));
#5960 = ( GEOMETRIC_REPRESENTATION_CONTEXT(2) 
PARAMETRIC_REPRESENTATION_CONTEXT() REPRESENTATION_CONTEXT('2D SPACE',''
  ) );
#5961 = PCURVE('',#3332,#5962);
#5962 = DEFINITIONAL_REPRESENTATION('',(#5963),#5967);
#5963 = LINE('',#5964,#5965);
#5964 = CARTESIAN_POINT('',(-40.132,-0.));
#5965 = VECTOR('',#5966,1.);
#5966 = DIRECTION('',(1.,0.));
#5967 = ( GEOMETRIC_REPRESENTATION_CONTEXT(2) 
PARAMETRIC_REPRESENTATION_CONTEXT() REPRESENTATION_CONTEXT('2D SPACE',''
  ) );
#5968 = ORIENTED_EDGE('',*,*,#5035,.F.);
#5969 = ORIENTED_EDGE('',*,*,#4959,.T.);
#5970 = ADVANCED_FACE('',(#5971),#3332,.T.);
#5971 = FACE_BOUND('',#5972,.T.);
#5972 = EDGE_LOOP('',(#5973,#5974,#5975,#5996));
#5973 = ORIENTED_EDGE('',*,*,#5948,.F.);
#5974 = ORIENTED_EDGE('',*,*,#3317,.F.);
#5975 = ORIENTED_EDGE('',*,*,#5976,.T.);
#5976 = EDGE_CURVE('',#3286,#5063,#5977,.T.);
#5977 = SURFACE_CURVE('',#5978,(#5982,#5989),.PCURVE_S1.);
#5978 = LINE('',#5979,#5980);
#5979 = CARTESIAN_POINT('',(-47.625,0.,-6.223));
#5980 = VECTOR('',#5981,1.);
#5981 = DIRECTION('',(0.51503807491,-0.857167300702,0.));
#5982 = PCURVE('',#3332,#5983);
#5983 = DEFINITIONAL_REPRESENTATION('',(#5984),#5988);
#5984 = LINE('',#5985,#5986);
#5985 = CARTESIAN_POINT('',(-40.132,-5.207));
#5986 = VECTOR('',#5987,1.);
#5987 = DIRECTION('',(1.,0.));
#5988 = ( GEOMETRIC_REPRESENTATION_CONTEXT(2) 
PARAMETRIC_REPRESENTATION_CONTEXT() REPRESENTATION_CONTEXT('2D SPACE',''
  ) );
#5989 = PCURVE('',#3301,#5990);
#5990 = DEFINITIONAL_REPRESENTATION('',(#5991),#5995);
#5991 = LINE('',#5992,#5993);
#5992 = CARTESIAN_POINT('',(0.,-5.219946054012E-15));
#5993 = VECTOR('',#5994,1.);
#5994 = DIRECTION('',(0.51503807491,-0.857167300702));
#5995 = ( GEOMETRIC_REPRESENTATION_CONTEXT(2) 
PARAMETRIC_REPRESENTATION_CONTEXT() REPRESENTATION_CONTEXT('2D SPACE',''
  ) );
#5996 = ORIENTED_EDGE('',*,*,#5062,.F.);
#5997 = ADVANCED_FACE('',(#5998),#3301,.F.);
#5998 = FACE_BOUND('',#5999,.F.);
#5999 = EDGE_LOOP('',(#6000,#6001,#6002,#6003));
#6000 = ORIENTED_EDGE('',*,*,#3285,.T.);
#6001 = ORIENTED_EDGE('',*,*,#5976,.T.);
#6002 = ORIENTED_EDGE('',*,*,#5084,.T.);
#6003 = ORIENTED_EDGE('',*,*,#5131,.F.);
#6004 = ADVANCED_FACE('',(#6005),#3226,.T.);
#6005 = FACE_BOUND('',#6006,.T.);
#6006 = EDGE_LOOP('',(#6007,#6008,#6029,#6030));
#6007 = ORIENTED_EDGE('',*,*,#3210,.T.);
#6008 = ORIENTED_EDGE('',*,*,#6009,.T.);
#6009 = EDGE_CURVE('',#3184,#4885,#6010,.T.);
#6010 = SURFACE_CURVE('',#6011,(#6015,#6022),.PCURVE_S1.);
#6011 = LINE('',#6012,#6013);
#6012 = CARTESIAN_POINT('',(-47.625,0.,-11.43));
#6013 = VECTOR('',#6014,1.);
#6014 = DIRECTION('',(-0.51503807491,0.857167300702,0.));
#6015 = PCURVE('',#3226,#6016);
#6016 = DEFINITIONAL_REPRESENTATION('',(#6017),#6021);
#6017 = LINE('',#6018,#6019);
#6018 = CARTESIAN_POINT('',(0.,-5.219946054012E-15));
#6019 = VECTOR('',#6020,1.);
#6020 = DIRECTION('',(-0.51503807491,0.857167300702));
#6021 = ( GEOMETRIC_REPRESENTATION_CONTEXT(2) 
PARAMETRIC_REPRESENTATION_CONTEXT() REPRESENTATION_CONTEXT('2D SPACE',''
  ) );
#6022 = PCURVE('',#3198,#6023);
#6023 = DEFINITIONAL_REPRESENTATION('',(#6024),#6028);
#6024 = LINE('',#6025,#6026);
#6025 = CARTESIAN_POINT('',(-40.132,-0.));
#6026 = VECTOR('',#6027,1.);
#6027 = DIRECTION('',(1.,0.));
#6028 = ( GEOMETRIC_REPRESENTATION_CONTEXT(2) 
PARAMETRIC_REPRESENTATION_CONTEXT() REPRESENTATION_CONTEXT('2D SPACE',''
  ) );
#6029 = ORIENTED_EDGE('',*,*,#4884,.F.);
#6030 = ORIENTED_EDGE('',*,*,#5007,.T.);
#6031 = ADVANCED_FACE('',(#6032),#3198,.T.);
#6032 = FACE_BOUND('',#6033,.T.);
#6033 = EDGE_LOOP('',(#6034,#6035,#6036,#6057));
#6034 = ORIENTED_EDGE('',*,*,#6009,.F.);
#6035 = ORIENTED_EDGE('',*,*,#3183,.F.);
#6036 = ORIENTED_EDGE('',*,*,#6037,.T.);
#6037 = EDGE_CURVE('',#3152,#4912,#6038,.T.);
#6038 = SURFACE_CURVE('',#6039,(#6043,#6050),.PCURVE_S1.);
#6039 = LINE('',#6040,#6041);
#6040 = CARTESIAN_POINT('',(-47.625,0.,-6.223));
#6041 = VECTOR('',#6042,1.);
#6042 = DIRECTION('',(-0.51503807491,0.857167300702,0.));
#6043 = PCURVE('',#3198,#6044);
#6044 = DEFINITIONAL_REPRESENTATION('',(#6045),#6049);
#6045 = LINE('',#6046,#6047);
#6046 = CARTESIAN_POINT('',(-40.132,-5.207));
#6047 = VECTOR('',#6048,1.);
#6048 = DIRECTION('',(1.,0.));
#6049 = ( GEOMETRIC_REPRESENTATION_CONTEXT(2) 
PARAMETRIC_REPRESENTATION_CONTEXT() REPRESENTATION_CONTEXT('2D SPACE',''
  ) );
#6050 = PCURVE('',#3167,#6051);
#6051 = DEFINITIONAL_REPRESENTATION('',(#6052),#6056);
#6052 = LINE('',#6053,#6054);
#6053 = CARTESIAN_POINT('',(0.,-5.219946054012E-15));
#6054 = VECTOR('',#6055,1.);
#6055 = DIRECTION('',(-0.51503807491,0.857167300702));
#6056 = ( GEOMETRIC_REPRESENTATION_CONTEXT(2) 
PARAMETRIC_REPRESENTATION_CONTEXT() REPRESENTATION_CONTEXT('2D SPACE',''
  ) );
#6057 = ORIENTED_EDGE('',*,*,#4911,.F.);
#6058 = ADVANCED_FACE('',(#6059),#3167,.F.);
#6059 = FACE_BOUND('',#6060,.F.);
#6060 = EDGE_LOOP('',(#6061,#6062,#6063,#6064));
#6061 = ORIENTED_EDGE('',*,*,#3151,.T.);
#6062 = ORIENTED_EDGE('',*,*,#6037,.T.);
#6063 = ORIENTED_EDGE('',*,*,#4933,.T.);
#6064 = ORIENTED_EDGE('',*,*,#4814,.F.);
#6065 = ADVANCED_FACE('',(#6066),#3706,.T.);
#6066 = FACE_BOUND('',#6067,.T.);
#6067 = EDGE_LOOP('',(#6068,#6069,#6070,#6071));
#6068 = ORIENTED_EDGE('',*,*,#4296,.F.);
#6069 = ORIENTED_EDGE('',*,*,#5759,.T.);
#6070 = ORIENTED_EDGE('',*,*,#3688,.T.);
#6071 = ORIENTED_EDGE('',*,*,#6072,.F.);
#6072 = EDGE_CURVE('',#4299,#3691,#6073,.T.);
#6073 = SURFACE_CURVE('',#6074,(#6078,#6085),.PCURVE_S1.);
#6074 = LINE('',#6075,#6076);
#6075 = CARTESIAN_POINT('',(42.25925,40.259,-13.97));
#6076 = VECTOR('',#6077,1.);
#6077 = DIRECTION('',(-1.,0.,0.));
#6078 = PCURVE('',#3706,#6079);
#6079 = DEFINITIONAL_REPRESENTATION('',(#6080),#6084);
#6080 = LINE('',#6081,#6082);
#6081 = CARTESIAN_POINT('',(5.842,5.36575));
#6082 = VECTOR('',#6083,1.);
#6083 = DIRECTION('',(0.,-1.));
#6084 = ( GEOMETRIC_REPRESENTATION_CONTEXT(2) 
PARAMETRIC_REPRESENTATION_CONTEXT() REPRESENTATION_CONTEXT('2D SPACE',''
  ) );
#6085 = PCURVE('',#3777,#6086);
#6086 = DEFINITIONAL_REPRESENTATION('',(#6087),#6091);
#6087 = LINE('',#6088,#6089);
#6088 = CARTESIAN_POINT('',(-5.36575,40.259));
#6089 = VECTOR('',#6090,1.);
#6090 = DIRECTION('',(-1.,0.));
#6091 = ( GEOMETRIC_REPRESENTATION_CONTEXT(2) 
PARAMETRIC_REPRESENTATION_CONTEXT() REPRESENTATION_CONTEXT('2D SPACE',''
  ) );
#6092 = ADVANCED_FACE('',(#6093,#6124),#3777,.T.);
#6093 = FACE_BOUND('',#6094,.T.);
#6094 = EDGE_LOOP('',(#6095,#6096,#6097,#6098,#6119,#6120,#6121,#6122,
    #6123));
#6095 = ORIENTED_EDGE('',*,*,#3763,.T.);
#6096 = ORIENTED_EDGE('',*,*,#3957,.T.);
#6097 = ORIENTED_EDGE('',*,*,#3867,.F.);
#6098 = ORIENTED_EDGE('',*,*,#6099,.T.);
#6099 = EDGE_CURVE('',#3795,#4393,#6100,.T.);
#6100 = SURFACE_CURVE('',#6101,(#6105,#6112),.PCURVE_S1.);
#6101 = LINE('',#6102,#6103);
#6102 = CARTESIAN_POINT('',(51.40325,-40.259,-13.97));
#6103 = VECTOR('',#6104,1.);
#6104 = DIRECTION('',(1.,-1.224646799147E-16,0.));
#6105 = PCURVE('',#3777,#6106);
#6106 = DEFINITIONAL_REPRESENTATION('',(#6107),#6111);
#6107 = LINE('',#6108,#6109);
#6108 = CARTESIAN_POINT('',(3.77825,-40.259));
#6109 = VECTOR('',#6110,1.);
#6110 = DIRECTION('',(1.,-1.224646799147E-16));
#6111 = ( GEOMETRIC_REPRESENTATION_CONTEXT(2) 
PARAMETRIC_REPRESENTATION_CONTEXT() REPRESENTATION_CONTEXT('2D SPACE',''
  ) );
#6112 = PCURVE('',#3810,#6113);
#6113 = DEFINITIONAL_REPRESENTATION('',(#6114),#6118);
#6114 = LINE('',#6115,#6116);
#6115 = CARTESIAN_POINT('',(5.842,3.77825));
#6116 = VECTOR('',#6117,1.);
#6117 = DIRECTION('',(0.,-1.));
#6118 = ( GEOMETRIC_REPRESENTATION_CONTEXT(2) 
PARAMETRIC_REPRESENTATION_CONTEXT() REPRESENTATION_CONTEXT('2D SPACE',''
  ) );
#6119 = ORIENTED_EDGE('',*,*,#4460,.T.);
#6120 = ORIENTED_EDGE('',*,*,#3912,.T.);
#6121 = ORIENTED_EDGE('',*,*,#4002,.T.);
#6122 = ORIENTED_EDGE('',*,*,#4366,.F.);
#6123 = ORIENTED_EDGE('',*,*,#6072,.T.);
#6124 = FACE_BOUND('',#6125,.T.);
#6125 = EDGE_LOOP('',(#6126));
#6126 = ORIENTED_EDGE('',*,*,#6127,.T.);
#6127 = EDGE_CURVE('',#6128,#6128,#6130,.T.);
#6128 = VERTEX_POINT('',#6129);
#6129 = CARTESIAN_POINT('',(50.8,0.,-13.97));
#6130 = SURFACE_CURVE('',#6131,(#6136,#6147),.PCURVE_S1.);
#6131 = CIRCLE('',#6132,3.175);
#6132 = AXIS2_PLACEMENT_3D('',#6133,#6134,#6135);
#6133 = CARTESIAN_POINT('',(47.625,0.,-13.97));
#6134 = DIRECTION('',(0.,-0.,-1.));
#6135 = DIRECTION('',(1.,0.,-0.));
#6136 = PCURVE('',#3777,#6137);
#6137 = DEFINITIONAL_REPRESENTATION('',(#6138),#6146);
#6138 = ( BOUNDED_CURVE() B_SPLINE_CURVE(2,(#6139,#6140,#6141,#6142,
#6143,#6144,#6145),.UNSPECIFIED.,.T.,.F.) B_SPLINE_CURVE_WITH_KNOTS((1,2
    ,2,2,2,1),(-2.094395102393,0.,2.094395102393,4.188790204786,
6.28318530718,8.377580409573),.UNSPECIFIED.) CURVE() 
GEOMETRIC_REPRESENTATION_ITEM() RATIONAL_B_SPLINE_CURVE((1.,0.5,1.,0.5,
1.,0.5,1.)) REPRESENTATION_ITEM('') );
#6139 = CARTESIAN_POINT('',(3.175,-3.447273502129E-15));
#6140 = CARTESIAN_POINT('',(3.175,-5.499261314031));
#6141 = CARTESIAN_POINT('',(-1.5875,-2.749630657016));
#6142 = CARTESIAN_POINT('',(-6.35,-4.224924219587E-15));
#6143 = CARTESIAN_POINT('',(-1.5875,2.749630657016));
#6144 = CARTESIAN_POINT('',(3.175,5.499261314031));
#6145 = CARTESIAN_POINT('',(3.175,-3.447273502129E-15));
#6146 = ( GEOMETRIC_REPRESENTATION_CONTEXT(2) 
PARAMETRIC_REPRESENTATION_CONTEXT() REPRESENTATION_CONTEXT('2D SPACE',''
  ) );
#6147 = PCURVE('',#5838,#6148);
#6148 = DEFINITIONAL_REPRESENTATION('',(#6149),#6152);
#6149 = B_SPLINE_CURVE_WITH_KNOTS('',1,(#6150,#6151),.UNSPECIFIED.,.F.,
  .F.,(2,2),(0.,6.28318530718),.PIECEWISE_BEZIER_KNOTS.);
#6150 = CARTESIAN_POINT('',(-6.28318530718,-8.89));
#6151 = CARTESIAN_POINT('',(0.,-8.89));
#6152 = ( GEOMETRIC_REPRESENTATION_CONTEXT(2) 
PARAMETRIC_REPRESENTATION_CONTEXT() REPRESENTATION_CONTEXT('2D SPACE',''
  ) );
#6153 = ADVANCED_FACE('',(#6154),#3810,.T.);
#6154 = FACE_BOUND('',#6155,.T.);
#6155 = EDGE_LOOP('',(#6156,#6157,#6158,#6159));
#6156 = ORIENTED_EDGE('',*,*,#3792,.F.);
#6157 = ORIENTED_EDGE('',*,*,#5735,.T.);
#6158 = ORIENTED_EDGE('',*,*,#4390,.T.);
#6159 = ORIENTED_EDGE('',*,*,#6099,.F.);
#6160 = ADVANCED_FACE('',(#6161),#4256,.T.);
#6161 = FACE_BOUND('',#6162,.T.);
#6162 = EDGE_LOOP('',(#6163,#6164,#6185,#6186));
#6163 = ORIENTED_EDGE('',*,*,#4240,.T.);
#6164 = ORIENTED_EDGE('',*,*,#6165,.T.);
#6165 = EDGE_CURVE('',#4214,#5401,#6166,.T.);
#6166 = SURFACE_CURVE('',#6167,(#6171,#6178),.PCURVE_S1.);
#6167 = LINE('',#6168,#6169);
#6168 = CARTESIAN_POINT('',(47.625,7.88860905221E-31,-11.43));
#6169 = VECTOR('',#6170,1.);
#6170 = DIRECTION('',(0.51503807491,-0.857167300702,0.));
#6171 = PCURVE('',#4256,#6172);
#6172 = DEFINITIONAL_REPRESENTATION('',(#6173),#6177);
#6173 = LINE('',#6174,#6175);
#6174 = CARTESIAN_POINT('',(0.,-5.219946054012E-15));
#6175 = VECTOR('',#6176,1.);
#6176 = DIRECTION('',(-0.51503807491,0.857167300702));
#6177 = ( GEOMETRIC_REPRESENTATION_CONTEXT(2) 
PARAMETRIC_REPRESENTATION_CONTEXT() REPRESENTATION_CONTEXT('2D SPACE',''
  ) );
#6178 = PCURVE('',#4228,#6179);
#6179 = DEFINITIONAL_REPRESENTATION('',(#6180),#6184);
#6180 = LINE('',#6181,#6182);
#6181 = CARTESIAN_POINT('',(-40.132,0.));
#6182 = VECTOR('',#6183,1.);
#6183 = DIRECTION('',(1.,0.));
#6184 = ( GEOMETRIC_REPRESENTATION_CONTEXT(2) 
PARAMETRIC_REPRESENTATION_CONTEXT() REPRESENTATION_CONTEXT('2D SPACE',''
  ) );
#6185 = ORIENTED_EDGE('',*,*,#5400,.F.);
#6186 = ORIENTED_EDGE('',*,*,#5475,.T.);
#6187 = ADVANCED_FACE('',(#6188),#4228,.T.);
#6188 = FACE_BOUND('',#6189,.T.);
#6189 = EDGE_LOOP('',(#6190,#6191,#6192,#6213));
#6190 = ORIENTED_EDGE('',*,*,#6165,.F.);
#6191 = ORIENTED_EDGE('',*,*,#4213,.F.);
#6192 = ORIENTED_EDGE('',*,*,#6193,.T.);
#6193 = EDGE_CURVE('',#4182,#5428,#6194,.T.);
#6194 = SURFACE_CURVE('',#6195,(#6199,#6206),.PCURVE_S1.);
#6195 = LINE('',#6196,#6197);
#6196 = CARTESIAN_POINT('',(47.625,7.88860905221E-31,-6.223));
#6197 = VECTOR('',#6198,1.);
#6198 = DIRECTION('',(0.51503807491,-0.857167300702,0.));
#6199 = PCURVE('',#4228,#6200);
#6200 = DEFINITIONAL_REPRESENTATION('',(#6201),#6205);
#6201 = LINE('',#6202,#6203);
#6202 = CARTESIAN_POINT('',(-40.132,-5.207));
#6203 = VECTOR('',#6204,1.);
#6204 = DIRECTION('',(1.,0.));
#6205 = ( GEOMETRIC_REPRESENTATION_CONTEXT(2) 
PARAMETRIC_REPRESENTATION_CONTEXT() REPRESENTATION_CONTEXT('2D SPACE',''
  ) );
#6206 = PCURVE('',#4197,#6207);
#6207 = DEFINITIONAL_REPRESENTATION('',(#6208),#6212);
#6208 = LINE('',#6209,#6210);
#6209 = CARTESIAN_POINT('',(0.,-5.219946054012E-15));
#6210 = VECTOR('',#6211,1.);
#6211 = DIRECTION('',(-0.51503807491,0.857167300702));
#6212 = ( GEOMETRIC_REPRESENTATION_CONTEXT(2) 
PARAMETRIC_REPRESENTATION_CONTEXT() REPRESENTATION_CONTEXT('2D SPACE',''
  ) );
#6213 = ORIENTED_EDGE('',*,*,#5427,.F.);
#6214 = ADVANCED_FACE('',(#6215),#4197,.F.);
#6215 = FACE_BOUND('',#6216,.F.);
#6216 = EDGE_LOOP('',(#6217,#6218,#6219,#6220));
#6217 = ORIENTED_EDGE('',*,*,#4181,.T.);
#6218 = ORIENTED_EDGE('',*,*,#6193,.T.);
#6219 = ORIENTED_EDGE('',*,*,#5449,.T.);
#6220 = ORIENTED_EDGE('',*,*,#5330,.F.);
#6221 = ADVANCED_FACE('',(#6222),#4122,.T.);
#6222 = FACE_BOUND('',#6223,.T.);
#6223 = EDGE_LOOP('',(#6224,#6225,#6246,#6247));
#6224 = ORIENTED_EDGE('',*,*,#4106,.T.);
#6225 = ORIENTED_EDGE('',*,*,#6226,.T.);
#6226 = EDGE_CURVE('',#4080,#5229,#6227,.T.);
#6227 = SURFACE_CURVE('',#6228,(#6232,#6239),.PCURVE_S1.);
#6228 = LINE('',#6229,#6230);
#6229 = CARTESIAN_POINT('',(47.625,7.88860905221E-31,-11.43));
#6230 = VECTOR('',#6231,1.);
#6231 = DIRECTION('',(-0.51503807491,0.857167300702,0.));
#6232 = PCURVE('',#4122,#6233);
#6233 = DEFINITIONAL_REPRESENTATION('',(#6234),#6238);
#6234 = LINE('',#6235,#6236);
#6235 = CARTESIAN_POINT('',(0.,-5.219946054012E-15));
#6236 = VECTOR('',#6237,1.);
#6237 = DIRECTION('',(0.51503807491,-0.857167300702));
#6238 = ( GEOMETRIC_REPRESENTATION_CONTEXT(2) 
PARAMETRIC_REPRESENTATION_CONTEXT() REPRESENTATION_CONTEXT('2D SPACE',''
  ) );
#6239 = PCURVE('',#4094,#6240);
#6240 = DEFINITIONAL_REPRESENTATION('',(#6241),#6245);
#6241 = LINE('',#6242,#6243);
#6242 = CARTESIAN_POINT('',(-40.132,0.));
#6243 = VECTOR('',#6244,1.);
#6244 = DIRECTION('',(1.,0.));
#6245 = ( GEOMETRIC_REPRESENTATION_CONTEXT(2) 
PARAMETRIC_REPRESENTATION_CONTEXT() REPRESENTATION_CONTEXT('2D SPACE',''
  ) );
#6246 = ORIENTED_EDGE('',*,*,#5228,.F.);
#6247 = ORIENTED_EDGE('',*,*,#5303,.T.);
#6248 = ADVANCED_FACE('',(#6249),#4094,.T.);
#6249 = FACE_BOUND('',#6250,.T.);
#6250 = EDGE_LOOP('',(#6251,#6252,#6253,#6274));
#6251 = ORIENTED_EDGE('',*,*,#6226,.F.);
#6252 = ORIENTED_EDGE('',*,*,#4079,.F.);
#6253 = ORIENTED_EDGE('',*,*,#6254,.T.);
#6254 = EDGE_CURVE('',#4048,#5256,#6255,.T.);
#6255 = SURFACE_CURVE('',#6256,(#6260,#6267),.PCURVE_S1.);
#6256 = LINE('',#6257,#6258);
#6257 = CARTESIAN_POINT('',(47.625,7.88860905221E-31,-6.223));
#6258 = VECTOR('',#6259,1.);
#6259 = DIRECTION('',(-0.51503807491,0.857167300702,0.));
#6260 = PCURVE('',#4094,#6261);
#6261 = DEFINITIONAL_REPRESENTATION('',(#6262),#6266);
#6262 = LINE('',#6263,#6264);
#6263 = CARTESIAN_POINT('',(-40.132,-5.207));
#6264 = VECTOR('',#6265,1.);
#6265 = DIRECTION('',(1.,0.));
#6266 = ( GEOMETRIC_REPRESENTATION_CONTEXT(2) 
PARAMETRIC_REPRESENTATION_CONTEXT() REPRESENTATION_CONTEXT('2D SPACE',''
  ) );
#6267 = PCURVE('',#4063,#6268);
#6268 = DEFINITIONAL_REPRESENTATION('',(#6269),#6273);
#6269 = LINE('',#6270,#6271);
#6270 = CARTESIAN_POINT('',(0.,-5.219946054012E-15));
#6271 = VECTOR('',#6272,1.);
#6272 = DIRECTION('',(0.51503807491,-0.857167300702));
#6273 = ( GEOMETRIC_REPRESENTATION_CONTEXT(2) 
PARAMETRIC_REPRESENTATION_CONTEXT() REPRESENTATION_CONTEXT('2D SPACE',''
  ) );
#6274 = ORIENTED_EDGE('',*,*,#5255,.F.);
#6275 = ADVANCED_FACE('',(#6276),#4063,.F.);
#6276 = FACE_BOUND('',#6277,.F.);
#6277 = EDGE_LOOP('',(#6278,#6279,#6280,#6281));
#6278 = ORIENTED_EDGE('',*,*,#4047,.T.);
#6279 = ORIENTED_EDGE('',*,*,#6254,.T.);
#6280 = ORIENTED_EDGE('',*,*,#5277,.T.);
#6281 = ORIENTED_EDGE('',*,*,#5158,.F.);
#6282 = ADVANCED_FACE('',(#6283),#4550,.F.);
#6283 = FACE_BOUND('',#6284,.F.);
#6284 = EDGE_LOOP('',(#6285,#6286,#6287,#6288));
#6285 = ORIENTED_EDGE('',*,*,#4693,.F.);
#6286 = ORIENTED_EDGE('',*,*,#4534,.T.);
#6287 = ORIENTED_EDGE('',*,*,#4588,.T.);
#6288 = ORIENTED_EDGE('',*,*,#6289,.F.);
#6289 = EDGE_CURVE('',#4694,#4589,#6290,.T.);
#6290 = SURFACE_CURVE('',#6291,(#6295,#6302),.PCURVE_S1.);
#6291 = LINE('',#6292,#6293);
#6292 = CARTESIAN_POINT('',(38.4175,49.161263650866,-18.288));
#6293 = VECTOR('',#6294,1.);
#6294 = DIRECTION('',(1.,0.,0.));
#6295 = PCURVE('',#4550,#6296);
#6296 = DEFINITIONAL_REPRESENTATION('',(#6297),#6301);
#6297 = LINE('',#6298,#6299);
#6298 = CARTESIAN_POINT('',(0.,1.651));
#6299 = VECTOR('',#6300,1.);
#6300 = DIRECTION('',(1.,0.));
#6301 = ( GEOMETRIC_REPRESENTATION_CONTEXT(2) 
PARAMETRIC_REPRESENTATION_CONTEXT() REPRESENTATION_CONTEXT('2D SPACE',''
  ) );
#6302 = PCURVE('',#4627,#6303);
#6303 = DEFINITIONAL_REPRESENTATION('',(#6304),#6308);
#6304 = LINE('',#6305,#6306);
#6305 = CARTESIAN_POINT('',(3.628248229398,-15.24));
#6306 = VECTOR('',#6307,1.);
#6307 = DIRECTION('',(0.,1.));
#6308 = ( GEOMETRIC_REPRESENTATION_CONTEXT(2) 
PARAMETRIC_REPRESENTATION_CONTEXT() REPRESENTATION_CONTEXT('2D SPACE',''
  ) );
#6309 = ADVANCED_FACE('',(#6310),#4655,.F.);
#6310 = FACE_BOUND('',#6311,.F.);
#6311 = EDGE_LOOP('',(#6312,#6313,#6314,#6335));
#6312 = ORIENTED_EDGE('',*,*,#4788,.T.);
#6313 = ORIENTED_EDGE('',*,*,#4739,.T.);
#6314 = ORIENTED_EDGE('',*,*,#6315,.F.);
#6315 = EDGE_CURVE('',#4612,#4717,#6316,.T.);
#6316 = SURFACE_CURVE('',#6317,(#6321,#6328),.PCURVE_S1.);
#6317 = LINE('',#6318,#6319);
#6318 = CARTESIAN_POINT('',(53.6575,52.324,-16.51));
#6319 = VECTOR('',#6320,1.);
#6320 = DIRECTION('',(-1.,0.,0.));
#6321 = PCURVE('',#4655,#6322);
#6322 = DEFINITIONAL_REPRESENTATION('',(#6323),#6327);
#6323 = LINE('',#6324,#6325);
#6324 = CARTESIAN_POINT('',(4.392403125185,0.));
#6325 = VECTOR('',#6326,1.);
#6326 = DIRECTION('',(0.,-1.));
#6327 = ( GEOMETRIC_REPRESENTATION_CONTEXT(2) 
PARAMETRIC_REPRESENTATION_CONTEXT() REPRESENTATION_CONTEXT('2D SPACE',''
  ) );
#6328 = PCURVE('',#4627,#6329);
#6329 = DEFINITIONAL_REPRESENTATION('',(#6330),#6334);
#6330 = LINE('',#6331,#6332);
#6331 = CARTESIAN_POINT('',(0.,0.));
#6332 = VECTOR('',#6333,1.);
#6333 = DIRECTION('',(-0.,-1.));
#6334 = ( GEOMETRIC_REPRESENTATION_CONTEXT(2) 
PARAMETRIC_REPRESENTATION_CONTEXT() REPRESENTATION_CONTEXT('2D SPACE',''
  ) );
#6335 = ORIENTED_EDGE('',*,*,#4639,.F.);
#6336 = ADVANCED_FACE('',(#6337),#4627,.F.);
#6337 = FACE_BOUND('',#6338,.F.);
#6338 = EDGE_LOOP('',(#6339,#6340,#6341,#6342));
#6339 = ORIENTED_EDGE('',*,*,#6315,.T.);
#6340 = ORIENTED_EDGE('',*,*,#4716,.T.);
#6341 = ORIENTED_EDGE('',*,*,#6289,.T.);
#6342 = ORIENTED_EDGE('',*,*,#4611,.F.);
#6343 = ADVANCED_FACE('',(#6344),#5804,.F.);
#6344 = FACE_BOUND('',#6345,.T.);
#6345 = EDGE_LOOP('',(#6346,#6347,#6366,#6367));
#6346 = ORIENTED_EDGE('',*,*,#5783,.T.);
#6347 = ORIENTED_EDGE('',*,*,#6348,.T.);
#6348 = EDGE_CURVE('',#5784,#5911,#6349,.T.);
#6349 = SEAM_CURVE('',#6350,(#6354,#6360),.PCURVE_S1.);
#6350 = LINE('',#6351,#6352);
#6351 = CARTESIAN_POINT('',(-44.45,0.,-22.86));
#6352 = VECTOR('',#6353,1.);
#6353 = DIRECTION('',(0.,0.,1.));
#6354 = PCURVE('',#5804,#6355);
#6355 = DEFINITIONAL_REPRESENTATION('',(#6356),#6359);
#6356 = B_SPLINE_CURVE_WITH_KNOTS('',1,(#6357,#6358),.UNSPECIFIED.,.F.,
  .F.,(2,2),(5.08,8.89),.PIECEWISE_BEZIER_KNOTS.);
#6357 = CARTESIAN_POINT('',(-6.28318530718,-5.08));
#6358 = CARTESIAN_POINT('',(-6.28318530718,-8.89));
#6359 = ( GEOMETRIC_REPRESENTATION_CONTEXT(2) 
PARAMETRIC_REPRESENTATION_CONTEXT() REPRESENTATION_CONTEXT('2D SPACE',''
  ) );
#6360 = PCURVE('',#5804,#6361);
#6361 = DEFINITIONAL_REPRESENTATION('',(#6362),#6365);
#6362 = B_SPLINE_CURVE_WITH_KNOTS('',1,(#6363,#6364),.UNSPECIFIED.,.F.,
  .F.,(2,2),(5.08,8.89),.PIECEWISE_BEZIER_KNOTS.);
#6363 = CARTESIAN_POINT('',(0.,-5.08));
#6364 = CARTESIAN_POINT('',(0.,-8.89));
#6365 = ( GEOMETRIC_REPRESENTATION_CONTEXT(2) 
PARAMETRIC_REPRESENTATION_CONTEXT() REPRESENTATION_CONTEXT('2D SPACE',''
  ) );
#6366 = ORIENTED_EDGE('',*,*,#5910,.F.);
#6367 = ORIENTED_EDGE('',*,*,#6348,.F.);
#6368 = ADVANCED_FACE('',(#6369),#5838,.F.);
#6369 = FACE_BOUND('',#6370,.T.);
#6370 = EDGE_LOOP('',(#6371,#6372,#6391,#6392));
#6371 = ORIENTED_EDGE('',*,*,#5817,.T.);
#6372 = ORIENTED_EDGE('',*,*,#6373,.T.);
#6373 = EDGE_CURVE('',#5818,#6128,#6374,.T.);
#6374 = SEAM_CURVE('',#6375,(#6379,#6385),.PCURVE_S1.);
#6375 = LINE('',#6376,#6377);
#6376 = CARTESIAN_POINT('',(50.8,0.,-22.86));
#6377 = VECTOR('',#6378,1.);
#6378 = DIRECTION('',(0.,0.,1.));
#6379 = PCURVE('',#5838,#6380);
#6380 = DEFINITIONAL_REPRESENTATION('',(#6381),#6384);
#6381 = B_SPLINE_CURVE_WITH_KNOTS('',1,(#6382,#6383),.UNSPECIFIED.,.F.,
  .F.,(2,2),(5.08,8.89),.PIECEWISE_BEZIER_KNOTS.);
#6382 = CARTESIAN_POINT('',(-6.28318530718,-5.08));
#6383 = CARTESIAN_POINT('',(-6.28318530718,-8.89));
#6384 = ( GEOMETRIC_REPRESENTATION_CONTEXT(2) 
PARAMETRIC_REPRESENTATION_CONTEXT() REPRESENTATION_CONTEXT('2D SPACE',''
  ) );
#6385 = PCURVE('',#5838,#6386);
#6386 = DEFINITIONAL_REPRESENTATION('',(#6387),#6390);
#6387 = B_SPLINE_CURVE_WITH_KNOTS('',1,(#6388,#6389),.UNSPECIFIED.,.F.,
  .F.,(2,2),(5.08,8.89),.PIECEWISE_BEZIER_KNOTS.);
#6388 = CARTESIAN_POINT('',(0.,-5.08));
#6389 = CARTESIAN_POINT('',(0.,-8.89));
#6390 = ( GEOMETRIC_REPRESENTATION_CONTEXT(2) 
PARAMETRIC_REPRESENTATION_CONTEXT() REPRESENTATION_CONTEXT('2D SPACE',''
  ) );
#6391 = ORIENTED_EDGE('',*,*,#6127,.F.);
#6392 = ORIENTED_EDGE('',*,*,#6373,.F.);
#6393 = ( GEOMETRIC_REPRESENTATION_CONTEXT(3) 
GLOBAL_UNCERTAINTY_ASSIGNED_CONTEXT((#6397)) 
GLOBAL_UNIT_ASSIGNED_CONTEXT((#6394,#6395,#6396)) REPRESENTATION_CONTEXT
('Context #1','3D Context with UNIT and UNCERTAINTY') );
#6394 = ( LENGTH_UNIT() NAMED_UNIT(*) SI_UNIT(.MILLI.,.METRE.) );
#6395 = ( NAMED_UNIT(*) PLANE_ANGLE_UNIT() SI_UNIT($,.RADIAN.) );
#6396 = ( NAMED_UNIT(*) SI_UNIT($,.STERADIAN.) SOLID_ANGLE_UNIT() );
#6397 = UNCERTAINTY_MEASURE_WITH_UNIT(LENGTH_MEASURE(5.E-06),#6394,
  'distance_accuracy_value','confusion accuracy');
#6398 = CONTEXT_DEPENDENT_SHAPE_REPRESENTATION(#6399,#6401);
#6399 = ( REPRESENTATION_RELATIONSHIP('','',#48,#10) 
REPRESENTATION_RELATIONSHIP_WITH_TRANSFORMATION(#6400) 
SHAPE_REPRESENTATION_RELATIONSHIP() );
#6400 = ITEM_DEFINED_TRANSFORMATION('','',#11,#15);
#6401 = PRODUCT_DEFINITION_SHAPE('Placement','Placement of an item',
  #6402);
#6402 = NEXT_ASSEMBLY_USAGE_OCCURRENCE('1','base','',#5,#43,$);
#6403 = PRODUCT_RELATED_PRODUCT_CATEGORY('part',$,(#45));
#6404 = SHAPE_DEFINITION_REPRESENTATION(#6405,#6411);
#6405 = PRODUCT_DEFINITION_SHAPE('','',#6406);
#6406 = PRODUCT_DEFINITION('design','',#6407,#6410);
#6407 = PRODUCT_DEFINITION_FORMATION('','',#6408);
#6408 = PRODUCT('collar-L','collar-L','',(#6409));
#6409 = PRODUCT_CONTEXT('',#2,'mechanical');
#6410 = PRODUCT_DEFINITION_CONTEXT('part definition',#2,'design');
#6411 = ADVANCED_BREP_SHAPE_REPRESENTATION('',(#11,#6412),#8025);
#6412 = MANIFOLD_SOLID_BREP('',#6413);
#6413 = CLOSED_SHELL('',(#6414,#6774,#6836,#7140,#7167,#7239,#7266,#7320
    ,#7355,#7598,#7765,#7813,#7861,#7888,#7936,#7984,#8011,#8018));
#6414 = ADVANCED_FACE('',(#6415),#6428,.T.);
#6415 = FACE_BOUND('',#6416,.T.);
#6416 = EDGE_LOOP('',(#6417,#6450,#6471,#6622,#6650,#6773));
#6417 = ORIENTED_EDGE('',*,*,#6418,.T.);
#6418 = EDGE_CURVE('',#6419,#6419,#6421,.T.);
#6419 = VERTEX_POINT('',#6420);
#6420 = CARTESIAN_POINT('',(42.286766666667,-1.035727068892E-14,5.8928)
  );
#6421 = SURFACE_CURVE('',#6422,(#6427,#6438),.PCURVE_S1.);
#6422 = CIRCLE('',#6423,42.286766666667);
#6423 = AXIS2_PLACEMENT_3D('',#6424,#6425,#6426);
#6424 = CARTESIAN_POINT('',(0.,0.,5.8928));
#6425 = DIRECTION('',(0.,0.,1.));
#6426 = DIRECTION('',(1.,0.,-0.));
#6427 = PCURVE('',#6428,#6433);
#6428 = CONICAL_SURFACE('',#6429,42.037,9.801821662382E-02);
#6429 = AXIS2_PLACEMENT_3D('',#6430,#6431,#6432);
#6430 = CARTESIAN_POINT('',(0.,0.,3.3528));
#6431 = DIRECTION('',(0.,0.,1.));
#6432 = DIRECTION('',(1.,0.,-0.));
#6433 = DEFINITIONAL_REPRESENTATION('',(#6434),#6437);
#6434 = B_SPLINE_CURVE_WITH_KNOTS('',1,(#6435,#6436),.UNSPECIFIED.,.F.,
  .F.,(2,2),(0.,6.28318530718),.PIECEWISE_BEZIER_KNOTS.);
#6435 = CARTESIAN_POINT('',(0.,2.54));
#6436 = CARTESIAN_POINT('',(6.28318530718,2.54));
#6437 = ( GEOMETRIC_REPRESENTATION_CONTEXT(2) 
PARAMETRIC_REPRESENTATION_CONTEXT() REPRESENTATION_CONTEXT('2D SPACE',''
  ) );
#6438 = PCURVE('',#6439,#6444);
#6439 = PLANE('',#6440);
#6440 = AXIS2_PLACEMENT_3D('',#6441,#6442,#6443);
#6441 = CARTESIAN_POINT('',(0.,0.,5.8928));
#6442 = DIRECTION('',(0.,0.,1.));
#6443 = DIRECTION('',(1.,0.,-0.));
#6444 = DEFINITIONAL_REPRESENTATION('',(#6445),#6449);
#6445 = CIRCLE('',#6446,42.286766666667);
#6446 = AXIS2_PLACEMENT_2D('',#6447,#6448);
#6447 = CARTESIAN_POINT('',(0.,0.));
#6448 = DIRECTION('',(1.,0.));
#6449 = ( GEOMETRIC_REPRESENTATION_CONTEXT(2) 
PARAMETRIC_REPRESENTATION_CONTEXT() REPRESENTATION_CONTEXT('2D SPACE',''
  ) );
#6450 = ORIENTED_EDGE('',*,*,#6451,.T.);
#6451 = EDGE_CURVE('',#6419,#6452,#6454,.T.);
#6452 = VERTEX_POINT('',#6453);
#6453 = CARTESIAN_POINT('',(43.942,-1.076268592963E-14,22.725681355932)
  );
#6454 = SEAM_CURVE('',#6455,(#6459,#6465),.PCURVE_S1.);
#6455 = LINE('',#6456,#6457);
#6456 = CARTESIAN_POINT('',(42.037,-1.029609549915E-14,3.3528));
#6457 = VECTOR('',#6458,1.);
#6458 = DIRECTION('',(9.786133917753E-02,-2.396911515681E-17,
    0.995200059432));
#6459 = PCURVE('',#6428,#6460);
#6460 = DEFINITIONAL_REPRESENTATION('',(#6461),#6464);
#6461 = B_SPLINE_CURVE_WITH_KNOTS('',1,(#6462,#6463),.UNSPECIFIED.,.F.,
  .F.,(2,2),(2.55225065144,19.466318527935),.PIECEWISE_BEZIER_KNOTS.);
#6462 = CARTESIAN_POINT('',(0.,2.54));
#6463 = CARTESIAN_POINT('',(0.,19.372881355932));
#6464 = ( GEOMETRIC_REPRESENTATION_CONTEXT(2) 
PARAMETRIC_REPRESENTATION_CONTEXT() REPRESENTATION_CONTEXT('2D SPACE',''
  ) );
#6465 = PCURVE('',#6428,#6466);
#6466 = DEFINITIONAL_REPRESENTATION('',(#6467),#6470);
#6467 = B_SPLINE_CURVE_WITH_KNOTS('',1,(#6468,#6469),.UNSPECIFIED.,.F.,
  .F.,(2,2),(2.55225065144,19.466318527935),.PIECEWISE_BEZIER_KNOTS.);
#6468 = CARTESIAN_POINT('',(6.28318530718,2.54));
#6469 = CARTESIAN_POINT('',(6.28318530718,19.372881355932));
#6470 = ( GEOMETRIC_REPRESENTATION_CONTEXT(2) 
PARAMETRIC_REPRESENTATION_CONTEXT() REPRESENTATION_CONTEXT('2D SPACE',''
  ) );
#6471 = ORIENTED_EDGE('',*,*,#6472,.T.);
#6472 = EDGE_CURVE('',#6452,#6473,#6475,.T.);
#6473 = VERTEX_POINT('',#6474);
#6474 = CARTESIAN_POINT('',(46.683845333333,-16.54809611083,79.5528));
#6475 = SURFACE_CURVE('',#6476,(#6521,#6569),.PCURVE_S1.);
#6476 = B_SPLINE_CURVE_WITH_KNOTS('',7,(#6477,#6478,#6479,#6480,#6481,
    #6482,#6483,#6484,#6485,#6486,#6487,#6488,#6489,#6490,#6491,#6492,
    #6493,#6494,#6495,#6496,#6497,#6498,#6499,#6500,#6501,#6502,#6503,
    #6504,#6505,#6506,#6507,#6508,#6509,#6510,#6511,#6512,#6513,#6514,
    #6515,#6516,#6517,#6518,#6519,#6520),.UNSPECIFIED.,.F.,.F.,(8,6,6,6,
    6,6,6,8),(0.,3.469556223171E-02,6.643381058768E-02,0.111937695716,
    0.22274581122,0.45394521137,0.760667506802,1.),.UNSPECIFIED.);
#6477 = CARTESIAN_POINT('',(43.942,5.639932965096E-15,22.725681355932));
#6478 = CARTESIAN_POINT('',(43.942,-0.423848282751,22.725681355932));
#6479 = CARTESIAN_POINT('',(43.946086395529,-0.813532004647,
    22.815760568062));
#6480 = CARTESIAN_POINT('',(43.953064757753,-1.165726643972,
    22.969589945872));
#6481 = CARTESIAN_POINT('',(43.961730915744,-1.482507948801,
    23.160507119181));
#6482 = CARTESIAN_POINT('',(43.971334480802,-1.767430685336,
    23.371944935819));
#6483 = CARTESIAN_POINT('',(43.981460548344,-2.026300646719,
    23.594754028421));
#6484 = CARTESIAN_POINT('',(44.001867117948,-2.487652412786,
    24.043482216916));
#6485 = CARTESIAN_POINT('',(44.01200821231,-2.691895524226,
    24.266359072075));
#6486 = CARTESIAN_POINT('',(44.02242146642,-2.883742234096,
    24.495083874777));
#6487 = CARTESIAN_POINT('',(44.033036770398,-3.065212379865,
    24.728105491073));
#6488 = CARTESIAN_POINT('',(44.043809318833,-3.237749196114,
    24.964433137874));
#6489 = CARTESIAN_POINT('',(44.05471009151,-3.40270038541,25.20342438053
    ));
#6490 = CARTESIAN_POINT('',(44.081532551957,-3.788223001539,
    25.791114397821));
#6491 = CARTESIAN_POINT('',(44.09756052979,-4.001622076687,
    26.141982256032));
#6492 = CARTESIAN_POINT('',(44.11375968657,-4.204135944062,
    26.496274682653));
#6493 = CARTESIAN_POINT('',(44.130095195196,-4.397446498681,
    26.853219667301));
#6494 = CARTESIAN_POINT('',(44.146543630044,-4.582763259232,
    27.212298130796));
#6495 = CARTESIAN_POINT('',(44.163088962236,-4.761125505148,
    27.573154237882));
#6496 = CARTESIAN_POINT('',(44.220231949078,-5.352674726299,
    28.818280170152));
#6497 = CARTESIAN_POINT('',(44.261242803464,-5.735264246441,
    29.709881894929));
#6498 = CARTESIAN_POINT('',(44.302607697693,-6.092542273642,
    30.60711444515));
#6499 = CARTESIAN_POINT('',(44.344258662345,-6.428874119684,
    31.508466194238));
#6500 = CARTESIAN_POINT('',(44.38614391117,-6.748284508347,
    32.412788742957));
#6501 = CARTESIAN_POINT('',(44.428242042858,-7.053162593656,
    33.319602417387));
#6502 = CARTESIAN_POINT('',(44.558818628152,-7.955824115493,
    36.125757943072));
#6503 = CARTESIAN_POINT('',(44.647932964839,-8.511510595505,
    38.031709924706));
#6504 = CARTESIAN_POINT('',(44.73773919128,-9.030411766059,
    39.943216665224));
#6505 = CARTESIAN_POINT('',(44.828170364329,-9.518981310985,
    41.858777954946));
#6506 = CARTESIAN_POINT('',(44.919174588207,-9.983273891222,
    43.777237568195));
#6507 = CARTESIAN_POINT('',(45.010731747552,-10.42671658944,
    45.698136367106));
#6508 = CARTESIAN_POINT('',(45.225032169172,-11.41697021011,
    50.17281832817));
#6509 = CARTESIAN_POINT('',(45.348168797744,-11.95010152104,
    52.727863249549));
#6510 = CARTESIAN_POINT('',(45.472208030756,-12.45830380331,
    55.285574875038));
#6511 = CARTESIAN_POINT('',(45.597124434963,-12.94551960756,
    57.845374045359));
#6512 = CARTESIAN_POINT('',(45.722900778299,-13.41454196897,
    60.406869241407));
#6513 = CARTESIAN_POINT('',(45.849525239483,-13.86769372776,
    62.969788045181));
#6514 = CARTESIAN_POINT('',(46.076453774573,-14.64924738114,
    67.534818259069));
#6515 = CARTESIAN_POINT('',(46.176426686135,-14.98318557815,
    69.536395185184));
#6516 = CARTESIAN_POINT('',(46.276907030484,-15.30934184016,
    71.538629105955));
#6517 = CARTESIAN_POINT('',(46.3778914829,-15.62839310639,
    73.541442860256));
#6518 = CARTESIAN_POINT('',(46.479377367935,-15.94089683676,
    75.544774297302));
#6519 = CARTESIAN_POINT('',(46.581362551563,-16.24732467484,
    77.548573498615));
#6520 = CARTESIAN_POINT('',(46.683845333333,-16.54809611083,79.5528));
#6521 = PCURVE('',#6428,#6522);
#6522 = DEFINITIONAL_REPRESENTATION('',(#6523),#6568);
#6523 = B_SPLINE_CURVE_WITH_KNOTS('',7,(#6524,#6525,#6526,#6527,#6528,
    #6529,#6530,#6531,#6532,#6533,#6534,#6535,#6536,#6537,#6538,#6539,
    #6540,#6541,#6542,#6543,#6544,#6545,#6546,#6547,#6548,#6549,#6550,
    #6551,#6552,#6553,#6554,#6555,#6556,#6557,#6558,#6559,#6560,#6561,
    #6562,#6563,#6564,#6565,#6566,#6567),.UNSPECIFIED.,.F.,.F.,(8,6,6,6,
    6,6,6,8),(0.,3.469556223171E-02,6.643381058768E-02,0.111937695716,
    0.22274581122,0.45394521137,0.760667506802,1.),.UNSPECIFIED.);
#6524 = CARTESIAN_POINT('',(6.28318530718,19.372881355932));
#6525 = CARTESIAN_POINT('',(6.273539676968,19.372881355932));
#6526 = CARTESIAN_POINT('',(6.264671521616,19.462960568062));
#6527 = CARTESIAN_POINT('',(6.256663305113,19.616789945872));
#6528 = CARTESIAN_POINT('',(6.249469265602,19.807707119181));
#6529 = CARTESIAN_POINT('',(6.243007056098,20.019144935819));
#6530 = CARTESIAN_POINT('',(6.237143364647,20.241954028421));
#6531 = CARTESIAN_POINT('',(6.226707843232,20.690682216916));
#6532 = CARTESIAN_POINT('',(6.222094836723,20.913559072075));
#6533 = CARTESIAN_POINT('',(6.217768205257,21.142283874777));
#6534 = CARTESIAN_POINT('',(6.213681639104,21.375305491073));
#6535 = CARTESIAN_POINT('',(6.209801999867,21.611633137874));
#6536 = CARTESIAN_POINT('',(6.20609839866,21.85062438053));
#6537 = CARTESIAN_POINT('',(6.197455228469,22.438314397821));
#6538 = CARTESIAN_POINT('',(6.192682257104,22.789182256032));
#6539 = CARTESIAN_POINT('',(6.188163147048,23.143474682653));
#6540 = CARTESIAN_POINT('',(6.183859201257,23.500419667301));
#6541 = CARTESIAN_POINT('',(6.17974254597,23.859498130796));
#6542 = CARTESIAN_POINT('',(6.175789246319,24.220354237882));
#6543 = CARTESIAN_POINT('',(6.162707188661,25.465480170152));
#6544 = CARTESIAN_POINT('',(6.154298616293,26.357081894929));
#6545 = CARTESIAN_POINT('',(6.146491457989,27.25431444515));
#6546 = CARTESIAN_POINT('',(6.13918411977,28.155666194238));
#6547 = CARTESIAN_POINT('',(6.132283152128,29.059988742957));
#6548 = CARTESIAN_POINT('',(6.125732810012,29.966802417387));
#6549 = CARTESIAN_POINT('',(6.106446078911,32.772957943072));
#6550 = CARTESIAN_POINT('',(6.094730439031,34.678909924705));
#6551 = CARTESIAN_POINT('',(6.083923047897,36.590416665226));
#6552 = CARTESIAN_POINT('',(6.073870309452,38.505977954944));
#6553 = CARTESIAN_POINT('',(6.064428836317,40.424437568195));
#6554 = CARTESIAN_POINT('',(6.055516386454,42.345336367106));
#6555 = CARTESIAN_POINT('',(6.035843142138,46.82001832817));
#6556 = CARTESIAN_POINT('',(6.025432164605,49.375063249548));
#6557 = CARTESIAN_POINT('',(6.015669624279,51.932774875038));
#6558 = CARTESIAN_POINT('',(6.006459266982,54.49257404536));
#6559 = CARTESIAN_POINT('',(5.9977321404,57.054069241407));
#6560 = CARTESIAN_POINT('',(5.989430719568,59.616988045181));
#6561 = CARTESIAN_POINT('',(5.975332825946,64.182018259069));
#6562 = CARTESIAN_POINT('',(5.969386641579,66.183595185184));
#6563 = CARTESIAN_POINT('',(5.963652491819,68.185829105955));
#6564 = CARTESIAN_POINT('',(5.95811326143,70.188642860256));
#6565 = CARTESIAN_POINT('',(5.952754723635,72.191974297302));
#6566 = CARTESIAN_POINT('',(5.947564741746,74.195773498615));
#6567 = CARTESIAN_POINT('',(5.942532470793,76.2));
#6568 = ( GEOMETRIC_REPRESENTATION_CONTEXT(2) 
PARAMETRIC_REPRESENTATION_CONTEXT() REPRESENTATION_CONTEXT('2D SPACE',''
  ) );
#6569 = PCURVE('',#6570,#6575);
#6570 = CYLINDRICAL_SURFACE('',#6571,51.308);
#6571 = AXIS2_PLACEMENT_3D('',#6572,#6573,#6574);
#6572 = CARTESIAN_POINT('',(95.25,0.,-88.9));
#6573 = DIRECTION('',(0.,0.,1.));
#6574 = DIRECTION('',(1.,0.,-0.));
#6575 = DEFINITIONAL_REPRESENTATION('',(#6576),#6621);
#6576 = B_SPLINE_CURVE_WITH_KNOTS('',7,(#6577,#6578,#6579,#6580,#6581,
    #6582,#6583,#6584,#6585,#6586,#6587,#6588,#6589,#6590,#6591,#6592,
    #6593,#6594,#6595,#6596,#6597,#6598,#6599,#6600,#6601,#6602,#6603,
    #6604,#6605,#6606,#6607,#6608,#6609,#6610,#6611,#6612,#6613,#6614,
    #6615,#6616,#6617,#6618,#6619,#6620),.UNSPECIFIED.,.F.,.F.,(8,6,6,6,
    6,6,6,8),(0.,3.469556223171E-02,6.643381058768E-02,0.111937695716,
    0.22274581122,0.45394521137,0.760667506802,1.),.UNSPECIFIED.);
#6577 = CARTESIAN_POINT('',(3.14159265359,111.62568135593));
#6578 = CARTESIAN_POINT('',(3.149853515108,111.62568135593));
#6579 = CARTESIAN_POINT('',(3.157448502327,111.71576056806));
#6580 = CARTESIAN_POINT('',(3.16431375514,111.86958994587));
#6581 = CARTESIAN_POINT('',(3.170489934766,112.06050711918));
#6582 = CARTESIAN_POINT('',(3.17604613017,112.27194493581));
#6583 = CARTESIAN_POINT('',(3.181095334837,112.49475402842));
#6584 = CARTESIAN_POINT('',(3.190095936274,112.94348221691));
#6585 = CARTESIAN_POINT('',(3.194081508805,113.16635907207));
#6586 = CARTESIAN_POINT('',(3.197826071424,113.39508387477));
#6587 = CARTESIAN_POINT('',(3.201368945552,113.62810549107));
#6588 = CARTESIAN_POINT('',(3.204738221099,113.86443313787));
#6589 = CARTESIAN_POINT('',(3.207960136288,114.10342438053));
#6590 = CARTESIAN_POINT('',(3.215492189115,114.69111439782));
#6591 = CARTESIAN_POINT('',(3.219663018611,115.04198225603));
#6592 = CARTESIAN_POINT('',(3.223622577932,115.39627468265));
#6593 = CARTESIAN_POINT('',(3.227403593069,115.7532196673));
#6594 = CARTESIAN_POINT('',(3.231029593067,116.11229813079));
#6595 = CARTESIAN_POINT('',(3.234520797678,116.47315423788));
#6596 = CARTESIAN_POINT('',(3.246103840994,117.71828017015));
#6597 = CARTESIAN_POINT('',(3.253602870348,118.60988189492));
#6598 = CARTESIAN_POINT('',(3.260612418606,119.50711444515));
#6599 = CARTESIAN_POINT('',(3.26721729278,120.40846619423));
#6600 = CARTESIAN_POINT('',(3.27349571186,121.31278874295));
#6601 = CARTESIAN_POINT('',(3.279494081566,122.21960241738));
#6602 = CARTESIAN_POINT('',(3.29727019938,125.02575794307));
#6603 = CARTESIAN_POINT('',(3.30823770104,126.9317099247));
#6604 = CARTESIAN_POINT('',(3.318500368596,128.84321666522));
#6605 = CARTESIAN_POINT('',(3.328183277782,130.75877795494));
#6606 = CARTESIAN_POINT('',(3.337403860858,132.67723756819));
#6607 = CARTESIAN_POINT('',(3.346228509052,134.5981363671));
#6608 = CARTESIAN_POINT('',(3.365975461575,139.07281832817));
#6609 = CARTESIAN_POINT('',(3.37663880025,141.62786324954));
#6610 = CARTESIAN_POINT('',(3.386833288142,144.18557487503));
#6611 = CARTESIAN_POINT('',(3.396635229193,146.74537404535));
#6612 = CARTESIAN_POINT('',(3.406098653924,149.3068692414));
#6613 = CARTESIAN_POINT('',(3.41526851022,151.86978804518));
#6614 = CARTESIAN_POINT('',(3.431130209984,156.43481825906));
#6615 = CARTESIAN_POINT('',(3.437923885553,158.43639518518));
#6616 = CARTESIAN_POINT('',(3.444575208529,160.43862910595));
#6617 = CARTESIAN_POINT('',(3.451097274408,162.44144286025));
#6618 = CARTESIAN_POINT('',(3.457500868252,164.4447742973));
#6619 = CARTESIAN_POINT('',(3.463795117152,166.44857349861));
#6620 = CARTESIAN_POINT('',(3.469988142687,168.4528));
#6621 = ( GEOMETRIC_REPRESENTATION_CONTEXT(2) 
PARAMETRIC_REPRESENTATION_CONTEXT() REPRESENTATION_CONTEXT('2D SPACE',''
  ) );
#6622 = ORIENTED_EDGE('',*,*,#6623,.F.);
#6623 = EDGE_CURVE('',#6624,#6473,#6626,.T.);
#6624 = VERTEX_POINT('',#6625);
#6625 = CARTESIAN_POINT('',(46.683845333333,16.548096110834,79.5528));
#6626 = SURFACE_CURVE('',#6627,(#6632,#6638),.PCURVE_S1.);
#6627 = CIRCLE('',#6628,49.53);
#6628 = AXIS2_PLACEMENT_3D('',#6629,#6630,#6631);
#6629 = CARTESIAN_POINT('',(0.,0.,79.5528));
#6630 = DIRECTION('',(0.,0.,1.));
#6631 = DIRECTION('',(1.,0.,-0.));
#6632 = PCURVE('',#6428,#6633);
#6633 = DEFINITIONAL_REPRESENTATION('',(#6634),#6637);
#6634 = B_SPLINE_CURVE_WITH_KNOTS('',1,(#6635,#6636),.UNSPECIFIED.,.F.,
  .F.,(2,2),(0.340652836387,5.942532470793),.PIECEWISE_BEZIER_KNOTS.);
#6635 = CARTESIAN_POINT('',(0.340652836387,76.2));
#6636 = CARTESIAN_POINT('',(5.942532470793,76.2));
#6637 = ( GEOMETRIC_REPRESENTATION_CONTEXT(2) 
PARAMETRIC_REPRESENTATION_CONTEXT() REPRESENTATION_CONTEXT('2D SPACE',''
  ) );
#6638 = PCURVE('',#6639,#6644);
#6639 = PLANE('',#6640);
#6640 = AXIS2_PLACEMENT_3D('',#6641,#6642,#6643);
#6641 = CARTESIAN_POINT('',(0.,0.,79.5528));
#6642 = DIRECTION('',(0.,0.,1.));
#6643 = DIRECTION('',(1.,0.,-0.));
#6644 = DEFINITIONAL_REPRESENTATION('',(#6645),#6649);
#6645 = CIRCLE('',#6646,49.53);
#6646 = AXIS2_PLACEMENT_2D('',#6647,#6648);
#6647 = CARTESIAN_POINT('',(0.,0.));
#6648 = DIRECTION('',(1.,0.));
#6649 = ( GEOMETRIC_REPRESENTATION_CONTEXT(2) 
PARAMETRIC_REPRESENTATION_CONTEXT() REPRESENTATION_CONTEXT('2D SPACE',''
  ) );
#6650 = ORIENTED_EDGE('',*,*,#6651,.T.);
#6651 = EDGE_CURVE('',#6624,#6452,#6652,.T.);
#6652 = SURFACE_CURVE('',#6653,(#6691,#6732),.PCURVE_S1.);
#6653 = B_SPLINE_CURVE_WITH_KNOTS('',8,(#6654,#6655,#6656,#6657,#6658,
    #6659,#6660,#6661,#6662,#6663,#6664,#6665,#6666,#6667,#6668,#6669,
    #6670,#6671,#6672,#6673,#6674,#6675,#6676,#6677,#6678,#6679,#6680,
    #6681,#6682,#6683,#6684,#6685,#6686,#6687,#6688,#6689,#6690),
  .UNSPECIFIED.,.F.,.F.,(9,7,7,7,7,9),(0.,0.516798212779,0.761471956511,
    0.882638837946,0.940426575525,1.),.UNSPECIFIED.);
#6654 = CARTESIAN_POINT('',(46.683845333333,16.548096110834,79.5528));
#6655 = CARTESIAN_POINT('',(46.48983985218,15.97871941996,
    75.758690199092));
#6656 = CARTESIAN_POINT('',(46.297591178965,15.389529162728,
    71.96627543727));
#6657 = CARTESIAN_POINT('',(46.107100035028,14.777768140321,
    68.175622388844));
#6658 = CARTESIAN_POINT('',(45.918375973622,14.140375350012,
    64.386968128979));
#6659 = CARTESIAN_POINT('',(45.731442926015,13.472678963878,
    60.60085715646));
#6660 = CARTESIAN_POINT('',(45.546336424772,12.768853720747,
    56.818093891754));
#6661 = CARTESIAN_POINT('',(45.36310775132,12.020688605335,
    53.039852673922));
#6662 = CARTESIAN_POINT('',(45.096035425961,10.827970213862,
    47.482671537027));
#6663 = CARTESIAN_POINT('',(45.010673438625,10.431041713345,
    45.698781153052));
#6664 = CARTESIAN_POINT('',(44.925766513122,10.018503631482,
    43.916689046757));
#6665 = CARTESIAN_POINT('',(44.841325066848,9.588220997501,
    42.136637886482));
#6666 = CARTESIAN_POINT('',(44.75737321807,9.137009037398,
    40.359168270324));
#6667 = CARTESIAN_POINT('',(44.673946587905,8.660907783856,
    38.585076656511));
#6668 = CARTESIAN_POINT('',(44.591096745284,8.154366560886,
    36.815521888593));
#6669 = CARTESIAN_POINT('',(44.468219558745,7.334644094027,
    34.179567808303));
#6670 = CARTESIAN_POINT('',(44.427699329555,7.053017705106,
    33.308433253043));
#6671 = CARTESIAN_POINT('',(44.387358178041,6.759765535722,
    32.439258091245));
#6672 = CARTESIAN_POINT('',(44.347207493836,6.453269815659,
    31.572300669159));
#6673 = CARTESIAN_POINT('',(44.307274808112,6.131105142344,
    30.708172916666));
#6674 = CARTESIAN_POINT('',(44.267600958876,5.790295589315,
    29.847781600635));
#6675 = CARTESIAN_POINT('',(44.228245303218,5.426691943626,
    28.992448154488));
#6676 = CARTESIAN_POINT('',(44.170750805351,4.843243471102,
    27.740241771003));
#6677 = CARTESIAN_POINT('',(44.152293778592,4.647808583516,
    27.337842180426));
#6678 = CARTESIAN_POINT('',(44.133949299726,4.444294082493,
    26.937487814969));
#6679 = CARTESIAN_POINT('',(44.115730358115,4.231566278493,
    26.539468624657));
#6680 = CARTESIAN_POINT('',(44.097665189505,4.008044918797,
    26.144409917715));
#6681 = CARTESIAN_POINT('',(44.079795317991,3.771817634829,
    25.753231004641));
#6682 = CARTESIAN_POINT('',(44.062180418437,3.520267435775,
    25.367254595727));
#6683 = CARTESIAN_POINT('',(44.027135520056,2.967822960705,
    24.59862814183));
#6684 = CARTESIAN_POINT('',(44.010902920352,2.684174282717,
    24.242217270612));
#6685 = CARTESIAN_POINT('',(43.994950866687,2.375963381038,
    23.891689970646));
#6686 = CARTESIAN_POINT('',(43.978949523291,2.025570577744,
    23.53975752328));
#6687 = CARTESIAN_POINT('',(43.96356810917,1.620271200726,
    23.201122738027));
#6688 = CARTESIAN_POINT('',(43.950356554523,1.15179809985,22.90989062792
    ));
#6689 = CARTESIAN_POINT('',(43.942,0.612464600586,22.725681355932));
#6690 = CARTESIAN_POINT('',(43.942,-1.076268592963E-14,22.725681355932)
  );
#6691 = PCURVE('',#6428,#6692);
#6692 = DEFINITIONAL_REPRESENTATION('',(#6693),#6731);
#6693 = B_SPLINE_CURVE_WITH_KNOTS('',8,(#6694,#6695,#6696,#6697,#6698,
    #6699,#6700,#6701,#6702,#6703,#6704,#6705,#6706,#6707,#6708,#6709,
    #6710,#6711,#6712,#6713,#6714,#6715,#6716,#6717,#6718,#6719,#6720,
    #6721,#6722,#6723,#6724,#6725,#6726,#6727,#6728,#6729,#6730),
  .UNSPECIFIED.,.F.,.F.,(9,7,7,7,7,9),(0.,0.516798212779,0.761471956511,
    0.882638837946,0.940426575525,1.),.UNSPECIFIED.);
#6694 = CARTESIAN_POINT('',(0.340652836387,76.2));
#6695 = CARTESIAN_POINT('',(0.331126473708,72.405890199092));
#6696 = CARTESIAN_POINT('',(0.321047276339,68.61347543727));
#6697 = CARTESIAN_POINT('',(0.310344456776,64.822822388843));
#6698 = CARTESIAN_POINT('',(0.298939118011,61.034168128979));
#6699 = CARTESIAN_POINT('',(0.286713737284,57.248057156462));
#6700 = CARTESIAN_POINT('',(0.273522465906,53.465293891753));
#6701 = CARTESIAN_POINT('',(0.259162009891,49.687052673922));
#6702 = CARTESIAN_POINT('',(0.235676598588,44.129871537027));
#6703 = CARTESIAN_POINT('',(0.227777581995,42.345981153053));
#6704 = CARTESIAN_POINT('',(0.219479716464,40.563889046756));
#6705 = CARTESIAN_POINT('',(0.210731625749,38.783837886482));
#6706 = CARTESIAN_POINT('',(0.201457393352,37.006368270325));
#6707 = CARTESIAN_POINT('',(0.191562794046,35.232276656511));
#6708 = CARTESIAN_POINT('',(0.180916433136,33.462721888593));
#6709 = CARTESIAN_POINT('',(0.163480369184,30.826767808303));
#6710 = CARTESIAN_POINT('',(0.157458569201,29.955633253043));
#6711 = CARTESIAN_POINT('',(0.151155090503,29.086458091245));
#6712 = CARTESIAN_POINT('',(0.14453214594,28.219500669159));
#6713 = CARTESIAN_POINT('',(0.137533285043,27.355372916666));
#6714 = CARTESIAN_POINT('',(0.130089257955,26.494981600635));
#6715 = CARTESIAN_POINT('',(0.12210375573,25.639648154488));
#6716 = CARTESIAN_POINT('',(0.109215622849,24.387441771003));
#6717 = CARTESIAN_POINT('',(0.104888006139,23.985042180426));
#6718 = CARTESIAN_POINT('',(0.100370456532,23.584687814969));
#6719 = CARTESIAN_POINT('',(9.563685588227E-02,23.186668624657));
#6720 = CARTESIAN_POINT('',(9.065081217049E-02,22.791609917715));
#6721 = CARTESIAN_POINT('',(8.536827669037E-02,22.400431004641));
#6722 = CARTESIAN_POINT('',(7.972906141837E-02,22.014454595727));
#6723 = CARTESIAN_POINT('',(6.731252204076E-02,21.24582814183));
#6724 = CARTESIAN_POINT('',(6.092188872818E-02,20.889417270612));
#6725 = CARTESIAN_POINT('',(5.396484986335E-02,20.538889970646));
#6726 = CARTESIAN_POINT('',(4.604009286436E-02,20.18695752328));
#6727 = CARTESIAN_POINT('',(3.685406251795E-02,19.848322738027));
#6728 = CARTESIAN_POINT('',(2.621178694248E-02,19.55709062792));
#6729 = CARTESIAN_POINT('',(1.393802286165E-02,19.372881355932));
#6730 = CARTESIAN_POINT('',(0.,19.372881355932));
#6731 = ( GEOMETRIC_REPRESENTATION_CONTEXT(2) 
PARAMETRIC_REPRESENTATION_CONTEXT() REPRESENTATION_CONTEXT('2D SPACE',''
  ) );
#6732 = PCURVE('',#6570,#6733);
#6733 = DEFINITIONAL_REPRESENTATION('',(#6734),#6772);
#6734 = B_SPLINE_CURVE_WITH_KNOTS('',8,(#6735,#6736,#6737,#6738,#6739,
    #6740,#6741,#6742,#6743,#6744,#6745,#6746,#6747,#6748,#6749,#6750,
    #6751,#6752,#6753,#6754,#6755,#6756,#6757,#6758,#6759,#6760,#6761,
    #6762,#6763,#6764,#6765,#6766,#6767,#6768,#6769,#6770,#6771),
  .UNSPECIFIED.,.F.,.F.,(9,7,7,7,7,9),(0.,0.516798212779,0.761471956511,
    0.882638837946,0.940426575525,1.),.UNSPECIFIED.);
#6735 = CARTESIAN_POINT('',(2.813197164492,168.4528));
#6736 = CARTESIAN_POINT('',(2.824920898742,164.65869019909));
#6737 = CARTESIAN_POINT('',(2.83699910291,160.86627543727));
#6738 = CARTESIAN_POINT('',(2.849485206872,157.07562238884));
#6739 = CARTESIAN_POINT('',(2.862438425791,153.28696812897));
#6740 = CARTESIAN_POINT('',(2.875949146831,149.50085715646));
#6741 = CARTESIAN_POINT('',(2.89013001443,145.71809389175));
#6742 = CARTESIAN_POINT('',(2.905139825746,141.93985267392));
#6743 = CARTESIAN_POINT('',(2.928961724449,136.38267153702));
#6744 = CARTESIAN_POINT('',(2.936874501598,134.59878115305));
#6745 = CARTESIAN_POINT('',(2.945082932701,132.81668904675));
#6746 = CARTESIAN_POINT('',(2.953628374886,131.03663788648));
#6747 = CARTESIAN_POINT('',(2.96257256392,129.25916827032));
#6748 = CARTESIAN_POINT('',(2.971992262767,127.48507665651));
#6749 = CARTESIAN_POINT('',(2.981995118947,125.71552188859));
#6750 = CARTESIAN_POINT('',(2.998150124173,123.0795678083));
#6751 = CARTESIAN_POINT('',(3.003695485631,122.20843325304));
#6752 = CARTESIAN_POINT('',(3.00946465885,121.33925809124));
#6753 = CARTESIAN_POINT('',(3.015489064508,120.47230066915));
#6754 = CARTESIAN_POINT('',(3.021815826204,119.60817291666));
#6755 = CARTESIAN_POINT('',(3.02850276213,118.74778160063));
#6756 = CARTESIAN_POINT('',(3.035630511816,117.89244815448));
#6757 = CARTESIAN_POINT('',(3.047057081857,116.640241771));
#6758 = CARTESIAN_POINT('',(3.050883051457,116.23784218042));
#6759 = CARTESIAN_POINT('',(3.054865599194,115.83748781496));
#6760 = CARTESIAN_POINT('',(3.059026780962,115.43946862465));
#6761 = CARTESIAN_POINT('',(3.063397341053,115.04440991771));
#6762 = CARTESIAN_POINT('',(3.068014483568,114.65323100464));
#6763 = CARTESIAN_POINT('',(3.072929132065,114.26725459572));
#6764 = CARTESIAN_POINT('',(3.083717993726,113.49862814183));
#6765 = CARTESIAN_POINT('',(3.089255283599,113.14221727061));
#6766 = CARTESIAN_POINT('',(3.095270247182,112.79168997064));
#6767 = CARTESIAN_POINT('',(3.102106251856,112.43975752328));
#6768 = CARTESIAN_POINT('',(3.110010748476,112.10112273802));
#6769 = CARTESIAN_POINT('',(3.119143950279,111.80989062792));
#6770 = CARTESIAN_POINT('',(3.12965563401,111.62568135593));
#6771 = CARTESIAN_POINT('',(3.14159265359,111.62568135593));
#6772 = ( GEOMETRIC_REPRESENTATION_CONTEXT(2) 
PARAMETRIC_REPRESENTATION_CONTEXT() REPRESENTATION_CONTEXT('2D SPACE',''
  ) );
#6773 = ORIENTED_EDGE('',*,*,#6451,.F.);
#6774 = ADVANCED_FACE('',(#6775,#6833),#6439,.T.);
#6775 = FACE_BOUND('',#6776,.T.);
#6776 = EDGE_LOOP('',(#6777,#6807));
#6777 = ORIENTED_EDGE('',*,*,#6778,.F.);
#6778 = EDGE_CURVE('',#6779,#6781,#6783,.T.);
#6779 = VERTEX_POINT('',#6780);
#6780 = CARTESIAN_POINT('',(45.396912,12.131796275254,5.8928));
#6781 = VERTEX_POINT('',#6782);
#6782 = CARTESIAN_POINT('',(45.396912,-12.13179627525,5.8928));
#6783 = SURFACE_CURVE('',#6784,(#6789,#6796),.PCURVE_S1.);
#6784 = CIRCLE('',#6785,51.308);
#6785 = AXIS2_PLACEMENT_3D('',#6786,#6787,#6788);
#6786 = CARTESIAN_POINT('',(95.25,0.,5.8928));
#6787 = DIRECTION('',(0.,0.,1.));
#6788 = DIRECTION('',(1.,0.,-0.));
#6789 = PCURVE('',#6439,#6790);
#6790 = DEFINITIONAL_REPRESENTATION('',(#6791),#6795);
#6791 = CIRCLE('',#6792,51.308);
#6792 = AXIS2_PLACEMENT_2D('',#6793,#6794);
#6793 = CARTESIAN_POINT('',(95.25,0.));
#6794 = DIRECTION('',(1.,0.));
#6795 = ( GEOMETRIC_REPRESENTATION_CONTEXT(2) 
PARAMETRIC_REPRESENTATION_CONTEXT() REPRESENTATION_CONTEXT('2D SPACE',''
  ) );
#6796 = PCURVE('',#6797,#6802);
#6797 = CYLINDRICAL_SURFACE('',#6798,51.308);
#6798 = AXIS2_PLACEMENT_3D('',#6799,#6800,#6801);
#6799 = CARTESIAN_POINT('',(95.25,0.,-88.9));
#6800 = DIRECTION('',(0.,0.,1.));
#6801 = DIRECTION('',(1.,0.,-0.));
#6802 = DEFINITIONAL_REPRESENTATION('',(#6803),#6806);
#6803 = B_SPLINE_CURVE_WITH_KNOTS('',1,(#6804,#6805),.UNSPECIFIED.,.F.,
  .F.,(2,2),(2.902881644509,3.38030366267),.PIECEWISE_BEZIER_KNOTS.);
#6804 = CARTESIAN_POINT('',(2.902881644509,94.7928));
#6805 = CARTESIAN_POINT('',(3.38030366267,94.7928));
#6806 = ( GEOMETRIC_REPRESENTATION_CONTEXT(2) 
PARAMETRIC_REPRESENTATION_CONTEXT() REPRESENTATION_CONTEXT('2D SPACE',''
  ) );
#6807 = ORIENTED_EDGE('',*,*,#6808,.T.);
#6808 = EDGE_CURVE('',#6779,#6781,#6809,.T.);
#6809 = SURFACE_CURVE('',#6810,(#6815,#6822),.PCURVE_S1.);
#6810 = CIRCLE('',#6811,46.99);
#6811 = AXIS2_PLACEMENT_3D('',#6812,#6813,#6814);
#6812 = CARTESIAN_POINT('',(0.,0.,5.8928));
#6813 = DIRECTION('',(0.,0.,1.));
#6814 = DIRECTION('',(1.,0.,-0.));
#6815 = PCURVE('',#6439,#6816);
#6816 = DEFINITIONAL_REPRESENTATION('',(#6817),#6821);
#6817 = CIRCLE('',#6818,46.99);
#6818 = AXIS2_PLACEMENT_2D('',#6819,#6820);
#6819 = CARTESIAN_POINT('',(0.,0.));
#6820 = DIRECTION('',(1.,0.));
#6821 = ( GEOMETRIC_REPRESENTATION_CONTEXT(2) 
PARAMETRIC_REPRESENTATION_CONTEXT() REPRESENTATION_CONTEXT('2D SPACE',''
  ) );
#6822 = PCURVE('',#6823,#6828);
#6823 = CYLINDRICAL_SURFACE('',#6824,46.99);
#6824 = AXIS2_PLACEMENT_3D('',#6825,#6826,#6827);
#6825 = CARTESIAN_POINT('',(0.,0.,3.3528));
#6826 = DIRECTION('',(0.,0.,1.));
#6827 = DIRECTION('',(1.,0.,-0.));
#6828 = DEFINITIONAL_REPRESENTATION('',(#6829),#6832);
#6829 = B_SPLINE_CURVE_WITH_KNOTS('',1,(#6830,#6831),.UNSPECIFIED.,.F.,
  .F.,(2,2),(0.261136053575,6.022049253604),.PIECEWISE_BEZIER_KNOTS.);
#6830 = CARTESIAN_POINT('',(0.261136053575,2.54));
#6831 = CARTESIAN_POINT('',(6.022049253604,2.54));
#6832 = ( GEOMETRIC_REPRESENTATION_CONTEXT(2) 
PARAMETRIC_REPRESENTATION_CONTEXT() REPRESENTATION_CONTEXT('2D SPACE',''
  ) );
#6833 = FACE_BOUND('',#6834,.T.);
#6834 = EDGE_LOOP('',(#6835));
#6835 = ORIENTED_EDGE('',*,*,#6418,.F.);
#6836 = ADVANCED_FACE('',(#6837),#6570,.F.);
#6837 = FACE_BOUND('',#6838,.F.);
#6838 = EDGE_LOOP('',(#6839,#6862,#6863,#6864,#6887,#7017));
#6839 = ORIENTED_EDGE('',*,*,#6840,.F.);
#6840 = EDGE_CURVE('',#6624,#6841,#6843,.T.);
#6841 = VERTEX_POINT('',#6842);
#6842 = CARTESIAN_POINT('',(45.396912,12.131796275254,79.5528));
#6843 = SURFACE_CURVE('',#6844,(#6849,#6855),.PCURVE_S1.);
#6844 = CIRCLE('',#6845,51.308);
#6845 = AXIS2_PLACEMENT_3D('',#6846,#6847,#6848);
#6846 = CARTESIAN_POINT('',(95.25,0.,79.5528));
#6847 = DIRECTION('',(0.,0.,1.));
#6848 = DIRECTION('',(1.,0.,-0.));
#6849 = PCURVE('',#6570,#6850);
#6850 = DEFINITIONAL_REPRESENTATION('',(#6851),#6854);
#6851 = B_SPLINE_CURVE_WITH_KNOTS('',1,(#6852,#6853),.UNSPECIFIED.,.F.,
  .F.,(2,2),(2.813197164492,2.902881644509),.PIECEWISE_BEZIER_KNOTS.);
#6852 = CARTESIAN_POINT('',(2.813197164492,168.4528));
#6853 = CARTESIAN_POINT('',(2.902881644509,168.4528));
#6854 = ( GEOMETRIC_REPRESENTATION_CONTEXT(2) 
PARAMETRIC_REPRESENTATION_CONTEXT() REPRESENTATION_CONTEXT('2D SPACE',''
  ) );
#6855 = PCURVE('',#6639,#6856);
#6856 = DEFINITIONAL_REPRESENTATION('',(#6857),#6861);
#6857 = CIRCLE('',#6858,51.308);
#6858 = AXIS2_PLACEMENT_2D('',#6859,#6860);
#6859 = CARTESIAN_POINT('',(95.25,0.));
#6860 = DIRECTION('',(1.,0.));
#6861 = ( GEOMETRIC_REPRESENTATION_CONTEXT(2) 
PARAMETRIC_REPRESENTATION_CONTEXT() REPRESENTATION_CONTEXT('2D SPACE',''
  ) );
#6862 = ORIENTED_EDGE('',*,*,#6651,.T.);
#6863 = ORIENTED_EDGE('',*,*,#6472,.T.);
#6864 = ORIENTED_EDGE('',*,*,#6865,.F.);
#6865 = EDGE_CURVE('',#6866,#6473,#6868,.T.);
#6866 = VERTEX_POINT('',#6867);
#6867 = CARTESIAN_POINT('',(45.396912,-12.13179627525,79.5528));
#6868 = SURFACE_CURVE('',#6869,(#6874,#6880),.PCURVE_S1.);
#6869 = CIRCLE('',#6870,51.308);
#6870 = AXIS2_PLACEMENT_3D('',#6871,#6872,#6873);
#6871 = CARTESIAN_POINT('',(95.25,0.,79.5528));
#6872 = DIRECTION('',(0.,0.,1.));
#6873 = DIRECTION('',(1.,0.,-0.));
#6874 = PCURVE('',#6570,#6875);
#6875 = DEFINITIONAL_REPRESENTATION('',(#6876),#6879);
#6876 = B_SPLINE_CURVE_WITH_KNOTS('',1,(#6877,#6878),.UNSPECIFIED.,.F.,
  .F.,(2,2),(3.38030366267,3.469988142687),.PIECEWISE_BEZIER_KNOTS.);
#6877 = CARTESIAN_POINT('',(3.38030366267,168.4528));
#6878 = CARTESIAN_POINT('',(3.469988142687,168.4528));
#6879 = ( GEOMETRIC_REPRESENTATION_CONTEXT(2) 
PARAMETRIC_REPRESENTATION_CONTEXT() REPRESENTATION_CONTEXT('2D SPACE',''
  ) );
#6880 = PCURVE('',#6639,#6881);
#6881 = DEFINITIONAL_REPRESENTATION('',(#6882),#6886);
#6882 = CIRCLE('',#6883,51.308);
#6883 = AXIS2_PLACEMENT_2D('',#6884,#6885);
#6884 = CARTESIAN_POINT('',(95.25,0.));
#6885 = DIRECTION('',(1.,0.));
#6886 = ( GEOMETRIC_REPRESENTATION_CONTEXT(2) 
PARAMETRIC_REPRESENTATION_CONTEXT() REPRESENTATION_CONTEXT('2D SPACE',''
  ) );
#6887 = ORIENTED_EDGE('',*,*,#6888,.F.);
#6888 = EDGE_CURVE('',#6889,#6866,#6891,.T.);
#6889 = VERTEX_POINT('',#6890);
#6890 = CARTESIAN_POINT('',(43.942,-1.076268592963E-14,45.72));
#6891 = SURFACE_CURVE('',#6892,(#6930,#6971),.PCURVE_S1.);
#6892 = B_SPLINE_CURVE_WITH_KNOTS('',8,(#6893,#6894,#6895,#6896,#6897,
    #6898,#6899,#6900,#6901,#6902,#6903,#6904,#6905,#6906,#6907,#6908,
    #6909,#6910,#6911,#6912,#6913,#6914,#6915,#6916,#6917,#6918,#6919,
    #6920,#6921,#6922,#6923,#6924,#6925,#6926,#6927,#6928,#6929),
  .UNSPECIFIED.,.F.,.F.,(9,7,7,7,7,9),(0.,8.693163608615E-02,
    0.172168481783,0.344157923878,0.634537178163,1.),.UNSPECIFIED.);
#6893 = CARTESIAN_POINT('',(43.942,5.639932965096E-15,45.72));
#6894 = CARTESIAN_POINT('',(43.942,-0.553220816481,45.72));
#6895 = CARTESIAN_POINT('',(43.948815570059,-1.032975086358,
    45.88398791479));
#6896 = CARTESIAN_POINT('',(43.959289367693,-1.450470701077,
    46.135991586811));
#6897 = CARTESIAN_POINT('',(43.97157979382,-1.812350188628,
    46.431409657744));
#6898 = CARTESIAN_POINT('',(43.984409638302,-2.127407145143,
    46.73955189719));
#6899 = CARTESIAN_POINT('',(43.997339900576,-2.406169244641,
    47.049873377222));
#6900 = CARTESIAN_POINT('',(44.010530025229,-2.662901037939,
    47.36622239369));
#6901 = CARTESIAN_POINT('',(44.038869743553,-3.16101451635,
    48.045326223316));
#6902 = CARTESIAN_POINT('',(44.05320196891,-3.389008968096,
    48.388505121147));
#6903 = CARTESIAN_POINT('',(44.067747326608,-3.603069559962,
    48.736508456897));
#6904 = CARTESIAN_POINT('',(44.082454969602,-3.805571633135,
    49.088107280053));
#6905 = CARTESIAN_POINT('',(44.09728952056,-3.998252811539,
    49.44244736277));
#6906 = CARTESIAN_POINT('',(44.112226933285,-4.182551385021,
    49.798947942878));
#6907 = CARTESIAN_POINT('',(44.127256167411,-4.359500701236,
    50.157340640158));
#6908 = CARTESIAN_POINT('',(44.172879184766,-4.874214333102,
    51.244370109497));
#6909 = CARTESIAN_POINT('',(44.203705092817,-5.191885355432,
    51.977612878977));
#6910 = CARTESIAN_POINT('',(44.23476873951,-5.490093974321,
    52.715256636994));
#6911 = CARTESIAN_POINT('',(44.266023725296,-5.772320231919,
    53.456175975132));
#6912 = CARTESIAN_POINT('',(44.297438010728,-6.04106552796,
    54.199595297176));
#6913 = CARTESIAN_POINT('',(44.328989875072,-6.298360620109,
    54.944988365727));
#6914 = CARTESIAN_POINT('',(44.360669704808,-6.545593043456,
    55.692118873857));
#6915 = CARTESIAN_POINT('',(44.446173719619,-7.18658736224,
    57.705158025405));
#6916 = CARTESIAN_POINT('',(44.500204340711,-7.563855515063,
    58.973547951698));
#6917 = CARTESIAN_POINT('',(44.554521715994,-7.921451924495,
    60.244982578803));
#6918 = CARTESIAN_POINT('',(44.609097820079,-8.262598089118,
    61.518777370665));
#6919 = CARTESIAN_POINT('',(44.663912756864,-8.589642343484,
    62.794447499171));
#6920 = CARTESIAN_POINT('',(44.718952571621,-8.904457247506,
    64.071652316298));
#6921 = CARTESIAN_POINT('',(44.7742094639,-9.208427363182,
    65.350198226007));
#6922 = CARTESIAN_POINT('',(44.899493512626,-9.873168005636,
    68.24070404254));
#6923 = CARTESIAN_POINT('',(44.969638825749,-10.22826521218,
    69.853240940337));
#6924 = CARTESIAN_POINT('',(45.040102200539,-10.57032820236,
    71.467263985311));
#6925 = CARTESIAN_POINT('',(45.110873512237,-10.90100451044,
    73.082523130269));
#6926 = CARTESIAN_POINT('',(45.181945151778,-11.22154674177,
    74.69883068133));
#6927 = CARTESIAN_POINT('',(45.253311342713,-11.53297536997,
    76.316043809476));
#6928 = CARTESIAN_POINT('',(45.324967838477,-11.83615673976,
    77.934056365733));
#6929 = CARTESIAN_POINT('',(45.396912,-12.13179627525,79.5528));
#6930 = PCURVE('',#6570,#6931);
#6931 = DEFINITIONAL_REPRESENTATION('',(#6932),#6970);
#6932 = B_SPLINE_CURVE_WITH_KNOTS('',8,(#6933,#6934,#6935,#6936,#6937,
    #6938,#6939,#6940,#6941,#6942,#6943,#6944,#6945,#6946,#6947,#6948,
    #6949,#6950,#6951,#6952,#6953,#6954,#6955,#6956,#6957,#6958,#6959,
    #6960,#6961,#6962,#6963,#6964,#6965,#6966,#6967,#6968,#6969),
  .UNSPECIFIED.,.F.,.F.,(9,7,7,7,7,9),(0.,8.693163608615E-02,
    0.172168481783,0.344157923878,0.634537178163,1.),.UNSPECIFIED.);
#6933 = CARTESIAN_POINT('',(3.14159265359,134.62));
#6934 = CARTESIAN_POINT('',(3.152375003642,134.62));
#6935 = CARTESIAN_POINT('',(3.161725482954,134.78398791479));
#6936 = CARTESIAN_POINT('',(3.169864427577,135.03599158681));
#6937 = CARTESIAN_POINT('',(3.176921148357,135.33140965774));
#6938 = CARTESIAN_POINT('',(3.183066533522,135.63955189719));
#6939 = CARTESIAN_POINT('',(3.18850536188,135.94987337722));
#6940 = CARTESIAN_POINT('',(3.193515624845,136.26622239369));
#6941 = CARTESIAN_POINT('',(3.203239625166,136.94532622331));
#6942 = CARTESIAN_POINT('',(3.207691961282,137.28850512114));
#6943 = CARTESIAN_POINT('',(3.21187356719,137.63650845689));
#6944 = CARTESIAN_POINT('',(3.215830677156,137.98810728005));
#6945 = CARTESIAN_POINT('',(3.219597106411,138.34244736277));
#6946 = CARTESIAN_POINT('',(3.223200846017,138.69894794287));
#6947 = CARTESIAN_POINT('',(3.226662006114,139.05734064015));
#6948 = CARTESIAN_POINT('',(3.236733176983,140.14437010949));
#6949 = CARTESIAN_POINT('',(3.242953496001,140.87761287897));
#6950 = CARTESIAN_POINT('',(3.248796840499,141.61525663699));
#6951 = CARTESIAN_POINT('',(3.254330880162,142.35617597513));
#6952 = CARTESIAN_POINT('',(3.25960424158,143.09959529717));
#6953 = CARTESIAN_POINT('',(3.264656402154,143.84498836572));
#6954 = CARTESIAN_POINT('',(3.269514327892,144.59211887385));
#6955 = CARTESIAN_POINT('',(3.28211805407,146.6051580254));
#6956 = CARTESIAN_POINT('',(3.289545743022,147.87354795169));
#6957 = CARTESIAN_POINT('',(3.296594883141,149.1449825788));
#6958 = CARTESIAN_POINT('',(3.303328020787,150.41877737066));
#6959 = CARTESIAN_POINT('',(3.309790731153,151.69444749917));
#6960 = CARTESIAN_POINT('',(3.3160193503,152.97165231629));
#6961 = CARTESIAN_POINT('',(3.322040734612,154.250198226));
#6962 = CARTESIAN_POINT('',(3.335224717617,157.14070404254));
#6963 = CARTESIAN_POINT('',(3.342279081972,158.75324094033));
#6964 = CARTESIAN_POINT('',(3.349085550845,160.36726398531));
#6965 = CARTESIAN_POINT('',(3.355676055742,161.98252313026));
#6966 = CARTESIAN_POINT('',(3.362074862073,163.59883068133));
#6967 = CARTESIAN_POINT('',(3.368301733496,165.21604380947));
#6968 = CARTESIAN_POINT('',(3.374373447565,166.83405636573));
#6969 = CARTESIAN_POINT('',(3.38030366267,168.4528));
#6970 = ( GEOMETRIC_REPRESENTATION_CONTEXT(2) 
PARAMETRIC_REPRESENTATION_CONTEXT() REPRESENTATION_CONTEXT('2D SPACE',''
  ) );
#6971 = PCURVE('',#6972,#6977);
#6972 = CONICAL_SURFACE('',#6973,38.839117117117,8.984753969463E-02);
#6973 = AXIS2_PLACEMENT_3D('',#6974,#6975,#6976);
#6974 = CARTESIAN_POINT('',(0.,0.,-10.922));
#6975 = DIRECTION('',(0.,0.,1.));
#6976 = DIRECTION('',(1.,0.,-0.));
#6977 = DEFINITIONAL_REPRESENTATION('',(#6978),#7016);
#6978 = B_SPLINE_CURVE_WITH_KNOTS('',8,(#6979,#6980,#6981,#6982,#6983,
    #6984,#6985,#6986,#6987,#6988,#6989,#6990,#6991,#6992,#6993,#6994,
    #6995,#6996,#6997,#6998,#6999,#7000,#7001,#7002,#7003,#7004,#7005,
    #7006,#7007,#7008,#7009,#7010,#7011,#7012,#7013,#7014,#7015),
  .UNSPECIFIED.,.F.,.F.,(9,7,7,7,7,9),(0.,8.693163608615E-02,
    0.172168481783,0.344157923878,0.634537178163,1.),.UNSPECIFIED.);
#6979 = CARTESIAN_POINT('',(6.28318530718,56.642));
#6980 = CARTESIAN_POINT('',(6.270595511165,56.642));
#6981 = CARTESIAN_POINT('',(6.259677629384,56.80598791479));
#6982 = CARTESIAN_POINT('',(6.250190377041,57.057991586811));
#6983 = CARTESIAN_POINT('',(6.241981442768,57.353409657744));
#6984 = CARTESIAN_POINT('',(6.234846982169,57.66155189719));
#6985 = CARTESIAN_POINT('',(6.228544469458,57.971873377222));
#6986 = CARTESIAN_POINT('',(6.222749075084,58.28822239369));
#6987 = CARTESIAN_POINT('',(6.211526496452,58.967326223316));
#6988 = CARTESIAN_POINT('',(6.206400498273,59.310505121147));
#6989 = CARTESIAN_POINT('',(6.201597535828,59.658508456897));
#6990 = CARTESIAN_POINT('',(6.197063083687,60.010107280053));
#6991 = CARTESIAN_POINT('',(6.192757205576,60.36444736277));
#6992 = CARTESIAN_POINT('',(6.188646850962,60.720947942878));
#6993 = CARTESIAN_POINT('',(6.184708268552,61.079340640158));
#6994 = CARTESIAN_POINT('',(6.173274444852,62.166370109497));
#6995 = CARTESIAN_POINT('',(6.166249635992,62.899612878977));
#6996 = CARTESIAN_POINT('',(6.159683545575,63.637256636994));
#6997 = CARTESIAN_POINT('',(6.153495718608,64.378175975132));
#6998 = CARTESIAN_POINT('',(6.147628207136,65.121595297176));
#6999 = CARTESIAN_POINT('',(6.142033954038,65.866988365727));
#7000 = CARTESIAN_POINT('',(6.136680727008,66.614118873857));
#7001 = CARTESIAN_POINT('',(6.122858612955,68.627158025405));
#7002 = CARTESIAN_POINT('',(6.114786155292,69.895547951698));
#7003 = CARTESIAN_POINT('',(6.107191149499,71.166982578803));
#7004 = CARTESIAN_POINT('',(6.099998143861,72.440777370665));
#7005 = CARTESIAN_POINT('',(6.093151929162,73.716447499171));
#7006 = CARTESIAN_POINT('',(6.086608391504,74.993652316298));
#7007 = CARTESIAN_POINT('',(6.080334767365,76.272198226007));
#7008 = CARTESIAN_POINT('',(6.06671117925,79.16270404254));
#7009 = CARTESIAN_POINT('',(6.059503118548,80.775240940337));
#7010 = CARTESIAN_POINT('',(6.052624296531,82.389263985311));
#7011 = CARTESIAN_POINT('',(6.046035354193,84.004523130269));
#7012 = CARTESIAN_POINT('',(6.039706177682,85.62083068133));
#7013 = CARTESIAN_POINT('',(6.033612124649,87.238043809476));
#7014 = CARTESIAN_POINT('',(6.027732210362,88.856056365733));
#7015 = CARTESIAN_POINT('',(6.022049253604,90.4748));
#7016 = ( GEOMETRIC_REPRESENTATION_CONTEXT(2) 
PARAMETRIC_REPRESENTATION_CONTEXT() REPRESENTATION_CONTEXT('2D SPACE',''
  ) );
#7017 = ORIENTED_EDGE('',*,*,#7018,.F.);
#7018 = EDGE_CURVE('',#6841,#6889,#7019,.T.);
#7019 = SURFACE_CURVE('',#7020,(#7058,#7099),.PCURVE_S1.);
#7020 = B_SPLINE_CURVE_WITH_KNOTS('',8,(#7021,#7022,#7023,#7024,#7025,
    #7026,#7027,#7028,#7029,#7030,#7031,#7032,#7033,#7034,#7035,#7036,
    #7037,#7038,#7039,#7040,#7041,#7042,#7043,#7044,#7045,#7046,#7047,
    #7048,#7049,#7050,#7051,#7052,#7053,#7054,#7055,#7056,#7057),
  .UNSPECIFIED.,.F.,.F.,(9,7,7,7,7,9),(0.,0.516444452529,0.760921283082,
    0.881468890791,0.941938051527,1.),.UNSPECIFIED.);
#7021 = CARTESIAN_POINT('',(45.396912,12.131796275254,79.5528));
#7022 = CARTESIAN_POINT('',(45.295428922616,11.714772722224,
    77.269430758858));
#7023 = CARTESIAN_POINT('',(45.194525138469,11.282791711866,
    74.987671541187));
#7024 = CARTESIAN_POINT('',(45.094202027556,10.833732381473,
    72.707582417843));
#7025 = CARTESIAN_POINT('',(44.994468168292,10.365253143401,
    70.429384032063));
#7026 = CARTESIAN_POINT('',(44.895344459174,9.873789294243,
    68.153588569171));
#7027 = CARTESIAN_POINT('',(44.796861889102,9.354911957721,
    65.880953285117));
#7028 = CARTESIAN_POINT('',(44.699065425949,8.802395207491,
    63.612583769942));
#7029 = CARTESIAN_POINT('',(44.556105967485,7.919753884937,
    60.279685274607));
#7030 = CARTESIAN_POINT('',(44.510356023094,7.625802480932,
    59.210486337641));
#7031 = CARTESIAN_POINT('',(44.464789908171,7.320011651163,
    58.142983962396));
#7032 = CARTESIAN_POINT('',(44.41941683953,7.000756165091,
    57.077406794417));
#7033 = CARTESIAN_POINT('',(44.374257904796,6.665627598426,
    56.014267049703));
#7034 = CARTESIAN_POINT('',(44.329344233612,6.311645032635,
    54.954319889113));
#7035 = CARTESIAN_POINT('',(44.284720958783,5.934643837241,
    53.898663203174));
#7036 = CARTESIAN_POINT('',(44.218649797556,5.32477243291,
    52.331846583524));
#7037 = CARTESIAN_POINT('',(44.196930705806,5.115813563604,
    51.816180037182));
#7038 = CARTESIAN_POINT('',(44.175314698683,4.898183252506,
    51.302347297609));
#7039 = CARTESIAN_POINT('',(44.153812027231,4.670669588635,
    50.790598758452));
#7040 = CARTESIAN_POINT('',(44.132446136347,4.431518327944,
    50.281501308737));
#7041 = CARTESIAN_POINT('',(44.1112516649,4.178590031573,49.775892116147
    ));
#7042 = CARTESIAN_POINT('',(44.090278731436,3.908926569741,
    49.274984169831));
#7043 = CARTESIAN_POINT('',(44.059252979385,3.469856444224,
    48.533138567858));
#7044 = CARTESIAN_POINT('',(44.048978072965,3.317620487161,
    48.287315965395));
#7045 = CARTESIAN_POINT('',(44.038795854851,3.158939633773,
    48.04357068591));
#7046 = CARTESIAN_POINT('',(44.028718990214,2.992886019253,
    47.802209621215));
#7047 = CARTESIAN_POINT('',(44.018774500576,2.818230296171,
    47.563884779384));
#7048 = CARTESIAN_POINT('',(44.009002089909,2.633521025912,
    47.329554138765));
#7049 = CARTESIAN_POINT('',(43.999458350476,2.436814119068,
    47.100584107448));
#7050 = CARTESIAN_POINT('',(43.981387540558,2.020378769068,
    46.666818857558));
#7051 = CARTESIAN_POINT('',(43.972985490724,1.805370867742,
    46.465033596681));
#7052 = CARTESIAN_POINT('',(43.964886284584,1.571660408394,
    46.270430364963));
#7053 = CARTESIAN_POINT('',(43.957185410007,1.313563612329,
    46.085309932877));
#7054 = CARTESIAN_POINT('',(43.950355496767,1.026656849607,
    45.921040128071));
#7055 = CARTESIAN_POINT('',(43.94494887471,0.710582680929,
    45.790951788194));
#7056 = CARTESIAN_POINT('',(43.942,0.363779037016,45.72));
#7057 = CARTESIAN_POINT('',(43.942,-1.076268592963E-14,45.72));
#7058 = PCURVE('',#6570,#7059);
#7059 = DEFINITIONAL_REPRESENTATION('',(#7060),#7098);
#7060 = B_SPLINE_CURVE_WITH_KNOTS('',8,(#7061,#7062,#7063,#7064,#7065,
    #7066,#7067,#7068,#7069,#7070,#7071,#7072,#7073,#7074,#7075,#7076,
    #7077,#7078,#7079,#7080,#7081,#7082,#7083,#7084,#7085,#7086,#7087,
    #7088,#7089,#7090,#7091,#7092,#7093,#7094,#7095,#7096,#7097),
  .UNSPECIFIED.,.F.,.F.,(9,7,7,7,7,9),(0.,0.516444452529,0.760921283082,
    0.881468890791,0.941938051527,1.),.UNSPECIFIED.);
#7061 = CARTESIAN_POINT('',(2.902881644509,168.4528));
#7062 = CARTESIAN_POINT('',(2.911246694093,166.16943075885));
#7063 = CARTESIAN_POINT('',(2.919892322337,163.88767154118));
#7064 = CARTESIAN_POINT('',(2.928859625312,161.60758241784));
#7065 = CARTESIAN_POINT('',(2.938193936366,159.32938403206));
#7066 = CARTESIAN_POINT('',(2.947964325572,157.05358856917));
#7067 = CARTESIAN_POINT('',(2.958256604621,154.78095328511));
#7068 = CARTESIAN_POINT('',(2.969191457476,152.51258376994));
#7069 = CARTESIAN_POINT('',(2.986618443259,149.1796852746));
#7070 = CARTESIAN_POINT('',(2.992416457582,148.11048633764));
#7071 = CARTESIAN_POINT('',(2.998441961562,147.04298396239));
#7072 = CARTESIAN_POINT('',(3.004726508512,145.97740679441));
#7073 = CARTESIAN_POINT('',(3.011316878121,144.9142670497));
#7074 = CARTESIAN_POINT('',(3.018270971077,143.85431988911));
#7075 = CARTESIAN_POINT('',(3.025669707623,142.79866320317));
#7076 = CARTESIAN_POINT('',(3.037625736197,141.23184658352));
#7077 = CARTESIAN_POINT('',(3.041720273956,140.71618003718));
#7078 = CARTESIAN_POINT('',(3.045982717734,140.2023472976));
#7079 = CARTESIAN_POINT('',(3.050436639567,139.69059875845));
#7080 = CARTESIAN_POINT('',(3.055116164293,139.18150130873));
#7081 = CARTESIAN_POINT('',(3.060062908614,138.67589211614));
#7082 = CARTESIAN_POINT('',(3.065334427193,138.17498416983));
#7083 = CARTESIAN_POINT('',(3.073913302568,137.43313856785));
#7084 = CARTESIAN_POINT('',(3.076887137719,137.18731596539));
#7085 = CARTESIAN_POINT('',(3.079986182182,136.94357068591));
#7086 = CARTESIAN_POINT('',(3.083228501182,136.70220962121));
#7087 = CARTESIAN_POINT('',(3.086638027753,136.46388477938));
#7088 = CARTESIAN_POINT('',(3.09024301713,136.22955413876));
#7089 = CARTESIAN_POINT('',(3.094081321595,136.00058410744));
#7090 = CARTESIAN_POINT('',(3.102205342182,135.56681885755));
#7091 = CARTESIAN_POINT('',(3.106399033661,135.36503359668));
#7092 = CARTESIAN_POINT('',(3.110956748875,135.17043036496));
#7093 = CARTESIAN_POINT('',(3.115989175216,134.98530993287));
#7094 = CARTESIAN_POINT('',(3.121582421543,134.82104012807));
#7095 = CARTESIAN_POINT('',(3.127743300014,134.69095178819));
#7096 = CARTESIAN_POINT('',(3.13450254996,134.62));
#7097 = CARTESIAN_POINT('',(3.14159265359,134.62));
#7098 = ( GEOMETRIC_REPRESENTATION_CONTEXT(2) 
PARAMETRIC_REPRESENTATION_CONTEXT() REPRESENTATION_CONTEXT('2D SPACE',''
  ) );
#7099 = PCURVE('',#6972,#7100);
#7100 = DEFINITIONAL_REPRESENTATION('',(#7101),#7139);
#7101 = B_SPLINE_CURVE_WITH_KNOTS('',8,(#7102,#7103,#7104,#7105,#7106,
    #7107,#7108,#7109,#7110,#7111,#7112,#7113,#7114,#7115,#7116,#7117,
    #7118,#7119,#7120,#7121,#7122,#7123,#7124,#7125,#7126,#7127,#7128,
    #7129,#7130,#7131,#7132,#7133,#7134,#7135,#7136,#7137,#7138),
  .UNSPECIFIED.,.F.,.F.,(9,7,7,7,7,9),(0.,0.516444452529,0.760921283082,
    0.881468890791,0.941938051527,1.),.UNSPECIFIED.);
#7102 = CARTESIAN_POINT('',(0.261136053575,90.4748));
#7103 = CARTESIAN_POINT('',(0.253119781953,88.191430758858));
#7104 = CARTESIAN_POINT('',(0.244712630335,85.909671541187));
#7105 = CARTESIAN_POINT('',(0.235863246019,83.629582417843));
#7106 = CARTESIAN_POINT('',(0.226514739604,81.351384032063));
#7107 = CARTESIAN_POINT('',(0.216581565144,79.075588569171));
#7108 = CARTESIAN_POINT('',(0.205957664262,76.802953285118));
#7109 = CARTESIAN_POINT('',(0.194494818734,74.534583769942));
#7110 = CARTESIAN_POINT('',(0.175923303324,71.201685274607));
#7111 = CARTESIAN_POINT('',(0.169701894736,70.132486337641));
#7112 = CARTESIAN_POINT('',(0.163191515751,69.064983962396));
#7113 = CARTESIAN_POINT('',(0.156354067991,67.999406794417));
#7114 = CARTESIAN_POINT('',(0.149133340957,66.936267049703));
#7115 = CARTESIAN_POINT('',(0.141459808609,65.876319889113));
#7116 = CARTESIAN_POINT('',(0.133236608444,64.820663203174));
#7117 = CARTESIAN_POINT('',(0.119846709468,63.253846583524));
#7118 = CARTESIAN_POINT('',(0.115245839868,62.738180037182));
#7119 = CARTESIAN_POINT('',(0.110440286453,62.224347297609));
#7120 = CARTESIAN_POINT('',(0.105402078537,61.712598758452));
#7121 = CARTESIAN_POINT('',(0.100090775738,61.203501308737));
#7122 = CARTESIAN_POINT('',(9.445705429093E-02,60.697892116147));
#7123 = CARTESIAN_POINT('',(8.843281960722E-02,60.196984169831));
#7124 = CARTESIAN_POINT('',(7.859375246907E-02,59.455138567858));
#7125 = CARTESIAN_POINT('',(7.517763123908E-02,59.209315965395));
#7126 = CARTESIAN_POINT('',(7.161201474979E-02,58.96557068591));
#7127 = CARTESIAN_POINT('',(6.787564158025E-02,58.724209621215));
#7128 = CARTESIAN_POINT('',(6.394033006504E-02,58.485884779384));
#7129 = CARTESIAN_POINT('',(5.977279702081E-02,58.251554138765));
#7130 = CARTESIAN_POINT('',(5.532851182594E-02,58.022584107448));
#7131 = CARTESIAN_POINT('',(4.590683331936E-02,57.588818857558));
#7132 = CARTESIAN_POINT('',(4.103671470485E-02,57.387033596681));
#7133 = CARTESIAN_POINT('',(3.57374385335E-02,57.192430364963));
#7134 = CARTESIAN_POINT('',(2.987899455856E-02,57.007309932878));
#7135 = CARTESIAN_POINT('',(2.33599192535E-02,56.843040128071));
#7136 = CARTESIAN_POINT('',(1.61709293663E-02,56.712951788194));
#7137 = CARTESIAN_POINT('',(8.278618110593E-03,56.642));
#7138 = CARTESIAN_POINT('',(0.,56.642));
#7139 = ( GEOMETRIC_REPRESENTATION_CONTEXT(2) 
PARAMETRIC_REPRESENTATION_CONTEXT() REPRESENTATION_CONTEXT('2D SPACE',''
  ) );
#7140 = ADVANCED_FACE('',(#7141),#6639,.T.);
#7141 = FACE_BOUND('',#7142,.T.);
#7142 = EDGE_LOOP('',(#7143,#7144,#7145,#7146));
#7143 = ORIENTED_EDGE('',*,*,#6840,.F.);
#7144 = ORIENTED_EDGE('',*,*,#6623,.T.);
#7145 = ORIENTED_EDGE('',*,*,#6865,.F.);
#7146 = ORIENTED_EDGE('',*,*,#7147,.F.);
#7147 = EDGE_CURVE('',#6841,#6866,#7148,.T.);
#7148 = SURFACE_CURVE('',#7149,(#7154,#7161),.PCURVE_S1.);
#7149 = CIRCLE('',#7150,46.99);
#7150 = AXIS2_PLACEMENT_3D('',#7151,#7152,#7153);
#7151 = CARTESIAN_POINT('',(0.,0.,79.5528));
#7152 = DIRECTION('',(0.,0.,1.));
#7153 = DIRECTION('',(1.,0.,-0.));
#7154 = PCURVE('',#6639,#7155);
#7155 = DEFINITIONAL_REPRESENTATION('',(#7156),#7160);
#7156 = CIRCLE('',#7157,46.99);
#7157 = AXIS2_PLACEMENT_2D('',#7158,#7159);
#7158 = CARTESIAN_POINT('',(0.,0.));
#7159 = DIRECTION('',(1.,0.));
#7160 = ( GEOMETRIC_REPRESENTATION_CONTEXT(2) 
PARAMETRIC_REPRESENTATION_CONTEXT() REPRESENTATION_CONTEXT('2D SPACE',''
  ) );
#7161 = PCURVE('',#6972,#7162);
#7162 = DEFINITIONAL_REPRESENTATION('',(#7163),#7166);
#7163 = B_SPLINE_CURVE_WITH_KNOTS('',1,(#7164,#7165),.UNSPECIFIED.,.F.,
  .F.,(2,2),(0.261136053575,6.022049253604),.PIECEWISE_BEZIER_KNOTS.);
#7164 = CARTESIAN_POINT('',(0.261136053575,90.4748));
#7165 = CARTESIAN_POINT('',(6.022049253604,90.4748));
#7166 = ( GEOMETRIC_REPRESENTATION_CONTEXT(2) 
PARAMETRIC_REPRESENTATION_CONTEXT() REPRESENTATION_CONTEXT('2D SPACE',''
  ) );
#7167 = ADVANCED_FACE('',(#7168),#6797,.F.);
#7168 = FACE_BOUND('',#7169,.F.);
#7169 = EDGE_LOOP('',(#7170,#7171,#7192,#7220));
#7170 = ORIENTED_EDGE('',*,*,#6778,.F.);
#7171 = ORIENTED_EDGE('',*,*,#7172,.F.);
#7172 = EDGE_CURVE('',#7173,#6779,#7175,.T.);
#7173 = VERTEX_POINT('',#7174);
#7174 = CARTESIAN_POINT('',(45.396912,12.131796275254,3.3528));
#7175 = SURFACE_CURVE('',#7176,(#7180,#7186),.PCURVE_S1.);
#7176 = LINE('',#7177,#7178);
#7177 = CARTESIAN_POINT('',(45.396912,12.131796275254,3.3528));
#7178 = VECTOR('',#7179,1.);
#7179 = DIRECTION('',(0.,0.,1.));
#7180 = PCURVE('',#6797,#7181);
#7181 = DEFINITIONAL_REPRESENTATION('',(#7182),#7185);
#7182 = B_SPLINE_CURVE_WITH_KNOTS('',1,(#7183,#7184),.UNSPECIFIED.,.F.,
  .F.,(2,2),(0.,2.54),.PIECEWISE_BEZIER_KNOTS.);
#7183 = CARTESIAN_POINT('',(2.902881644509,92.2528));
#7184 = CARTESIAN_POINT('',(2.902881644509,94.7928));
#7185 = ( GEOMETRIC_REPRESENTATION_CONTEXT(2) 
PARAMETRIC_REPRESENTATION_CONTEXT() REPRESENTATION_CONTEXT('2D SPACE',''
  ) );
#7186 = PCURVE('',#6823,#7187);
#7187 = DEFINITIONAL_REPRESENTATION('',(#7188),#7191);
#7188 = B_SPLINE_CURVE_WITH_KNOTS('',1,(#7189,#7190),.UNSPECIFIED.,.F.,
  .F.,(2,2),(0.,2.54),.PIECEWISE_BEZIER_KNOTS.);
#7189 = CARTESIAN_POINT('',(0.261136053575,0.));
#7190 = CARTESIAN_POINT('',(0.261136053575,2.54));
#7191 = ( GEOMETRIC_REPRESENTATION_CONTEXT(2) 
PARAMETRIC_REPRESENTATION_CONTEXT() REPRESENTATION_CONTEXT('2D SPACE',''
  ) );
#7192 = ORIENTED_EDGE('',*,*,#7193,.T.);
#7193 = EDGE_CURVE('',#7173,#7194,#7196,.T.);
#7194 = VERTEX_POINT('',#7195);
#7195 = CARTESIAN_POINT('',(45.396912,-12.13179627525,3.3528));
#7196 = SURFACE_CURVE('',#7197,(#7202,#7208),.PCURVE_S1.);
#7197 = CIRCLE('',#7198,51.308);
#7198 = AXIS2_PLACEMENT_3D('',#7199,#7200,#7201);
#7199 = CARTESIAN_POINT('',(95.25,0.,3.3528));
#7200 = DIRECTION('',(0.,0.,1.));
#7201 = DIRECTION('',(1.,0.,-0.));
#7202 = PCURVE('',#6797,#7203);
#7203 = DEFINITIONAL_REPRESENTATION('',(#7204),#7207);
#7204 = B_SPLINE_CURVE_WITH_KNOTS('',1,(#7205,#7206),.UNSPECIFIED.,.F.,
  .F.,(2,2),(2.902881644509,3.38030366267),.PIECEWISE_BEZIER_KNOTS.);
#7205 = CARTESIAN_POINT('',(2.902881644509,92.2528));
#7206 = CARTESIAN_POINT('',(3.38030366267,92.2528));
#7207 = ( GEOMETRIC_REPRESENTATION_CONTEXT(2) 
PARAMETRIC_REPRESENTATION_CONTEXT() REPRESENTATION_CONTEXT('2D SPACE',''
  ) );
#7208 = PCURVE('',#7209,#7214);
#7209 = PLANE('',#7210);
#7210 = AXIS2_PLACEMENT_3D('',#7211,#7212,#7213);
#7211 = CARTESIAN_POINT('',(0.,0.,3.3528));
#7212 = DIRECTION('',(0.,0.,1.));
#7213 = DIRECTION('',(1.,0.,-0.));
#7214 = DEFINITIONAL_REPRESENTATION('',(#7215),#7219);
#7215 = CIRCLE('',#7216,51.308);
#7216 = AXIS2_PLACEMENT_2D('',#7217,#7218);
#7217 = CARTESIAN_POINT('',(95.25,0.));
#7218 = DIRECTION('',(1.,0.));
#7219 = ( GEOMETRIC_REPRESENTATION_CONTEXT(2) 
PARAMETRIC_REPRESENTATION_CONTEXT() REPRESENTATION_CONTEXT('2D SPACE',''
  ) );
#7220 = ORIENTED_EDGE('',*,*,#7221,.T.);
#7221 = EDGE_CURVE('',#7194,#6781,#7222,.T.);
#7222 = SURFACE_CURVE('',#7223,(#7227,#7233),.PCURVE_S1.);
#7223 = LINE('',#7224,#7225);
#7224 = CARTESIAN_POINT('',(45.396912,-12.13179627525,3.3528));
#7225 = VECTOR('',#7226,1.);
#7226 = DIRECTION('',(0.,0.,1.));
#7227 = PCURVE('',#6797,#7228);
#7228 = DEFINITIONAL_REPRESENTATION('',(#7229),#7232);
#7229 = B_SPLINE_CURVE_WITH_KNOTS('',1,(#7230,#7231),.UNSPECIFIED.,.F.,
  .F.,(2,2),(0.,2.54),.PIECEWISE_BEZIER_KNOTS.);
#7230 = CARTESIAN_POINT('',(3.38030366267,92.2528));
#7231 = CARTESIAN_POINT('',(3.38030366267,94.7928));
#7232 = ( GEOMETRIC_REPRESENTATION_CONTEXT(2) 
PARAMETRIC_REPRESENTATION_CONTEXT() REPRESENTATION_CONTEXT('2D SPACE',''
  ) );
#7233 = PCURVE('',#6823,#7234);
#7234 = DEFINITIONAL_REPRESENTATION('',(#7235),#7238);
#7235 = B_SPLINE_CURVE_WITH_KNOTS('',1,(#7236,#7237),.UNSPECIFIED.,.F.,
  .F.,(2,2),(0.,2.54),.PIECEWISE_BEZIER_KNOTS.);
#7236 = CARTESIAN_POINT('',(6.022049253604,0.));
#7237 = CARTESIAN_POINT('',(6.022049253604,2.54));
#7238 = ( GEOMETRIC_REPRESENTATION_CONTEXT(2) 
PARAMETRIC_REPRESENTATION_CONTEXT() REPRESENTATION_CONTEXT('2D SPACE',''
  ) );
#7239 = ADVANCED_FACE('',(#7240),#6823,.T.);
#7240 = FACE_BOUND('',#7241,.T.);
#7241 = EDGE_LOOP('',(#7242,#7243,#7244,#7265));
#7242 = ORIENTED_EDGE('',*,*,#6808,.F.);
#7243 = ORIENTED_EDGE('',*,*,#7172,.F.);
#7244 = ORIENTED_EDGE('',*,*,#7245,.T.);
#7245 = EDGE_CURVE('',#7173,#7194,#7246,.T.);
#7246 = SURFACE_CURVE('',#7247,(#7252,#7258),.PCURVE_S1.);
#7247 = CIRCLE('',#7248,46.99);
#7248 = AXIS2_PLACEMENT_3D('',#7249,#7250,#7251);
#7249 = CARTESIAN_POINT('',(0.,0.,3.3528));
#7250 = DIRECTION('',(0.,0.,1.));
#7251 = DIRECTION('',(1.,0.,-0.));
#7252 = PCURVE('',#6823,#7253);
#7253 = DEFINITIONAL_REPRESENTATION('',(#7254),#7257);
#7254 = B_SPLINE_CURVE_WITH_KNOTS('',1,(#7255,#7256),.UNSPECIFIED.,.F.,
  .F.,(2,2),(0.261136053575,6.022049253604),.PIECEWISE_BEZIER_KNOTS.);
#7255 = CARTESIAN_POINT('',(0.261136053575,0.));
#7256 = CARTESIAN_POINT('',(6.022049253604,0.));
#7257 = ( GEOMETRIC_REPRESENTATION_CONTEXT(2) 
PARAMETRIC_REPRESENTATION_CONTEXT() REPRESENTATION_CONTEXT('2D SPACE',''
  ) );
#7258 = PCURVE('',#7209,#7259);
#7259 = DEFINITIONAL_REPRESENTATION('',(#7260),#7264);
#7260 = CIRCLE('',#7261,46.99);
#7261 = AXIS2_PLACEMENT_2D('',#7262,#7263);
#7262 = CARTESIAN_POINT('',(0.,0.));
#7263 = DIRECTION('',(1.,0.));
#7264 = ( GEOMETRIC_REPRESENTATION_CONTEXT(2) 
PARAMETRIC_REPRESENTATION_CONTEXT() REPRESENTATION_CONTEXT('2D SPACE',''
  ) );
#7265 = ORIENTED_EDGE('',*,*,#7221,.T.);
#7266 = ADVANCED_FACE('',(#7267),#6972,.F.);
#7267 = FACE_BOUND('',#7268,.F.);
#7268 = EDGE_LOOP('',(#7269,#7270,#7271,#7292,#7318,#7319));
#7269 = ORIENTED_EDGE('',*,*,#7147,.F.);
#7270 = ORIENTED_EDGE('',*,*,#7018,.T.);
#7271 = ORIENTED_EDGE('',*,*,#7272,.F.);
#7272 = EDGE_CURVE('',#7273,#6889,#7275,.T.);
#7273 = VERTEX_POINT('',#7274);
#7274 = CARTESIAN_POINT('',(38.862,-9.518444781693E-15,-10.668));
#7275 = SEAM_CURVE('',#7276,(#7280,#7286),.PCURVE_S1.);
#7276 = LINE('',#7277,#7278);
#7277 = CARTESIAN_POINT('',(38.839117117117,-9.512840091837E-15,-10.922)
  );
#7278 = VECTOR('',#7279,1.);
#7279 = DIRECTION('',(8.972670489621E-02,-2.197670438984E-17,
    0.995966424348));
#7280 = PCURVE('',#6972,#7281);
#7281 = DEFINITIONAL_REPRESENTATION('',(#7282),#7285);
#7282 = B_SPLINE_CURVE_WITH_KNOTS('',1,(#7283,#7284),.UNSPECIFIED.,.F.,
  .F.,(2,2),(0.255028677464,56.87139507447),.PIECEWISE_BEZIER_KNOTS.);
#7283 = CARTESIAN_POINT('',(6.28318530718,0.254));
#7284 = CARTESIAN_POINT('',(6.28318530718,56.642));
#7285 = ( GEOMETRIC_REPRESENTATION_CONTEXT(2) 
PARAMETRIC_REPRESENTATION_CONTEXT() REPRESENTATION_CONTEXT('2D SPACE',''
  ) );
#7286 = PCURVE('',#6972,#7287);
#7287 = DEFINITIONAL_REPRESENTATION('',(#7288),#7291);
#7288 = B_SPLINE_CURVE_WITH_KNOTS('',1,(#7289,#7290),.UNSPECIFIED.,.F.,
  .F.,(2,2),(0.255028677464,56.87139507447),.PIECEWISE_BEZIER_KNOTS.);
#7289 = CARTESIAN_POINT('',(0.,0.254));
#7290 = CARTESIAN_POINT('',(0.,56.642));
#7291 = ( GEOMETRIC_REPRESENTATION_CONTEXT(2) 
PARAMETRIC_REPRESENTATION_CONTEXT() REPRESENTATION_CONTEXT('2D SPACE',''
  ) );
#7292 = ORIENTED_EDGE('',*,*,#7293,.T.);
#7293 = EDGE_CURVE('',#7273,#7273,#7294,.T.);
#7294 = SURFACE_CURVE('',#7295,(#7300,#7306),.PCURVE_S1.);
#7295 = CIRCLE('',#7296,38.862);
#7296 = AXIS2_PLACEMENT_3D('',#7297,#7298,#7299);
#7297 = CARTESIAN_POINT('',(0.,0.,-10.668));
#7298 = DIRECTION('',(0.,0.,1.));
#7299 = DIRECTION('',(1.,0.,-0.));
#7300 = PCURVE('',#6972,#7301);
#7301 = DEFINITIONAL_REPRESENTATION('',(#7302),#7305);
#7302 = B_SPLINE_CURVE_WITH_KNOTS('',1,(#7303,#7304),.UNSPECIFIED.,.F.,
  .F.,(2,2),(0.,6.28318530718),.PIECEWISE_BEZIER_KNOTS.);
#7303 = CARTESIAN_POINT('',(0.,0.254));
#7304 = CARTESIAN_POINT('',(6.28318530718,0.254));
#7305 = ( GEOMETRIC_REPRESENTATION_CONTEXT(2) 
PARAMETRIC_REPRESENTATION_CONTEXT() REPRESENTATION_CONTEXT('2D SPACE',''
  ) );
#7306 = PCURVE('',#7307,#7312);
#7307 = PLANE('',#7308);
#7308 = AXIS2_PLACEMENT_3D('',#7309,#7310,#7311);
#7309 = CARTESIAN_POINT('',(0.,0.,-10.668));
#7310 = DIRECTION('',(0.,0.,1.));
#7311 = DIRECTION('',(1.,0.,-0.));
#7312 = DEFINITIONAL_REPRESENTATION('',(#7313),#7317);
#7313 = CIRCLE('',#7314,38.862);
#7314 = AXIS2_PLACEMENT_2D('',#7315,#7316);
#7315 = CARTESIAN_POINT('',(0.,0.));
#7316 = DIRECTION('',(1.,0.));
#7317 = ( GEOMETRIC_REPRESENTATION_CONTEXT(2) 
PARAMETRIC_REPRESENTATION_CONTEXT() REPRESENTATION_CONTEXT('2D SPACE',''
  ) );
#7318 = ORIENTED_EDGE('',*,*,#7272,.T.);
#7319 = ORIENTED_EDGE('',*,*,#6888,.T.);
#7320 = ADVANCED_FACE('',(#7321,#7325),#7209,.F.);
#7321 = FACE_BOUND('',#7322,.F.);
#7322 = EDGE_LOOP('',(#7323,#7324));
#7323 = ORIENTED_EDGE('',*,*,#7193,.F.);
#7324 = ORIENTED_EDGE('',*,*,#7245,.T.);
#7325 = FACE_BOUND('',#7326,.F.);
#7326 = EDGE_LOOP('',(#7327));
#7327 = ORIENTED_EDGE('',*,*,#7328,.F.);
#7328 = EDGE_CURVE('',#7329,#7329,#7331,.T.);
#7329 = VERTEX_POINT('',#7330);
#7330 = CARTESIAN_POINT('',(41.91,-1.026498947045E-14,3.3528));
#7331 = SURFACE_CURVE('',#7332,(#7337,#7344),.PCURVE_S1.);
#7332 = CIRCLE('',#7333,41.91);
#7333 = AXIS2_PLACEMENT_3D('',#7334,#7335,#7336);
#7334 = CARTESIAN_POINT('',(0.,0.,3.3528));
#7335 = DIRECTION('',(0.,0.,1.));
#7336 = DIRECTION('',(1.,0.,-0.));
#7337 = PCURVE('',#7209,#7338);
#7338 = DEFINITIONAL_REPRESENTATION('',(#7339),#7343);
#7339 = CIRCLE('',#7340,41.91);
#7340 = AXIS2_PLACEMENT_2D('',#7341,#7342);
#7341 = CARTESIAN_POINT('',(0.,0.));
#7342 = DIRECTION('',(1.,0.));
#7343 = ( GEOMETRIC_REPRESENTATION_CONTEXT(2) 
PARAMETRIC_REPRESENTATION_CONTEXT() REPRESENTATION_CONTEXT('2D SPACE',''
  ) );
#7344 = PCURVE('',#7345,#7350);
#7345 = CYLINDRICAL_SURFACE('',#7346,41.91);
#7346 = AXIS2_PLACEMENT_3D('',#7347,#7348,#7349);
#7347 = CARTESIAN_POINT('',(0.,0.,-10.668));
#7348 = DIRECTION('',(0.,0.,1.));
#7349 = DIRECTION('',(1.,0.,-0.));
#7350 = DEFINITIONAL_REPRESENTATION('',(#7351),#7354);
#7351 = B_SPLINE_CURVE_WITH_KNOTS('',1,(#7352,#7353),.UNSPECIFIED.,.F.,
  .F.,(2,2),(0.,6.28318530718),.PIECEWISE_BEZIER_KNOTS.);
#7352 = CARTESIAN_POINT('',(0.,14.0208));
#7353 = CARTESIAN_POINT('',(6.28318530718,14.0208));
#7354 = ( GEOMETRIC_REPRESENTATION_CONTEXT(2) 
PARAMETRIC_REPRESENTATION_CONTEXT() REPRESENTATION_CONTEXT('2D SPACE',''
  ) );
#7355 = ADVANCED_FACE('',(#7356,#7595),#7307,.F.);
#7356 = FACE_BOUND('',#7357,.F.);
#7357 = EDGE_LOOP('',(#7358,#7388,#7411,#7439,#7467,#7495,#7518,#7541,
    #7569));
#7358 = ORIENTED_EDGE('',*,*,#7359,.T.);
#7359 = EDGE_CURVE('',#7360,#7362,#7364,.T.);
#7360 = VERTEX_POINT('',#7361);
#7361 = CARTESIAN_POINT('',(-37.45163146489,26.223914669969,-10.668));
#7362 = VERTEX_POINT('',#7363);
#7363 = CARTESIAN_POINT('',(-34.33066217615,24.038588447472,-10.668));
#7364 = SURFACE_CURVE('',#7365,(#7369,#7376),.PCURVE_S1.);
#7365 = LINE('',#7366,#7367);
#7366 = CARTESIAN_POINT('',(-208.0646192494,145.68841483316,-10.668));
#7367 = VECTOR('',#7368,1.);
#7368 = DIRECTION('',(0.819152044289,-0.573576436351,0.));
#7369 = PCURVE('',#7307,#7370);
#7370 = DEFINITIONAL_REPRESENTATION('',(#7371),#7375);
#7371 = LINE('',#7372,#7373);
#7372 = CARTESIAN_POINT('',(-208.0646192494,145.68841483316));
#7373 = VECTOR('',#7374,1.);
#7374 = DIRECTION('',(0.819152044289,-0.573576436351));
#7375 = ( GEOMETRIC_REPRESENTATION_CONTEXT(2) 
PARAMETRIC_REPRESENTATION_CONTEXT() REPRESENTATION_CONTEXT('2D SPACE',''
  ) );
#7376 = PCURVE('',#7377,#7382);
#7377 = PLANE('',#7378);
#7378 = AXIS2_PLACEMENT_3D('',#7379,#7380,#7381);
#7379 = CARTESIAN_POINT('',(-37.45163146489,26.22391466997,-10.668));
#7380 = DIRECTION('',(0.573576436351,0.819152044289,-0.));
#7381 = DIRECTION('',(0.819152044289,-0.573576436351,0.));
#7382 = DEFINITIONAL_REPRESENTATION('',(#7383),#7387);
#7383 = LINE('',#7384,#7385);
#7384 = CARTESIAN_POINT('',(-208.28,-0.));
#7385 = VECTOR('',#7386,1.);
#7386 = DIRECTION('',(1.,0.));
#7387 = ( GEOMETRIC_REPRESENTATION_CONTEXT(2) 
PARAMETRIC_REPRESENTATION_CONTEXT() REPRESENTATION_CONTEXT('2D SPACE',''
  ) );
#7388 = ORIENTED_EDGE('',*,*,#7389,.T.);
#7389 = EDGE_CURVE('',#7362,#7390,#7392,.T.);
#7390 = VERTEX_POINT('',#7391);
#7391 = CARTESIAN_POINT('',(24.038588447472,-34.33066217615,-10.668));
#7392 = SURFACE_CURVE('',#7393,(#7398,#7405),.PCURVE_S1.);
#7393 = CIRCLE('',#7394,41.91);
#7394 = AXIS2_PLACEMENT_3D('',#7395,#7396,#7397);
#7395 = CARTESIAN_POINT('',(0.,0.,-10.668));
#7396 = DIRECTION('',(0.,0.,1.));
#7397 = DIRECTION('',(1.,0.,-0.));
#7398 = PCURVE('',#7307,#7399);
#7399 = DEFINITIONAL_REPRESENTATION('',(#7400),#7404);
#7400 = CIRCLE('',#7401,41.91);
#7401 = AXIS2_PLACEMENT_2D('',#7402,#7403);
#7402 = CARTESIAN_POINT('',(0.,0.));
#7403 = DIRECTION('',(1.,0.));
#7404 = ( GEOMETRIC_REPRESENTATION_CONTEXT(2) 
PARAMETRIC_REPRESENTATION_CONTEXT() REPRESENTATION_CONTEXT('2D SPACE',''
  ) );
#7405 = PCURVE('',#7345,#7406);
#7406 = DEFINITIONAL_REPRESENTATION('',(#7407),#7410);
#7407 = B_SPLINE_CURVE_WITH_KNOTS('',1,(#7408,#7409),.UNSPECIFIED.,.F.,
  .F.,(2,2),(2.530727415392,5.323254218583),.PIECEWISE_BEZIER_KNOTS.);
#7408 = CARTESIAN_POINT('',(2.530727415392,0.));
#7409 = CARTESIAN_POINT('',(5.323254218583,0.));
#7410 = ( GEOMETRIC_REPRESENTATION_CONTEXT(2) 
PARAMETRIC_REPRESENTATION_CONTEXT() REPRESENTATION_CONTEXT('2D SPACE',''
  ) );
#7411 = ORIENTED_EDGE('',*,*,#7412,.T.);
#7412 = EDGE_CURVE('',#7390,#7413,#7415,.T.);
#7413 = VERTEX_POINT('',#7414);
#7414 = CARTESIAN_POINT('',(26.223914669969,-37.45163146489,-10.668));
#7415 = SURFACE_CURVE('',#7416,(#7420,#7427),.PCURVE_S1.);
#7416 = LINE('',#7417,#7418);
#7417 = CARTESIAN_POINT('',(0.,0.,-10.668));
#7418 = VECTOR('',#7419,1.);
#7419 = DIRECTION('',(0.573576436351,-0.819152044289,0.));
#7420 = PCURVE('',#7307,#7421);
#7421 = DEFINITIONAL_REPRESENTATION('',(#7422),#7426);
#7422 = LINE('',#7423,#7424);
#7423 = CARTESIAN_POINT('',(0.,0.));
#7424 = VECTOR('',#7425,1.);
#7425 = DIRECTION('',(0.573576436351,-0.819152044289));
#7426 = ( GEOMETRIC_REPRESENTATION_CONTEXT(2) 
PARAMETRIC_REPRESENTATION_CONTEXT() REPRESENTATION_CONTEXT('2D SPACE',''
  ) );
#7427 = PCURVE('',#7428,#7433);
#7428 = PLANE('',#7429);
#7429 = AXIS2_PLACEMENT_3D('',#7430,#7431,#7432);
#7430 = CARTESIAN_POINT('',(23.601523202973,-33.7064683184,-10.668));
#7431 = DIRECTION('',(0.819152044289,0.573576436351,-0.));
#7432 = DIRECTION('',(0.573576436351,-0.819152044289,0.));
#7433 = DEFINITIONAL_REPRESENTATION('',(#7434),#7438);
#7434 = LINE('',#7435,#7436);
#7435 = CARTESIAN_POINT('',(-41.148,-0.));
#7436 = VECTOR('',#7437,1.);
#7437 = DIRECTION('',(1.,0.));
#7438 = ( GEOMETRIC_REPRESENTATION_CONTEXT(2) 
PARAMETRIC_REPRESENTATION_CONTEXT() REPRESENTATION_CONTEXT('2D SPACE',''
  ) );
#7439 = ORIENTED_EDGE('',*,*,#7440,.T.);
#7440 = EDGE_CURVE('',#7413,#7441,#7443,.T.);
#7441 = VERTEX_POINT('',#7442);
#7442 = CARTESIAN_POINT('',(37.451631464893,-26.22391466996,-10.668));
#7443 = SURFACE_CURVE('',#7444,(#7449,#7456),.PCURVE_S1.);
#7444 = CIRCLE('',#7445,45.72);
#7445 = AXIS2_PLACEMENT_3D('',#7446,#7447,#7448);
#7446 = CARTESIAN_POINT('',(0.,0.,-10.668));
#7447 = DIRECTION('',(0.,0.,1.));
#7448 = DIRECTION('',(1.,0.,-0.));
#7449 = PCURVE('',#7307,#7450);
#7450 = DEFINITIONAL_REPRESENTATION('',(#7451),#7455);
#7451 = CIRCLE('',#7452,45.72);
#7452 = AXIS2_PLACEMENT_2D('',#7453,#7454);
#7453 = CARTESIAN_POINT('',(0.,0.));
#7454 = DIRECTION('',(1.,0.));
#7455 = ( GEOMETRIC_REPRESENTATION_CONTEXT(2) 
PARAMETRIC_REPRESENTATION_CONTEXT() REPRESENTATION_CONTEXT('2D SPACE',''
  ) );
#7456 = PCURVE('',#7457,#7462);
#7457 = CYLINDRICAL_SURFACE('',#7458,45.72);
#7458 = AXIS2_PLACEMENT_3D('',#7459,#7460,#7461);
#7459 = CARTESIAN_POINT('',(0.,0.,-10.668));
#7460 = DIRECTION('',(-0.,-0.,-1.));
#7461 = DIRECTION('',(1.,0.,-0.));
#7462 = DEFINITIONAL_REPRESENTATION('',(#7463),#7466);
#7463 = B_SPLINE_CURVE_WITH_KNOTS('',1,(#7464,#7465),.UNSPECIFIED.,.F.,
  .F.,(2,2),(5.323254218583,5.672320068982),.PIECEWISE_BEZIER_KNOTS.);
#7464 = CARTESIAN_POINT('',(-5.323254218583,0.));
#7465 = CARTESIAN_POINT('',(-5.672320068982,0.));
#7466 = ( GEOMETRIC_REPRESENTATION_CONTEXT(2) 
PARAMETRIC_REPRESENTATION_CONTEXT() REPRESENTATION_CONTEXT('2D SPACE',''
  ) );
#7467 = ORIENTED_EDGE('',*,*,#7468,.T.);
#7468 = EDGE_CURVE('',#7441,#7469,#7471,.T.);
#7469 = VERTEX_POINT('',#7470);
#7470 = CARTESIAN_POINT('',(34.330662176152,-24.03858844747,-10.668));
#7471 = SURFACE_CURVE('',#7472,(#7476,#7483),.PCURVE_S1.);
#7472 = LINE('',#7473,#7474);
#7473 = CARTESIAN_POINT('',(208.0646192494,-145.6884148331,-10.668));
#7474 = VECTOR('',#7475,1.);
#7475 = DIRECTION('',(-0.819152044289,0.573576436351,0.));
#7476 = PCURVE('',#7307,#7477);
#7477 = DEFINITIONAL_REPRESENTATION('',(#7478),#7482);
#7478 = LINE('',#7479,#7480);
#7479 = CARTESIAN_POINT('',(208.0646192494,-145.6884148331));
#7480 = VECTOR('',#7481,1.);
#7481 = DIRECTION('',(-0.819152044289,0.573576436351));
#7482 = ( GEOMETRIC_REPRESENTATION_CONTEXT(2) 
PARAMETRIC_REPRESENTATION_CONTEXT() REPRESENTATION_CONTEXT('2D SPACE',''
  ) );
#7483 = PCURVE('',#7484,#7489);
#7484 = PLANE('',#7485);
#7485 = AXIS2_PLACEMENT_3D('',#7486,#7487,#7488);
#7486 = CARTESIAN_POINT('',(37.451631464893,-26.22391466997,-10.668));
#7487 = DIRECTION('',(-0.573576436351,-0.819152044289,0.));
#7488 = DIRECTION('',(-0.819152044289,0.573576436351,0.));
#7489 = DEFINITIONAL_REPRESENTATION('',(#7490),#7494);
#7490 = LINE('',#7491,#7492);
#7491 = CARTESIAN_POINT('',(-208.28,-0.));
#7492 = VECTOR('',#7493,1.);
#7493 = DIRECTION('',(1.,0.));
#7494 = ( GEOMETRIC_REPRESENTATION_CONTEXT(2) 
PARAMETRIC_REPRESENTATION_CONTEXT() REPRESENTATION_CONTEXT('2D SPACE',''
  ) );
#7495 = ORIENTED_EDGE('',*,*,#7496,.T.);
#7496 = EDGE_CURVE('',#7469,#7497,#7499,.T.);
#7497 = VERTEX_POINT('',#7498);
#7498 = CARTESIAN_POINT('',(41.91,-1.026498947045E-14,-10.668));
#7499 = SURFACE_CURVE('',#7500,(#7505,#7512),.PCURVE_S1.);
#7500 = CIRCLE('',#7501,41.91);
#7501 = AXIS2_PLACEMENT_3D('',#7502,#7503,#7504);
#7502 = CARTESIAN_POINT('',(0.,0.,-10.668));
#7503 = DIRECTION('',(0.,0.,1.));
#7504 = DIRECTION('',(1.,0.,-0.));
#7505 = PCURVE('',#7307,#7506);
#7506 = DEFINITIONAL_REPRESENTATION('',(#7507),#7511);
#7507 = CIRCLE('',#7508,41.91);
#7508 = AXIS2_PLACEMENT_2D('',#7509,#7510);
#7509 = CARTESIAN_POINT('',(0.,0.));
#7510 = DIRECTION('',(1.,0.));
#7511 = ( GEOMETRIC_REPRESENTATION_CONTEXT(2) 
PARAMETRIC_REPRESENTATION_CONTEXT() REPRESENTATION_CONTEXT('2D SPACE',''
  ) );
#7512 = PCURVE('',#7345,#7513);
#7513 = DEFINITIONAL_REPRESENTATION('',(#7514),#7517);
#7514 = B_SPLINE_CURVE_WITH_KNOTS('',1,(#7515,#7516),.UNSPECIFIED.,.F.,
  .F.,(2,2),(5.672320068982,6.28318530718),.PIECEWISE_BEZIER_KNOTS.);
#7515 = CARTESIAN_POINT('',(5.672320068982,0.));
#7516 = CARTESIAN_POINT('',(6.28318530718,0.));
#7517 = ( GEOMETRIC_REPRESENTATION_CONTEXT(2) 
PARAMETRIC_REPRESENTATION_CONTEXT() REPRESENTATION_CONTEXT('2D SPACE',''
  ) );
#7518 = ORIENTED_EDGE('',*,*,#7519,.T.);
#7519 = EDGE_CURVE('',#7497,#7520,#7522,.T.);
#7520 = VERTEX_POINT('',#7521);
#7521 = CARTESIAN_POINT('',(-24.03858844747,34.330662176152,-10.668));
#7522 = SURFACE_CURVE('',#7523,(#7528,#7535),.PCURVE_S1.);
#7523 = CIRCLE('',#7524,41.91);
#7524 = AXIS2_PLACEMENT_3D('',#7525,#7526,#7527);
#7525 = CARTESIAN_POINT('',(0.,0.,-10.668));
#7526 = DIRECTION('',(0.,0.,1.));
#7527 = DIRECTION('',(1.,0.,-0.));
#7528 = PCURVE('',#7307,#7529);
#7529 = DEFINITIONAL_REPRESENTATION('',(#7530),#7534);
#7530 = CIRCLE('',#7531,41.91);
#7531 = AXIS2_PLACEMENT_2D('',#7532,#7533);
#7532 = CARTESIAN_POINT('',(0.,0.));
#7533 = DIRECTION('',(1.,0.));
#7534 = ( GEOMETRIC_REPRESENTATION_CONTEXT(2) 
PARAMETRIC_REPRESENTATION_CONTEXT() REPRESENTATION_CONTEXT('2D SPACE',''
  ) );
#7535 = PCURVE('',#7345,#7536);
#7536 = DEFINITIONAL_REPRESENTATION('',(#7537),#7540);
#7537 = B_SPLINE_CURVE_WITH_KNOTS('',1,(#7538,#7539),.UNSPECIFIED.,.F.,
  .F.,(2,2),(0.,2.181661564993),.PIECEWISE_BEZIER_KNOTS.);
#7538 = CARTESIAN_POINT('',(0.,0.));
#7539 = CARTESIAN_POINT('',(2.181661564993,0.));
#7540 = ( GEOMETRIC_REPRESENTATION_CONTEXT(2) 
PARAMETRIC_REPRESENTATION_CONTEXT() REPRESENTATION_CONTEXT('2D SPACE',''
  ) );
#7541 = ORIENTED_EDGE('',*,*,#7542,.T.);
#7542 = EDGE_CURVE('',#7520,#7543,#7545,.T.);
#7543 = VERTEX_POINT('',#7544);
#7544 = CARTESIAN_POINT('',(-26.22391466996,37.451631464893,-10.668));
#7545 = SURFACE_CURVE('',#7546,(#7550,#7557),.PCURVE_S1.);
#7546 = LINE('',#7547,#7548);
#7547 = CARTESIAN_POINT('',(0.,0.,-10.668));
#7548 = VECTOR('',#7549,1.);
#7549 = DIRECTION('',(-0.573576436351,0.819152044289,0.));
#7550 = PCURVE('',#7307,#7551);
#7551 = DEFINITIONAL_REPRESENTATION('',(#7552),#7556);
#7552 = LINE('',#7553,#7554);
#7553 = CARTESIAN_POINT('',(0.,0.));
#7554 = VECTOR('',#7555,1.);
#7555 = DIRECTION('',(-0.573576436351,0.819152044289));
#7556 = ( GEOMETRIC_REPRESENTATION_CONTEXT(2) 
PARAMETRIC_REPRESENTATION_CONTEXT() REPRESENTATION_CONTEXT('2D SPACE',''
  ) );
#7557 = PCURVE('',#7558,#7563);
#7558 = PLANE('',#7559);
#7559 = AXIS2_PLACEMENT_3D('',#7560,#7561,#7562);
#7560 = CARTESIAN_POINT('',(-23.60152320297,33.706468318403,-10.668));
#7561 = DIRECTION('',(-0.819152044289,-0.573576436351,0.));
#7562 = DIRECTION('',(-0.573576436351,0.819152044289,0.));
#7563 = DEFINITIONAL_REPRESENTATION('',(#7564),#7568);
#7564 = LINE('',#7565,#7566);
#7565 = CARTESIAN_POINT('',(-41.148,-0.));
#7566 = VECTOR('',#7567,1.);
#7567 = DIRECTION('',(1.,0.));
#7568 = ( GEOMETRIC_REPRESENTATION_CONTEXT(2) 
PARAMETRIC_REPRESENTATION_CONTEXT() REPRESENTATION_CONTEXT('2D SPACE',''
  ) );
#7569 = ORIENTED_EDGE('',*,*,#7570,.T.);
#7570 = EDGE_CURVE('',#7543,#7360,#7571,.T.);
#7571 = SURFACE_CURVE('',#7572,(#7577,#7584),.PCURVE_S1.);
#7572 = CIRCLE('',#7573,45.72);
#7573 = AXIS2_PLACEMENT_3D('',#7574,#7575,#7576);
#7574 = CARTESIAN_POINT('',(0.,0.,-10.668));
#7575 = DIRECTION('',(0.,0.,1.));
#7576 = DIRECTION('',(1.,0.,-0.));
#7577 = PCURVE('',#7307,#7578);
#7578 = DEFINITIONAL_REPRESENTATION('',(#7579),#7583);
#7579 = CIRCLE('',#7580,45.72);
#7580 = AXIS2_PLACEMENT_2D('',#7581,#7582);
#7581 = CARTESIAN_POINT('',(0.,0.));
#7582 = DIRECTION('',(1.,0.));
#7583 = ( GEOMETRIC_REPRESENTATION_CONTEXT(2) 
PARAMETRIC_REPRESENTATION_CONTEXT() REPRESENTATION_CONTEXT('2D SPACE',''
  ) );
#7584 = PCURVE('',#7585,#7590);
#7585 = CYLINDRICAL_SURFACE('',#7586,45.72);
#7586 = AXIS2_PLACEMENT_3D('',#7587,#7588,#7589);
#7587 = CARTESIAN_POINT('',(0.,0.,-10.668));
#7588 = DIRECTION('',(-0.,-0.,-1.));
#7589 = DIRECTION('',(1.,0.,-0.));
#7590 = DEFINITIONAL_REPRESENTATION('',(#7591),#7594);
#7591 = B_SPLINE_CURVE_WITH_KNOTS('',1,(#7592,#7593),.UNSPECIFIED.,.F.,
  .F.,(2,2),(2.181661564993,2.530727415392),.PIECEWISE_BEZIER_KNOTS.);
#7592 = CARTESIAN_POINT('',(-2.181661564993,0.));
#7593 = CARTESIAN_POINT('',(-2.530727415392,0.));
#7594 = ( GEOMETRIC_REPRESENTATION_CONTEXT(2) 
PARAMETRIC_REPRESENTATION_CONTEXT() REPRESENTATION_CONTEXT('2D SPACE',''
  ) );
#7595 = FACE_BOUND('',#7596,.F.);
#7596 = EDGE_LOOP('',(#7597));
#7597 = ORIENTED_EDGE('',*,*,#7293,.F.);
#7598 = ADVANCED_FACE('',(#7599),#7345,.T.);
#7599 = FACE_BOUND('',#7600,.T.);
#7600 = EDGE_LOOP('',(#7601,#7602,#7621,#7622,#7644,#7672,#7692,#7693,
    #7715,#7743,#7763,#7764));
#7601 = ORIENTED_EDGE('',*,*,#7328,.F.);
#7602 = ORIENTED_EDGE('',*,*,#7603,.F.);
#7603 = EDGE_CURVE('',#7497,#7329,#7604,.T.);
#7604 = SEAM_CURVE('',#7605,(#7609,#7615),.PCURVE_S1.);
#7605 = LINE('',#7606,#7607);
#7606 = CARTESIAN_POINT('',(41.91,-1.026498947045E-14,-10.668));
#7607 = VECTOR('',#7608,1.);
#7608 = DIRECTION('',(0.,0.,1.));
#7609 = PCURVE('',#7345,#7610);
#7610 = DEFINITIONAL_REPRESENTATION('',(#7611),#7614);
#7611 = B_SPLINE_CURVE_WITH_KNOTS('',1,(#7612,#7613),.UNSPECIFIED.,.F.,
  .F.,(2,2),(0.,14.0208),.PIECEWISE_BEZIER_KNOTS.);
#7612 = CARTESIAN_POINT('',(6.28318530718,0.));
#7613 = CARTESIAN_POINT('',(6.28318530718,14.0208));
#7614 = ( GEOMETRIC_REPRESENTATION_CONTEXT(2) 
PARAMETRIC_REPRESENTATION_CONTEXT() REPRESENTATION_CONTEXT('2D SPACE',''
  ) );
#7615 = PCURVE('',#7345,#7616);
#7616 = DEFINITIONAL_REPRESENTATION('',(#7617),#7620);
#7617 = B_SPLINE_CURVE_WITH_KNOTS('',1,(#7618,#7619),.UNSPECIFIED.,.F.,
  .F.,(2,2),(0.,14.0208),.PIECEWISE_BEZIER_KNOTS.);
#7618 = CARTESIAN_POINT('',(0.,0.));
#7619 = CARTESIAN_POINT('',(0.,14.0208));
#7620 = ( GEOMETRIC_REPRESENTATION_CONTEXT(2) 
PARAMETRIC_REPRESENTATION_CONTEXT() REPRESENTATION_CONTEXT('2D SPACE',''
  ) );
#7621 = ORIENTED_EDGE('',*,*,#7519,.T.);
#7622 = ORIENTED_EDGE('',*,*,#7623,.T.);
#7623 = EDGE_CURVE('',#7520,#7624,#7626,.T.);
#7624 = VERTEX_POINT('',#7625);
#7625 = CARTESIAN_POINT('',(-24.03858844747,34.330662176152,-6.858));
#7626 = SURFACE_CURVE('',#7627,(#7631,#7637),.PCURVE_S1.);
#7627 = LINE('',#7628,#7629);
#7628 = CARTESIAN_POINT('',(-24.03858844747,34.330662176152,-10.668));
#7629 = VECTOR('',#7630,1.);
#7630 = DIRECTION('',(0.,0.,1.));
#7631 = PCURVE('',#7345,#7632);
#7632 = DEFINITIONAL_REPRESENTATION('',(#7633),#7636);
#7633 = B_SPLINE_CURVE_WITH_KNOTS('',1,(#7634,#7635),.UNSPECIFIED.,.F.,
  .F.,(2,2),(0.,3.81),.PIECEWISE_BEZIER_KNOTS.);
#7634 = CARTESIAN_POINT('',(2.181661564993,0.));
#7635 = CARTESIAN_POINT('',(2.181661564993,3.81));
#7636 = ( GEOMETRIC_REPRESENTATION_CONTEXT(2) 
PARAMETRIC_REPRESENTATION_CONTEXT() REPRESENTATION_CONTEXT('2D SPACE',''
  ) );
#7637 = PCURVE('',#7558,#7638);
#7638 = DEFINITIONAL_REPRESENTATION('',(#7639),#7643);
#7639 = LINE('',#7640,#7641);
#7640 = CARTESIAN_POINT('',(0.762,0.));
#7641 = VECTOR('',#7642,1.);
#7642 = DIRECTION('',(0.,-1.));
#7643 = ( GEOMETRIC_REPRESENTATION_CONTEXT(2) 
PARAMETRIC_REPRESENTATION_CONTEXT() REPRESENTATION_CONTEXT('2D SPACE',''
  ) );
#7644 = ORIENTED_EDGE('',*,*,#7645,.T.);
#7645 = EDGE_CURVE('',#7624,#7646,#7648,.T.);
#7646 = VERTEX_POINT('',#7647);
#7647 = CARTESIAN_POINT('',(-34.33066217615,24.038588447472,-6.858));
#7648 = SURFACE_CURVE('',#7649,(#7654,#7660),.PCURVE_S1.);
#7649 = CIRCLE('',#7650,41.91);
#7650 = AXIS2_PLACEMENT_3D('',#7651,#7652,#7653);
#7651 = CARTESIAN_POINT('',(0.,0.,-6.858));
#7652 = DIRECTION('',(0.,0.,1.));
#7653 = DIRECTION('',(1.,0.,-0.));
#7654 = PCURVE('',#7345,#7655);
#7655 = DEFINITIONAL_REPRESENTATION('',(#7656),#7659);
#7656 = B_SPLINE_CURVE_WITH_KNOTS('',1,(#7657,#7658),.UNSPECIFIED.,.F.,
  .F.,(2,2),(2.181661564993,2.530727415392),.PIECEWISE_BEZIER_KNOTS.);
#7657 = CARTESIAN_POINT('',(2.181661564993,3.81));
#7658 = CARTESIAN_POINT('',(2.530727415392,3.81));
#7659 = ( GEOMETRIC_REPRESENTATION_CONTEXT(2) 
PARAMETRIC_REPRESENTATION_CONTEXT() REPRESENTATION_CONTEXT('2D SPACE',''
  ) );
#7660 = PCURVE('',#7661,#7666);
#7661 = PLANE('',#7662);
#7662 = AXIS2_PLACEMENT_3D('',#7663,#7664,#7665);
#7663 = CARTESIAN_POINT('',(-1.206006228004E-15,5.369675646121E-15,
    -6.858));
#7664 = DIRECTION('',(0.,0.,1.));
#7665 = DIRECTION('',(1.,0.,-0.));
#7666 = DEFINITIONAL_REPRESENTATION('',(#7667),#7671);
#7667 = CIRCLE('',#7668,41.91);
#7668 = AXIS2_PLACEMENT_2D('',#7669,#7670);
#7669 = CARTESIAN_POINT('',(1.206006228004E-15,-5.369675646121E-15));
#7670 = DIRECTION('',(1.,0.));
#7671 = ( GEOMETRIC_REPRESENTATION_CONTEXT(2) 
PARAMETRIC_REPRESENTATION_CONTEXT() REPRESENTATION_CONTEXT('2D SPACE',''
  ) );
#7672 = ORIENTED_EDGE('',*,*,#7673,.F.);
#7673 = EDGE_CURVE('',#7362,#7646,#7674,.T.);
#7674 = SURFACE_CURVE('',#7675,(#7679,#7685),.PCURVE_S1.);
#7675 = LINE('',#7676,#7677);
#7676 = CARTESIAN_POINT('',(-34.33066217615,24.038588447472,-10.668));
#7677 = VECTOR('',#7678,1.);
#7678 = DIRECTION('',(0.,0.,1.));
#7679 = PCURVE('',#7345,#7680);
#7680 = DEFINITIONAL_REPRESENTATION('',(#7681),#7684);
#7681 = B_SPLINE_CURVE_WITH_KNOTS('',1,(#7682,#7683),.UNSPECIFIED.,.F.,
  .F.,(2,2),(0.,3.81),.PIECEWISE_BEZIER_KNOTS.);
#7682 = CARTESIAN_POINT('',(2.530727415392,0.));
#7683 = CARTESIAN_POINT('',(2.530727415392,3.81));
#7684 = ( GEOMETRIC_REPRESENTATION_CONTEXT(2) 
PARAMETRIC_REPRESENTATION_CONTEXT() REPRESENTATION_CONTEXT('2D SPACE',''
  ) );
#7685 = PCURVE('',#7377,#7686);
#7686 = DEFINITIONAL_REPRESENTATION('',(#7687),#7691);
#7687 = LINE('',#7688,#7689);
#7688 = CARTESIAN_POINT('',(3.81,0.));
#7689 = VECTOR('',#7690,1.);
#7690 = DIRECTION('',(0.,-1.));
#7691 = ( GEOMETRIC_REPRESENTATION_CONTEXT(2) 
PARAMETRIC_REPRESENTATION_CONTEXT() REPRESENTATION_CONTEXT('2D SPACE',''
  ) );
#7692 = ORIENTED_EDGE('',*,*,#7389,.T.);
#7693 = ORIENTED_EDGE('',*,*,#7694,.T.);
#7694 = EDGE_CURVE('',#7390,#7695,#7697,.T.);
#7695 = VERTEX_POINT('',#7696);
#7696 = CARTESIAN_POINT('',(24.038588447472,-34.33066217615,-6.858));
#7697 = SURFACE_CURVE('',#7698,(#7702,#7708),.PCURVE_S1.);
#7698 = LINE('',#7699,#7700);
#7699 = CARTESIAN_POINT('',(24.038588447472,-34.33066217615,-10.668));
#7700 = VECTOR('',#7701,1.);
#7701 = DIRECTION('',(0.,0.,1.));
#7702 = PCURVE('',#7345,#7703);
#7703 = DEFINITIONAL_REPRESENTATION('',(#7704),#7707);
#7704 = B_SPLINE_CURVE_WITH_KNOTS('',1,(#7705,#7706),.UNSPECIFIED.,.F.,
  .F.,(2,2),(0.,3.81),.PIECEWISE_BEZIER_KNOTS.);
#7705 = CARTESIAN_POINT('',(5.323254218583,0.));
#7706 = CARTESIAN_POINT('',(5.323254218583,3.81));
#7707 = ( GEOMETRIC_REPRESENTATION_CONTEXT(2) 
PARAMETRIC_REPRESENTATION_CONTEXT() REPRESENTATION_CONTEXT('2D SPACE',''
  ) );
#7708 = PCURVE('',#7428,#7709);
#7709 = DEFINITIONAL_REPRESENTATION('',(#7710),#7714);
#7710 = LINE('',#7711,#7712);
#7711 = CARTESIAN_POINT('',(0.762,0.));
#7712 = VECTOR('',#7713,1.);
#7713 = DIRECTION('',(0.,-1.));
#7714 = ( GEOMETRIC_REPRESENTATION_CONTEXT(2) 
PARAMETRIC_REPRESENTATION_CONTEXT() REPRESENTATION_CONTEXT('2D SPACE',''
  ) );
#7715 = ORIENTED_EDGE('',*,*,#7716,.T.);
#7716 = EDGE_CURVE('',#7695,#7717,#7719,.T.);
#7717 = VERTEX_POINT('',#7718);
#7718 = CARTESIAN_POINT('',(34.330662176152,-24.03858844747,-6.858));
#7719 = SURFACE_CURVE('',#7720,(#7725,#7731),.PCURVE_S1.);
#7720 = CIRCLE('',#7721,41.91);
#7721 = AXIS2_PLACEMENT_3D('',#7722,#7723,#7724);
#7722 = CARTESIAN_POINT('',(0.,0.,-6.858));
#7723 = DIRECTION('',(0.,0.,1.));
#7724 = DIRECTION('',(1.,0.,-0.));
#7725 = PCURVE('',#7345,#7726);
#7726 = DEFINITIONAL_REPRESENTATION('',(#7727),#7730);
#7727 = B_SPLINE_CURVE_WITH_KNOTS('',1,(#7728,#7729),.UNSPECIFIED.,.F.,
  .F.,(2,2),(5.323254218583,5.672320068982),.PIECEWISE_BEZIER_KNOTS.);
#7728 = CARTESIAN_POINT('',(5.323254218583,3.81));
#7729 = CARTESIAN_POINT('',(5.672320068982,3.81));
#7730 = ( GEOMETRIC_REPRESENTATION_CONTEXT(2) 
PARAMETRIC_REPRESENTATION_CONTEXT() REPRESENTATION_CONTEXT('2D SPACE',''
  ) );
#7731 = PCURVE('',#7732,#7737);
#7732 = PLANE('',#7733);
#7733 = AXIS2_PLACEMENT_3D('',#7734,#7735,#7736);
#7734 = CARTESIAN_POINT('',(-1.206006228004E-15,5.369675646121E-15,
    -6.858));
#7735 = DIRECTION('',(0.,0.,1.));
#7736 = DIRECTION('',(1.,0.,-0.));
#7737 = DEFINITIONAL_REPRESENTATION('',(#7738),#7742);
#7738 = CIRCLE('',#7739,41.91);
#7739 = AXIS2_PLACEMENT_2D('',#7740,#7741);
#7740 = CARTESIAN_POINT('',(1.206006228004E-15,-5.369675646121E-15));
#7741 = DIRECTION('',(1.,0.));
#7742 = ( GEOMETRIC_REPRESENTATION_CONTEXT(2) 
PARAMETRIC_REPRESENTATION_CONTEXT() REPRESENTATION_CONTEXT('2D SPACE',''
  ) );
#7743 = ORIENTED_EDGE('',*,*,#7744,.F.);
#7744 = EDGE_CURVE('',#7469,#7717,#7745,.T.);
#7745 = SURFACE_CURVE('',#7746,(#7750,#7756),.PCURVE_S1.);
#7746 = LINE('',#7747,#7748);
#7747 = CARTESIAN_POINT('',(34.330662176152,-24.03858844747,-10.668));
#7748 = VECTOR('',#7749,1.);
#7749 = DIRECTION('',(0.,0.,1.));
#7750 = PCURVE('',#7345,#7751);
#7751 = DEFINITIONAL_REPRESENTATION('',(#7752),#7755);
#7752 = B_SPLINE_CURVE_WITH_KNOTS('',1,(#7753,#7754),.UNSPECIFIED.,.F.,
  .F.,(2,2),(0.,3.81),.PIECEWISE_BEZIER_KNOTS.);
#7753 = CARTESIAN_POINT('',(5.672320068982,0.));
#7754 = CARTESIAN_POINT('',(5.672320068982,3.81));
#7755 = ( GEOMETRIC_REPRESENTATION_CONTEXT(2) 
PARAMETRIC_REPRESENTATION_CONTEXT() REPRESENTATION_CONTEXT('2D SPACE',''
  ) );
#7756 = PCURVE('',#7484,#7757);
#7757 = DEFINITIONAL_REPRESENTATION('',(#7758),#7762);
#7758 = LINE('',#7759,#7760);
#7759 = CARTESIAN_POINT('',(3.81,0.));
#7760 = VECTOR('',#7761,1.);
#7761 = DIRECTION('',(0.,-1.));
#7762 = ( GEOMETRIC_REPRESENTATION_CONTEXT(2) 
PARAMETRIC_REPRESENTATION_CONTEXT() REPRESENTATION_CONTEXT('2D SPACE',''
  ) );
#7763 = ORIENTED_EDGE('',*,*,#7496,.T.);
#7764 = ORIENTED_EDGE('',*,*,#7603,.T.);
#7765 = ADVANCED_FACE('',(#7766),#7377,.F.);
#7766 = FACE_BOUND('',#7767,.F.);
#7767 = EDGE_LOOP('',(#7768,#7769,#7791,#7812));
#7768 = ORIENTED_EDGE('',*,*,#7359,.F.);
#7769 = ORIENTED_EDGE('',*,*,#7770,.T.);
#7770 = EDGE_CURVE('',#7360,#7771,#7773,.T.);
#7771 = VERTEX_POINT('',#7772);
#7772 = CARTESIAN_POINT('',(-37.45163146489,26.223914669969,-6.858));
#7773 = SURFACE_CURVE('',#7774,(#7778,#7785),.PCURVE_S1.);
#7774 = LINE('',#7775,#7776);
#7775 = CARTESIAN_POINT('',(-37.45163146489,26.223914669969,-10.668));
#7776 = VECTOR('',#7777,1.);
#7777 = DIRECTION('',(0.,0.,1.));
#7778 = PCURVE('',#7377,#7779);
#7779 = DEFINITIONAL_REPRESENTATION('',(#7780),#7784);
#7780 = LINE('',#7781,#7782);
#7781 = CARTESIAN_POINT('',(7.858178196788E-15,0.));
#7782 = VECTOR('',#7783,1.);
#7783 = DIRECTION('',(0.,-1.));
#7784 = ( GEOMETRIC_REPRESENTATION_CONTEXT(2) 
PARAMETRIC_REPRESENTATION_CONTEXT() REPRESENTATION_CONTEXT('2D SPACE',''
  ) );
#7785 = PCURVE('',#7585,#7786);
#7786 = DEFINITIONAL_REPRESENTATION('',(#7787),#7790);
#7787 = B_SPLINE_CURVE_WITH_KNOTS('',1,(#7788,#7789),.UNSPECIFIED.,.F.,
  .F.,(2,2),(0.,3.81),.PIECEWISE_BEZIER_KNOTS.);
#7788 = CARTESIAN_POINT('',(-2.530727415392,0.));
#7789 = CARTESIAN_POINT('',(-2.530727415392,-3.81));
#7790 = ( GEOMETRIC_REPRESENTATION_CONTEXT(2) 
PARAMETRIC_REPRESENTATION_CONTEXT() REPRESENTATION_CONTEXT('2D SPACE',''
  ) );
#7791 = ORIENTED_EDGE('',*,*,#7792,.T.);
#7792 = EDGE_CURVE('',#7771,#7646,#7793,.T.);
#7793 = SURFACE_CURVE('',#7794,(#7798,#7805),.PCURVE_S1.);
#7794 = LINE('',#7795,#7796);
#7795 = CARTESIAN_POINT('',(-208.0646192494,145.68841483316,-6.858));
#7796 = VECTOR('',#7797,1.);
#7797 = DIRECTION('',(0.819152044289,-0.573576436351,0.));
#7798 = PCURVE('',#7377,#7799);
#7799 = DEFINITIONAL_REPRESENTATION('',(#7800),#7804);
#7800 = LINE('',#7801,#7802);
#7801 = CARTESIAN_POINT('',(-208.28,-3.81));
#7802 = VECTOR('',#7803,1.);
#7803 = DIRECTION('',(1.,0.));
#7804 = ( GEOMETRIC_REPRESENTATION_CONTEXT(2) 
PARAMETRIC_REPRESENTATION_CONTEXT() REPRESENTATION_CONTEXT('2D SPACE',''
  ) );
#7805 = PCURVE('',#7661,#7806);
#7806 = DEFINITIONAL_REPRESENTATION('',(#7807),#7811);
#7807 = LINE('',#7808,#7809);
#7808 = CARTESIAN_POINT('',(-208.0646192494,145.68841483316));
#7809 = VECTOR('',#7810,1.);
#7810 = DIRECTION('',(0.819152044289,-0.573576436351));
#7811 = ( GEOMETRIC_REPRESENTATION_CONTEXT(2) 
PARAMETRIC_REPRESENTATION_CONTEXT() REPRESENTATION_CONTEXT('2D SPACE',''
  ) );
#7812 = ORIENTED_EDGE('',*,*,#7673,.F.);
#7813 = ADVANCED_FACE('',(#7814),#7585,.T.);
#7814 = FACE_BOUND('',#7815,.F.);
#7815 = EDGE_LOOP('',(#7816,#7838,#7859,#7860));
#7816 = ORIENTED_EDGE('',*,*,#7817,.T.);
#7817 = EDGE_CURVE('',#7543,#7818,#7820,.T.);
#7818 = VERTEX_POINT('',#7819);
#7819 = CARTESIAN_POINT('',(-26.22391466996,37.451631464893,-6.858));
#7820 = SURFACE_CURVE('',#7821,(#7825,#7831),.PCURVE_S1.);
#7821 = LINE('',#7822,#7823);
#7822 = CARTESIAN_POINT('',(-26.22391466996,37.451631464893,-10.668));
#7823 = VECTOR('',#7824,1.);
#7824 = DIRECTION('',(0.,0.,1.));
#7825 = PCURVE('',#7585,#7826);
#7826 = DEFINITIONAL_REPRESENTATION('',(#7827),#7830);
#7827 = B_SPLINE_CURVE_WITH_KNOTS('',1,(#7828,#7829),.UNSPECIFIED.,.F.,
  .F.,(2,2),(0.,3.81),.PIECEWISE_BEZIER_KNOTS.);
#7828 = CARTESIAN_POINT('',(-2.181661564993,0.));
#7829 = CARTESIAN_POINT('',(-2.181661564993,-3.81));
#7830 = ( GEOMETRIC_REPRESENTATION_CONTEXT(2) 
PARAMETRIC_REPRESENTATION_CONTEXT() REPRESENTATION_CONTEXT('2D SPACE',''
  ) );
#7831 = PCURVE('',#7558,#7832);
#7832 = DEFINITIONAL_REPRESENTATION('',(#7833),#7837);
#7833 = LINE('',#7834,#7835);
#7834 = CARTESIAN_POINT('',(4.572,0.));
#7835 = VECTOR('',#7836,1.);
#7836 = DIRECTION('',(0.,-1.));
#7837 = ( GEOMETRIC_REPRESENTATION_CONTEXT(2) 
PARAMETRIC_REPRESENTATION_CONTEXT() REPRESENTATION_CONTEXT('2D SPACE',''
  ) );
#7838 = ORIENTED_EDGE('',*,*,#7839,.T.);
#7839 = EDGE_CURVE('',#7818,#7771,#7840,.T.);
#7840 = SURFACE_CURVE('',#7841,(#7846,#7852),.PCURVE_S1.);
#7841 = CIRCLE('',#7842,45.72);
#7842 = AXIS2_PLACEMENT_3D('',#7843,#7844,#7845);
#7843 = CARTESIAN_POINT('',(0.,0.,-6.858));
#7844 = DIRECTION('',(0.,0.,1.));
#7845 = DIRECTION('',(1.,0.,-0.));
#7846 = PCURVE('',#7585,#7847);
#7847 = DEFINITIONAL_REPRESENTATION('',(#7848),#7851);
#7848 = B_SPLINE_CURVE_WITH_KNOTS('',1,(#7849,#7850),.UNSPECIFIED.,.F.,
  .F.,(2,2),(2.181661564993,2.530727415392),.PIECEWISE_BEZIER_KNOTS.);
#7849 = CARTESIAN_POINT('',(-2.181661564993,-3.81));
#7850 = CARTESIAN_POINT('',(-2.530727415392,-3.81));
#7851 = ( GEOMETRIC_REPRESENTATION_CONTEXT(2) 
PARAMETRIC_REPRESENTATION_CONTEXT() REPRESENTATION_CONTEXT('2D SPACE',''
  ) );
#7852 = PCURVE('',#7661,#7853);
#7853 = DEFINITIONAL_REPRESENTATION('',(#7854),#7858);
#7854 = CIRCLE('',#7855,45.72);
#7855 = AXIS2_PLACEMENT_2D('',#7856,#7857);
#7856 = CARTESIAN_POINT('',(1.206006228004E-15,-5.369675646121E-15));
#7857 = DIRECTION('',(1.,0.));
#7858 = ( GEOMETRIC_REPRESENTATION_CONTEXT(2) 
PARAMETRIC_REPRESENTATION_CONTEXT() REPRESENTATION_CONTEXT('2D SPACE',''
  ) );
#7859 = ORIENTED_EDGE('',*,*,#7770,.F.);
#7860 = ORIENTED_EDGE('',*,*,#7570,.F.);
#7861 = ADVANCED_FACE('',(#7862),#7558,.F.);
#7862 = FACE_BOUND('',#7863,.F.);
#7863 = EDGE_LOOP('',(#7864,#7865,#7866,#7887));
#7864 = ORIENTED_EDGE('',*,*,#7542,.F.);
#7865 = ORIENTED_EDGE('',*,*,#7623,.T.);
#7866 = ORIENTED_EDGE('',*,*,#7867,.T.);
#7867 = EDGE_CURVE('',#7624,#7818,#7868,.T.);
#7868 = SURFACE_CURVE('',#7869,(#7873,#7880),.PCURVE_S1.);
#7869 = LINE('',#7870,#7871);
#7870 = CARTESIAN_POINT('',(0.,0.,-6.858));
#7871 = VECTOR('',#7872,1.);
#7872 = DIRECTION('',(-0.573576436351,0.819152044289,0.));
#7873 = PCURVE('',#7558,#7874);
#7874 = DEFINITIONAL_REPRESENTATION('',(#7875),#7879);
#7875 = LINE('',#7876,#7877);
#7876 = CARTESIAN_POINT('',(-41.148,-3.81));
#7877 = VECTOR('',#7878,1.);
#7878 = DIRECTION('',(1.,0.));
#7879 = ( GEOMETRIC_REPRESENTATION_CONTEXT(2) 
PARAMETRIC_REPRESENTATION_CONTEXT() REPRESENTATION_CONTEXT('2D SPACE',''
  ) );
#7880 = PCURVE('',#7661,#7881);
#7881 = DEFINITIONAL_REPRESENTATION('',(#7882),#7886);
#7882 = LINE('',#7883,#7884);
#7883 = CARTESIAN_POINT('',(1.206006228004E-15,-5.369675646121E-15));
#7884 = VECTOR('',#7885,1.);
#7885 = DIRECTION('',(-0.573576436351,0.819152044289));
#7886 = ( GEOMETRIC_REPRESENTATION_CONTEXT(2) 
PARAMETRIC_REPRESENTATION_CONTEXT() REPRESENTATION_CONTEXT('2D SPACE',''
  ) );
#7887 = ORIENTED_EDGE('',*,*,#7817,.F.);
#7888 = ADVANCED_FACE('',(#7889),#7428,.F.);
#7889 = FACE_BOUND('',#7890,.F.);
#7890 = EDGE_LOOP('',(#7891,#7892,#7893,#7916));
#7891 = ORIENTED_EDGE('',*,*,#7412,.F.);
#7892 = ORIENTED_EDGE('',*,*,#7694,.T.);
#7893 = ORIENTED_EDGE('',*,*,#7894,.T.);
#7894 = EDGE_CURVE('',#7695,#7895,#7897,.T.);
#7895 = VERTEX_POINT('',#7896);
#7896 = CARTESIAN_POINT('',(26.223914669969,-37.45163146489,-6.858));
#7897 = SURFACE_CURVE('',#7898,(#7902,#7909),.PCURVE_S1.);
#7898 = LINE('',#7899,#7900);
#7899 = CARTESIAN_POINT('',(0.,0.,-6.858));
#7900 = VECTOR('',#7901,1.);
#7901 = DIRECTION('',(0.573576436351,-0.819152044289,0.));
#7902 = PCURVE('',#7428,#7903);
#7903 = DEFINITIONAL_REPRESENTATION('',(#7904),#7908);
#7904 = LINE('',#7905,#7906);
#7905 = CARTESIAN_POINT('',(-41.148,-3.81));
#7906 = VECTOR('',#7907,1.);
#7907 = DIRECTION('',(1.,0.));
#7908 = ( GEOMETRIC_REPRESENTATION_CONTEXT(2) 
PARAMETRIC_REPRESENTATION_CONTEXT() REPRESENTATION_CONTEXT('2D SPACE',''
  ) );
#7909 = PCURVE('',#7732,#7910);
#7910 = DEFINITIONAL_REPRESENTATION('',(#7911),#7915);
#7911 = LINE('',#7912,#7913);
#7912 = CARTESIAN_POINT('',(1.206006228004E-15,-5.369675646121E-15));
#7913 = VECTOR('',#7914,1.);
#7914 = DIRECTION('',(0.573576436351,-0.819152044289));
#7915 = ( GEOMETRIC_REPRESENTATION_CONTEXT(2) 
PARAMETRIC_REPRESENTATION_CONTEXT() REPRESENTATION_CONTEXT('2D SPACE',''
  ) );
#7916 = ORIENTED_EDGE('',*,*,#7917,.F.);
#7917 = EDGE_CURVE('',#7413,#7895,#7918,.T.);
#7918 = SURFACE_CURVE('',#7919,(#7923,#7930),.PCURVE_S1.);
#7919 = LINE('',#7920,#7921);
#7920 = CARTESIAN_POINT('',(26.223914669969,-37.45163146489,-10.668));
#7921 = VECTOR('',#7922,1.);
#7922 = DIRECTION('',(0.,0.,1.));
#7923 = PCURVE('',#7428,#7924);
#7924 = DEFINITIONAL_REPRESENTATION('',(#7925),#7929);
#7925 = LINE('',#7926,#7927);
#7926 = CARTESIAN_POINT('',(4.572,0.));
#7927 = VECTOR('',#7928,1.);
#7928 = DIRECTION('',(0.,-1.));
#7929 = ( GEOMETRIC_REPRESENTATION_CONTEXT(2) 
PARAMETRIC_REPRESENTATION_CONTEXT() REPRESENTATION_CONTEXT('2D SPACE',''
  ) );
#7930 = PCURVE('',#7457,#7931);
#7931 = DEFINITIONAL_REPRESENTATION('',(#7932),#7935);
#7932 = B_SPLINE_CURVE_WITH_KNOTS('',1,(#7933,#7934),.UNSPECIFIED.,.F.,
  .F.,(2,2),(0.,3.81),.PIECEWISE_BEZIER_KNOTS.);
#7933 = CARTESIAN_POINT('',(-5.323254218583,0.));
#7934 = CARTESIAN_POINT('',(-5.323254218583,-3.81));
#7935 = ( GEOMETRIC_REPRESENTATION_CONTEXT(2) 
PARAMETRIC_REPRESENTATION_CONTEXT() REPRESENTATION_CONTEXT('2D SPACE',''
  ) );
#7936 = ADVANCED_FACE('',(#7937),#7457,.T.);
#7937 = FACE_BOUND('',#7938,.F.);
#7938 = EDGE_LOOP('',(#7939,#7940,#7963,#7983));
#7939 = ORIENTED_EDGE('',*,*,#7917,.T.);
#7940 = ORIENTED_EDGE('',*,*,#7941,.T.);
#7941 = EDGE_CURVE('',#7895,#7942,#7944,.T.);
#7942 = VERTEX_POINT('',#7943);
#7943 = CARTESIAN_POINT('',(37.451631464893,-26.22391466996,-6.858));
#7944 = SURFACE_CURVE('',#7945,(#7950,#7956),.PCURVE_S1.);
#7945 = CIRCLE('',#7946,45.72);
#7946 = AXIS2_PLACEMENT_3D('',#7947,#7948,#7949);
#7947 = CARTESIAN_POINT('',(0.,0.,-6.858));
#7948 = DIRECTION('',(0.,0.,1.));
#7949 = DIRECTION('',(1.,0.,-0.));
#7950 = PCURVE('',#7457,#7951);
#7951 = DEFINITIONAL_REPRESENTATION('',(#7952),#7955);
#7952 = B_SPLINE_CURVE_WITH_KNOTS('',1,(#7953,#7954),.UNSPECIFIED.,.F.,
  .F.,(2,2),(5.323254218583,5.672320068982),.PIECEWISE_BEZIER_KNOTS.);
#7953 = CARTESIAN_POINT('',(-5.323254218583,-3.81));
#7954 = CARTESIAN_POINT('',(-5.672320068982,-3.81));
#7955 = ( GEOMETRIC_REPRESENTATION_CONTEXT(2) 
PARAMETRIC_REPRESENTATION_CONTEXT() REPRESENTATION_CONTEXT('2D SPACE',''
  ) );
#7956 = PCURVE('',#7732,#7957);
#7957 = DEFINITIONAL_REPRESENTATION('',(#7958),#7962);
#7958 = CIRCLE('',#7959,45.72);
#7959 = AXIS2_PLACEMENT_2D('',#7960,#7961);
#7960 = CARTESIAN_POINT('',(1.206006228004E-15,-5.369675646121E-15));
#7961 = DIRECTION('',(1.,0.));
#7962 = ( GEOMETRIC_REPRESENTATION_CONTEXT(2) 
PARAMETRIC_REPRESENTATION_CONTEXT() REPRESENTATION_CONTEXT('2D SPACE',''
  ) );
#7963 = ORIENTED_EDGE('',*,*,#7964,.F.);
#7964 = EDGE_CURVE('',#7441,#7942,#7965,.T.);
#7965 = SURFACE_CURVE('',#7966,(#7970,#7976),.PCURVE_S1.);
#7966 = LINE('',#7967,#7968);
#7967 = CARTESIAN_POINT('',(37.451631464893,-26.22391466996,-10.668));
#7968 = VECTOR('',#7969,1.);
#7969 = DIRECTION('',(0.,0.,1.));
#7970 = PCURVE('',#7457,#7971);
#7971 = DEFINITIONAL_REPRESENTATION('',(#7972),#7975);
#7972 = B_SPLINE_CURVE_WITH_KNOTS('',1,(#7973,#7974),.UNSPECIFIED.,.F.,
  .F.,(2,2),(0.,3.81),.PIECEWISE_BEZIER_KNOTS.);
#7973 = CARTESIAN_POINT('',(-5.672320068982,0.));
#7974 = CARTESIAN_POINT('',(-5.672320068982,-3.81));
#7975 = ( GEOMETRIC_REPRESENTATION_CONTEXT(2) 
PARAMETRIC_REPRESENTATION_CONTEXT() REPRESENTATION_CONTEXT('2D SPACE',''
  ) );
#7976 = PCURVE('',#7484,#7977);
#7977 = DEFINITIONAL_REPRESENTATION('',(#7978),#7982);
#7978 = LINE('',#7979,#7980);
#7979 = CARTESIAN_POINT('',(7.858178196788E-15,0.));
#7980 = VECTOR('',#7981,1.);
#7981 = DIRECTION('',(0.,-1.));
#7982 = ( GEOMETRIC_REPRESENTATION_CONTEXT(2) 
PARAMETRIC_REPRESENTATION_CONTEXT() REPRESENTATION_CONTEXT('2D SPACE',''
  ) );
#7983 = ORIENTED_EDGE('',*,*,#7440,.F.);
#7984 = ADVANCED_FACE('',(#7985),#7484,.F.);
#7985 = FACE_BOUND('',#7986,.F.);
#7986 = EDGE_LOOP('',(#7987,#7988,#7989,#8010));
#7987 = ORIENTED_EDGE('',*,*,#7468,.F.);
#7988 = ORIENTED_EDGE('',*,*,#7964,.T.);
#7989 = ORIENTED_EDGE('',*,*,#7990,.T.);
#7990 = EDGE_CURVE('',#7942,#7717,#7991,.T.);
#7991 = SURFACE_CURVE('',#7992,(#7996,#8003),.PCURVE_S1.);
#7992 = LINE('',#7993,#7994);
#7993 = CARTESIAN_POINT('',(208.0646192494,-145.6884148331,-6.858));
#7994 = VECTOR('',#7995,1.);
#7995 = DIRECTION('',(-0.819152044289,0.573576436351,0.));
#7996 = PCURVE('',#7484,#7997);
#7997 = DEFINITIONAL_REPRESENTATION('',(#7998),#8002);
#7998 = LINE('',#7999,#8000);
#7999 = CARTESIAN_POINT('',(-208.28,-3.81));
#8000 = VECTOR('',#8001,1.);
#8001 = DIRECTION('',(1.,0.));
#8002 = ( GEOMETRIC_REPRESENTATION_CONTEXT(2) 
PARAMETRIC_REPRESENTATION_CONTEXT() REPRESENTATION_CONTEXT('2D SPACE',''
  ) );
#8003 = PCURVE('',#7732,#8004);
#8004 = DEFINITIONAL_REPRESENTATION('',(#8005),#8009);
#8005 = LINE('',#8006,#8007);
#8006 = CARTESIAN_POINT('',(208.0646192494,-145.6884148331));
#8007 = VECTOR('',#8008,1.);
#8008 = DIRECTION('',(-0.819152044289,0.573576436351));
#8009 = ( GEOMETRIC_REPRESENTATION_CONTEXT(2) 
PARAMETRIC_REPRESENTATION_CONTEXT() REPRESENTATION_CONTEXT('2D SPACE',''
  ) );
#8010 = ORIENTED_EDGE('',*,*,#7744,.F.);
#8011 = ADVANCED_FACE('',(#8012),#7732,.T.);
#8012 = FACE_BOUND('',#8013,.T.);
#8013 = EDGE_LOOP('',(#8014,#8015,#8016,#8017));
#8014 = ORIENTED_EDGE('',*,*,#7716,.F.);
#8015 = ORIENTED_EDGE('',*,*,#7894,.T.);
#8016 = ORIENTED_EDGE('',*,*,#7941,.T.);
#8017 = ORIENTED_EDGE('',*,*,#7990,.T.);
#8018 = ADVANCED_FACE('',(#8019),#7661,.T.);
#8019 = FACE_BOUND('',#8020,.T.);
#8020 = EDGE_LOOP('',(#8021,#8022,#8023,#8024));
#8021 = ORIENTED_EDGE('',*,*,#7645,.F.);
#8022 = ORIENTED_EDGE('',*,*,#7867,.T.);
#8023 = ORIENTED_EDGE('',*,*,#7839,.T.);
#8024 = ORIENTED_EDGE('',*,*,#7792,.T.);
#8025 = ( GEOMETRIC_REPRESENTATION_CONTEXT(3) 
GLOBAL_UNCERTAINTY_ASSIGNED_CONTEXT((#8029)) 
GLOBAL_UNIT_ASSIGNED_CONTEXT((#8026,#8027,#8028)) REPRESENTATION_CONTEXT
('Context #1','3D Context with UNIT and UNCERTAINTY') );
#8026 = ( LENGTH_UNIT() NAMED_UNIT(*) SI_UNIT(.MILLI.,.METRE.) );
#8027 = ( NAMED_UNIT(*) PLANE_ANGLE_UNIT() SI_UNIT($,.RADIAN.) );
#8028 = ( NAMED_UNIT(*) SI_UNIT($,.STERADIAN.) SOLID_ANGLE_UNIT() );
#8029 = UNCERTAINTY_MEASURE_WITH_UNIT(LENGTH_MEASURE(2.E-06),#8026,
  'distance_accuracy_value','confusion accuracy');
#8030 = CONTEXT_DEPENDENT_SHAPE_REPRESENTATION(#8031,#8033);
#8031 = ( REPRESENTATION_RELATIONSHIP('','',#6411,#10) 
REPRESENTATION_RELATIONSHIP_WITH_TRANSFORMATION(#8032) 
SHAPE_REPRESENTATION_RELATIONSHIP() );
#8032 = ITEM_DEFINED_TRANSFORMATION('','',#11,#19);
#8033 = PRODUCT_DEFINITION_SHAPE('Placement','Placement of an item',
  #8034);
#8034 = NEXT_ASSEMBLY_USAGE_OCCURRENCE('2','collar-L','',#5,#6406,$);
#8035 = PRODUCT_RELATED_PRODUCT_CATEGORY('part',$,(#6408));
#8036 = SHAPE_DEFINITION_REPRESENTATION(#8037,#8043);
#8037 = PRODUCT_DEFINITION_SHAPE('','',#8038);
#8038 = PRODUCT_DEFINITION('design','',#8039,#8042);
#8039 = PRODUCT_DEFINITION_FORMATION('','',#8040);
#8040 = PRODUCT('collar-R','collar-R','',(#8041));
#8041 = PRODUCT_CONTEXT('',#2,'mechanical');
#8042 = PRODUCT_DEFINITION_CONTEXT('part definition',#2,'design');
#8043 = ADVANCED_BREP_SHAPE_REPRESENTATION('',(#11,#8044),#9657);
#8044 = MANIFOLD_SOLID_BREP('',#8045);
#8045 = CLOSED_SHELL('',(#8046,#8406,#8468,#8772,#8799,#8871,#8898,#8952
    ,#8987,#9230,#9397,#9445,#9493,#9520,#9568,#9616,#9643,#9650));
#8046 = ADVANCED_FACE('',(#8047),#8060,.T.);
#8047 = FACE_BOUND('',#8048,.T.);
#8048 = EDGE_LOOP('',(#8049,#8082,#8103,#8254,#8282,#8405));
#8049 = ORIENTED_EDGE('',*,*,#8050,.T.);
#8050 = EDGE_CURVE('',#8051,#8051,#8053,.T.);
#8051 = VERTEX_POINT('',#8052);
#8052 = CARTESIAN_POINT('',(42.286766666667,-1.035727068892E-14,5.8928)
  );
#8053 = SURFACE_CURVE('',#8054,(#8059,#8070),.PCURVE_S1.);
#8054 = CIRCLE('',#8055,42.286766666667);
#8055 = AXIS2_PLACEMENT_3D('',#8056,#8057,#8058);
#8056 = CARTESIAN_POINT('',(0.,0.,5.8928));
#8057 = DIRECTION('',(0.,0.,1.));
#8058 = DIRECTION('',(1.,0.,0.));
#8059 = PCURVE('',#8060,#8065);
#8060 = CONICAL_SURFACE('',#8061,42.037,9.801821662382E-02);
#8061 = AXIS2_PLACEMENT_3D('',#8062,#8063,#8064);
#8062 = CARTESIAN_POINT('',(0.,0.,3.3528));
#8063 = DIRECTION('',(0.,0.,1.));
#8064 = DIRECTION('',(1.,0.,0.));
#8065 = DEFINITIONAL_REPRESENTATION('',(#8066),#8069);
#8066 = B_SPLINE_CURVE_WITH_KNOTS('',1,(#8067,#8068),.UNSPECIFIED.,.F.,
  .F.,(2,2),(0.,6.28318530718),.PIECEWISE_BEZIER_KNOTS.);
#8067 = CARTESIAN_POINT('',(0.,2.54));
#8068 = CARTESIAN_POINT('',(6.28318530718,2.54));
#8069 = ( GEOMETRIC_REPRESENTATION_CONTEXT(2) 
PARAMETRIC_REPRESENTATION_CONTEXT() REPRESENTATION_CONTEXT('2D SPACE',''
  ) );
#8070 = PCURVE('',#8071,#8076);
#8071 = PLANE('',#8072);
#8072 = AXIS2_PLACEMENT_3D('',#8073,#8074,#8075);
#8073 = CARTESIAN_POINT('',(0.,0.,5.8928));
#8074 = DIRECTION('',(0.,0.,1.));
#8075 = DIRECTION('',(1.,0.,0.));
#8076 = DEFINITIONAL_REPRESENTATION('',(#8077),#8081);
#8077 = CIRCLE('',#8078,42.286766666667);
#8078 = AXIS2_PLACEMENT_2D('',#8079,#8080);
#8079 = CARTESIAN_POINT('',(0.,0.));
#8080 = DIRECTION('',(1.,0.));
#8081 = ( GEOMETRIC_REPRESENTATION_CONTEXT(2) 
PARAMETRIC_REPRESENTATION_CONTEXT() REPRESENTATION_CONTEXT('2D SPACE',''
  ) );
#8082 = ORIENTED_EDGE('',*,*,#8083,.T.);
#8083 = EDGE_CURVE('',#8051,#8084,#8086,.T.);
#8084 = VERTEX_POINT('',#8085);
#8085 = CARTESIAN_POINT('',(43.942,-1.076268592963E-14,22.725681355932)
  );
#8086 = SEAM_CURVE('',#8087,(#8091,#8097),.PCURVE_S1.);
#8087 = LINE('',#8088,#8089);
#8088 = CARTESIAN_POINT('',(42.037,-1.029609549915E-14,3.3528));
#8089 = VECTOR('',#8090,1.);
#8090 = DIRECTION('',(9.786133917753E-02,-2.396911515681E-17,
    0.995200059432));
#8091 = PCURVE('',#8060,#8092);
#8092 = DEFINITIONAL_REPRESENTATION('',(#8093),#8096);
#8093 = B_SPLINE_CURVE_WITH_KNOTS('',1,(#8094,#8095),.UNSPECIFIED.,.F.,
  .F.,(2,2),(2.55225065144,19.466318527935),.PIECEWISE_BEZIER_KNOTS.);
#8094 = CARTESIAN_POINT('',(0.,2.54));
#8095 = CARTESIAN_POINT('',(0.,19.372881355932));
#8096 = ( GEOMETRIC_REPRESENTATION_CONTEXT(2) 
PARAMETRIC_REPRESENTATION_CONTEXT() REPRESENTATION_CONTEXT('2D SPACE',''
  ) );
#8097 = PCURVE('',#8060,#8098);
#8098 = DEFINITIONAL_REPRESENTATION('',(#8099),#8102);
#8099 = B_SPLINE_CURVE_WITH_KNOTS('',1,(#8100,#8101),.UNSPECIFIED.,.F.,
  .F.,(2,2),(2.55225065144,19.466318527935),.PIECEWISE_BEZIER_KNOTS.);
#8100 = CARTESIAN_POINT('',(6.28318530718,2.54));
#8101 = CARTESIAN_POINT('',(6.28318530718,19.372881355932));
#8102 = ( GEOMETRIC_REPRESENTATION_CONTEXT(2) 
PARAMETRIC_REPRESENTATION_CONTEXT() REPRESENTATION_CONTEXT('2D SPACE',''
  ) );
#8103 = ORIENTED_EDGE('',*,*,#8104,.T.);
#8104 = EDGE_CURVE('',#8084,#8105,#8107,.T.);
#8105 = VERTEX_POINT('',#8106);
#8106 = CARTESIAN_POINT('',(46.683845333333,-16.54809611083,79.5528));
#8107 = SURFACE_CURVE('',#8108,(#8153,#8201),.PCURVE_S1.);
#8108 = B_SPLINE_CURVE_WITH_KNOTS('',7,(#8109,#8110,#8111,#8112,#8113,
    #8114,#8115,#8116,#8117,#8118,#8119,#8120,#8121,#8122,#8123,#8124,
    #8125,#8126,#8127,#8128,#8129,#8130,#8131,#8132,#8133,#8134,#8135,
    #8136,#8137,#8138,#8139,#8140,#8141,#8142,#8143,#8144,#8145,#8146,
    #8147,#8148,#8149,#8150,#8151,#8152),.UNSPECIFIED.,.F.,.F.,(8,6,6,6,
    6,6,6,8),(0.,3.469556223171E-02,6.643381058768E-02,0.111937695716,
    0.22274581122,0.45394521137,0.760667506802,1.),.UNSPECIFIED.);
#8109 = CARTESIAN_POINT('',(43.942,5.639932965096E-15,22.725681355932));
#8110 = CARTESIAN_POINT('',(43.942,-0.423848282751,22.725681355932));
#8111 = CARTESIAN_POINT('',(43.946086395529,-0.813532004647,
    22.815760568062));
#8112 = CARTESIAN_POINT('',(43.953064757753,-1.165726643972,
    22.969589945872));
#8113 = CARTESIAN_POINT('',(43.961730915744,-1.482507948801,
    23.160507119181));
#8114 = CARTESIAN_POINT('',(43.971334480802,-1.767430685336,
    23.371944935819));
#8115 = CARTESIAN_POINT('',(43.981460548344,-2.026300646719,
    23.594754028421));
#8116 = CARTESIAN_POINT('',(44.001867117948,-2.487652412786,
    24.043482216916));
#8117 = CARTESIAN_POINT('',(44.01200821231,-2.691895524226,
    24.266359072075));
#8118 = CARTESIAN_POINT('',(44.02242146642,-2.883742234096,
    24.495083874777));
#8119 = CARTESIAN_POINT('',(44.033036770398,-3.065212379865,
    24.728105491073));
#8120 = CARTESIAN_POINT('',(44.043809318833,-3.237749196114,
    24.964433137874));
#8121 = CARTESIAN_POINT('',(44.05471009151,-3.40270038541,25.20342438053
    ));
#8122 = CARTESIAN_POINT('',(44.081532551957,-3.788223001539,
    25.791114397821));
#8123 = CARTESIAN_POINT('',(44.09756052979,-4.001622076687,
    26.141982256032));
#8124 = CARTESIAN_POINT('',(44.11375968657,-4.204135944062,
    26.496274682653));
#8125 = CARTESIAN_POINT('',(44.130095195196,-4.397446498681,
    26.853219667301));
#8126 = CARTESIAN_POINT('',(44.146543630044,-4.582763259232,
    27.212298130796));
#8127 = CARTESIAN_POINT('',(44.163088962236,-4.761125505148,
    27.573154237882));
#8128 = CARTESIAN_POINT('',(44.220231949078,-5.352674726299,
    28.818280170152));
#8129 = CARTESIAN_POINT('',(44.261242803464,-5.735264246441,
    29.709881894929));
#8130 = CARTESIAN_POINT('',(44.302607697693,-6.092542273642,
    30.60711444515));
#8131 = CARTESIAN_POINT('',(44.344258662345,-6.428874119684,
    31.508466194238));
#8132 = CARTESIAN_POINT('',(44.38614391117,-6.748284508347,
    32.412788742957));
#8133 = CARTESIAN_POINT('',(44.428242042858,-7.053162593656,
    33.319602417387));
#8134 = CARTESIAN_POINT('',(44.558818628152,-7.955824115493,
    36.125757943072));
#8135 = CARTESIAN_POINT('',(44.647932964839,-8.511510595505,
    38.031709924706));
#8136 = CARTESIAN_POINT('',(44.73773919128,-9.030411766059,
    39.943216665224));
#8137 = CARTESIAN_POINT('',(44.828170364329,-9.518981310985,
    41.858777954946));
#8138 = CARTESIAN_POINT('',(44.919174588207,-9.983273891222,
    43.777237568195));
#8139 = CARTESIAN_POINT('',(45.010731747552,-10.42671658944,
    45.698136367106));
#8140 = CARTESIAN_POINT('',(45.225032169172,-11.41697021011,
    50.17281832817));
#8141 = CARTESIAN_POINT('',(45.348168797744,-11.95010152104,
    52.727863249549));
#8142 = CARTESIAN_POINT('',(45.472208030756,-12.45830380331,
    55.285574875038));
#8143 = CARTESIAN_POINT('',(45.597124434963,-12.94551960756,
    57.845374045359));
#8144 = CARTESIAN_POINT('',(45.722900778299,-13.41454196897,
    60.406869241407));
#8145 = CARTESIAN_POINT('',(45.849525239483,-13.86769372776,
    62.969788045181));
#8146 = CARTESIAN_POINT('',(46.076453774573,-14.64924738114,
    67.534818259069));
#8147 = CARTESIAN_POINT('',(46.176426686135,-14.98318557815,
    69.536395185184));
#8148 = CARTESIAN_POINT('',(46.276907030484,-15.30934184016,
    71.538629105955));
#8149 = CARTESIAN_POINT('',(46.3778914829,-15.62839310639,
    73.541442860256));
#8150 = CARTESIAN_POINT('',(46.479377367935,-15.94089683676,
    75.544774297302));
#8151 = CARTESIAN_POINT('',(46.581362551563,-16.24732467484,
    77.548573498615));
#8152 = CARTESIAN_POINT('',(46.683845333333,-16.54809611083,79.5528));
#8153 = PCURVE('',#8060,#8154);
#8154 = DEFINITIONAL_REPRESENTATION('',(#8155),#8200);
#8155 = B_SPLINE_CURVE_WITH_KNOTS('',7,(#8156,#8157,#8158,#8159,#8160,
    #8161,#8162,#8163,#8164,#8165,#8166,#8167,#8168,#8169,#8170,#8171,
    #8172,#8173,#8174,#8175,#8176,#8177,#8178,#8179,#8180,#8181,#8182,
    #8183,#8184,#8185,#8186,#8187,#8188,#8189,#8190,#8191,#8192,#8193,
    #8194,#8195,#8196,#8197,#8198,#8199),.UNSPECIFIED.,.F.,.F.,(8,6,6,6,
    6,6,6,8),(0.,3.469556223171E-02,6.643381058768E-02,0.111937695716,
    0.22274581122,0.45394521137,0.760667506802,1.),.UNSPECIFIED.);
#8156 = CARTESIAN_POINT('',(6.28318530718,19.372881355932));
#8157 = CARTESIAN_POINT('',(6.273539676968,19.372881355932));
#8158 = CARTESIAN_POINT('',(6.264671521616,19.462960568062));
#8159 = CARTESIAN_POINT('',(6.256663305113,19.616789945872));
#8160 = CARTESIAN_POINT('',(6.249469265602,19.807707119181));
#8161 = CARTESIAN_POINT('',(6.243007056098,20.019144935819));
#8162 = CARTESIAN_POINT('',(6.237143364647,20.241954028421));
#8163 = CARTESIAN_POINT('',(6.226707843232,20.690682216916));
#8164 = CARTESIAN_POINT('',(6.222094836723,20.913559072075));
#8165 = CARTESIAN_POINT('',(6.217768205257,21.142283874777));
#8166 = CARTESIAN_POINT('',(6.213681639104,21.375305491073));
#8167 = CARTESIAN_POINT('',(6.209801999867,21.611633137874));
#8168 = CARTESIAN_POINT('',(6.20609839866,21.85062438053));
#8169 = CARTESIAN_POINT('',(6.197455228469,22.438314397821));
#8170 = CARTESIAN_POINT('',(6.192682257104,22.789182256032));
#8171 = CARTESIAN_POINT('',(6.188163147048,23.143474682653));
#8172 = CARTESIAN_POINT('',(6.183859201257,23.500419667301));
#8173 = CARTESIAN_POINT('',(6.17974254597,23.859498130796));
#8174 = CARTESIAN_POINT('',(6.175789246319,24.220354237882));
#8175 = CARTESIAN_POINT('',(6.162707188661,25.465480170152));
#8176 = CARTESIAN_POINT('',(6.154298616293,26.357081894929));
#8177 = CARTESIAN_POINT('',(6.146491457989,27.25431444515));
#8178 = CARTESIAN_POINT('',(6.13918411977,28.155666194238));
#8179 = CARTESIAN_POINT('',(6.132283152128,29.059988742957));
#8180 = CARTESIAN_POINT('',(6.125732810012,29.966802417387));
#8181 = CARTESIAN_POINT('',(6.106446078911,32.772957943072));
#8182 = CARTESIAN_POINT('',(6.094730439031,34.678909924705));
#8183 = CARTESIAN_POINT('',(6.083923047897,36.590416665226));
#8184 = CARTESIAN_POINT('',(6.073870309452,38.505977954944));
#8185 = CARTESIAN_POINT('',(6.064428836317,40.424437568195));
#8186 = CARTESIAN_POINT('',(6.055516386454,42.345336367106));
#8187 = CARTESIAN_POINT('',(6.035843142138,46.82001832817));
#8188 = CARTESIAN_POINT('',(6.025432164605,49.375063249548));
#8189 = CARTESIAN_POINT('',(6.015669624279,51.932774875038));
#8190 = CARTESIAN_POINT('',(6.006459266982,54.49257404536));
#8191 = CARTESIAN_POINT('',(5.9977321404,57.054069241407));
#8192 = CARTESIAN_POINT('',(5.989430719568,59.616988045181));
#8193 = CARTESIAN_POINT('',(5.975332825946,64.182018259069));
#8194 = CARTESIAN_POINT('',(5.969386641579,66.183595185184));
#8195 = CARTESIAN_POINT('',(5.963652491819,68.185829105955));
#8196 = CARTESIAN_POINT('',(5.95811326143,70.188642860256));
#8197 = CARTESIAN_POINT('',(5.952754723635,72.191974297302));
#8198 = CARTESIAN_POINT('',(5.947564741746,74.195773498615));
#8199 = CARTESIAN_POINT('',(5.942532470793,76.2));
#8200 = ( GEOMETRIC_REPRESENTATION_CONTEXT(2) 
PARAMETRIC_REPRESENTATION_CONTEXT() REPRESENTATION_CONTEXT('2D SPACE',''
  ) );
#8201 = PCURVE('',#8202,#8207);
#8202 = CYLINDRICAL_SURFACE('',#8203,51.308);
#8203 = AXIS2_PLACEMENT_3D('',#8204,#8205,#8206);
#8204 = CARTESIAN_POINT('',(95.25,0.,-88.9));
#8205 = DIRECTION('',(0.,0.,1.));
#8206 = DIRECTION('',(1.,0.,0.));
#8207 = DEFINITIONAL_REPRESENTATION('',(#8208),#8253);
#8208 = B_SPLINE_CURVE_WITH_KNOTS('',7,(#8209,#8210,#8211,#8212,#8213,
    #8214,#8215,#8216,#8217,#8218,#8219,#8220,#8221,#8222,#8223,#8224,
    #8225,#8226,#8227,#8228,#8229,#8230,#8231,#8232,#8233,#8234,#8235,
    #8236,#8237,#8238,#8239,#8240,#8241,#8242,#8243,#8244,#8245,#8246,
    #8247,#8248,#8249,#8250,#8251,#8252),.UNSPECIFIED.,.F.,.F.,(8,6,6,6,
    6,6,6,8),(0.,3.469556223171E-02,6.643381058768E-02,0.111937695716,
    0.22274581122,0.45394521137,0.760667506802,1.),.UNSPECIFIED.);
#8209 = CARTESIAN_POINT('',(3.14159265359,111.62568135593));
#8210 = CARTESIAN_POINT('',(3.149853515108,111.62568135593));
#8211 = CARTESIAN_POINT('',(3.157448502327,111.71576056806));
#8212 = CARTESIAN_POINT('',(3.16431375514,111.86958994587));
#8213 = CARTESIAN_POINT('',(3.170489934766,112.06050711918));
#8214 = CARTESIAN_POINT('',(3.17604613017,112.27194493581));
#8215 = CARTESIAN_POINT('',(3.181095334837,112.49475402842));
#8216 = CARTESIAN_POINT('',(3.190095936274,112.94348221691));
#8217 = CARTESIAN_POINT('',(3.194081508805,113.16635907207));
#8218 = CARTESIAN_POINT('',(3.197826071424,113.39508387477));
#8219 = CARTESIAN_POINT('',(3.201368945552,113.62810549107));
#8220 = CARTESIAN_POINT('',(3.204738221099,113.86443313787));
#8221 = CARTESIAN_POINT('',(3.207960136288,114.10342438053));
#8222 = CARTESIAN_POINT('',(3.215492189115,114.69111439782));
#8223 = CARTESIAN_POINT('',(3.219663018611,115.04198225603));
#8224 = CARTESIAN_POINT('',(3.223622577932,115.39627468265));
#8225 = CARTESIAN_POINT('',(3.227403593069,115.7532196673));
#8226 = CARTESIAN_POINT('',(3.231029593067,116.11229813079));
#8227 = CARTESIAN_POINT('',(3.234520797678,116.47315423788));
#8228 = CARTESIAN_POINT('',(3.246103840994,117.71828017015));
#8229 = CARTESIAN_POINT('',(3.253602870348,118.60988189492));
#8230 = CARTESIAN_POINT('',(3.260612418606,119.50711444515));
#8231 = CARTESIAN_POINT('',(3.26721729278,120.40846619423));
#8232 = CARTESIAN_POINT('',(3.27349571186,121.31278874295));
#8233 = CARTESIAN_POINT('',(3.279494081566,122.21960241738));
#8234 = CARTESIAN_POINT('',(3.29727019938,125.02575794307));
#8235 = CARTESIAN_POINT('',(3.30823770104,126.9317099247));
#8236 = CARTESIAN_POINT('',(3.318500368596,128.84321666522));
#8237 = CARTESIAN_POINT('',(3.328183277782,130.75877795494));
#8238 = CARTESIAN_POINT('',(3.337403860858,132.67723756819));
#8239 = CARTESIAN_POINT('',(3.346228509052,134.5981363671));
#8240 = CARTESIAN_POINT('',(3.365975461575,139.07281832817));
#8241 = CARTESIAN_POINT('',(3.37663880025,141.62786324954));
#8242 = CARTESIAN_POINT('',(3.386833288142,144.18557487503));
#8243 = CARTESIAN_POINT('',(3.396635229193,146.74537404535));
#8244 = CARTESIAN_POINT('',(3.406098653924,149.3068692414));
#8245 = CARTESIAN_POINT('',(3.41526851022,151.86978804518));
#8246 = CARTESIAN_POINT('',(3.431130209984,156.43481825906));
#8247 = CARTESIAN_POINT('',(3.437923885553,158.43639518518));
#8248 = CARTESIAN_POINT('',(3.444575208529,160.43862910595));
#8249 = CARTESIAN_POINT('',(3.451097274408,162.44144286025));
#8250 = CARTESIAN_POINT('',(3.457500868252,164.4447742973));
#8251 = CARTESIAN_POINT('',(3.463795117152,166.44857349861));
#8252 = CARTESIAN_POINT('',(3.469988142687,168.4528));
#8253 = ( GEOMETRIC_REPRESENTATION_CONTEXT(2) 
PARAMETRIC_REPRESENTATION_CONTEXT() REPRESENTATION_CONTEXT('2D SPACE',''
  ) );
#8254 = ORIENTED_EDGE('',*,*,#8255,.F.);
#8255 = EDGE_CURVE('',#8256,#8105,#8258,.T.);
#8256 = VERTEX_POINT('',#8257);
#8257 = CARTESIAN_POINT('',(46.683845333333,16.548096110834,79.5528));
#8258 = SURFACE_CURVE('',#8259,(#8264,#8270),.PCURVE_S1.);
#8259 = CIRCLE('',#8260,49.53);
#8260 = AXIS2_PLACEMENT_3D('',#8261,#8262,#8263);
#8261 = CARTESIAN_POINT('',(0.,0.,79.5528));
#8262 = DIRECTION('',(0.,0.,1.));
#8263 = DIRECTION('',(1.,0.,0.));
#8264 = PCURVE('',#8060,#8265);
#8265 = DEFINITIONAL_REPRESENTATION('',(#8266),#8269);
#8266 = B_SPLINE_CURVE_WITH_KNOTS('',1,(#8267,#8268),.UNSPECIFIED.,.F.,
  .F.,(2,2),(0.340652836387,5.942532470793),.PIECEWISE_BEZIER_KNOTS.);
#8267 = CARTESIAN_POINT('',(0.340652836387,76.2));
#8268 = CARTESIAN_POINT('',(5.942532470793,76.2));
#8269 = ( GEOMETRIC_REPRESENTATION_CONTEXT(2) 
PARAMETRIC_REPRESENTATION_CONTEXT() REPRESENTATION_CONTEXT('2D SPACE',''
  ) );
#8270 = PCURVE('',#8271,#8276);
#8271 = PLANE('',#8272);
#8272 = AXIS2_PLACEMENT_3D('',#8273,#8274,#8275);
#8273 = CARTESIAN_POINT('',(0.,0.,79.5528));
#8274 = DIRECTION('',(0.,0.,1.));
#8275 = DIRECTION('',(1.,0.,0.));
#8276 = DEFINITIONAL_REPRESENTATION('',(#8277),#8281);
#8277 = CIRCLE('',#8278,49.53);
#8278 = AXIS2_PLACEMENT_2D('',#8279,#8280);
#8279 = CARTESIAN_POINT('',(0.,0.));
#8280 = DIRECTION('',(1.,0.));
#8281 = ( GEOMETRIC_REPRESENTATION_CONTEXT(2) 
PARAMETRIC_REPRESENTATION_CONTEXT() REPRESENTATION_CONTEXT('2D SPACE',''
  ) );
#8282 = ORIENTED_EDGE('',*,*,#8283,.T.);
#8283 = EDGE_CURVE('',#8256,#8084,#8284,.T.);
#8284 = SURFACE_CURVE('',#8285,(#8323,#8364),.PCURVE_S1.);
#8285 = B_SPLINE_CURVE_WITH_KNOTS('',8,(#8286,#8287,#8288,#8289,#8290,
    #8291,#8292,#8293,#8294,#8295,#8296,#8297,#8298,#8299,#8300,#8301,
    #8302,#8303,#8304,#8305,#8306,#8307,#8308,#8309,#8310,#8311,#8312,
    #8313,#8314,#8315,#8316,#8317,#8318,#8319,#8320,#8321,#8322),
  .UNSPECIFIED.,.F.,.F.,(9,7,7,7,7,9),(0.,0.516798212779,0.761471956511,
    0.882638837946,0.940426575525,1.),.UNSPECIFIED.);
#8286 = CARTESIAN_POINT('',(46.683845333333,16.548096110834,79.5528));
#8287 = CARTESIAN_POINT('',(46.48983985218,15.97871941996,
    75.758690199092));
#8288 = CARTESIAN_POINT('',(46.297591178965,15.389529162728,
    71.96627543727));
#8289 = CARTESIAN_POINT('',(46.107100035028,14.777768140321,
    68.175622388844));
#8290 = CARTESIAN_POINT('',(45.918375973622,14.140375350012,
    64.386968128979));
#8291 = CARTESIAN_POINT('',(45.731442926015,13.472678963878,
    60.60085715646));
#8292 = CARTESIAN_POINT('',(45.546336424772,12.768853720747,
    56.818093891754));
#8293 = CARTESIAN_POINT('',(45.36310775132,12.020688605335,
    53.039852673922));
#8294 = CARTESIAN_POINT('',(45.096035425961,10.827970213862,
    47.482671537027));
#8295 = CARTESIAN_POINT('',(45.010673438625,10.431041713345,
    45.698781153052));
#8296 = CARTESIAN_POINT('',(44.925766513122,10.018503631482,
    43.916689046757));
#8297 = CARTESIAN_POINT('',(44.841325066848,9.588220997501,
    42.136637886482));
#8298 = CARTESIAN_POINT('',(44.75737321807,9.137009037398,
    40.359168270324));
#8299 = CARTESIAN_POINT('',(44.673946587905,8.660907783856,
    38.585076656511));
#8300 = CARTESIAN_POINT('',(44.591096745284,8.154366560886,
    36.815521888593));
#8301 = CARTESIAN_POINT('',(44.468219558745,7.334644094027,
    34.179567808303));
#8302 = CARTESIAN_POINT('',(44.427699329555,7.053017705106,
    33.308433253043));
#8303 = CARTESIAN_POINT('',(44.387358178041,6.759765535722,
    32.439258091245));
#8304 = CARTESIAN_POINT('',(44.347207493836,6.453269815659,
    31.572300669159));
#8305 = CARTESIAN_POINT('',(44.307274808112,6.131105142344,
    30.708172916666));
#8306 = CARTESIAN_POINT('',(44.267600958876,5.790295589315,
    29.847781600635));
#8307 = CARTESIAN_POINT('',(44.228245303218,5.426691943626,
    28.992448154488));
#8308 = CARTESIAN_POINT('',(44.170750805351,4.843243471102,
    27.740241771003));
#8309 = CARTESIAN_POINT('',(44.152293778592,4.647808583516,
    27.337842180426));
#8310 = CARTESIAN_POINT('',(44.133949299726,4.444294082493,
    26.937487814969));
#8311 = CARTESIAN_POINT('',(44.115730358115,4.231566278493,
    26.539468624657));
#8312 = CARTESIAN_POINT('',(44.097665189505,4.008044918797,
    26.144409917715));
#8313 = CARTESIAN_POINT('',(44.079795317991,3.771817634829,
    25.753231004641));
#8314 = CARTESIAN_POINT('',(44.062180418437,3.520267435775,
    25.367254595727));
#8315 = CARTESIAN_POINT('',(44.027135520056,2.967822960705,
    24.59862814183));
#8316 = CARTESIAN_POINT('',(44.010902920352,2.684174282717,
    24.242217270612));
#8317 = CARTESIAN_POINT('',(43.994950866687,2.375963381038,
    23.891689970646));
#8318 = CARTESIAN_POINT('',(43.978949523291,2.025570577744,
    23.53975752328));
#8319 = CARTESIAN_POINT('',(43.96356810917,1.620271200726,
    23.201122738027));
#8320 = CARTESIAN_POINT('',(43.950356554523,1.15179809985,22.90989062792
    ));
#8321 = CARTESIAN_POINT('',(43.942,0.612464600586,22.725681355932));
#8322 = CARTESIAN_POINT('',(43.942,-1.076268592963E-14,22.725681355932)
  );
#8323 = PCURVE('',#8060,#8324);
#8324 = DEFINITIONAL_REPRESENTATION('',(#8325),#8363);
#8325 = B_SPLINE_CURVE_WITH_KNOTS('',8,(#8326,#8327,#8328,#8329,#8330,
    #8331,#8332,#8333,#8334,#8335,#8336,#8337,#8338,#8339,#8340,#8341,
    #8342,#8343,#8344,#8345,#8346,#8347,#8348,#8349,#8350,#8351,#8352,
    #8353,#8354,#8355,#8356,#8357,#8358,#8359,#8360,#8361,#8362),
  .UNSPECIFIED.,.F.,.F.,(9,7,7,7,7,9),(0.,0.516798212779,0.761471956511,
    0.882638837946,0.940426575525,1.),.UNSPECIFIED.);
#8326 = CARTESIAN_POINT('',(0.340652836387,76.2));
#8327 = CARTESIAN_POINT('',(0.331126473708,72.405890199092));
#8328 = CARTESIAN_POINT('',(0.321047276339,68.61347543727));
#8329 = CARTESIAN_POINT('',(0.310344456776,64.822822388843));
#8330 = CARTESIAN_POINT('',(0.298939118011,61.034168128979));
#8331 = CARTESIAN_POINT('',(0.286713737284,57.248057156462));
#8332 = CARTESIAN_POINT('',(0.273522465906,53.465293891753));
#8333 = CARTESIAN_POINT('',(0.259162009891,49.687052673922));
#8334 = CARTESIAN_POINT('',(0.235676598588,44.129871537027));
#8335 = CARTESIAN_POINT('',(0.227777581995,42.345981153053));
#8336 = CARTESIAN_POINT('',(0.219479716464,40.563889046756));
#8337 = CARTESIAN_POINT('',(0.210731625749,38.783837886482));
#8338 = CARTESIAN_POINT('',(0.201457393352,37.006368270325));
#8339 = CARTESIAN_POINT('',(0.191562794046,35.232276656511));
#8340 = CARTESIAN_POINT('',(0.180916433136,33.462721888593));
#8341 = CARTESIAN_POINT('',(0.163480369184,30.826767808303));
#8342 = CARTESIAN_POINT('',(0.157458569201,29.955633253043));
#8343 = CARTESIAN_POINT('',(0.151155090503,29.086458091245));
#8344 = CARTESIAN_POINT('',(0.14453214594,28.219500669159));
#8345 = CARTESIAN_POINT('',(0.137533285043,27.355372916666));
#8346 = CARTESIAN_POINT('',(0.130089257955,26.494981600635));
#8347 = CARTESIAN_POINT('',(0.12210375573,25.639648154488));
#8348 = CARTESIAN_POINT('',(0.109215622849,24.387441771003));
#8349 = CARTESIAN_POINT('',(0.104888006139,23.985042180426));
#8350 = CARTESIAN_POINT('',(0.100370456532,23.584687814969));
#8351 = CARTESIAN_POINT('',(9.563685588227E-02,23.186668624657));
#8352 = CARTESIAN_POINT('',(9.065081217049E-02,22.791609917715));
#8353 = CARTESIAN_POINT('',(8.536827669037E-02,22.400431004641));
#8354 = CARTESIAN_POINT('',(7.972906141837E-02,22.014454595727));
#8355 = CARTESIAN_POINT('',(6.731252204076E-02,21.24582814183));
#8356 = CARTESIAN_POINT('',(6.092188872818E-02,20.889417270612));
#8357 = CARTESIAN_POINT('',(5.396484986335E-02,20.538889970646));
#8358 = CARTESIAN_POINT('',(4.604009286436E-02,20.18695752328));
#8359 = CARTESIAN_POINT('',(3.685406251795E-02,19.848322738027));
#8360 = CARTESIAN_POINT('',(2.621178694248E-02,19.55709062792));
#8361 = CARTESIAN_POINT('',(1.393802286165E-02,19.372881355932));
#8362 = CARTESIAN_POINT('',(0.,19.372881355932));
#8363 = ( GEOMETRIC_REPRESENTATION_CONTEXT(2) 
PARAMETRIC_REPRESENTATION_CONTEXT() REPRESENTATION_CONTEXT('2D SPACE',''
  ) );
#8364 = PCURVE('',#8202,#8365);
#8365 = DEFINITIONAL_REPRESENTATION('',(#8366),#8404);
#8366 = B_SPLINE_CURVE_WITH_KNOTS('',8,(#8367,#8368,#8369,#8370,#8371,
    #8372,#8373,#8374,#8375,#8376,#8377,#8378,#8379,#8380,#8381,#8382,
    #8383,#8384,#8385,#8386,#8387,#8388,#8389,#8390,#8391,#8392,#8393,
    #8394,#8395,#8396,#8397,#8398,#8399,#8400,#8401,#8402,#8403),
  .UNSPECIFIED.,.F.,.F.,(9,7,7,7,7,9),(0.,0.516798212779,0.761471956511,
    0.882638837946,0.940426575525,1.),.UNSPECIFIED.);
#8367 = CARTESIAN_POINT('',(2.813197164492,168.4528));
#8368 = CARTESIAN_POINT('',(2.824920898742,164.65869019909));
#8369 = CARTESIAN_POINT('',(2.83699910291,160.86627543727));
#8370 = CARTESIAN_POINT('',(2.849485206872,157.07562238884));
#8371 = CARTESIAN_POINT('',(2.862438425791,153.28696812897));
#8372 = CARTESIAN_POINT('',(2.875949146831,149.50085715646));
#8373 = CARTESIAN_POINT('',(2.89013001443,145.71809389175));
#8374 = CARTESIAN_POINT('',(2.905139825746,141.93985267392));
#8375 = CARTESIAN_POINT('',(2.928961724449,136.38267153702));
#8376 = CARTESIAN_POINT('',(2.936874501598,134.59878115305));
#8377 = CARTESIAN_POINT('',(2.945082932701,132.81668904675));
#8378 = CARTESIAN_POINT('',(2.953628374886,131.03663788648));
#8379 = CARTESIAN_POINT('',(2.96257256392,129.25916827032));
#8380 = CARTESIAN_POINT('',(2.971992262767,127.48507665651));
#8381 = CARTESIAN_POINT('',(2.981995118947,125.71552188859));
#8382 = CARTESIAN_POINT('',(2.998150124173,123.0795678083));
#8383 = CARTESIAN_POINT('',(3.003695485631,122.20843325304));
#8384 = CARTESIAN_POINT('',(3.00946465885,121.33925809124));
#8385 = CARTESIAN_POINT('',(3.015489064508,120.47230066915));
#8386 = CARTESIAN_POINT('',(3.021815826204,119.60817291666));
#8387 = CARTESIAN_POINT('',(3.02850276213,118.74778160063));
#8388 = CARTESIAN_POINT('',(3.035630511816,117.89244815448));
#8389 = CARTESIAN_POINT('',(3.047057081857,116.640241771));
#8390 = CARTESIAN_POINT('',(3.050883051457,116.23784218042));
#8391 = CARTESIAN_POINT('',(3.054865599194,115.83748781496));
#8392 = CARTESIAN_POINT('',(3.059026780962,115.43946862465));
#8393 = CARTESIAN_POINT('',(3.063397341053,115.04440991771));
#8394 = CARTESIAN_POINT('',(3.068014483568,114.65323100464));
#8395 = CARTESIAN_POINT('',(3.072929132065,114.26725459572));
#8396 = CARTESIAN_POINT('',(3.083717993726,113.49862814183));
#8397 = CARTESIAN_POINT('',(3.089255283599,113.14221727061));
#8398 = CARTESIAN_POINT('',(3.095270247182,112.79168997064));
#8399 = CARTESIAN_POINT('',(3.102106251856,112.43975752328));
#8400 = CARTESIAN_POINT('',(3.110010748476,112.10112273802));
#8401 = CARTESIAN_POINT('',(3.119143950279,111.80989062792));
#8402 = CARTESIAN_POINT('',(3.12965563401,111.62568135593));
#8403 = CARTESIAN_POINT('',(3.14159265359,111.62568135593));
#8404 = ( GEOMETRIC_REPRESENTATION_CONTEXT(2) 
PARAMETRIC_REPRESENTATION_CONTEXT() REPRESENTATION_CONTEXT('2D SPACE',''
  ) );
#8405 = ORIENTED_EDGE('',*,*,#8083,.F.);
#8406 = ADVANCED_FACE('',(#8407,#8465),#8071,.T.);
#8407 = FACE_BOUND('',#8408,.T.);
#8408 = EDGE_LOOP('',(#8409,#8439));
#8409 = ORIENTED_EDGE('',*,*,#8410,.F.);
#8410 = EDGE_CURVE('',#8411,#8413,#8415,.T.);
#8411 = VERTEX_POINT('',#8412);
#8412 = CARTESIAN_POINT('',(45.396912,12.131796275254,5.8928));
#8413 = VERTEX_POINT('',#8414);
#8414 = CARTESIAN_POINT('',(45.396912,-12.13179627525,5.8928));
#8415 = SURFACE_CURVE('',#8416,(#8421,#8428),.PCURVE_S1.);
#8416 = CIRCLE('',#8417,51.308);
#8417 = AXIS2_PLACEMENT_3D('',#8418,#8419,#8420);
#8418 = CARTESIAN_POINT('',(95.25,0.,5.8928));
#8419 = DIRECTION('',(0.,0.,1.));
#8420 = DIRECTION('',(1.,0.,0.));
#8421 = PCURVE('',#8071,#8422);
#8422 = DEFINITIONAL_REPRESENTATION('',(#8423),#8427);
#8423 = CIRCLE('',#8424,51.308);
#8424 = AXIS2_PLACEMENT_2D('',#8425,#8426);
#8425 = CARTESIAN_POINT('',(95.25,0.));
#8426 = DIRECTION('',(1.,0.));
#8427 = ( GEOMETRIC_REPRESENTATION_CONTEXT(2) 
PARAMETRIC_REPRESENTATION_CONTEXT() REPRESENTATION_CONTEXT('2D SPACE',''
  ) );
#8428 = PCURVE('',#8429,#8434);
#8429 = CYLINDRICAL_SURFACE('',#8430,51.308);
#8430 = AXIS2_PLACEMENT_3D('',#8431,#8432,#8433);
#8431 = CARTESIAN_POINT('',(95.25,0.,-88.9));
#8432 = DIRECTION('',(0.,0.,1.));
#8433 = DIRECTION('',(1.,0.,0.));
#8434 = DEFINITIONAL_REPRESENTATION('',(#8435),#8438);
#8435 = B_SPLINE_CURVE_WITH_KNOTS('',1,(#8436,#8437),.UNSPECIFIED.,.F.,
  .F.,(2,2),(2.902881644509,3.38030366267),.PIECEWISE_BEZIER_KNOTS.);
#8436 = CARTESIAN_POINT('',(2.902881644509,94.7928));
#8437 = CARTESIAN_POINT('',(3.38030366267,94.7928));
#8438 = ( GEOMETRIC_REPRESENTATION_CONTEXT(2) 
PARAMETRIC_REPRESENTATION_CONTEXT() REPRESENTATION_CONTEXT('2D SPACE',''
  ) );
#8439 = ORIENTED_EDGE('',*,*,#8440,.T.);
#8440 = EDGE_CURVE('',#8411,#8413,#8441,.T.);
#8441 = SURFACE_CURVE('',#8442,(#8447,#8454),.PCURVE_S1.);
#8442 = CIRCLE('',#8443,46.99);
#8443 = AXIS2_PLACEMENT_3D('',#8444,#8445,#8446);
#8444 = CARTESIAN_POINT('',(0.,0.,5.8928));
#8445 = DIRECTION('',(0.,0.,1.));
#8446 = DIRECTION('',(1.,0.,0.));
#8447 = PCURVE('',#8071,#8448);
#8448 = DEFINITIONAL_REPRESENTATION('',(#8449),#8453);
#8449 = CIRCLE('',#8450,46.99);
#8450 = AXIS2_PLACEMENT_2D('',#8451,#8452);
#8451 = CARTESIAN_POINT('',(0.,0.));
#8452 = DIRECTION('',(1.,0.));
#8453 = ( GEOMETRIC_REPRESENTATION_CONTEXT(2) 
PARAMETRIC_REPRESENTATION_CONTEXT() REPRESENTATION_CONTEXT('2D SPACE',''
  ) );
#8454 = PCURVE('',#8455,#8460);
#8455 = CYLINDRICAL_SURFACE('',#8456,46.99);
#8456 = AXIS2_PLACEMENT_3D('',#8457,#8458,#8459);
#8457 = CARTESIAN_POINT('',(0.,0.,3.3528));
#8458 = DIRECTION('',(0.,0.,1.));
#8459 = DIRECTION('',(1.,0.,0.));
#8460 = DEFINITIONAL_REPRESENTATION('',(#8461),#8464);
#8461 = B_SPLINE_CURVE_WITH_KNOTS('',1,(#8462,#8463),.UNSPECIFIED.,.F.,
  .F.,(2,2),(0.261136053575,6.022049253604),.PIECEWISE_BEZIER_KNOTS.);
#8462 = CARTESIAN_POINT('',(0.261136053575,2.54));
#8463 = CARTESIAN_POINT('',(6.022049253604,2.54));
#8464 = ( GEOMETRIC_REPRESENTATION_CONTEXT(2) 
PARAMETRIC_REPRESENTATION_CONTEXT() REPRESENTATION_CONTEXT('2D SPACE',''
  ) );
#8465 = FACE_BOUND('',#8466,.T.);
#8466 = EDGE_LOOP('',(#8467));
#8467 = ORIENTED_EDGE('',*,*,#8050,.F.);
#8468 = ADVANCED_FACE('',(#8469),#8202,.F.);
#8469 = FACE_BOUND('',#8470,.F.);
#8470 = EDGE_LOOP('',(#8471,#8494,#8495,#8496,#8519,#8649));
#8471 = ORIENTED_EDGE('',*,*,#8472,.F.);
#8472 = EDGE_CURVE('',#8256,#8473,#8475,.T.);
#8473 = VERTEX_POINT('',#8474);
#8474 = CARTESIAN_POINT('',(45.396912,12.131796275254,79.5528));
#8475 = SURFACE_CURVE('',#8476,(#8481,#8487),.PCURVE_S1.);
#8476 = CIRCLE('',#8477,51.308);
#8477 = AXIS2_PLACEMENT_3D('',#8478,#8479,#8480);
#8478 = CARTESIAN_POINT('',(95.25,0.,79.5528));
#8479 = DIRECTION('',(0.,0.,1.));
#8480 = DIRECTION('',(1.,0.,0.));
#8481 = PCURVE('',#8202,#8482);
#8482 = DEFINITIONAL_REPRESENTATION('',(#8483),#8486);
#8483 = B_SPLINE_CURVE_WITH_KNOTS('',1,(#8484,#8485),.UNSPECIFIED.,.F.,
  .F.,(2,2),(2.813197164492,2.902881644509),.PIECEWISE_BEZIER_KNOTS.);
#8484 = CARTESIAN_POINT('',(2.813197164492,168.4528));
#8485 = CARTESIAN_POINT('',(2.902881644509,168.4528));
#8486 = ( GEOMETRIC_REPRESENTATION_CONTEXT(2) 
PARAMETRIC_REPRESENTATION_CONTEXT() REPRESENTATION_CONTEXT('2D SPACE',''
  ) );
#8487 = PCURVE('',#8271,#8488);
#8488 = DEFINITIONAL_REPRESENTATION('',(#8489),#8493);
#8489 = CIRCLE('',#8490,51.308);
#8490 = AXIS2_PLACEMENT_2D('',#8491,#8492);
#8491 = CARTESIAN_POINT('',(95.25,0.));
#8492 = DIRECTION('',(1.,0.));
#8493 = ( GEOMETRIC_REPRESENTATION_CONTEXT(2) 
PARAMETRIC_REPRESENTATION_CONTEXT() REPRESENTATION_CONTEXT('2D SPACE',''
  ) );
#8494 = ORIENTED_EDGE('',*,*,#8283,.T.);
#8495 = ORIENTED_EDGE('',*,*,#8104,.T.);
#8496 = ORIENTED_EDGE('',*,*,#8497,.F.);
#8497 = EDGE_CURVE('',#8498,#8105,#8500,.T.);
#8498 = VERTEX_POINT('',#8499);
#8499 = CARTESIAN_POINT('',(45.396912,-12.13179627525,79.5528));
#8500 = SURFACE_CURVE('',#8501,(#8506,#8512),.PCURVE_S1.);
#8501 = CIRCLE('',#8502,51.308);
#8502 = AXIS2_PLACEMENT_3D('',#8503,#8504,#8505);
#8503 = CARTESIAN_POINT('',(95.25,0.,79.5528));
#8504 = DIRECTION('',(0.,0.,1.));
#8505 = DIRECTION('',(1.,0.,0.));
#8506 = PCURVE('',#8202,#8507);
#8507 = DEFINITIONAL_REPRESENTATION('',(#8508),#8511);
#8508 = B_SPLINE_CURVE_WITH_KNOTS('',1,(#8509,#8510),.UNSPECIFIED.,.F.,
  .F.,(2,2),(3.38030366267,3.469988142687),.PIECEWISE_BEZIER_KNOTS.);
#8509 = CARTESIAN_POINT('',(3.38030366267,168.4528));
#8510 = CARTESIAN_POINT('',(3.469988142687,168.4528));
#8511 = ( GEOMETRIC_REPRESENTATION_CONTEXT(2) 
PARAMETRIC_REPRESENTATION_CONTEXT() REPRESENTATION_CONTEXT('2D SPACE',''
  ) );
#8512 = PCURVE('',#8271,#8513);
#8513 = DEFINITIONAL_REPRESENTATION('',(#8514),#8518);
#8514 = CIRCLE('',#8515,51.308);
#8515 = AXIS2_PLACEMENT_2D('',#8516,#8517);
#8516 = CARTESIAN_POINT('',(95.25,0.));
#8517 = DIRECTION('',(1.,0.));
#8518 = ( GEOMETRIC_REPRESENTATION_CONTEXT(2) 
PARAMETRIC_REPRESENTATION_CONTEXT() REPRESENTATION_CONTEXT('2D SPACE',''
  ) );
#8519 = ORIENTED_EDGE('',*,*,#8520,.F.);
#8520 = EDGE_CURVE('',#8521,#8498,#8523,.T.);
#8521 = VERTEX_POINT('',#8522);
#8522 = CARTESIAN_POINT('',(43.942,-1.076268592963E-14,45.72));
#8523 = SURFACE_CURVE('',#8524,(#8562,#8603),.PCURVE_S1.);
#8524 = B_SPLINE_CURVE_WITH_KNOTS('',8,(#8525,#8526,#8527,#8528,#8529,
    #8530,#8531,#8532,#8533,#8534,#8535,#8536,#8537,#8538,#8539,#8540,
    #8541,#8542,#8543,#8544,#8545,#8546,#8547,#8548,#8549,#8550,#8551,
    #8552,#8553,#8554,#8555,#8556,#8557,#8558,#8559,#8560,#8561),
  .UNSPECIFIED.,.F.,.F.,(9,7,7,7,7,9),(0.,8.693163608615E-02,
    0.172168481783,0.344157923878,0.634537178163,1.),.UNSPECIFIED.);
#8525 = CARTESIAN_POINT('',(43.942,5.639932965096E-15,45.72));
#8526 = CARTESIAN_POINT('',(43.942,-0.553220816481,45.72));
#8527 = CARTESIAN_POINT('',(43.948815570059,-1.032975086358,
    45.88398791479));
#8528 = CARTESIAN_POINT('',(43.959289367693,-1.450470701077,
    46.135991586811));
#8529 = CARTESIAN_POINT('',(43.97157979382,-1.812350188628,
    46.431409657744));
#8530 = CARTESIAN_POINT('',(43.984409638302,-2.127407145143,
    46.73955189719));
#8531 = CARTESIAN_POINT('',(43.997339900576,-2.406169244641,
    47.049873377222));
#8532 = CARTESIAN_POINT('',(44.010530025229,-2.662901037939,
    47.36622239369));
#8533 = CARTESIAN_POINT('',(44.038869743553,-3.16101451635,
    48.045326223316));
#8534 = CARTESIAN_POINT('',(44.05320196891,-3.389008968096,
    48.388505121147));
#8535 = CARTESIAN_POINT('',(44.067747326608,-3.603069559962,
    48.736508456897));
#8536 = CARTESIAN_POINT('',(44.082454969602,-3.805571633135,
    49.088107280053));
#8537 = CARTESIAN_POINT('',(44.09728952056,-3.998252811539,
    49.44244736277));
#8538 = CARTESIAN_POINT('',(44.112226933285,-4.182551385021,
    49.798947942878));
#8539 = CARTESIAN_POINT('',(44.127256167411,-4.359500701236,
    50.157340640158));
#8540 = CARTESIAN_POINT('',(44.172879184766,-4.874214333102,
    51.244370109497));
#8541 = CARTESIAN_POINT('',(44.203705092817,-5.191885355432,
    51.977612878977));
#8542 = CARTESIAN_POINT('',(44.23476873951,-5.490093974321,
    52.715256636994));
#8543 = CARTESIAN_POINT('',(44.266023725296,-5.772320231919,
    53.456175975132));
#8544 = CARTESIAN_POINT('',(44.297438010728,-6.04106552796,
    54.199595297176));
#8545 = CARTESIAN_POINT('',(44.328989875072,-6.298360620109,
    54.944988365727));
#8546 = CARTESIAN_POINT('',(44.360669704808,-6.545593043456,
    55.692118873857));
#8547 = CARTESIAN_POINT('',(44.446173719619,-7.18658736224,
    57.705158025405));
#8548 = CARTESIAN_POINT('',(44.500204340711,-7.563855515063,
    58.973547951698));
#8549 = CARTESIAN_POINT('',(44.554521715994,-7.921451924495,
    60.244982578803));
#8550 = CARTESIAN_POINT('',(44.609097820079,-8.262598089118,
    61.518777370665));
#8551 = CARTESIAN_POINT('',(44.663912756864,-8.589642343484,
    62.794447499171));
#8552 = CARTESIAN_POINT('',(44.718952571621,-8.904457247506,
    64.071652316298));
#8553 = CARTESIAN_POINT('',(44.7742094639,-9.208427363182,
    65.350198226007));
#8554 = CARTESIAN_POINT('',(44.899493512626,-9.873168005636,
    68.24070404254));
#8555 = CARTESIAN_POINT('',(44.969638825749,-10.22826521218,
    69.853240940337));
#8556 = CARTESIAN_POINT('',(45.040102200539,-10.57032820236,
    71.467263985311));
#8557 = CARTESIAN_POINT('',(45.110873512237,-10.90100451044,
    73.082523130269));
#8558 = CARTESIAN_POINT('',(45.181945151778,-11.22154674177,
    74.69883068133));
#8559 = CARTESIAN_POINT('',(45.253311342713,-11.53297536997,
    76.316043809476));
#8560 = CARTESIAN_POINT('',(45.324967838477,-11.83615673976,
    77.934056365733));
#8561 = CARTESIAN_POINT('',(45.396912,-12.13179627525,79.5528));
#8562 = PCURVE('',#8202,#8563);
#8563 = DEFINITIONAL_REPRESENTATION('',(#8564),#8602);
#8564 = B_SPLINE_CURVE_WITH_KNOTS('',8,(#8565,#8566,#8567,#8568,#8569,
    #8570,#8571,#8572,#8573,#8574,#8575,#8576,#8577,#8578,#8579,#8580,
    #8581,#8582,#8583,#8584,#8585,#8586,#8587,#8588,#8589,#8590,#8591,
    #8592,#8593,#8594,#8595,#8596,#8597,#8598,#8599,#8600,#8601),
  .UNSPECIFIED.,.F.,.F.,(9,7,7,7,7,9),(0.,8.693163608615E-02,
    0.172168481783,0.344157923878,0.634537178163,1.),.UNSPECIFIED.);
#8565 = CARTESIAN_POINT('',(3.14159265359,134.62));
#8566 = CARTESIAN_POINT('',(3.152375003642,134.62));
#8567 = CARTESIAN_POINT('',(3.161725482954,134.78398791479));
#8568 = CARTESIAN_POINT('',(3.169864427577,135.03599158681));
#8569 = CARTESIAN_POINT('',(3.176921148357,135.33140965774));
#8570 = CARTESIAN_POINT('',(3.183066533522,135.63955189719));
#8571 = CARTESIAN_POINT('',(3.18850536188,135.94987337722));
#8572 = CARTESIAN_POINT('',(3.193515624845,136.26622239369));
#8573 = CARTESIAN_POINT('',(3.203239625166,136.94532622331));
#8574 = CARTESIAN_POINT('',(3.207691961282,137.28850512114));
#8575 = CARTESIAN_POINT('',(3.21187356719,137.63650845689));
#8576 = CARTESIAN_POINT('',(3.215830677156,137.98810728005));
#8577 = CARTESIAN_POINT('',(3.219597106411,138.34244736277));
#8578 = CARTESIAN_POINT('',(3.223200846017,138.69894794287));
#8579 = CARTESIAN_POINT('',(3.226662006114,139.05734064015));
#8580 = CARTESIAN_POINT('',(3.236733176983,140.14437010949));
#8581 = CARTESIAN_POINT('',(3.242953496001,140.87761287897));
#8582 = CARTESIAN_POINT('',(3.248796840499,141.61525663699));
#8583 = CARTESIAN_POINT('',(3.254330880162,142.35617597513));
#8584 = CARTESIAN_POINT('',(3.25960424158,143.09959529717));
#8585 = CARTESIAN_POINT('',(3.264656402154,143.84498836572));
#8586 = CARTESIAN_POINT('',(3.269514327892,144.59211887385));
#8587 = CARTESIAN_POINT('',(3.28211805407,146.6051580254));
#8588 = CARTESIAN_POINT('',(3.289545743022,147.87354795169));
#8589 = CARTESIAN_POINT('',(3.296594883141,149.1449825788));
#8590 = CARTESIAN_POINT('',(3.303328020787,150.41877737066));
#8591 = CARTESIAN_POINT('',(3.309790731153,151.69444749917));
#8592 = CARTESIAN_POINT('',(3.3160193503,152.97165231629));
#8593 = CARTESIAN_POINT('',(3.322040734612,154.250198226));
#8594 = CARTESIAN_POINT('',(3.335224717617,157.14070404254));
#8595 = CARTESIAN_POINT('',(3.342279081972,158.75324094033));
#8596 = CARTESIAN_POINT('',(3.349085550845,160.36726398531));
#8597 = CARTESIAN_POINT('',(3.355676055742,161.98252313026));
#8598 = CARTESIAN_POINT('',(3.362074862073,163.59883068133));
#8599 = CARTESIAN_POINT('',(3.368301733496,165.21604380947));
#8600 = CARTESIAN_POINT('',(3.374373447565,166.83405636573));
#8601 = CARTESIAN_POINT('',(3.38030366267,168.4528));
#8602 = ( GEOMETRIC_REPRESENTATION_CONTEXT(2) 
PARAMETRIC_REPRESENTATION_CONTEXT() REPRESENTATION_CONTEXT('2D SPACE',''
  ) );
#8603 = PCURVE('',#8604,#8609);
#8604 = CONICAL_SURFACE('',#8605,38.839117117117,8.984753969463E-02);
#8605 = AXIS2_PLACEMENT_3D('',#8606,#8607,#8608);
#8606 = CARTESIAN_POINT('',(0.,0.,-10.922));
#8607 = DIRECTION('',(0.,0.,1.));
#8608 = DIRECTION('',(1.,0.,0.));
#8609 = DEFINITIONAL_REPRESENTATION('',(#8610),#8648);
#8610 = B_SPLINE_CURVE_WITH_KNOTS('',8,(#8611,#8612,#8613,#8614,#8615,
    #8616,#8617,#8618,#8619,#8620,#8621,#8622,#8623,#8624,#8625,#8626,
    #8627,#8628,#8629,#8630,#8631,#8632,#8633,#8634,#8635,#8636,#8637,
    #8638,#8639,#8640,#8641,#8642,#8643,#8644,#8645,#8646,#8647),
  .UNSPECIFIED.,.F.,.F.,(9,7,7,7,7,9),(0.,8.693163608615E-02,
    0.172168481783,0.344157923878,0.634537178163,1.),.UNSPECIFIED.);
#8611 = CARTESIAN_POINT('',(6.28318530718,56.642));
#8612 = CARTESIAN_POINT('',(6.270595511165,56.642));
#8613 = CARTESIAN_POINT('',(6.259677629384,56.80598791479));
#8614 = CARTESIAN_POINT('',(6.250190377041,57.057991586811));
#8615 = CARTESIAN_POINT('',(6.241981442768,57.353409657744));
#8616 = CARTESIAN_POINT('',(6.234846982169,57.66155189719));
#8617 = CARTESIAN_POINT('',(6.228544469458,57.971873377222));
#8618 = CARTESIAN_POINT('',(6.222749075084,58.28822239369));
#8619 = CARTESIAN_POINT('',(6.211526496452,58.967326223316));
#8620 = CARTESIAN_POINT('',(6.206400498273,59.310505121147));
#8621 = CARTESIAN_POINT('',(6.201597535828,59.658508456897));
#8622 = CARTESIAN_POINT('',(6.197063083687,60.010107280053));
#8623 = CARTESIAN_POINT('',(6.192757205576,60.36444736277));
#8624 = CARTESIAN_POINT('',(6.188646850962,60.720947942878));
#8625 = CARTESIAN_POINT('',(6.184708268552,61.079340640158));
#8626 = CARTESIAN_POINT('',(6.173274444852,62.166370109497));
#8627 = CARTESIAN_POINT('',(6.166249635992,62.899612878977));
#8628 = CARTESIAN_POINT('',(6.159683545575,63.637256636994));
#8629 = CARTESIAN_POINT('',(6.153495718608,64.378175975132));
#8630 = CARTESIAN_POINT('',(6.147628207136,65.121595297176));
#8631 = CARTESIAN_POINT('',(6.142033954038,65.866988365727));
#8632 = CARTESIAN_POINT('',(6.136680727008,66.614118873857));
#8633 = CARTESIAN_POINT('',(6.122858612955,68.627158025405));
#8634 = CARTESIAN_POINT('',(6.114786155292,69.895547951698));
#8635 = CARTESIAN_POINT('',(6.107191149499,71.166982578803));
#8636 = CARTESIAN_POINT('',(6.099998143861,72.440777370665));
#8637 = CARTESIAN_POINT('',(6.093151929162,73.716447499171));
#8638 = CARTESIAN_POINT('',(6.086608391504,74.993652316298));
#8639 = CARTESIAN_POINT('',(6.080334767365,76.272198226007));
#8640 = CARTESIAN_POINT('',(6.06671117925,79.16270404254));
#8641 = CARTESIAN_POINT('',(6.059503118548,80.775240940337));
#8642 = CARTESIAN_POINT('',(6.052624296531,82.389263985311));
#8643 = CARTESIAN_POINT('',(6.046035354193,84.004523130269));
#8644 = CARTESIAN_POINT('',(6.039706177682,85.62083068133));
#8645 = CARTESIAN_POINT('',(6.033612124649,87.238043809476));
#8646 = CARTESIAN_POINT('',(6.027732210362,88.856056365733));
#8647 = CARTESIAN_POINT('',(6.022049253604,90.4748));
#8648 = ( GEOMETRIC_REPRESENTATION_CONTEXT(2) 
PARAMETRIC_REPRESENTATION_CONTEXT() REPRESENTATION_CONTEXT('2D SPACE',''
  ) );
#8649 = ORIENTED_EDGE('',*,*,#8650,.F.);
#8650 = EDGE_CURVE('',#8473,#8521,#8651,.T.);
#8651 = SURFACE_CURVE('',#8652,(#8690,#8731),.PCURVE_S1.);
#8652 = B_SPLINE_CURVE_WITH_KNOTS('',8,(#8653,#8654,#8655,#8656,#8657,
    #8658,#8659,#8660,#8661,#8662,#8663,#8664,#8665,#8666,#8667,#8668,
    #8669,#8670,#8671,#8672,#8673,#8674,#8675,#8676,#8677,#8678,#8679,
    #8680,#8681,#8682,#8683,#8684,#8685,#8686,#8687,#8688,#8689),
  .UNSPECIFIED.,.F.,.F.,(9,7,7,7,7,9),(0.,0.516444452529,0.760921283082,
    0.881468890791,0.941938051527,1.),.UNSPECIFIED.);
#8653 = CARTESIAN_POINT('',(45.396912,12.131796275254,79.5528));
#8654 = CARTESIAN_POINT('',(45.295428922616,11.714772722224,
    77.269430758858));
#8655 = CARTESIAN_POINT('',(45.194525138469,11.282791711866,
    74.987671541187));
#8656 = CARTESIAN_POINT('',(45.094202027556,10.833732381473,
    72.707582417843));
#8657 = CARTESIAN_POINT('',(44.994468168292,10.365253143401,
    70.429384032063));
#8658 = CARTESIAN_POINT('',(44.895344459174,9.873789294243,
    68.153588569171));
#8659 = CARTESIAN_POINT('',(44.796861889102,9.354911957721,
    65.880953285117));
#8660 = CARTESIAN_POINT('',(44.699065425949,8.802395207491,
    63.612583769942));
#8661 = CARTESIAN_POINT('',(44.556105967485,7.919753884937,
    60.279685274607));
#8662 = CARTESIAN_POINT('',(44.510356023094,7.625802480932,
    59.210486337641));
#8663 = CARTESIAN_POINT('',(44.464789908171,7.320011651163,
    58.142983962396));
#8664 = CARTESIAN_POINT('',(44.41941683953,7.000756165091,
    57.077406794417));
#8665 = CARTESIAN_POINT('',(44.374257904796,6.665627598426,
    56.014267049703));
#8666 = CARTESIAN_POINT('',(44.329344233612,6.311645032635,
    54.954319889113));
#8667 = CARTESIAN_POINT('',(44.284720958783,5.934643837241,
    53.898663203174));
#8668 = CARTESIAN_POINT('',(44.218649797556,5.32477243291,
    52.331846583524));
#8669 = CARTESIAN_POINT('',(44.196930705806,5.115813563604,
    51.816180037182));
#8670 = CARTESIAN_POINT('',(44.175314698683,4.898183252506,
    51.302347297609));
#8671 = CARTESIAN_POINT('',(44.153812027231,4.670669588635,
    50.790598758452));
#8672 = CARTESIAN_POINT('',(44.132446136347,4.431518327944,
    50.281501308737));
#8673 = CARTESIAN_POINT('',(44.1112516649,4.178590031573,49.775892116147
    ));
#8674 = CARTESIAN_POINT('',(44.090278731436,3.908926569741,
    49.274984169831));
#8675 = CARTESIAN_POINT('',(44.059252979385,3.469856444224,
    48.533138567858));
#8676 = CARTESIAN_POINT('',(44.048978072965,3.317620487161,
    48.287315965395));
#8677 = CARTESIAN_POINT('',(44.038795854851,3.158939633773,
    48.04357068591));
#8678 = CARTESIAN_POINT('',(44.028718990214,2.992886019253,
    47.802209621215));
#8679 = CARTESIAN_POINT('',(44.018774500576,2.818230296171,
    47.563884779384));
#8680 = CARTESIAN_POINT('',(44.009002089909,2.633521025912,
    47.329554138765));
#8681 = CARTESIAN_POINT('',(43.999458350476,2.436814119068,
    47.100584107448));
#8682 = CARTESIAN_POINT('',(43.981387540558,2.020378769068,
    46.666818857558));
#8683 = CARTESIAN_POINT('',(43.972985490724,1.805370867742,
    46.465033596681));
#8684 = CARTESIAN_POINT('',(43.964886284584,1.571660408394,
    46.270430364963));
#8685 = CARTESIAN_POINT('',(43.957185410007,1.313563612329,
    46.085309932877));
#8686 = CARTESIAN_POINT('',(43.950355496767,1.026656849607,
    45.921040128071));
#8687 = CARTESIAN_POINT('',(43.94494887471,0.710582680929,
    45.790951788194));
#8688 = CARTESIAN_POINT('',(43.942,0.363779037016,45.72));
#8689 = CARTESIAN_POINT('',(43.942,-1.076268592963E-14,45.72));
#8690 = PCURVE('',#8202,#8691);
#8691 = DEFINITIONAL_REPRESENTATION('',(#8692),#8730);
#8692 = B_SPLINE_CURVE_WITH_KNOTS('',8,(#8693,#8694,#8695,#8696,#8697,
    #8698,#8699,#8700,#8701,#8702,#8703,#8704,#8705,#8706,#8707,#8708,
    #8709,#8710,#8711,#8712,#8713,#8714,#8715,#8716,#8717,#8718,#8719,
    #8720,#8721,#8722,#8723,#8724,#8725,#8726,#8727,#8728,#8729),
  .UNSPECIFIED.,.F.,.F.,(9,7,7,7,7,9),(0.,0.516444452529,0.760921283082,
    0.881468890791,0.941938051527,1.),.UNSPECIFIED.);
#8693 = CARTESIAN_POINT('',(2.902881644509,168.4528));
#8694 = CARTESIAN_POINT('',(2.911246694093,166.16943075885));
#8695 = CARTESIAN_POINT('',(2.919892322337,163.88767154118));
#8696 = CARTESIAN_POINT('',(2.928859625312,161.60758241784));
#8697 = CARTESIAN_POINT('',(2.938193936366,159.32938403206));
#8698 = CARTESIAN_POINT('',(2.947964325572,157.05358856917));
#8699 = CARTESIAN_POINT('',(2.958256604621,154.78095328511));
#8700 = CARTESIAN_POINT('',(2.969191457476,152.51258376994));
#8701 = CARTESIAN_POINT('',(2.986618443259,149.1796852746));
#8702 = CARTESIAN_POINT('',(2.992416457582,148.11048633764));
#8703 = CARTESIAN_POINT('',(2.998441961562,147.04298396239));
#8704 = CARTESIAN_POINT('',(3.004726508512,145.97740679441));
#8705 = CARTESIAN_POINT('',(3.011316878121,144.9142670497));
#8706 = CARTESIAN_POINT('',(3.018270971077,143.85431988911));
#8707 = CARTESIAN_POINT('',(3.025669707623,142.79866320317));
#8708 = CARTESIAN_POINT('',(3.037625736197,141.23184658352));
#8709 = CARTESIAN_POINT('',(3.041720273956,140.71618003718));
#8710 = CARTESIAN_POINT('',(3.045982717734,140.2023472976));
#8711 = CARTESIAN_POINT('',(3.050436639567,139.69059875845));
#8712 = CARTESIAN_POINT('',(3.055116164293,139.18150130873));
#8713 = CARTESIAN_POINT('',(3.060062908614,138.67589211614));
#8714 = CARTESIAN_POINT('',(3.065334427193,138.17498416983));
#8715 = CARTESIAN_POINT('',(3.073913302568,137.43313856785));
#8716 = CARTESIAN_POINT('',(3.076887137719,137.18731596539));
#8717 = CARTESIAN_POINT('',(3.079986182182,136.94357068591));
#8718 = CARTESIAN_POINT('',(3.083228501182,136.70220962121));
#8719 = CARTESIAN_POINT('',(3.086638027753,136.46388477938));
#8720 = CARTESIAN_POINT('',(3.09024301713,136.22955413876));
#8721 = CARTESIAN_POINT('',(3.094081321595,136.00058410744));
#8722 = CARTESIAN_POINT('',(3.102205342182,135.56681885755));
#8723 = CARTESIAN_POINT('',(3.106399033661,135.36503359668));
#8724 = CARTESIAN_POINT('',(3.110956748875,135.17043036496));
#8725 = CARTESIAN_POINT('',(3.115989175216,134.98530993287));
#8726 = CARTESIAN_POINT('',(3.121582421543,134.82104012807));
#8727 = CARTESIAN_POINT('',(3.127743300014,134.69095178819));
#8728 = CARTESIAN_POINT('',(3.13450254996,134.62));
#8729 = CARTESIAN_POINT('',(3.14159265359,134.62));
#8730 = ( GEOMETRIC_REPRESENTATION_CONTEXT(2) 
PARAMETRIC_REPRESENTATION_CONTEXT() REPRESENTATION_CONTEXT('2D SPACE',''
  ) );
#8731 = PCURVE('',#8604,#8732);
#8732 = DEFINITIONAL_REPRESENTATION('',(#8733),#8771);
#8733 = B_SPLINE_CURVE_WITH_KNOTS('',8,(#8734,#8735,#8736,#8737,#8738,
    #8739,#8740,#8741,#8742,#8743,#8744,#8745,#8746,#8747,#8748,#8749,
    #8750,#8751,#8752,#8753,#8754,#8755,#8756,#8757,#8758,#8759,#8760,
    #8761,#8762,#8763,#8764,#8765,#8766,#8767,#8768,#8769,#8770),
  .UNSPECIFIED.,.F.,.F.,(9,7,7,7,7,9),(0.,0.516444452529,0.760921283082,
    0.881468890791,0.941938051527,1.),.UNSPECIFIED.);
#8734 = CARTESIAN_POINT('',(0.261136053575,90.4748));
#8735 = CARTESIAN_POINT('',(0.253119781953,88.191430758858));
#8736 = CARTESIAN_POINT('',(0.244712630335,85.909671541187));
#8737 = CARTESIAN_POINT('',(0.235863246019,83.629582417843));
#8738 = CARTESIAN_POINT('',(0.226514739604,81.351384032063));
#8739 = CARTESIAN_POINT('',(0.216581565144,79.075588569171));
#8740 = CARTESIAN_POINT('',(0.205957664262,76.802953285118));
#8741 = CARTESIAN_POINT('',(0.194494818734,74.534583769942));
#8742 = CARTESIAN_POINT('',(0.175923303324,71.201685274607));
#8743 = CARTESIAN_POINT('',(0.169701894736,70.132486337641));
#8744 = CARTESIAN_POINT('',(0.163191515751,69.064983962396));
#8745 = CARTESIAN_POINT('',(0.156354067991,67.999406794417));
#8746 = CARTESIAN_POINT('',(0.149133340957,66.936267049703));
#8747 = CARTESIAN_POINT('',(0.141459808609,65.876319889113));
#8748 = CARTESIAN_POINT('',(0.133236608444,64.820663203174));
#8749 = CARTESIAN_POINT('',(0.119846709468,63.253846583524));
#8750 = CARTESIAN_POINT('',(0.115245839868,62.738180037182));
#8751 = CARTESIAN_POINT('',(0.110440286453,62.224347297609));
#8752 = CARTESIAN_POINT('',(0.105402078537,61.712598758452));
#8753 = CARTESIAN_POINT('',(0.100090775738,61.203501308737));
#8754 = CARTESIAN_POINT('',(9.445705429093E-02,60.697892116147));
#8755 = CARTESIAN_POINT('',(8.843281960722E-02,60.196984169831));
#8756 = CARTESIAN_POINT('',(7.859375246907E-02,59.455138567858));
#8757 = CARTESIAN_POINT('',(7.517763123908E-02,59.209315965395));
#8758 = CARTESIAN_POINT('',(7.161201474979E-02,58.96557068591));
#8759 = CARTESIAN_POINT('',(6.787564158025E-02,58.724209621215));
#8760 = CARTESIAN_POINT('',(6.394033006504E-02,58.485884779384));
#8761 = CARTESIAN_POINT('',(5.977279702081E-02,58.251554138765));
#8762 = CARTESIAN_POINT('',(5.532851182594E-02,58.022584107448));
#8763 = CARTESIAN_POINT('',(4.590683331936E-02,57.588818857558));
#8764 = CARTESIAN_POINT('',(4.103671470485E-02,57.387033596681));
#8765 = CARTESIAN_POINT('',(3.57374385335E-02,57.192430364963));
#8766 = CARTESIAN_POINT('',(2.987899455856E-02,57.007309932878));
#8767 = CARTESIAN_POINT('',(2.33599192535E-02,56.843040128071));
#8768 = CARTESIAN_POINT('',(1.61709293663E-02,56.712951788194));
#8769 = CARTESIAN_POINT('',(8.278618110593E-03,56.642));
#8770 = CARTESIAN_POINT('',(0.,56.642));
#8771 = ( GEOMETRIC_REPRESENTATION_CONTEXT(2) 
PARAMETRIC_REPRESENTATION_CONTEXT() REPRESENTATION_CONTEXT('2D SPACE',''
  ) );
#8772 = ADVANCED_FACE('',(#8773),#8271,.T.);
#8773 = FACE_BOUND('',#8774,.T.);
#8774 = EDGE_LOOP('',(#8775,#8776,#8777,#8778));
#8775 = ORIENTED_EDGE('',*,*,#8472,.F.);
#8776 = ORIENTED_EDGE('',*,*,#8255,.T.);
#8777 = ORIENTED_EDGE('',*,*,#8497,.F.);
#8778 = ORIENTED_EDGE('',*,*,#8779,.F.);
#8779 = EDGE_CURVE('',#8473,#8498,#8780,.T.);
#8780 = SURFACE_CURVE('',#8781,(#8786,#8793),.PCURVE_S1.);
#8781 = CIRCLE('',#8782,46.99);
#8782 = AXIS2_PLACEMENT_3D('',#8783,#8784,#8785);
#8783 = CARTESIAN_POINT('',(0.,0.,79.5528));
#8784 = DIRECTION('',(0.,0.,1.));
#8785 = DIRECTION('',(1.,0.,0.));
#8786 = PCURVE('',#8271,#8787);
#8787 = DEFINITIONAL_REPRESENTATION('',(#8788),#8792);
#8788 = CIRCLE('',#8789,46.99);
#8789 = AXIS2_PLACEMENT_2D('',#8790,#8791);
#8790 = CARTESIAN_POINT('',(0.,0.));
#8791 = DIRECTION('',(1.,0.));
#8792 = ( GEOMETRIC_REPRESENTATION_CONTEXT(2) 
PARAMETRIC_REPRESENTATION_CONTEXT() REPRESENTATION_CONTEXT('2D SPACE',''
  ) );
#8793 = PCURVE('',#8604,#8794);
#8794 = DEFINITIONAL_REPRESENTATION('',(#8795),#8798);
#8795 = B_SPLINE_CURVE_WITH_KNOTS('',1,(#8796,#8797),.UNSPECIFIED.,.F.,
  .F.,(2,2),(0.261136053575,6.022049253604),.PIECEWISE_BEZIER_KNOTS.);
#8796 = CARTESIAN_POINT('',(0.261136053575,90.4748));
#8797 = CARTESIAN_POINT('',(6.022049253604,90.4748));
#8798 = ( GEOMETRIC_REPRESENTATION_CONTEXT(2) 
PARAMETRIC_REPRESENTATION_CONTEXT() REPRESENTATION_CONTEXT('2D SPACE',''
  ) );
#8799 = ADVANCED_FACE('',(#8800),#8429,.F.);
#8800 = FACE_BOUND('',#8801,.F.);
#8801 = EDGE_LOOP('',(#8802,#8803,#8824,#8852));
#8802 = ORIENTED_EDGE('',*,*,#8410,.F.);
#8803 = ORIENTED_EDGE('',*,*,#8804,.F.);
#8804 = EDGE_CURVE('',#8805,#8411,#8807,.T.);
#8805 = VERTEX_POINT('',#8806);
#8806 = CARTESIAN_POINT('',(45.396912,12.131796275254,3.3528));
#8807 = SURFACE_CURVE('',#8808,(#8812,#8818),.PCURVE_S1.);
#8808 = LINE('',#8809,#8810);
#8809 = CARTESIAN_POINT('',(45.396912,12.131796275254,3.3528));
#8810 = VECTOR('',#8811,1.);
#8811 = DIRECTION('',(0.,0.,1.));
#8812 = PCURVE('',#8429,#8813);
#8813 = DEFINITIONAL_REPRESENTATION('',(#8814),#8817);
#8814 = B_SPLINE_CURVE_WITH_KNOTS('',1,(#8815,#8816),.UNSPECIFIED.,.F.,
  .F.,(2,2),(0.,2.54),.PIECEWISE_BEZIER_KNOTS.);
#8815 = CARTESIAN_POINT('',(2.902881644509,92.2528));
#8816 = CARTESIAN_POINT('',(2.902881644509,94.7928));
#8817 = ( GEOMETRIC_REPRESENTATION_CONTEXT(2) 
PARAMETRIC_REPRESENTATION_CONTEXT() REPRESENTATION_CONTEXT('2D SPACE',''
  ) );
#8818 = PCURVE('',#8455,#8819);
#8819 = DEFINITIONAL_REPRESENTATION('',(#8820),#8823);
#8820 = B_SPLINE_CURVE_WITH_KNOTS('',1,(#8821,#8822),.UNSPECIFIED.,.F.,
  .F.,(2,2),(0.,2.54),.PIECEWISE_BEZIER_KNOTS.);
#8821 = CARTESIAN_POINT('',(0.261136053575,0.));
#8822 = CARTESIAN_POINT('',(0.261136053575,2.54));
#8823 = ( GEOMETRIC_REPRESENTATION_CONTEXT(2) 
PARAMETRIC_REPRESENTATION_CONTEXT() REPRESENTATION_CONTEXT('2D SPACE',''
  ) );
#8824 = ORIENTED_EDGE('',*,*,#8825,.T.);
#8825 = EDGE_CURVE('',#8805,#8826,#8828,.T.);
#8826 = VERTEX_POINT('',#8827);
#8827 = CARTESIAN_POINT('',(45.396912,-12.13179627525,3.3528));
#8828 = SURFACE_CURVE('',#8829,(#8834,#8840),.PCURVE_S1.);
#8829 = CIRCLE('',#8830,51.308);
#8830 = AXIS2_PLACEMENT_3D('',#8831,#8832,#8833);
#8831 = CARTESIAN_POINT('',(95.25,0.,3.3528));
#8832 = DIRECTION('',(0.,0.,1.));
#8833 = DIRECTION('',(1.,0.,0.));
#8834 = PCURVE('',#8429,#8835);
#8835 = DEFINITIONAL_REPRESENTATION('',(#8836),#8839);
#8836 = B_SPLINE_CURVE_WITH_KNOTS('',1,(#8837,#8838),.UNSPECIFIED.,.F.,
  .F.,(2,2),(2.902881644509,3.38030366267),.PIECEWISE_BEZIER_KNOTS.);
#8837 = CARTESIAN_POINT('',(2.902881644509,92.2528));
#8838 = CARTESIAN_POINT('',(3.38030366267,92.2528));
#8839 = ( GEOMETRIC_REPRESENTATION_CONTEXT(2) 
PARAMETRIC_REPRESENTATION_CONTEXT() REPRESENTATION_CONTEXT('2D SPACE',''
  ) );
#8840 = PCURVE('',#8841,#8846);
#8841 = PLANE('',#8842);
#8842 = AXIS2_PLACEMENT_3D('',#8843,#8844,#8845);
#8843 = CARTESIAN_POINT('',(0.,0.,3.3528));
#8844 = DIRECTION('',(0.,0.,1.));
#8845 = DIRECTION('',(1.,0.,0.));
#8846 = DEFINITIONAL_REPRESENTATION('',(#8847),#8851);
#8847 = CIRCLE('',#8848,51.308);
#8848 = AXIS2_PLACEMENT_2D('',#8849,#8850);
#8849 = CARTESIAN_POINT('',(95.25,0.));
#8850 = DIRECTION('',(1.,0.));
#8851 = ( GEOMETRIC_REPRESENTATION_CONTEXT(2) 
PARAMETRIC_REPRESENTATION_CONTEXT() REPRESENTATION_CONTEXT('2D SPACE',''
  ) );
#8852 = ORIENTED_EDGE('',*,*,#8853,.T.);
#8853 = EDGE_CURVE('',#8826,#8413,#8854,.T.);
#8854 = SURFACE_CURVE('',#8855,(#8859,#8865),.PCURVE_S1.);
#8855 = LINE('',#8856,#8857);
#8856 = CARTESIAN_POINT('',(45.396912,-12.13179627525,3.3528));
#8857 = VECTOR('',#8858,1.);
#8858 = DIRECTION('',(0.,0.,1.));
#8859 = PCURVE('',#8429,#8860);
#8860 = DEFINITIONAL_REPRESENTATION('',(#8861),#8864);
#8861 = B_SPLINE_CURVE_WITH_KNOTS('',1,(#8862,#8863),.UNSPECIFIED.,.F.,
  .F.,(2,2),(0.,2.54),.PIECEWISE_BEZIER_KNOTS.);
#8862 = CARTESIAN_POINT('',(3.38030366267,92.2528));
#8863 = CARTESIAN_POINT('',(3.38030366267,94.7928));
#8864 = ( GEOMETRIC_REPRESENTATION_CONTEXT(2) 
PARAMETRIC_REPRESENTATION_CONTEXT() REPRESENTATION_CONTEXT('2D SPACE',''
  ) );
#8865 = PCURVE('',#8455,#8866);
#8866 = DEFINITIONAL_REPRESENTATION('',(#8867),#8870);
#8867 = B_SPLINE_CURVE_WITH_KNOTS('',1,(#8868,#8869),.UNSPECIFIED.,.F.,
  .F.,(2,2),(0.,2.54),.PIECEWISE_BEZIER_KNOTS.);
#8868 = CARTESIAN_POINT('',(6.022049253604,0.));
#8869 = CARTESIAN_POINT('',(6.022049253604,2.54));
#8870 = ( GEOMETRIC_REPRESENTATION_CONTEXT(2) 
PARAMETRIC_REPRESENTATION_CONTEXT() REPRESENTATION_CONTEXT('2D SPACE',''
  ) );
#8871 = ADVANCED_FACE('',(#8872),#8455,.T.);
#8872 = FACE_BOUND('',#8873,.T.);
#8873 = EDGE_LOOP('',(#8874,#8875,#8876,#8897));
#8874 = ORIENTED_EDGE('',*,*,#8440,.F.);
#8875 = ORIENTED_EDGE('',*,*,#8804,.F.);
#8876 = ORIENTED_EDGE('',*,*,#8877,.T.);
#8877 = EDGE_CURVE('',#8805,#8826,#8878,.T.);
#8878 = SURFACE_CURVE('',#8879,(#8884,#8890),.PCURVE_S1.);
#8879 = CIRCLE('',#8880,46.99);
#8880 = AXIS2_PLACEMENT_3D('',#8881,#8882,#8883);
#8881 = CARTESIAN_POINT('',(0.,0.,3.3528));
#8882 = DIRECTION('',(0.,0.,1.));
#8883 = DIRECTION('',(1.,0.,0.));
#8884 = PCURVE('',#8455,#8885);
#8885 = DEFINITIONAL_REPRESENTATION('',(#8886),#8889);
#8886 = B_SPLINE_CURVE_WITH_KNOTS('',1,(#8887,#8888),.UNSPECIFIED.,.F.,
  .F.,(2,2),(0.261136053575,6.022049253604),.PIECEWISE_BEZIER_KNOTS.);
#8887 = CARTESIAN_POINT('',(0.261136053575,0.));
#8888 = CARTESIAN_POINT('',(6.022049253604,0.));
#8889 = ( GEOMETRIC_REPRESENTATION_CONTEXT(2) 
PARAMETRIC_REPRESENTATION_CONTEXT() REPRESENTATION_CONTEXT('2D SPACE',''
  ) );
#8890 = PCURVE('',#8841,#8891);
#8891 = DEFINITIONAL_REPRESENTATION('',(#8892),#8896);
#8892 = CIRCLE('',#8893,46.99);
#8893 = AXIS2_PLACEMENT_2D('',#8894,#8895);
#8894 = CARTESIAN_POINT('',(0.,0.));
#8895 = DIRECTION('',(1.,0.));
#8896 = ( GEOMETRIC_REPRESENTATION_CONTEXT(2) 
PARAMETRIC_REPRESENTATION_CONTEXT() REPRESENTATION_CONTEXT('2D SPACE',''
  ) );
#8897 = ORIENTED_EDGE('',*,*,#8853,.T.);
#8898 = ADVANCED_FACE('',(#8899),#8604,.F.);
#8899 = FACE_BOUND('',#8900,.F.);
#8900 = EDGE_LOOP('',(#8901,#8902,#8903,#8924,#8950,#8951));
#8901 = ORIENTED_EDGE('',*,*,#8779,.F.);
#8902 = ORIENTED_EDGE('',*,*,#8650,.T.);
#8903 = ORIENTED_EDGE('',*,*,#8904,.F.);
#8904 = EDGE_CURVE('',#8905,#8521,#8907,.T.);
#8905 = VERTEX_POINT('',#8906);
#8906 = CARTESIAN_POINT('',(38.862,-9.518444781693E-15,-10.668));
#8907 = SEAM_CURVE('',#8908,(#8912,#8918),.PCURVE_S1.);
#8908 = LINE('',#8909,#8910);
#8909 = CARTESIAN_POINT('',(38.839117117117,-9.512840091837E-15,-10.922)
  );
#8910 = VECTOR('',#8911,1.);
#8911 = DIRECTION('',(8.972670489621E-02,-2.197670438984E-17,
    0.995966424348));
#8912 = PCURVE('',#8604,#8913);
#8913 = DEFINITIONAL_REPRESENTATION('',(#8914),#8917);
#8914 = B_SPLINE_CURVE_WITH_KNOTS('',1,(#8915,#8916),.UNSPECIFIED.,.F.,
  .F.,(2,2),(0.255028677464,56.87139507447),.PIECEWISE_BEZIER_KNOTS.);
#8915 = CARTESIAN_POINT('',(6.28318530718,0.254));
#8916 = CARTESIAN_POINT('',(6.28318530718,56.642));
#8917 = ( GEOMETRIC_REPRESENTATION_CONTEXT(2) 
PARAMETRIC_REPRESENTATION_CONTEXT() REPRESENTATION_CONTEXT('2D SPACE',''
  ) );
#8918 = PCURVE('',#8604,#8919);
#8919 = DEFINITIONAL_REPRESENTATION('',(#8920),#8923);
#8920 = B_SPLINE_CURVE_WITH_KNOTS('',1,(#8921,#8922),.UNSPECIFIED.,.F.,
  .F.,(2,2),(0.255028677464,56.87139507447),.PIECEWISE_BEZIER_KNOTS.);
#8921 = CARTESIAN_POINT('',(0.,0.254));
#8922 = CARTESIAN_POINT('',(0.,56.642));
#8923 = ( GEOMETRIC_REPRESENTATION_CONTEXT(2) 
PARAMETRIC_REPRESENTATION_CONTEXT() REPRESENTATION_CONTEXT('2D SPACE',''
  ) );
#8924 = ORIENTED_EDGE('',*,*,#8925,.T.);
#8925 = EDGE_CURVE('',#8905,#8905,#8926,.T.);
#8926 = SURFACE_CURVE('',#8927,(#8932,#8938),.PCURVE_S1.);
#8927 = CIRCLE('',#8928,38.862);
#8928 = AXIS2_PLACEMENT_3D('',#8929,#8930,#8931);
#8929 = CARTESIAN_POINT('',(0.,0.,-10.668));
#8930 = DIRECTION('',(0.,0.,1.));
#8931 = DIRECTION('',(1.,0.,0.));
#8932 = PCURVE('',#8604,#8933);
#8933 = DEFINITIONAL_REPRESENTATION('',(#8934),#8937);
#8934 = B_SPLINE_CURVE_WITH_KNOTS('',1,(#8935,#8936),.UNSPECIFIED.,.F.,
  .F.,(2,2),(0.,6.28318530718),.PIECEWISE_BEZIER_KNOTS.);
#8935 = CARTESIAN_POINT('',(0.,0.254));
#8936 = CARTESIAN_POINT('',(6.28318530718,0.254));
#8937 = ( GEOMETRIC_REPRESENTATION_CONTEXT(2) 
PARAMETRIC_REPRESENTATION_CONTEXT() REPRESENTATION_CONTEXT('2D SPACE',''
  ) );
#8938 = PCURVE('',#8939,#8944);
#8939 = PLANE('',#8940);
#8940 = AXIS2_PLACEMENT_3D('',#8941,#8942,#8943);
#8941 = CARTESIAN_POINT('',(0.,0.,-10.668));
#8942 = DIRECTION('',(0.,0.,1.));
#8943 = DIRECTION('',(1.,0.,0.));
#8944 = DEFINITIONAL_REPRESENTATION('',(#8945),#8949);
#8945 = CIRCLE('',#8946,38.862);
#8946 = AXIS2_PLACEMENT_2D('',#8947,#8948);
#8947 = CARTESIAN_POINT('',(0.,0.));
#8948 = DIRECTION('',(1.,0.));
#8949 = ( GEOMETRIC_REPRESENTATION_CONTEXT(2) 
PARAMETRIC_REPRESENTATION_CONTEXT() REPRESENTATION_CONTEXT('2D SPACE',''
  ) );
#8950 = ORIENTED_EDGE('',*,*,#8904,.T.);
#8951 = ORIENTED_EDGE('',*,*,#8520,.T.);
#8952 = ADVANCED_FACE('',(#8953,#8957),#8841,.F.);
#8953 = FACE_BOUND('',#8954,.F.);
#8954 = EDGE_LOOP('',(#8955,#8956));
#8955 = ORIENTED_EDGE('',*,*,#8825,.F.);
#8956 = ORIENTED_EDGE('',*,*,#8877,.T.);
#8957 = FACE_BOUND('',#8958,.F.);
#8958 = EDGE_LOOP('',(#8959));
#8959 = ORIENTED_EDGE('',*,*,#8960,.F.);
#8960 = EDGE_CURVE('',#8961,#8961,#8963,.T.);
#8961 = VERTEX_POINT('',#8962);
#8962 = CARTESIAN_POINT('',(41.91,-1.026498947045E-14,3.3528));
#8963 = SURFACE_CURVE('',#8964,(#8969,#8976),.PCURVE_S1.);
#8964 = CIRCLE('',#8965,41.91);
#8965 = AXIS2_PLACEMENT_3D('',#8966,#8967,#8968);
#8966 = CARTESIAN_POINT('',(0.,0.,3.3528));
#8967 = DIRECTION('',(0.,0.,1.));
#8968 = DIRECTION('',(1.,0.,0.));
#8969 = PCURVE('',#8841,#8970);
#8970 = DEFINITIONAL_REPRESENTATION('',(#8971),#8975);
#8971 = CIRCLE('',#8972,41.91);
#8972 = AXIS2_PLACEMENT_2D('',#8973,#8974);
#8973 = CARTESIAN_POINT('',(0.,0.));
#8974 = DIRECTION('',(1.,0.));
#8975 = ( GEOMETRIC_REPRESENTATION_CONTEXT(2) 
PARAMETRIC_REPRESENTATION_CONTEXT() REPRESENTATION_CONTEXT('2D SPACE',''
  ) );
#8976 = PCURVE('',#8977,#8982);
#8977 = CYLINDRICAL_SURFACE('',#8978,41.91);
#8978 = AXIS2_PLACEMENT_3D('',#8979,#8980,#8981);
#8979 = CARTESIAN_POINT('',(0.,0.,-10.668));
#8980 = DIRECTION('',(0.,0.,1.));
#8981 = DIRECTION('',(1.,0.,0.));
#8982 = DEFINITIONAL_REPRESENTATION('',(#8983),#8986);
#8983 = B_SPLINE_CURVE_WITH_KNOTS('',1,(#8984,#8985),.UNSPECIFIED.,.F.,
  .F.,(2,2),(0.,6.28318530718),.PIECEWISE_BEZIER_KNOTS.);
#8984 = CARTESIAN_POINT('',(0.,14.0208));
#8985 = CARTESIAN_POINT('',(6.28318530718,14.0208));
#8986 = ( GEOMETRIC_REPRESENTATION_CONTEXT(2) 
PARAMETRIC_REPRESENTATION_CONTEXT() REPRESENTATION_CONTEXT('2D SPACE',''
  ) );
#8987 = ADVANCED_FACE('',(#8988,#9227),#8939,.F.);
#8988 = FACE_BOUND('',#8989,.F.);
#8989 = EDGE_LOOP('',(#8990,#9020,#9043,#9071,#9099,#9127,#9150,#9173,
    #9201));
#8990 = ORIENTED_EDGE('',*,*,#8991,.T.);
#8991 = EDGE_CURVE('',#8992,#8994,#8996,.T.);
#8992 = VERTEX_POINT('',#8993);
#8993 = CARTESIAN_POINT('',(-37.45163146489,26.223914669969,-10.668));
#8994 = VERTEX_POINT('',#8995);
#8995 = CARTESIAN_POINT('',(-34.33066217615,24.038588447472,-10.668));
#8996 = SURFACE_CURVE('',#8997,(#9001,#9008),.PCURVE_S1.);
#8997 = LINE('',#8998,#8999);
#8998 = CARTESIAN_POINT('',(-208.0646192494,145.68841483316,-10.668));
#8999 = VECTOR('',#9000,1.);
#9000 = DIRECTION('',(0.819152044289,-0.573576436351,0.));
#9001 = PCURVE('',#8939,#9002);
#9002 = DEFINITIONAL_REPRESENTATION('',(#9003),#9007);
#9003 = LINE('',#9004,#9005);
#9004 = CARTESIAN_POINT('',(-208.0646192494,145.68841483316));
#9005 = VECTOR('',#9006,1.);
#9006 = DIRECTION('',(0.819152044289,-0.573576436351));
#9007 = ( GEOMETRIC_REPRESENTATION_CONTEXT(2) 
PARAMETRIC_REPRESENTATION_CONTEXT() REPRESENTATION_CONTEXT('2D SPACE',''
  ) );
#9008 = PCURVE('',#9009,#9014);
#9009 = PLANE('',#9010);
#9010 = AXIS2_PLACEMENT_3D('',#9011,#9012,#9013);
#9011 = CARTESIAN_POINT('',(-37.45163146489,26.22391466997,-10.668));
#9012 = DIRECTION('',(0.573576436351,0.819152044289,0.));
#9013 = DIRECTION('',(0.819152044289,-0.573576436351,0.));
#9014 = DEFINITIONAL_REPRESENTATION('',(#9015),#9019);
#9015 = LINE('',#9016,#9017);
#9016 = CARTESIAN_POINT('',(-208.28,0.));
#9017 = VECTOR('',#9018,1.);
#9018 = DIRECTION('',(1.,0.));
#9019 = ( GEOMETRIC_REPRESENTATION_CONTEXT(2) 
PARAMETRIC_REPRESENTATION_CONTEXT() REPRESENTATION_CONTEXT('2D SPACE',''
  ) );
#9020 = ORIENTED_EDGE('',*,*,#9021,.T.);
#9021 = EDGE_CURVE('',#8994,#9022,#9024,.T.);
#9022 = VERTEX_POINT('',#9023);
#9023 = CARTESIAN_POINT('',(24.038588447472,-34.33066217615,-10.668));
#9024 = SURFACE_CURVE('',#9025,(#9030,#9037),.PCURVE_S1.);
#9025 = CIRCLE('',#9026,41.91);
#9026 = AXIS2_PLACEMENT_3D('',#9027,#9028,#9029);
#9027 = CARTESIAN_POINT('',(0.,0.,-10.668));
#9028 = DIRECTION('',(0.,0.,1.));
#9029 = DIRECTION('',(1.,0.,0.));
#9030 = PCURVE('',#8939,#9031);
#9031 = DEFINITIONAL_REPRESENTATION('',(#9032),#9036);
#9032 = CIRCLE('',#9033,41.91);
#9033 = AXIS2_PLACEMENT_2D('',#9034,#9035);
#9034 = CARTESIAN_POINT('',(0.,0.));
#9035 = DIRECTION('',(1.,0.));
#9036 = ( GEOMETRIC_REPRESENTATION_CONTEXT(2) 
PARAMETRIC_REPRESENTATION_CONTEXT() REPRESENTATION_CONTEXT('2D SPACE',''
  ) );
#9037 = PCURVE('',#8977,#9038);
#9038 = DEFINITIONAL_REPRESENTATION('',(#9039),#9042);
#9039 = B_SPLINE_CURVE_WITH_KNOTS('',1,(#9040,#9041),.UNSPECIFIED.,.F.,
  .F.,(2,2),(2.530727415392,5.323254218583),.PIECEWISE_BEZIER_KNOTS.);
#9040 = CARTESIAN_POINT('',(2.530727415392,0.));
#9041 = CARTESIAN_POINT('',(5.323254218583,0.));
#9042 = ( GEOMETRIC_REPRESENTATION_CONTEXT(2) 
PARAMETRIC_REPRESENTATION_CONTEXT() REPRESENTATION_CONTEXT('2D SPACE',''
  ) );
#9043 = ORIENTED_EDGE('',*,*,#9044,.T.);
#9044 = EDGE_CURVE('',#9022,#9045,#9047,.T.);
#9045 = VERTEX_POINT('',#9046);
#9046 = CARTESIAN_POINT('',(26.223914669969,-37.45163146489,-10.668));
#9047 = SURFACE_CURVE('',#9048,(#9052,#9059),.PCURVE_S1.);
#9048 = LINE('',#9049,#9050);
#9049 = CARTESIAN_POINT('',(0.,0.,-10.668));
#9050 = VECTOR('',#9051,1.);
#9051 = DIRECTION('',(0.573576436351,-0.819152044289,0.));
#9052 = PCURVE('',#8939,#9053);
#9053 = DEFINITIONAL_REPRESENTATION('',(#9054),#9058);
#9054 = LINE('',#9055,#9056);
#9055 = CARTESIAN_POINT('',(0.,0.));
#9056 = VECTOR('',#9057,1.);
#9057 = DIRECTION('',(0.573576436351,-0.819152044289));
#9058 = ( GEOMETRIC_REPRESENTATION_CONTEXT(2) 
PARAMETRIC_REPRESENTATION_CONTEXT() REPRESENTATION_CONTEXT('2D SPACE',''
  ) );
#9059 = PCURVE('',#9060,#9065);
#9060 = PLANE('',#9061);
#9061 = AXIS2_PLACEMENT_3D('',#9062,#9063,#9064);
#9062 = CARTESIAN_POINT('',(23.601523202973,-33.7064683184,-10.668));
#9063 = DIRECTION('',(0.819152044289,0.573576436351,0.));
#9064 = DIRECTION('',(0.573576436351,-0.819152044289,0.));
#9065 = DEFINITIONAL_REPRESENTATION('',(#9066),#9070);
#9066 = LINE('',#9067,#9068);
#9067 = CARTESIAN_POINT('',(-41.148,0.));
#9068 = VECTOR('',#9069,1.);
#9069 = DIRECTION('',(1.,0.));
#9070 = ( GEOMETRIC_REPRESENTATION_CONTEXT(2) 
PARAMETRIC_REPRESENTATION_CONTEXT() REPRESENTATION_CONTEXT('2D SPACE',''
  ) );
#9071 = ORIENTED_EDGE('',*,*,#9072,.T.);
#9072 = EDGE_CURVE('',#9045,#9073,#9075,.T.);
#9073 = VERTEX_POINT('',#9074);
#9074 = CARTESIAN_POINT('',(37.451631464893,-26.22391466996,-10.668));
#9075 = SURFACE_CURVE('',#9076,(#9081,#9088),.PCURVE_S1.);
#9076 = CIRCLE('',#9077,45.72);
#9077 = AXIS2_PLACEMENT_3D('',#9078,#9079,#9080);
#9078 = CARTESIAN_POINT('',(0.,0.,-10.668));
#9079 = DIRECTION('',(0.,0.,1.));
#9080 = DIRECTION('',(1.,0.,0.));
#9081 = PCURVE('',#8939,#9082);
#9082 = DEFINITIONAL_REPRESENTATION('',(#9083),#9087);
#9083 = CIRCLE('',#9084,45.72);
#9084 = AXIS2_PLACEMENT_2D('',#9085,#9086);
#9085 = CARTESIAN_POINT('',(0.,0.));
#9086 = DIRECTION('',(1.,0.));
#9087 = ( GEOMETRIC_REPRESENTATION_CONTEXT(2) 
PARAMETRIC_REPRESENTATION_CONTEXT() REPRESENTATION_CONTEXT('2D SPACE',''
  ) );
#9088 = PCURVE('',#9089,#9094);
#9089 = CYLINDRICAL_SURFACE('',#9090,45.72);
#9090 = AXIS2_PLACEMENT_3D('',#9091,#9092,#9093);
#9091 = CARTESIAN_POINT('',(0.,0.,-10.668));
#9092 = DIRECTION('',(-0.,-0.,-1.));
#9093 = DIRECTION('',(1.,0.,0.));
#9094 = DEFINITIONAL_REPRESENTATION('',(#9095),#9098);
#9095 = B_SPLINE_CURVE_WITH_KNOTS('',1,(#9096,#9097),.UNSPECIFIED.,.F.,
  .F.,(2,2),(5.323254218583,5.672320068982),.PIECEWISE_BEZIER_KNOTS.);
#9096 = CARTESIAN_POINT('',(-5.323254218583,0.));
#9097 = CARTESIAN_POINT('',(-5.672320068982,0.));
#9098 = ( GEOMETRIC_REPRESENTATION_CONTEXT(2) 
PARAMETRIC_REPRESENTATION_CONTEXT() REPRESENTATION_CONTEXT('2D SPACE',''
  ) );
#9099 = ORIENTED_EDGE('',*,*,#9100,.T.);
#9100 = EDGE_CURVE('',#9073,#9101,#9103,.T.);
#9101 = VERTEX_POINT('',#9102);
#9102 = CARTESIAN_POINT('',(34.330662176152,-24.03858844747,-10.668));
#9103 = SURFACE_CURVE('',#9104,(#9108,#9115),.PCURVE_S1.);
#9104 = LINE('',#9105,#9106);
#9105 = CARTESIAN_POINT('',(208.0646192494,-145.6884148331,-10.668));
#9106 = VECTOR('',#9107,1.);
#9107 = DIRECTION('',(-0.819152044289,0.573576436351,0.));
#9108 = PCURVE('',#8939,#9109);
#9109 = DEFINITIONAL_REPRESENTATION('',(#9110),#9114);
#9110 = LINE('',#9111,#9112);
#9111 = CARTESIAN_POINT('',(208.0646192494,-145.6884148331));
#9112 = VECTOR('',#9113,1.);
#9113 = DIRECTION('',(-0.819152044289,0.573576436351));
#9114 = ( GEOMETRIC_REPRESENTATION_CONTEXT(2) 
PARAMETRIC_REPRESENTATION_CONTEXT() REPRESENTATION_CONTEXT('2D SPACE',''
  ) );
#9115 = PCURVE('',#9116,#9121);
#9116 = PLANE('',#9117);
#9117 = AXIS2_PLACEMENT_3D('',#9118,#9119,#9120);
#9118 = CARTESIAN_POINT('',(37.451631464893,-26.22391466997,-10.668));
#9119 = DIRECTION('',(-0.573576436351,-0.819152044289,0.));
#9120 = DIRECTION('',(-0.819152044289,0.573576436351,0.));
#9121 = DEFINITIONAL_REPRESENTATION('',(#9122),#9126);
#9122 = LINE('',#9123,#9124);
#9123 = CARTESIAN_POINT('',(-208.28,0.));
#9124 = VECTOR('',#9125,1.);
#9125 = DIRECTION('',(1.,0.));
#9126 = ( GEOMETRIC_REPRESENTATION_CONTEXT(2) 
PARAMETRIC_REPRESENTATION_CONTEXT() REPRESENTATION_CONTEXT('2D SPACE',''
  ) );
#9127 = ORIENTED_EDGE('',*,*,#9128,.T.);
#9128 = EDGE_CURVE('',#9101,#9129,#9131,.T.);
#9129 = VERTEX_POINT('',#9130);
#9130 = CARTESIAN_POINT('',(41.91,-1.026498947045E-14,-10.668));
#9131 = SURFACE_CURVE('',#9132,(#9137,#9144),.PCURVE_S1.);
#9132 = CIRCLE('',#9133,41.91);
#9133 = AXIS2_PLACEMENT_3D('',#9134,#9135,#9136);
#9134 = CARTESIAN_POINT('',(0.,0.,-10.668));
#9135 = DIRECTION('',(0.,0.,1.));
#9136 = DIRECTION('',(1.,0.,0.));
#9137 = PCURVE('',#8939,#9138);
#9138 = DEFINITIONAL_REPRESENTATION('',(#9139),#9143);
#9139 = CIRCLE('',#9140,41.91);
#9140 = AXIS2_PLACEMENT_2D('',#9141,#9142);
#9141 = CARTESIAN_POINT('',(0.,0.));
#9142 = DIRECTION('',(1.,0.));
#9143 = ( GEOMETRIC_REPRESENTATION_CONTEXT(2) 
PARAMETRIC_REPRESENTATION_CONTEXT() REPRESENTATION_CONTEXT('2D SPACE',''
  ) );
#9144 = PCURVE('',#8977,#9145);
#9145 = DEFINITIONAL_REPRESENTATION('',(#9146),#9149);
#9146 = B_SPLINE_CURVE_WITH_KNOTS('',1,(#9147,#9148),.UNSPECIFIED.,.F.,
  .F.,(2,2),(5.672320068982,6.28318530718),.PIECEWISE_BEZIER_KNOTS.);
#9147 = CARTESIAN_POINT('',(5.672320068982,0.));
#9148 = CARTESIAN_POINT('',(6.28318530718,0.));
#9149 = ( GEOMETRIC_REPRESENTATION_CONTEXT(2) 
PARAMETRIC_REPRESENTATION_CONTEXT() REPRESENTATION_CONTEXT('2D SPACE',''
  ) );
#9150 = ORIENTED_EDGE('',*,*,#9151,.T.);
#9151 = EDGE_CURVE('',#9129,#9152,#9154,.T.);
#9152 = VERTEX_POINT('',#9153);
#9153 = CARTESIAN_POINT('',(-24.03858844747,34.330662176152,-10.668));
#9154 = SURFACE_CURVE('',#9155,(#9160,#9167),.PCURVE_S1.);
#9155 = CIRCLE('',#9156,41.91);
#9156 = AXIS2_PLACEMENT_3D('',#9157,#9158,#9159);
#9157 = CARTESIAN_POINT('',(0.,0.,-10.668));
#9158 = DIRECTION('',(0.,0.,1.));
#9159 = DIRECTION('',(1.,0.,0.));
#9160 = PCURVE('',#8939,#9161);
#9161 = DEFINITIONAL_REPRESENTATION('',(#9162),#9166);
#9162 = CIRCLE('',#9163,41.91);
#9163 = AXIS2_PLACEMENT_2D('',#9164,#9165);
#9164 = CARTESIAN_POINT('',(0.,0.));
#9165 = DIRECTION('',(1.,0.));
#9166 = ( GEOMETRIC_REPRESENTATION_CONTEXT(2) 
PARAMETRIC_REPRESENTATION_CONTEXT() REPRESENTATION_CONTEXT('2D SPACE',''
  ) );
#9167 = PCURVE('',#8977,#9168);
#9168 = DEFINITIONAL_REPRESENTATION('',(#9169),#9172);
#9169 = B_SPLINE_CURVE_WITH_KNOTS('',1,(#9170,#9171),.UNSPECIFIED.,.F.,
  .F.,(2,2),(0.,2.181661564993),.PIECEWISE_BEZIER_KNOTS.);
#9170 = CARTESIAN_POINT('',(0.,0.));
#9171 = CARTESIAN_POINT('',(2.181661564993,0.));
#9172 = ( GEOMETRIC_REPRESENTATION_CONTEXT(2) 
PARAMETRIC_REPRESENTATION_CONTEXT() REPRESENTATION_CONTEXT('2D SPACE',''
  ) );
#9173 = ORIENTED_EDGE('',*,*,#9174,.T.);
#9174 = EDGE_CURVE('',#9152,#9175,#9177,.T.);
#9175 = VERTEX_POINT('',#9176);
#9176 = CARTESIAN_POINT('',(-26.22391466996,37.451631464893,-10.668));
#9177 = SURFACE_CURVE('',#9178,(#9182,#9189),.PCURVE_S1.);
#9178 = LINE('',#9179,#9180);
#9179 = CARTESIAN_POINT('',(0.,0.,-10.668));
#9180 = VECTOR('',#9181,1.);
#9181 = DIRECTION('',(-0.573576436351,0.819152044289,0.));
#9182 = PCURVE('',#8939,#9183);
#9183 = DEFINITIONAL_REPRESENTATION('',(#9184),#9188);
#9184 = LINE('',#9185,#9186);
#9185 = CARTESIAN_POINT('',(0.,0.));
#9186 = VECTOR('',#9187,1.);
#9187 = DIRECTION('',(-0.573576436351,0.819152044289));
#9188 = ( GEOMETRIC_REPRESENTATION_CONTEXT(2) 
PARAMETRIC_REPRESENTATION_CONTEXT() REPRESENTATION_CONTEXT('2D SPACE',''
  ) );
#9189 = PCURVE('',#9190,#9195);
#9190 = PLANE('',#9191);
#9191 = AXIS2_PLACEMENT_3D('',#9192,#9193,#9194);
#9192 = CARTESIAN_POINT('',(-23.60152320297,33.706468318403,-10.668));
#9193 = DIRECTION('',(-0.819152044289,-0.573576436351,0.));
#9194 = DIRECTION('',(-0.573576436351,0.819152044289,0.));
#9195 = DEFINITIONAL_REPRESENTATION('',(#9196),#9200);
#9196 = LINE('',#9197,#9198);
#9197 = CARTESIAN_POINT('',(-41.148,0.));
#9198 = VECTOR('',#9199,1.);
#9199 = DIRECTION('',(1.,0.));
#9200 = ( GEOMETRIC_REPRESENTATION_CONTEXT(2) 
PARAMETRIC_REPRESENTATION_CONTEXT() REPRESENTATION_CONTEXT('2D SPACE',''
  ) );
#9201 = ORIENTED_EDGE('',*,*,#9202,.T.);
#9202 = EDGE_CURVE('',#9175,#8992,#9203,.T.);
#9203 = SURFACE_CURVE('',#9204,(#9209,#9216),.PCURVE_S1.);
#9204 = CIRCLE('',#9205,45.72);
#9205 = AXIS2_PLACEMENT_3D('',#9206,#9207,#9208);
#9206 = CARTESIAN_POINT('',(0.,0.,-10.668));
#9207 = DIRECTION('',(0.,0.,1.));
#9208 = DIRECTION('',(1.,0.,0.));
#9209 = PCURVE('',#8939,#9210);
#9210 = DEFINITIONAL_REPRESENTATION('',(#9211),#9215);
#9211 = CIRCLE('',#9212,45.72);
#9212 = AXIS2_PLACEMENT_2D('',#9213,#9214);
#9213 = CARTESIAN_POINT('',(0.,0.));
#9214 = DIRECTION('',(1.,0.));
#9215 = ( GEOMETRIC_REPRESENTATION_CONTEXT(2) 
PARAMETRIC_REPRESENTATION_CONTEXT() REPRESENTATION_CONTEXT('2D SPACE',''
  ) );
#9216 = PCURVE('',#9217,#9222);
#9217 = CYLINDRICAL_SURFACE('',#9218,45.72);
#9218 = AXIS2_PLACEMENT_3D('',#9219,#9220,#9221);
#9219 = CARTESIAN_POINT('',(0.,0.,-10.668));
#9220 = DIRECTION('',(-0.,-0.,-1.));
#9221 = DIRECTION('',(1.,0.,0.));
#9222 = DEFINITIONAL_REPRESENTATION('',(#9223),#9226);
#9223 = B_SPLINE_CURVE_WITH_KNOTS('',1,(#9224,#9225),.UNSPECIFIED.,.F.,
  .F.,(2,2),(2.181661564993,2.530727415392),.PIECEWISE_BEZIER_KNOTS.);
#9224 = CARTESIAN_POINT('',(-2.181661564993,0.));
#9225 = CARTESIAN_POINT('',(-2.530727415392,0.));
#9226 = ( GEOMETRIC_REPRESENTATION_CONTEXT(2) 
PARAMETRIC_REPRESENTATION_CONTEXT() REPRESENTATION_CONTEXT('2D SPACE',''
  ) );
#9227 = FACE_BOUND('',#9228,.F.);
#9228 = EDGE_LOOP('',(#9229));
#9229 = ORIENTED_EDGE('',*,*,#8925,.F.);
#9230 = ADVANCED_FACE('',(#9231),#8977,.T.);
#9231 = FACE_BOUND('',#9232,.T.);
#9232 = EDGE_LOOP('',(#9233,#9234,#9253,#9254,#9276,#9304,#9324,#9325,
    #9347,#9375,#9395,#9396));
#9233 = ORIENTED_EDGE('',*,*,#8960,.F.);
#9234 = ORIENTED_EDGE('',*,*,#9235,.F.);
#9235 = EDGE_CURVE('',#9129,#8961,#9236,.T.);
#9236 = SEAM_CURVE('',#9237,(#9241,#9247),.PCURVE_S1.);
#9237 = LINE('',#9238,#9239);
#9238 = CARTESIAN_POINT('',(41.91,-1.026498947045E-14,-10.668));
#9239 = VECTOR('',#9240,1.);
#9240 = DIRECTION('',(0.,0.,1.));
#9241 = PCURVE('',#8977,#9242);
#9242 = DEFINITIONAL_REPRESENTATION('',(#9243),#9246);
#9243 = B_SPLINE_CURVE_WITH_KNOTS('',1,(#9244,#9245),.UNSPECIFIED.,.F.,
  .F.,(2,2),(0.,14.0208),.PIECEWISE_BEZIER_KNOTS.);
#9244 = CARTESIAN_POINT('',(6.28318530718,0.));
#9245 = CARTESIAN_POINT('',(6.28318530718,14.0208));
#9246 = ( GEOMETRIC_REPRESENTATION_CONTEXT(2) 
PARAMETRIC_REPRESENTATION_CONTEXT() REPRESENTATION_CONTEXT('2D SPACE',''
  ) );
#9247 = PCURVE('',#8977,#9248);
#9248 = DEFINITIONAL_REPRESENTATION('',(#9249),#9252);
#9249 = B_SPLINE_CURVE_WITH_KNOTS('',1,(#9250,#9251),.UNSPECIFIED.,.F.,
  .F.,(2,2),(0.,14.0208),.PIECEWISE_BEZIER_KNOTS.);
#9250 = CARTESIAN_POINT('',(0.,0.));
#9251 = CARTESIAN_POINT('',(0.,14.0208));
#9252 = ( GEOMETRIC_REPRESENTATION_CONTEXT(2) 
PARAMETRIC_REPRESENTATION_CONTEXT() REPRESENTATION_CONTEXT('2D SPACE',''
  ) );
#9253 = ORIENTED_EDGE('',*,*,#9151,.T.);
#9254 = ORIENTED_EDGE('',*,*,#9255,.T.);
#9255 = EDGE_CURVE('',#9152,#9256,#9258,.T.);
#9256 = VERTEX_POINT('',#9257);
#9257 = CARTESIAN_POINT('',(-24.03858844747,34.330662176152,-6.858));
#9258 = SURFACE_CURVE('',#9259,(#9263,#9269),.PCURVE_S1.);
#9259 = LINE('',#9260,#9261);
#9260 = CARTESIAN_POINT('',(-24.03858844747,34.330662176152,-10.668));
#9261 = VECTOR('',#9262,1.);
#9262 = DIRECTION('',(0.,0.,1.));
#9263 = PCURVE('',#8977,#9264);
#9264 = DEFINITIONAL_REPRESENTATION('',(#9265),#9268);
#9265 = B_SPLINE_CURVE_WITH_KNOTS('',1,(#9266,#9267),.UNSPECIFIED.,.F.,
  .F.,(2,2),(0.,3.81),.PIECEWISE_BEZIER_KNOTS.);
#9266 = CARTESIAN_POINT('',(2.181661564993,0.));
#9267 = CARTESIAN_POINT('',(2.181661564993,3.81));
#9268 = ( GEOMETRIC_REPRESENTATION_CONTEXT(2) 
PARAMETRIC_REPRESENTATION_CONTEXT() REPRESENTATION_CONTEXT('2D SPACE',''
  ) );
#9269 = PCURVE('',#9190,#9270);
#9270 = DEFINITIONAL_REPRESENTATION('',(#9271),#9275);
#9271 = LINE('',#9272,#9273);
#9272 = CARTESIAN_POINT('',(0.762,0.));
#9273 = VECTOR('',#9274,1.);
#9274 = DIRECTION('',(0.,-1.));
#9275 = ( GEOMETRIC_REPRESENTATION_CONTEXT(2) 
PARAMETRIC_REPRESENTATION_CONTEXT() REPRESENTATION_CONTEXT('2D SPACE',''
  ) );
#9276 = ORIENTED_EDGE('',*,*,#9277,.T.);
#9277 = EDGE_CURVE('',#9256,#9278,#9280,.T.);
#9278 = VERTEX_POINT('',#9279);
#9279 = CARTESIAN_POINT('',(-34.33066217615,24.038588447472,-6.858));
#9280 = SURFACE_CURVE('',#9281,(#9286,#9292),.PCURVE_S1.);
#9281 = CIRCLE('',#9282,41.91);
#9282 = AXIS2_PLACEMENT_3D('',#9283,#9284,#9285);
#9283 = CARTESIAN_POINT('',(0.,0.,-6.858));
#9284 = DIRECTION('',(0.,0.,1.));
#9285 = DIRECTION('',(1.,0.,0.));
#9286 = PCURVE('',#8977,#9287);
#9287 = DEFINITIONAL_REPRESENTATION('',(#9288),#9291);
#9288 = B_SPLINE_CURVE_WITH_KNOTS('',1,(#9289,#9290),.UNSPECIFIED.,.F.,
  .F.,(2,2),(2.181661564993,2.530727415392),.PIECEWISE_BEZIER_KNOTS.);
#9289 = CARTESIAN_POINT('',(2.181661564993,3.81));
#9290 = CARTESIAN_POINT('',(2.530727415392,3.81));
#9291 = ( GEOMETRIC_REPRESENTATION_CONTEXT(2) 
PARAMETRIC_REPRESENTATION_CONTEXT() REPRESENTATION_CONTEXT('2D SPACE',''
  ) );
#9292 = PCURVE('',#9293,#9298);
#9293 = PLANE('',#9294);
#9294 = AXIS2_PLACEMENT_3D('',#9295,#9296,#9297);
#9295 = CARTESIAN_POINT('',(-1.206006228004E-15,5.369675646121E-15,
    -6.858));
#9296 = DIRECTION('',(0.,0.,1.));
#9297 = DIRECTION('',(1.,0.,0.));
#9298 = DEFINITIONAL_REPRESENTATION('',(#9299),#9303);
#9299 = CIRCLE('',#9300,41.91);
#9300 = AXIS2_PLACEMENT_2D('',#9301,#9302);
#9301 = CARTESIAN_POINT('',(1.206006228004E-15,-5.369675646121E-15));
#9302 = DIRECTION('',(1.,0.));
#9303 = ( GEOMETRIC_REPRESENTATION_CONTEXT(2) 
PARAMETRIC_REPRESENTATION_CONTEXT() REPRESENTATION_CONTEXT('2D SPACE',''
  ) );
#9304 = ORIENTED_EDGE('',*,*,#9305,.F.);
#9305 = EDGE_CURVE('',#8994,#9278,#9306,.T.);
#9306 = SURFACE_CURVE('',#9307,(#9311,#9317),.PCURVE_S1.);
#9307 = LINE('',#9308,#9309);
#9308 = CARTESIAN_POINT('',(-34.33066217615,24.038588447472,-10.668));
#9309 = VECTOR('',#9310,1.);
#9310 = DIRECTION('',(0.,0.,1.));
#9311 = PCURVE('',#8977,#9312);
#9312 = DEFINITIONAL_REPRESENTATION('',(#9313),#9316);
#9313 = B_SPLINE_CURVE_WITH_KNOTS('',1,(#9314,#9315),.UNSPECIFIED.,.F.,
  .F.,(2,2),(0.,3.81),.PIECEWISE_BEZIER_KNOTS.);
#9314 = CARTESIAN_POINT('',(2.530727415392,0.));
#9315 = CARTESIAN_POINT('',(2.530727415392,3.81));
#9316 = ( GEOMETRIC_REPRESENTATION_CONTEXT(2) 
PARAMETRIC_REPRESENTATION_CONTEXT() REPRESENTATION_CONTEXT('2D SPACE',''
  ) );
#9317 = PCURVE('',#9009,#9318);
#9318 = DEFINITIONAL_REPRESENTATION('',(#9319),#9323);
#9319 = LINE('',#9320,#9321);
#9320 = CARTESIAN_POINT('',(3.81,0.));
#9321 = VECTOR('',#9322,1.);
#9322 = DIRECTION('',(0.,-1.));
#9323 = ( GEOMETRIC_REPRESENTATION_CONTEXT(2) 
PARAMETRIC_REPRESENTATION_CONTEXT() REPRESENTATION_CONTEXT('2D SPACE',''
  ) );
#9324 = ORIENTED_EDGE('',*,*,#9021,.T.);
#9325 = ORIENTED_EDGE('',*,*,#9326,.T.);
#9326 = EDGE_CURVE('',#9022,#9327,#9329,.T.);
#9327 = VERTEX_POINT('',#9328);
#9328 = CARTESIAN_POINT('',(24.038588447472,-34.33066217615,-6.858));
#9329 = SURFACE_CURVE('',#9330,(#9334,#9340),.PCURVE_S1.);
#9330 = LINE('',#9331,#9332);
#9331 = CARTESIAN_POINT('',(24.038588447472,-34.33066217615,-10.668));
#9332 = VECTOR('',#9333,1.);
#9333 = DIRECTION('',(0.,0.,1.));
#9334 = PCURVE('',#8977,#9335);
#9335 = DEFINITIONAL_REPRESENTATION('',(#9336),#9339);
#9336 = B_SPLINE_CURVE_WITH_KNOTS('',1,(#9337,#9338),.UNSPECIFIED.,.F.,
  .F.,(2,2),(0.,3.81),.PIECEWISE_BEZIER_KNOTS.);
#9337 = CARTESIAN_POINT('',(5.323254218583,0.));
#9338 = CARTESIAN_POINT('',(5.323254218583,3.81));
#9339 = ( GEOMETRIC_REPRESENTATION_CONTEXT(2) 
PARAMETRIC_REPRESENTATION_CONTEXT() REPRESENTATION_CONTEXT('2D SPACE',''
  ) );
#9340 = PCURVE('',#9060,#9341);
#9341 = DEFINITIONAL_REPRESENTATION('',(#9342),#9346);
#9342 = LINE('',#9343,#9344);
#9343 = CARTESIAN_POINT('',(0.762,0.));
#9344 = VECTOR('',#9345,1.);
#9345 = DIRECTION('',(0.,-1.));
#9346 = ( GEOMETRIC_REPRESENTATION_CONTEXT(2) 
PARAMETRIC_REPRESENTATION_CONTEXT() REPRESENTATION_CONTEXT('2D SPACE',''
  ) );
#9347 = ORIENTED_EDGE('',*,*,#9348,.T.);
#9348 = EDGE_CURVE('',#9327,#9349,#9351,.T.);
#9349 = VERTEX_POINT('',#9350);
#9350 = CARTESIAN_POINT('',(34.330662176152,-24.03858844747,-6.858));
#9351 = SURFACE_CURVE('',#9352,(#9357,#9363),.PCURVE_S1.);
#9352 = CIRCLE('',#9353,41.91);
#9353 = AXIS2_PLACEMENT_3D('',#9354,#9355,#9356);
#9354 = CARTESIAN_POINT('',(0.,0.,-6.858));
#9355 = DIRECTION('',(0.,0.,1.));
#9356 = DIRECTION('',(1.,0.,0.));
#9357 = PCURVE('',#8977,#9358);
#9358 = DEFINITIONAL_REPRESENTATION('',(#9359),#9362);
#9359 = B_SPLINE_CURVE_WITH_KNOTS('',1,(#9360,#9361),.UNSPECIFIED.,.F.,
  .F.,(2,2),(5.323254218583,5.672320068982),.PIECEWISE_BEZIER_KNOTS.);
#9360 = CARTESIAN_POINT('',(5.323254218583,3.81));
#9361 = CARTESIAN_POINT('',(5.672320068982,3.81));
#9362 = ( GEOMETRIC_REPRESENTATION_CONTEXT(2) 
PARAMETRIC_REPRESENTATION_CONTEXT() REPRESENTATION_CONTEXT('2D SPACE',''
  ) );
#9363 = PCURVE('',#9364,#9369);
#9364 = PLANE('',#9365);
#9365 = AXIS2_PLACEMENT_3D('',#9366,#9367,#9368);
#9366 = CARTESIAN_POINT('',(-1.206006228004E-15,5.369675646121E-15,
    -6.858));
#9367 = DIRECTION('',(0.,0.,1.));
#9368 = DIRECTION('',(1.,0.,0.));
#9369 = DEFINITIONAL_REPRESENTATION('',(#9370),#9374);
#9370 = CIRCLE('',#9371,41.91);
#9371 = AXIS2_PLACEMENT_2D('',#9372,#9373);
#9372 = CARTESIAN_POINT('',(1.206006228004E-15,-5.369675646121E-15));
#9373 = DIRECTION('',(1.,0.));
#9374 = ( GEOMETRIC_REPRESENTATION_CONTEXT(2) 
PARAMETRIC_REPRESENTATION_CONTEXT() REPRESENTATION_CONTEXT('2D SPACE',''
  ) );
#9375 = ORIENTED_EDGE('',*,*,#9376,.F.);
#9376 = EDGE_CURVE('',#9101,#9349,#9377,.T.);
#9377 = SURFACE_CURVE('',#9378,(#9382,#9388),.PCURVE_S1.);
#9378 = LINE('',#9379,#9380);
#9379 = CARTESIAN_POINT('',(34.330662176152,-24.03858844747,-10.668));
#9380 = VECTOR('',#9381,1.);
#9381 = DIRECTION('',(0.,0.,1.));
#9382 = PCURVE('',#8977,#9383);
#9383 = DEFINITIONAL_REPRESENTATION('',(#9384),#9387);
#9384 = B_SPLINE_CURVE_WITH_KNOTS('',1,(#9385,#9386),.UNSPECIFIED.,.F.,
  .F.,(2,2),(0.,3.81),.PIECEWISE_BEZIER_KNOTS.);
#9385 = CARTESIAN_POINT('',(5.672320068982,0.));
#9386 = CARTESIAN_POINT('',(5.672320068982,3.81));
#9387 = ( GEOMETRIC_REPRESENTATION_CONTEXT(2) 
PARAMETRIC_REPRESENTATION_CONTEXT() REPRESENTATION_CONTEXT('2D SPACE',''
  ) );
#9388 = PCURVE('',#9116,#9389);
#9389 = DEFINITIONAL_REPRESENTATION('',(#9390),#9394);
#9390 = LINE('',#9391,#9392);
#9391 = CARTESIAN_POINT('',(3.81,0.));
#9392 = VECTOR('',#9393,1.);
#9393 = DIRECTION('',(0.,-1.));
#9394 = ( GEOMETRIC_REPRESENTATION_CONTEXT(2) 
PARAMETRIC_REPRESENTATION_CONTEXT() REPRESENTATION_CONTEXT('2D SPACE',''
  ) );
#9395 = ORIENTED_EDGE('',*,*,#9128,.T.);
#9396 = ORIENTED_EDGE('',*,*,#9235,.T.);
#9397 = ADVANCED_FACE('',(#9398),#9009,.F.);
#9398 = FACE_BOUND('',#9399,.F.);
#9399 = EDGE_LOOP('',(#9400,#9401,#9423,#9444));
#9400 = ORIENTED_EDGE('',*,*,#8991,.F.);
#9401 = ORIENTED_EDGE('',*,*,#9402,.T.);
#9402 = EDGE_CURVE('',#8992,#9403,#9405,.T.);
#9403 = VERTEX_POINT('',#9404);
#9404 = CARTESIAN_POINT('',(-37.45163146489,26.223914669969,-6.858));
#9405 = SURFACE_CURVE('',#9406,(#9410,#9417),.PCURVE_S1.);
#9406 = LINE('',#9407,#9408);
#9407 = CARTESIAN_POINT('',(-37.45163146489,26.223914669969,-10.668));
#9408 = VECTOR('',#9409,1.);
#9409 = DIRECTION('',(0.,0.,1.));
#9410 = PCURVE('',#9009,#9411);
#9411 = DEFINITIONAL_REPRESENTATION('',(#9412),#9416);
#9412 = LINE('',#9413,#9414);
#9413 = CARTESIAN_POINT('',(7.858178196788E-15,0.));
#9414 = VECTOR('',#9415,1.);
#9415 = DIRECTION('',(0.,-1.));
#9416 = ( GEOMETRIC_REPRESENTATION_CONTEXT(2) 
PARAMETRIC_REPRESENTATION_CONTEXT() REPRESENTATION_CONTEXT('2D SPACE',''
  ) );
#9417 = PCURVE('',#9217,#9418);
#9418 = DEFINITIONAL_REPRESENTATION('',(#9419),#9422);
#9419 = B_SPLINE_CURVE_WITH_KNOTS('',1,(#9420,#9421),.UNSPECIFIED.,.F.,
  .F.,(2,2),(0.,3.81),.PIECEWISE_BEZIER_KNOTS.);
#9420 = CARTESIAN_POINT('',(-2.530727415392,0.));
#9421 = CARTESIAN_POINT('',(-2.530727415392,-3.81));
#9422 = ( GEOMETRIC_REPRESENTATION_CONTEXT(2) 
PARAMETRIC_REPRESENTATION_CONTEXT() REPRESENTATION_CONTEXT('2D SPACE',''
  ) );
#9423 = ORIENTED_EDGE('',*,*,#9424,.T.);
#9424 = EDGE_CURVE('',#9403,#9278,#9425,.T.);
#9425 = SURFACE_CURVE('',#9426,(#9430,#9437),.PCURVE_S1.);
#9426 = LINE('',#9427,#9428);
#9427 = CARTESIAN_POINT('',(-208.0646192494,145.68841483316,-6.858));
#9428 = VECTOR('',#9429,1.);
#9429 = DIRECTION('',(0.819152044289,-0.573576436351,0.));
#9430 = PCURVE('',#9009,#9431);
#9431 = DEFINITIONAL_REPRESENTATION('',(#9432),#9436);
#9432 = LINE('',#9433,#9434);
#9433 = CARTESIAN_POINT('',(-208.28,-3.81));
#9434 = VECTOR('',#9435,1.);
#9435 = DIRECTION('',(1.,0.));
#9436 = ( GEOMETRIC_REPRESENTATION_CONTEXT(2) 
PARAMETRIC_REPRESENTATION_CONTEXT() REPRESENTATION_CONTEXT('2D SPACE',''
  ) );
#9437 = PCURVE('',#9293,#9438);
#9438 = DEFINITIONAL_REPRESENTATION('',(#9439),#9443);
#9439 = LINE('',#9440,#9441);
#9440 = CARTESIAN_POINT('',(-208.0646192494,145.68841483316));
#9441 = VECTOR('',#9442,1.);
#9442 = DIRECTION('',(0.819152044289,-0.573576436351));
#9443 = ( GEOMETRIC_REPRESENTATION_CONTEXT(2) 
PARAMETRIC_REPRESENTATION_CONTEXT() REPRESENTATION_CONTEXT('2D SPACE',''
  ) );
#9444 = ORIENTED_EDGE('',*,*,#9305,.F.);
#9445 = ADVANCED_FACE('',(#9446),#9217,.T.);
#9446 = FACE_BOUND('',#9447,.F.);
#9447 = EDGE_LOOP('',(#9448,#9470,#9491,#9492));
#9448 = ORIENTED_EDGE('',*,*,#9449,.T.);
#9449 = EDGE_CURVE('',#9175,#9450,#9452,.T.);
#9450 = VERTEX_POINT('',#9451);
#9451 = CARTESIAN_POINT('',(-26.22391466996,37.451631464893,-6.858));
#9452 = SURFACE_CURVE('',#9453,(#9457,#9463),.PCURVE_S1.);
#9453 = LINE('',#9454,#9455);
#9454 = CARTESIAN_POINT('',(-26.22391466996,37.451631464893,-10.668));
#9455 = VECTOR('',#9456,1.);
#9456 = DIRECTION('',(0.,0.,1.));
#9457 = PCURVE('',#9217,#9458);
#9458 = DEFINITIONAL_REPRESENTATION('',(#9459),#9462);
#9459 = B_SPLINE_CURVE_WITH_KNOTS('',1,(#9460,#9461),.UNSPECIFIED.,.F.,
  .F.,(2,2),(0.,3.81),.PIECEWISE_BEZIER_KNOTS.);
#9460 = CARTESIAN_POINT('',(-2.181661564993,0.));
#9461 = CARTESIAN_POINT('',(-2.181661564993,-3.81));
#9462 = ( GEOMETRIC_REPRESENTATION_CONTEXT(2) 
PARAMETRIC_REPRESENTATION_CONTEXT() REPRESENTATION_CONTEXT('2D SPACE',''
  ) );
#9463 = PCURVE('',#9190,#9464);
#9464 = DEFINITIONAL_REPRESENTATION('',(#9465),#9469);
#9465 = LINE('',#9466,#9467);
#9466 = CARTESIAN_POINT('',(4.572,0.));
#9467 = VECTOR('',#9468,1.);
#9468 = DIRECTION('',(0.,-1.));
#9469 = ( GEOMETRIC_REPRESENTATION_CONTEXT(2) 
PARAMETRIC_REPRESENTATION_CONTEXT() REPRESENTATION_CONTEXT('2D SPACE',''
  ) );
#9470 = ORIENTED_EDGE('',*,*,#9471,.T.);
#9471 = EDGE_CURVE('',#9450,#9403,#9472,.T.);
#9472 = SURFACE_CURVE('',#9473,(#9478,#9484),.PCURVE_S1.);
#9473 = CIRCLE('',#9474,45.72);
#9474 = AXIS2_PLACEMENT_3D('',#9475,#9476,#9477);
#9475 = CARTESIAN_POINT('',(0.,0.,-6.858));
#9476 = DIRECTION('',(0.,0.,1.));
#9477 = DIRECTION('',(1.,0.,0.));
#9478 = PCURVE('',#9217,#9479);
#9479 = DEFINITIONAL_REPRESENTATION('',(#9480),#9483);
#9480 = B_SPLINE_CURVE_WITH_KNOTS('',1,(#9481,#9482),.UNSPECIFIED.,.F.,
  .F.,(2,2),(2.181661564993,2.530727415392),.PIECEWISE_BEZIER_KNOTS.);
#9481 = CARTESIAN_POINT('',(-2.181661564993,-3.81));
#9482 = CARTESIAN_POINT('',(-2.530727415392,-3.81));
#9483 = ( GEOMETRIC_REPRESENTATION_CONTEXT(2) 
PARAMETRIC_REPRESENTATION_CONTEXT() REPRESENTATION_CONTEXT('2D SPACE',''
  ) );
#9484 = PCURVE('',#9293,#9485);
#9485 = DEFINITIONAL_REPRESENTATION('',(#9486),#9490);
#9486 = CIRCLE('',#9487,45.72);
#9487 = AXIS2_PLACEMENT_2D('',#9488,#9489);
#9488 = CARTESIAN_POINT('',(1.206006228004E-15,-5.369675646121E-15));
#9489 = DIRECTION('',(1.,0.));
#9490 = ( GEOMETRIC_REPRESENTATION_CONTEXT(2) 
PARAMETRIC_REPRESENTATION_CONTEXT() REPRESENTATION_CONTEXT('2D SPACE',''
  ) );
#9491 = ORIENTED_EDGE('',*,*,#9402,.F.);
#9492 = ORIENTED_EDGE('',*,*,#9202,.F.);
#9493 = ADVANCED_FACE('',(#9494),#9190,.F.);
#9494 = FACE_BOUND('',#9495,.F.);
#9495 = EDGE_LOOP('',(#9496,#9497,#9498,#9519));
#9496 = ORIENTED_EDGE('',*,*,#9174,.F.);
#9497 = ORIENTED_EDGE('',*,*,#9255,.T.);
#9498 = ORIENTED_EDGE('',*,*,#9499,.T.);
#9499 = EDGE_CURVE('',#9256,#9450,#9500,.T.);
#9500 = SURFACE_CURVE('',#9501,(#9505,#9512),.PCURVE_S1.);
#9501 = LINE('',#9502,#9503);
#9502 = CARTESIAN_POINT('',(0.,0.,-6.858));
#9503 = VECTOR('',#9504,1.);
#9504 = DIRECTION('',(-0.573576436351,0.819152044289,0.));
#9505 = PCURVE('',#9190,#9506);
#9506 = DEFINITIONAL_REPRESENTATION('',(#9507),#9511);
#9507 = LINE('',#9508,#9509);
#9508 = CARTESIAN_POINT('',(-41.148,-3.81));
#9509 = VECTOR('',#9510,1.);
#9510 = DIRECTION('',(1.,0.));
#9511 = ( GEOMETRIC_REPRESENTATION_CONTEXT(2) 
PARAMETRIC_REPRESENTATION_CONTEXT() REPRESENTATION_CONTEXT('2D SPACE',''
  ) );
#9512 = PCURVE('',#9293,#9513);
#9513 = DEFINITIONAL_REPRESENTATION('',(#9514),#9518);
#9514 = LINE('',#9515,#9516);
#9515 = CARTESIAN_POINT('',(1.206006228004E-15,-5.369675646121E-15));
#9516 = VECTOR('',#9517,1.);
#9517 = DIRECTION('',(-0.573576436351,0.819152044289));
#9518 = ( GEOMETRIC_REPRESENTATION_CONTEXT(2) 
PARAMETRIC_REPRESENTATION_CONTEXT() REPRESENTATION_CONTEXT('2D SPACE',''
  ) );
#9519 = ORIENTED_EDGE('',*,*,#9449,.F.);
#9520 = ADVANCED_FACE('',(#9521),#9060,.F.);
#9521 = FACE_BOUND('',#9522,.F.);
#9522 = EDGE_LOOP('',(#9523,#9524,#9525,#9548));
#9523 = ORIENTED_EDGE('',*,*,#9044,.F.);
#9524 = ORIENTED_EDGE('',*,*,#9326,.T.);
#9525 = ORIENTED_EDGE('',*,*,#9526,.T.);
#9526 = EDGE_CURVE('',#9327,#9527,#9529,.T.);
#9527 = VERTEX_POINT('',#9528);
#9528 = CARTESIAN_POINT('',(26.223914669969,-37.45163146489,-6.858));
#9529 = SURFACE_CURVE('',#9530,(#9534,#9541),.PCURVE_S1.);
#9530 = LINE('',#9531,#9532);
#9531 = CARTESIAN_POINT('',(0.,0.,-6.858));
#9532 = VECTOR('',#9533,1.);
#9533 = DIRECTION('',(0.573576436351,-0.819152044289,0.));
#9534 = PCURVE('',#9060,#9535);
#9535 = DEFINITIONAL_REPRESENTATION('',(#9536),#9540);
#9536 = LINE('',#9537,#9538);
#9537 = CARTESIAN_POINT('',(-41.148,-3.81));
#9538 = VECTOR('',#9539,1.);
#9539 = DIRECTION('',(1.,0.));
#9540 = ( GEOMETRIC_REPRESENTATION_CONTEXT(2) 
PARAMETRIC_REPRESENTATION_CONTEXT() REPRESENTATION_CONTEXT('2D SPACE',''
  ) );
#9541 = PCURVE('',#9364,#9542);
#9542 = DEFINITIONAL_REPRESENTATION('',(#9543),#9547);
#9543 = LINE('',#9544,#9545);
#9544 = CARTESIAN_POINT('',(1.206006228004E-15,-5.369675646121E-15));
#9545 = VECTOR('',#9546,1.);
#9546 = DIRECTION('',(0.573576436351,-0.819152044289));
#9547 = ( GEOMETRIC_REPRESENTATION_CONTEXT(2) 
PARAMETRIC_REPRESENTATION_CONTEXT() REPRESENTATION_CONTEXT('2D SPACE',''
  ) );
#9548 = ORIENTED_EDGE('',*,*,#9549,.F.);
#9549 = EDGE_CURVE('',#9045,#9527,#9550,.T.);
#9550 = SURFACE_CURVE('',#9551,(#9555,#9562),.PCURVE_S1.);
#9551 = LINE('',#9552,#9553);
#9552 = CARTESIAN_POINT('',(26.223914669969,-37.45163146489,-10.668));
#9553 = VECTOR('',#9554,1.);
#9554 = DIRECTION('',(0.,0.,1.));
#9555 = PCURVE('',#9060,#9556);
#9556 = DEFINITIONAL_REPRESENTATION('',(#9557),#9561);
#9557 = LINE('',#9558,#9559);
#9558 = CARTESIAN_POINT('',(4.572,0.));
#9559 = VECTOR('',#9560,1.);
#9560 = DIRECTION('',(0.,-1.));
#9561 = ( GEOMETRIC_REPRESENTATION_CONTEXT(2) 
PARAMETRIC_REPRESENTATION_CONTEXT() REPRESENTATION_CONTEXT('2D SPACE',''
  ) );
#9562 = PCURVE('',#9089,#9563);
#9563 = DEFINITIONAL_REPRESENTATION('',(#9564),#9567);
#9564 = B_SPLINE_CURVE_WITH_KNOTS('',1,(#9565,#9566),.UNSPECIFIED.,.F.,
  .F.,(2,2),(0.,3.81),.PIECEWISE_BEZIER_KNOTS.);
#9565 = CARTESIAN_POINT('',(-5.323254218583,0.));
#9566 = CARTESIAN_POINT('',(-5.323254218583,-3.81));
#9567 = ( GEOMETRIC_REPRESENTATION_CONTEXT(2) 
PARAMETRIC_REPRESENTATION_CONTEXT() REPRESENTATION_CONTEXT('2D SPACE',''
  ) );
#9568 = ADVANCED_FACE('',(#9569),#9089,.T.);
#9569 = FACE_BOUND('',#9570,.F.);
#9570 = EDGE_LOOP('',(#9571,#9572,#9595,#9615));
#9571 = ORIENTED_EDGE('',*,*,#9549,.T.);
#9572 = ORIENTED_EDGE('',*,*,#9573,.T.);
#9573 = EDGE_CURVE('',#9527,#9574,#9576,.T.);
#9574 = VERTEX_POINT('',#9575);
#9575 = CARTESIAN_POINT('',(37.451631464893,-26.22391466996,-6.858));
#9576 = SURFACE_CURVE('',#9577,(#9582,#9588),.PCURVE_S1.);
#9577 = CIRCLE('',#9578,45.72);
#9578 = AXIS2_PLACEMENT_3D('',#9579,#9580,#9581);
#9579 = CARTESIAN_POINT('',(0.,0.,-6.858));
#9580 = DIRECTION('',(0.,0.,1.));
#9581 = DIRECTION('',(1.,0.,0.));
#9582 = PCURVE('',#9089,#9583);
#9583 = DEFINITIONAL_REPRESENTATION('',(#9584),#9587);
#9584 = B_SPLINE_CURVE_WITH_KNOTS('',1,(#9585,#9586),.UNSPECIFIED.,.F.,
  .F.,(2,2),(5.323254218583,5.672320068982),.PIECEWISE_BEZIER_KNOTS.);
#9585 = CARTESIAN_POINT('',(-5.323254218583,-3.81));
#9586 = CARTESIAN_POINT('',(-5.672320068982,-3.81));
#9587 = ( GEOMETRIC_REPRESENTATION_CONTEXT(2) 
PARAMETRIC_REPRESENTATION_CONTEXT() REPRESENTATION_CONTEXT('2D SPACE',''
  ) );
#9588 = PCURVE('',#9364,#9589);
#9589 = DEFINITIONAL_REPRESENTATION('',(#9590),#9594);
#9590 = CIRCLE('',#9591,45.72);
#9591 = AXIS2_PLACEMENT_2D('',#9592,#9593);
#9592 = CARTESIAN_POINT('',(1.206006228004E-15,-5.369675646121E-15));
#9593 = DIRECTION('',(1.,0.));
#9594 = ( GEOMETRIC_REPRESENTATION_CONTEXT(2) 
PARAMETRIC_REPRESENTATION_CONTEXT() REPRESENTATION_CONTEXT('2D SPACE',''
  ) );
#9595 = ORIENTED_EDGE('',*,*,#9596,.F.);
#9596 = EDGE_CURVE('',#9073,#9574,#9597,.T.);
#9597 = SURFACE_CURVE('',#9598,(#9602,#9608),.PCURVE_S1.);
#9598 = LINE('',#9599,#9600);
#9599 = CARTESIAN_POINT('',(37.451631464893,-26.22391466996,-10.668));
#9600 = VECTOR('',#9601,1.);
#9601 = DIRECTION('',(0.,0.,1.));
#9602 = PCURVE('',#9089,#9603);
#9603 = DEFINITIONAL_REPRESENTATION('',(#9604),#9607);
#9604 = B_SPLINE_CURVE_WITH_KNOTS('',1,(#9605,#9606),.UNSPECIFIED.,.F.,
  .F.,(2,2),(0.,3.81),.PIECEWISE_BEZIER_KNOTS.);
#9605 = CARTESIAN_POINT('',(-5.672320068982,0.));
#9606 = CARTESIAN_POINT('',(-5.672320068982,-3.81));
#9607 = ( GEOMETRIC_REPRESENTATION_CONTEXT(2) 
PARAMETRIC_REPRESENTATION_CONTEXT() REPRESENTATION_CONTEXT('2D SPACE',''
  ) );
#9608 = PCURVE('',#9116,#9609);
#9609 = DEFINITIONAL_REPRESENTATION('',(#9610),#9614);
#9610 = LINE('',#9611,#9612);
#9611 = CARTESIAN_POINT('',(7.858178196788E-15,0.));
#9612 = VECTOR('',#9613,1.);
#9613 = DIRECTION('',(0.,-1.));
#9614 = ( GEOMETRIC_REPRESENTATION_CONTEXT(2) 
PARAMETRIC_REPRESENTATION_CONTEXT() REPRESENTATION_CONTEXT('2D SPACE',''
  ) );
#9615 = ORIENTED_EDGE('',*,*,#9072,.F.);
#9616 = ADVANCED_FACE('',(#9617),#9116,.F.);
#9617 = FACE_BOUND('',#9618,.F.);
#9618 = EDGE_LOOP('',(#9619,#9620,#9621,#9642));
#9619 = ORIENTED_EDGE('',*,*,#9100,.F.);
#9620 = ORIENTED_EDGE('',*,*,#9596,.T.);
#9621 = ORIENTED_EDGE('',*,*,#9622,.T.);
#9622 = EDGE_CURVE('',#9574,#9349,#9623,.T.);
#9623 = SURFACE_CURVE('',#9624,(#9628,#9635),.PCURVE_S1.);
#9624 = LINE('',#9625,#9626);
#9625 = CARTESIAN_POINT('',(208.0646192494,-145.6884148331,-6.858));
#9626 = VECTOR('',#9627,1.);
#9627 = DIRECTION('',(-0.819152044289,0.573576436351,0.));
#9628 = PCURVE('',#9116,#9629);
#9629 = DEFINITIONAL_REPRESENTATION('',(#9630),#9634);
#9630 = LINE('',#9631,#9632);
#9631 = CARTESIAN_POINT('',(-208.28,-3.81));
#9632 = VECTOR('',#9633,1.);
#9633 = DIRECTION('',(1.,0.));
#9634 = ( GEOMETRIC_REPRESENTATION_CONTEXT(2) 
PARAMETRIC_REPRESENTATION_CONTEXT() REPRESENTATION_CONTEXT('2D SPACE',''
  ) );
#9635 = PCURVE('',#9364,#9636);
#9636 = DEFINITIONAL_REPRESENTATION('',(#9637),#9641);
#9637 = LINE('',#9638,#9639);
#9638 = CARTESIAN_POINT('',(208.0646192494,-145.6884148331));
#9639 = VECTOR('',#9640,1.);
#9640 = DIRECTION('',(-0.819152044289,0.573576436351));
#9641 = ( GEOMETRIC_REPRESENTATION_CONTEXT(2) 
PARAMETRIC_REPRESENTATION_CONTEXT() REPRESENTATION_CONTEXT('2D SPACE',''
  ) );
#9642 = ORIENTED_EDGE('',*,*,#9376,.F.);
#9643 = ADVANCED_FACE('',(#9644),#9364,.T.);
#9644 = FACE_BOUND('',#9645,.T.);
#9645 = EDGE_LOOP('',(#9646,#9647,#9648,#9649));
#9646 = ORIENTED_EDGE('',*,*,#9348,.F.);
#9647 = ORIENTED_EDGE('',*,*,#9526,.T.);
#9648 = ORIENTED_EDGE('',*,*,#9573,.T.);
#9649 = ORIENTED_EDGE('',*,*,#9622,.T.);
#9650 = ADVANCED_FACE('',(#9651),#9293,.T.);
#9651 = FACE_BOUND('',#9652,.T.);
#9652 = EDGE_LOOP('',(#9653,#9654,#9655,#9656));
#9653 = ORIENTED_EDGE('',*,*,#9277,.F.);
#9654 = ORIENTED_EDGE('',*,*,#9499,.T.);
#9655 = ORIENTED_EDGE('',*,*,#9471,.T.);
#9656 = ORIENTED_EDGE('',*,*,#9424,.T.);
#9657 = ( GEOMETRIC_REPRESENTATION_CONTEXT(3) 
GLOBAL_UNCERTAINTY_ASSIGNED_CONTEXT((#9661)) 
GLOBAL_UNIT_ASSIGNED_CONTEXT((#9658,#9659,#9660)) REPRESENTATION_CONTEXT
('Context #1','3D Context with UNIT and UNCERTAINTY') );
#9658 = ( LENGTH_UNIT() NAMED_UNIT(*) SI_UNIT(.MILLI.,.METRE.) );
#9659 = ( NAMED_UNIT(*) PLANE_ANGLE_UNIT() SI_UNIT($,.RADIAN.) );
#9660 = ( NAMED_UNIT(*) SI_UNIT($,.STERADIAN.) SOLID_ANGLE_UNIT() );
#9661 = UNCERTAINTY_MEASURE_WITH_UNIT(LENGTH_MEASURE(2.E-06),#9658,
  'distance_accuracy_value','confusion accuracy');
#9662 = CONTEXT_DEPENDENT_SHAPE_REPRESENTATION(#9663,#9665);
#9663 = ( REPRESENTATION_RELATIONSHIP('','',#8043,#10) 
REPRESENTATION_RELATIONSHIP_WITH_TRANSFORMATION(#9664) 
SHAPE_REPRESENTATION_RELATIONSHIP() );
#9664 = ITEM_DEFINED_TRANSFORMATION('','',#11,#23);
#9665 = PRODUCT_DEFINITION_SHAPE('Placement','Placement of an item',
  #9666);
#9666 = NEXT_ASSEMBLY_USAGE_OCCURRENCE('3','collar-R','',#5,#8038,$);
#9667 = PRODUCT_RELATED_PRODUCT_CATEGORY('part',$,(#8040));
#9668 = SHAPE_DEFINITION_REPRESENTATION(#9669,#9675);
#9669 = PRODUCT_DEFINITION_SHAPE('','',#9670);
#9670 = PRODUCT_DEFINITION('design','',#9671,#9674);
#9671 = PRODUCT_DEFINITION_FORMATION('','',#9672);
#9672 = PRODUCT('cup-L','cup-L','',(#9673));
#9673 = PRODUCT_CONTEXT('',#2,'mechanical');
#9674 = PRODUCT_DEFINITION_CONTEXT('part definition',#2,'design');
#9675 = ADVANCED_BREP_SHAPE_REPRESENTATION('',(#11,#9676),#9821);
#9676 = MANIFOLD_SOLID_BREP('',#9677);
#9677 = CLOSED_SHELL('',(#9678,#9761,#9813,#9817));
#9678 = ADVANCED_FACE('',(#9679),#9692,.T.);
#9679 = FACE_BOUND('',#9680,.T.);
#9680 = EDGE_LOOP('',(#9681,#9713,#9734,#9760));
#9681 = ORIENTED_EDGE('',*,*,#9682,.F.);
#9682 = EDGE_CURVE('',#9683,#9683,#9685,.T.);
#9683 = VERTEX_POINT('',#9684);
#9684 = CARTESIAN_POINT('',(44.45,-1.088711004442E-14,73.66));
#9685 = SURFACE_CURVE('',#9686,(#9691,#9702),.PCURVE_S1.);
#9686 = CIRCLE('',#9687,44.45);
#9687 = AXIS2_PLACEMENT_3D('',#9688,#9689,#9690);
#9688 = CARTESIAN_POINT('',(0.,0.,73.66));
#9689 = DIRECTION('',(0.,0.,1.));
#9690 = DIRECTION('',(1.,0.,-0.));
#9691 = PCURVE('',#9692,#9697);
#9692 = CONICAL_SURFACE('',#9693,35.56,0.101103371736);
#9693 = AXIS2_PLACEMENT_3D('',#9694,#9695,#9696);
#9694 = CARTESIAN_POINT('',(0.,0.,-13.97));
#9695 = DIRECTION('',(0.,0.,1.));
#9696 = DIRECTION('',(1.,0.,-0.));
#9697 = DEFINITIONAL_REPRESENTATION('',(#9698),#9701);
#9698 = B_SPLINE_CURVE_WITH_KNOTS('',1,(#9699,#9700),.UNSPECIFIED.,.F.,
  .F.,(2,2),(0.,6.28318530718),.PIECEWISE_BEZIER_KNOTS.);
#9699 = CARTESIAN_POINT('',(0.,87.63));
#9700 = CARTESIAN_POINT('',(6.28318530718,87.63));
#9701 = ( GEOMETRIC_REPRESENTATION_CONTEXT(2) 
PARAMETRIC_REPRESENTATION_CONTEXT() REPRESENTATION_CONTEXT('2D SPACE',''
  ) );
#9702 = PCURVE('',#9703,#9708);
#9703 = CONICAL_SURFACE('',#9704,44.45,5.488986259415E-02);
#9704 = AXIS2_PLACEMENT_3D('',#9705,#9706,#9707);
#9705 = CARTESIAN_POINT('',(0.,0.,73.66));
#9706 = DIRECTION('',(0.,0.,1.));
#9707 = DIRECTION('',(1.,0.,-0.));
#9708 = DEFINITIONAL_REPRESENTATION('',(#9709),#9712);
#9709 = B_SPLINE_CURVE_WITH_KNOTS('',1,(#9710,#9711),.UNSPECIFIED.,.F.,
  .F.,(2,2),(0.,6.28318530718),.PIECEWISE_BEZIER_KNOTS.);
#9710 = CARTESIAN_POINT('',(0.,0.));
#9711 = CARTESIAN_POINT('',(6.28318530718,0.));
#9712 = ( GEOMETRIC_REPRESENTATION_CONTEXT(2) 
PARAMETRIC_REPRESENTATION_CONTEXT() REPRESENTATION_CONTEXT('2D SPACE',''
  ) );
#9713 = ORIENTED_EDGE('',*,*,#9714,.F.);
#9714 = EDGE_CURVE('',#9715,#9683,#9717,.T.);
#9715 = VERTEX_POINT('',#9716);
#9716 = CARTESIAN_POINT('',(35.56,-8.709688035536E-15,-13.97));
#9717 = SEAM_CURVE('',#9718,(#9722,#9728),.PCURVE_S1.);
#9718 = LINE('',#9719,#9720);
#9719 = CARTESIAN_POINT('',(35.56,-8.709688035536E-15,-13.97));
#9720 = VECTOR('',#9721,1.);
#9721 = DIRECTION('',(0.100931215127,-2.472101790798E-17,0.994893406257)
  );
#9722 = PCURVE('',#9692,#9723);
#9723 = DEFINITIONAL_REPRESENTATION('',(#9724),#9727);
#9724 = B_SPLINE_CURVE_WITH_KNOTS('',1,(#9725,#9726),.UNSPECIFIED.,.F.,
  .F.,(2,2),(0.,88.07978769275),.PIECEWISE_BEZIER_KNOTS.);
#9725 = CARTESIAN_POINT('',(6.28318530718,0.));
#9726 = CARTESIAN_POINT('',(6.28318530718,87.63));
#9727 = ( GEOMETRIC_REPRESENTATION_CONTEXT(2) 
PARAMETRIC_REPRESENTATION_CONTEXT() REPRESENTATION_CONTEXT('2D SPACE',''
  ) );
#9728 = PCURVE('',#9692,#9729);
#9729 = DEFINITIONAL_REPRESENTATION('',(#9730),#9733);
#9730 = B_SPLINE_CURVE_WITH_KNOTS('',1,(#9731,#9732),.UNSPECIFIED.,.F.,
  .F.,(2,2),(0.,88.07978769275),.PIECEWISE_BEZIER_KNOTS.);
#9731 = CARTESIAN_POINT('',(0.,0.));
#9732 = CARTESIAN_POINT('',(0.,87.63));
#9733 = ( GEOMETRIC_REPRESENTATION_CONTEXT(2) 
PARAMETRIC_REPRESENTATION_CONTEXT() REPRESENTATION_CONTEXT('2D SPACE',''
  ) );
#9734 = ORIENTED_EDGE('',*,*,#9735,.T.);
#9735 = EDGE_CURVE('',#9715,#9715,#9736,.T.);
#9736 = SURFACE_CURVE('',#9737,(#9742,#9748),.PCURVE_S1.);
#9737 = CIRCLE('',#9738,35.56);
#9738 = AXIS2_PLACEMENT_3D('',#9739,#9740,#9741);
#9739 = CARTESIAN_POINT('',(0.,0.,-13.97));
#9740 = DIRECTION('',(0.,0.,1.));
#9741 = DIRECTION('',(1.,0.,-0.));
#9742 = PCURVE('',#9692,#9743);
#9743 = DEFINITIONAL_REPRESENTATION('',(#9744),#9747);
#9744 = B_SPLINE_CURVE_WITH_KNOTS('',1,(#9745,#9746),.UNSPECIFIED.,.F.,
  .F.,(2,2),(0.,6.28318530718),.PIECEWISE_BEZIER_KNOTS.);
#9745 = CARTESIAN_POINT('',(0.,0.));
#9746 = CARTESIAN_POINT('',(6.28318530718,0.));
#9747 = ( GEOMETRIC_REPRESENTATION_CONTEXT(2) 
PARAMETRIC_REPRESENTATION_CONTEXT() REPRESENTATION_CONTEXT('2D SPACE',''
  ) );
#9748 = PCURVE('',#9749,#9754);
#9749 = PLANE('',#9750);
#9750 = AXIS2_PLACEMENT_3D('',#9751,#9752,#9753);
#9751 = CARTESIAN_POINT('',(0.,0.,-13.97));
#9752 = DIRECTION('',(0.,0.,1.));
#9753 = DIRECTION('',(1.,0.,-0.));
#9754 = DEFINITIONAL_REPRESENTATION('',(#9755),#9759);
#9755 = CIRCLE('',#9756,35.56);
#9756 = AXIS2_PLACEMENT_2D('',#9757,#9758);
#9757 = CARTESIAN_POINT('',(0.,0.));
#9758 = DIRECTION('',(1.,0.));
#9759 = ( GEOMETRIC_REPRESENTATION_CONTEXT(2) 
PARAMETRIC_REPRESENTATION_CONTEXT() REPRESENTATION_CONTEXT('2D SPACE',''
  ) );
#9760 = ORIENTED_EDGE('',*,*,#9714,.T.);
#9761 = ADVANCED_FACE('',(#9762),#9703,.T.);
#9762 = FACE_BOUND('',#9763,.T.);
#9763 = EDGE_LOOP('',(#9764,#9792,#9811,#9812));
#9764 = ORIENTED_EDGE('',*,*,#9765,.F.);
#9765 = EDGE_CURVE('',#9766,#9766,#9768,.T.);
#9766 = VERTEX_POINT('',#9767);
#9767 = CARTESIAN_POINT('',(50.8,-1.244241147934E-14,189.23));
#9768 = SURFACE_CURVE('',#9769,(#9774,#9780),.PCURVE_S1.);
#9769 = CIRCLE('',#9770,50.8);
#9770 = AXIS2_PLACEMENT_3D('',#9771,#9772,#9773);
#9771 = CARTESIAN_POINT('',(0.,0.,189.23));
#9772 = DIRECTION('',(0.,0.,1.));
#9773 = DIRECTION('',(1.,0.,-0.));
#9774 = PCURVE('',#9703,#9775);
#9775 = DEFINITIONAL_REPRESENTATION('',(#9776),#9779);
#9776 = B_SPLINE_CURVE_WITH_KNOTS('',1,(#9777,#9778),.UNSPECIFIED.,.F.,
  .F.,(2,2),(0.,6.28318530718),.PIECEWISE_BEZIER_KNOTS.);
#9777 = CARTESIAN_POINT('',(0.,115.57));
#9778 = CARTESIAN_POINT('',(6.28318530718,115.57));
#9779 = ( GEOMETRIC_REPRESENTATION_CONTEXT(2) 
PARAMETRIC_REPRESENTATION_CONTEXT() REPRESENTATION_CONTEXT('2D SPACE',''
  ) );
#9780 = PCURVE('',#9781,#9786);
#9781 = PLANE('',#9782);
#9782 = AXIS2_PLACEMENT_3D('',#9783,#9784,#9785);
#9783 = CARTESIAN_POINT('',(0.,0.,189.23));
#9784 = DIRECTION('',(0.,0.,1.));
#9785 = DIRECTION('',(1.,0.,-0.));
#9786 = DEFINITIONAL_REPRESENTATION('',(#9787),#9791);
#9787 = CIRCLE('',#9788,50.8);
#9788 = AXIS2_PLACEMENT_2D('',#9789,#9790);
#9789 = CARTESIAN_POINT('',(0.,0.));
#9790 = DIRECTION('',(1.,0.));
#9791 = ( GEOMETRIC_REPRESENTATION_CONTEXT(2) 
PARAMETRIC_REPRESENTATION_CONTEXT() REPRESENTATION_CONTEXT('2D SPACE',''
  ) );
#9792 = ORIENTED_EDGE('',*,*,#9793,.F.);
#9793 = EDGE_CURVE('',#9683,#9766,#9794,.T.);
#9794 = SEAM_CURVE('',#9795,(#9799,#9805),.PCURVE_S1.);
#9795 = LINE('',#9796,#9797);
#9796 = CARTESIAN_POINT('',(44.45,-1.088711004442E-14,73.66));
#9797 = VECTOR('',#9798,1.);
#9798 = DIRECTION('',(5.486230382887E-02,-1.343738895557E-17,
    0.998493929685));
#9799 = PCURVE('',#9703,#9800);
#9800 = DEFINITIONAL_REPRESENTATION('',(#9801),#9804);
#9801 = B_SPLINE_CURVE_WITH_KNOTS('',1,(#9802,#9803),.UNSPECIFIED.,.F.,
  .F.,(2,2),(0.,115.74431908305),.PIECEWISE_BEZIER_KNOTS.);
#9802 = CARTESIAN_POINT('',(6.28318530718,0.));
#9803 = CARTESIAN_POINT('',(6.28318530718,115.57));
#9804 = ( GEOMETRIC_REPRESENTATION_CONTEXT(2) 
PARAMETRIC_REPRESENTATION_CONTEXT() REPRESENTATION_CONTEXT('2D SPACE',''
  ) );
#9805 = PCURVE('',#9703,#9806);
#9806 = DEFINITIONAL_REPRESENTATION('',(#9807),#9810);
#9807 = B_SPLINE_CURVE_WITH_KNOTS('',1,(#9808,#9809),.UNSPECIFIED.,.F.,
  .F.,(2,2),(0.,115.74431908305),.PIECEWISE_BEZIER_KNOTS.);
#9808 = CARTESIAN_POINT('',(0.,0.));
#9809 = CARTESIAN_POINT('',(0.,115.57));
#9810 = ( GEOMETRIC_REPRESENTATION_CONTEXT(2) 
PARAMETRIC_REPRESENTATION_CONTEXT() REPRESENTATION_CONTEXT('2D SPACE',''
  ) );
#9811 = ORIENTED_EDGE('',*,*,#9682,.T.);
#9812 = ORIENTED_EDGE('',*,*,#9793,.T.);
#9813 = ADVANCED_FACE('',(#9814),#9749,.F.);
#9814 = FACE_BOUND('',#9815,.T.);
#9815 = EDGE_LOOP('',(#9816));
#9816 = ORIENTED_EDGE('',*,*,#9735,.F.);
#9817 = ADVANCED_FACE('',(#9818),#9781,.T.);
#9818 = FACE_BOUND('',#9819,.T.);
#9819 = EDGE_LOOP('',(#9820));
#9820 = ORIENTED_EDGE('',*,*,#9765,.T.);
#9821 = ( GEOMETRIC_REPRESENTATION_CONTEXT(3) 
GLOBAL_UNCERTAINTY_ASSIGNED_CONTEXT((#9825)) 
GLOBAL_UNIT_ASSIGNED_CONTEXT((#9822,#9823,#9824)) REPRESENTATION_CONTEXT
('Context #1','3D Context with UNIT and UNCERTAINTY') );
#9822 = ( LENGTH_UNIT() NAMED_UNIT(*) SI_UNIT(.MILLI.,.METRE.) );
#9823 = ( NAMED_UNIT(*) PLANE_ANGLE_UNIT() SI_UNIT($,.RADIAN.) );
#9824 = ( NAMED_UNIT(*) SI_UNIT($,.STERADIAN.) SOLID_ANGLE_UNIT() );
#9825 = UNCERTAINTY_MEASURE_WITH_UNIT(LENGTH_MEASURE(2.E-06),#9822,
  'distance_accuracy_value','confusion accuracy');
#9826 = CONTEXT_DEPENDENT_SHAPE_REPRESENTATION(#9827,#9829);
#9827 = ( REPRESENTATION_RELATIONSHIP('','',#9675,#10) 
REPRESENTATION_RELATIONSHIP_WITH_TRANSFORMATION(#9828) 
SHAPE_REPRESENTATION_RELATIONSHIP() );
#9828 = ITEM_DEFINED_TRANSFORMATION('','',#11,#27);
#9829 = PRODUCT_DEFINITION_SHAPE('Placement','Placement of an item',
  #9830);
#9830 = NEXT_ASSEMBLY_USAGE_OCCURRENCE('4','cup-L','',#5,#9670,$);
#9831 = PRODUCT_RELATED_PRODUCT_CATEGORY('part',$,(#9672));
#9832 = SHAPE_DEFINITION_REPRESENTATION(#9833,#9839);
#9833 = PRODUCT_DEFINITION_SHAPE('','',#9834);
#9834 = PRODUCT_DEFINITION('design','',#9835,#9838);
#9835 = PRODUCT_DEFINITION_FORMATION('','',#9836);
#9836 = PRODUCT('cup-R','cup-R','',(#9837));
#9837 = PRODUCT_CONTEXT('',#2,'mechanical');
#9838 = PRODUCT_DEFINITION_CONTEXT('part definition',#2,'design');
#9839 = ADVANCED_BREP_SHAPE_REPRESENTATION('',(#11,#9840),#9985);
#9840 = MANIFOLD_SOLID_BREP('',#9841);
#9841 = CLOSED_SHELL('',(#9842,#9925,#9977,#9981));
#9842 = ADVANCED_FACE('',(#9843),#9856,.T.);
#9843 = FACE_BOUND('',#9844,.T.);
#9844 = EDGE_LOOP('',(#9845,#9877,#9898,#9924));
#9845 = ORIENTED_EDGE('',*,*,#9846,.F.);
#9846 = EDGE_CURVE('',#9847,#9847,#9849,.T.);
#9847 = VERTEX_POINT('',#9848);
#9848 = CARTESIAN_POINT('',(44.45,-1.088711004442E-14,73.66));
#9849 = SURFACE_CURVE('',#9850,(#9855,#9866),.PCURVE_S1.);
#9850 = CIRCLE('',#9851,44.45);
#9851 = AXIS2_PLACEMENT_3D('',#9852,#9853,#9854);
#9852 = CARTESIAN_POINT('',(0.,0.,73.66));
#9853 = DIRECTION('',(0.,0.,1.));
#9854 = DIRECTION('',(1.,0.,-0.));
#9855 = PCURVE('',#9856,#9861);
#9856 = CONICAL_SURFACE('',#9857,35.56,0.101103371736);
#9857 = AXIS2_PLACEMENT_3D('',#9858,#9859,#9860);
#9858 = CARTESIAN_POINT('',(0.,0.,-13.97));
#9859 = DIRECTION('',(0.,0.,1.));
#9860 = DIRECTION('',(1.,0.,-0.));
#9861 = DEFINITIONAL_REPRESENTATION('',(#9862),#9865);
#9862 = B_SPLINE_CURVE_WITH_KNOTS('',1,(#9863,#9864),.UNSPECIFIED.,.F.,
  .F.,(2,2),(0.,6.28318530718),.PIECEWISE_BEZIER_KNOTS.);
#9863 = CARTESIAN_POINT('',(0.,87.63));
#9864 = CARTESIAN_POINT('',(6.28318530718,87.63));
#9865 = ( GEOMETRIC_REPRESENTATION_CONTEXT(2) 
PARAMETRIC_REPRESENTATION_CONTEXT() REPRESENTATION_CONTEXT('2D SPACE',''
  ) );
#9866 = PCURVE('',#9867,#9872);
#9867 = CONICAL_SURFACE('',#9868,44.45,5.488986259415E-02);
#9868 = AXIS2_PLACEMENT_3D('',#9869,#9870,#9871);
#9869 = CARTESIAN_POINT('',(0.,0.,73.66));
#9870 = DIRECTION('',(0.,0.,1.));
#9871 = DIRECTION('',(1.,0.,-0.));
#9872 = DEFINITIONAL_REPRESENTATION('',(#9873),#9876);
#9873 = B_SPLINE_CURVE_WITH_KNOTS('',1,(#9874,#9875),.UNSPECIFIED.,.F.,
  .F.,(2,2),(0.,6.28318530718),.PIECEWISE_BEZIER_KNOTS.);
#9874 = CARTESIAN_POINT('',(0.,0.));
#9875 = CARTESIAN_POINT('',(6.28318530718,0.));
#9876 = ( GEOMETRIC_REPRESENTATION_CONTEXT(2) 
PARAMETRIC_REPRESENTATION_CONTEXT() REPRESENTATION_CONTEXT('2D SPACE',''
  ) );
#9877 = ORIENTED_EDGE('',*,*,#9878,.F.);
#9878 = EDGE_CURVE('',#9879,#9847,#9881,.T.);
#9879 = VERTEX_POINT('',#9880);
#9880 = CARTESIAN_POINT('',(35.56,-8.709688035536E-15,-13.97));
#9881 = SEAM_CURVE('',#9882,(#9886,#9892),.PCURVE_S1.);
#9882 = LINE('',#9883,#9884);
#9883 = CARTESIAN_POINT('',(35.56,-8.709688035536E-15,-13.97));
#9884 = VECTOR('',#9885,1.);
#9885 = DIRECTION('',(0.100931215127,-2.472101790798E-17,0.994893406257)
  );
#9886 = PCURVE('',#9856,#9887);
#9887 = DEFINITIONAL_REPRESENTATION('',(#9888),#9891);
#9888 = B_SPLINE_CURVE_WITH_KNOTS('',1,(#9889,#9890),.UNSPECIFIED.,.F.,
  .F.,(2,2),(0.,88.07978769275),.PIECEWISE_BEZIER_KNOTS.);
#9889 = CARTESIAN_POINT('',(6.28318530718,0.));
#9890 = CARTESIAN_POINT('',(6.28318530718,87.63));
#9891 = ( GEOMETRIC_REPRESENTATION_CONTEXT(2) 
PARAMETRIC_REPRESENTATION_CONTEXT() REPRESENTATION_CONTEXT('2D SPACE',''
  ) );
#9892 = PCURVE('',#9856,#9893);
#9893 = DEFINITIONAL_REPRESENTATION('',(#9894),#9897);
#9894 = B_SPLINE_CURVE_WITH_KNOTS('',1,(#9895,#9896),.UNSPECIFIED.,.F.,
  .F.,(2,2),(0.,88.07978769275),.PIECEWISE_BEZIER_KNOTS.);
#9895 = CARTESIAN_POINT('',(0.,0.));
#9896 = CARTESIAN_POINT('',(0.,87.63));
#9897 = ( GEOMETRIC_REPRESENTATION_CONTEXT(2) 
PARAMETRIC_REPRESENTATION_CONTEXT() REPRESENTATION_CONTEXT('2D SPACE',''
  ) );
#9898 = ORIENTED_EDGE('',*,*,#9899,.T.);
#9899 = EDGE_CURVE('',#9879,#9879,#9900,.T.);
#9900 = SURFACE_CURVE('',#9901,(#9906,#9912),.PCURVE_S1.);
#9901 = CIRCLE('',#9902,35.56);
#9902 = AXIS2_PLACEMENT_3D('',#9903,#9904,#9905);
#9903 = CARTESIAN_POINT('',(0.,0.,-13.97));
#9904 = DIRECTION('',(0.,0.,1.));
#9905 = DIRECTION('',(1.,0.,-0.));
#9906 = PCURVE('',#9856,#9907);
#9907 = DEFINITIONAL_REPRESENTATION('',(#9908),#9911);
#9908 = B_SPLINE_CURVE_WITH_KNOTS('',1,(#9909,#9910),.UNSPECIFIED.,.F.,
  .F.,(2,2),(0.,6.28318530718),.PIECEWISE_BEZIER_KNOTS.);
#9909 = CARTESIAN_POINT('',(0.,0.));
#9910 = CARTESIAN_POINT('',(6.28318530718,0.));
#9911 = ( GEOMETRIC_REPRESENTATION_CONTEXT(2) 
PARAMETRIC_REPRESENTATION_CONTEXT() REPRESENTATION_CONTEXT('2D SPACE',''
  ) );
#9912 = PCURVE('',#9913,#9918);
#9913 = PLANE('',#9914);
#9914 = AXIS2_PLACEMENT_3D('',#9915,#9916,#9917);
#9915 = CARTESIAN_POINT('',(0.,0.,-13.97));
#9916 = DIRECTION('',(0.,0.,1.));
#9917 = DIRECTION('',(1.,0.,-0.));
#9918 = DEFINITIONAL_REPRESENTATION('',(#9919),#9923);
#9919 = CIRCLE('',#9920,35.56);
#9920 = AXIS2_PLACEMENT_2D('',#9921,#9922);
#9921 = CARTESIAN_POINT('',(0.,0.));
#9922 = DIRECTION('',(1.,0.));
#9923 = ( GEOMETRIC_REPRESENTATION_CONTEXT(2) 
PARAMETRIC_REPRESENTATION_CONTEXT() REPRESENTATION_CONTEXT('2D SPACE',''
  ) );
#9924 = ORIENTED_EDGE('',*,*,#9878,.T.);
#9925 = ADVANCED_FACE('',(#9926),#9867,.T.);
#9926 = FACE_BOUND('',#9927,.T.);
#9927 = EDGE_LOOP('',(#9928,#9956,#9975,#9976));
#9928 = ORIENTED_EDGE('',*,*,#9929,.F.);
#9929 = EDGE_CURVE('',#9930,#9930,#9932,.T.);
#9930 = VERTEX_POINT('',#9931);
#9931 = CARTESIAN_POINT('',(50.8,-1.244241147934E-14,189.23));
#9932 = SURFACE_CURVE('',#9933,(#9938,#9944),.PCURVE_S1.);
#9933 = CIRCLE('',#9934,50.8);
#9934 = AXIS2_PLACEMENT_3D('',#9935,#9936,#9937);
#9935 = CARTESIAN_POINT('',(0.,0.,189.23));
#9936 = DIRECTION('',(0.,0.,1.));
#9937 = DIRECTION('',(1.,0.,-0.));
#9938 = PCURVE('',#9867,#9939);
#9939 = DEFINITIONAL_REPRESENTATION('',(#9940),#9943);
#9940 = B_SPLINE_CURVE_WITH_KNOTS('',1,(#9941,#9942),.UNSPECIFIED.,.F.,
  .F.,(2,2),(0.,6.28318530718),.PIECEWISE_BEZIER_KNOTS.);
#9941 = CARTESIAN_POINT('',(0.,115.57));
#9942 = CARTESIAN_POINT('',(6.28318530718,115.57));
#9943 = ( GEOMETRIC_REPRESENTATION_CONTEXT(2) 
PARAMETRIC_REPRESENTATION_CONTEXT() REPRESENTATION_CONTEXT('2D SPACE',''
  ) );
#9944 = PCURVE('',#9945,#9950);
#9945 = PLANE('',#9946);
#9946 = AXIS2_PLACEMENT_3D('',#9947,#9948,#9949);
#9947 = CARTESIAN_POINT('',(0.,0.,189.23));
#9948 = DIRECTION('',(0.,0.,1.));
#9949 = DIRECTION('',(1.,0.,-0.));
#9950 = DEFINITIONAL_REPRESENTATION('',(#9951),#9955);
#9951 = CIRCLE('',#9952,50.8);
#9952 = AXIS2_PLACEMENT_2D('',#9953,#9954);
#9953 = CARTESIAN_POINT('',(0.,0.));
#9954 = DIRECTION('',(1.,0.));
#9955 = ( GEOMETRIC_REPRESENTATION_CONTEXT(2) 
PARAMETRIC_REPRESENTATION_CONTEXT() REPRESENTATION_CONTEXT('2D SPACE',''
  ) );
#9956 = ORIENTED_EDGE('',*,*,#9957,.F.);
#9957 = EDGE_CURVE('',#9847,#9930,#9958,.T.);
#9958 = SEAM_CURVE('',#9959,(#9963,#9969),.PCURVE_S1.);
#9959 = LINE('',#9960,#9961);
#9960 = CARTESIAN_POINT('',(44.45,-1.088711004442E-14,73.66));
#9961 = VECTOR('',#9962,1.);
#9962 = DIRECTION('',(5.486230382887E-02,-1.343738895557E-17,
    0.998493929685));
#9963 = PCURVE('',#9867,#9964);
#9964 = DEFINITIONAL_REPRESENTATION('',(#9965),#9968);
#9965 = B_SPLINE_CURVE_WITH_KNOTS('',1,(#9966,#9967),.UNSPECIFIED.,.F.,
  .F.,(2,2),(0.,115.74431908305),.PIECEWISE_BEZIER_KNOTS.);
#9966 = CARTESIAN_POINT('',(6.28318530718,0.));
#9967 = CARTESIAN_POINT('',(6.28318530718,115.57));
#9968 = ( GEOMETRIC_REPRESENTATION_CONTEXT(2) 
PARAMETRIC_REPRESENTATION_CONTEXT() REPRESENTATION_CONTEXT('2D SPACE',''
  ) );
#9969 = PCURVE('',#9867,#9970);
#9970 = DEFINITIONAL_REPRESENTATION('',(#9971),#9974);
#9971 = B_SPLINE_CURVE_WITH_KNOTS('',1,(#9972,#9973),.UNSPECIFIED.,.F.,
  .F.,(2,2),(0.,115.74431908305),.PIECEWISE_BEZIER_KNOTS.);
#9972 = CARTESIAN_POINT('',(0.,0.));
#9973 = CARTESIAN_POINT('',(0.,115.57));
#9974 = ( GEOMETRIC_REPRESENTATION_CONTEXT(2) 
PARAMETRIC_REPRESENTATION_CONTEXT() REPRESENTATION_CONTEXT('2D SPACE',''
  ) );
#9975 = ORIENTED_EDGE('',*,*,#9846,.T.);
#9976 = ORIENTED_EDGE('',*,*,#9957,.T.);
#9977 = ADVANCED_FACE('',(#9978),#9913,.F.);
#9978 = FACE_BOUND('',#9979,.T.);
#9979 = EDGE_LOOP('',(#9980));
#9980 = ORIENTED_EDGE('',*,*,#9899,.F.);
#9981 = ADVANCED_FACE('',(#9982),#9945,.T.);
#9982 = FACE_BOUND('',#9983,.T.);
#9983 = EDGE_LOOP('',(#9984));
#9984 = ORIENTED_EDGE('',*,*,#9929,.T.);
#9985 = ( GEOMETRIC_REPRESENTATION_CONTEXT(3) 
GLOBAL_UNCERTAINTY_ASSIGNED_CONTEXT((#9989)) 
GLOBAL_UNIT_ASSIGNED_CONTEXT((#9986,#9987,#9988)) REPRESENTATION_CONTEXT
('Context #1','3D Context with UNIT and UNCERTAINTY') );
#9986 = ( LENGTH_UNIT() NAMED_UNIT(*) SI_UNIT(.MILLI.,.METRE.) );
#9987 = ( NAMED_UNIT(*) PLANE_ANGLE_UNIT() SI_UNIT($,.RADIAN.) );
#9988 = ( NAMED_UNIT(*) SI_UNIT($,.STERADIAN.) SOLID_ANGLE_UNIT() );
#9989 = UNCERTAINTY_MEASURE_WITH_UNIT(LENGTH_MEASURE(2.E-06),#9986,
  'distance_accuracy_value','confusion accuracy');
#9990 = CONTEXT_DEPENDENT_SHAPE_REPRESENTATION(#9991,#9993);
#9991 = ( REPRESENTATION_RELATIONSHIP('','',#9839,#10) 
REPRESENTATION_RELATIONSHIP_WITH_TRANSFORMATION(#9992) 
SHAPE_REPRESENTATION_RELATIONSHIP() );
#9992 = ITEM_DEFINED_TRANSFORMATION('','',#11,#31);
#9993 = PRODUCT_DEFINITION_SHAPE('Placement','Placement of an item',
  #9994);
#9994 = NEXT_ASSEMBLY_USAGE_OCCURRENCE('5','cup-R','',#5,#9834,$);
#9995 = PRODUCT_RELATED_PRODUCT_CATEGORY('part',$,(#9836));
#9996 = SHAPE_DEFINITION_REPRESENTATION(#6401,#9997);
#9997 = SHAPE_REPRESENTATION('',(#15),#6393);
#9998 = SHAPE_DEFINITION_REPRESENTATION(#8033,#9999);
#9999 = SHAPE_REPRESENTATION('',(#19),#8025);
#10000 = SHAPE_DEFINITION_REPRESENTATION(#9665,#10001);
#10001 = SHAPE_REPRESENTATION('',(#23),#9657);
#10002 = SHAPE_DEFINITION_REPRESENTATION(#9829,#10003);
#10003 = SHAPE_REPRESENTATION('',(#27),#9821);
#10004 = SHAPE_DEFINITION_REPRESENTATION(#9993,#10005);
#10005 = SHAPE_REPRESENTATION('',(#31),#9985);
#10006 = SHAPE_DEFINITION_REPRESENTATION(#6401,#10007);
#10007 = SHAPE_REPRESENTATION('',(#15),#6393);
#10008 = SHAPE_DEFINITION_REPRESENTATION(#8033,#10009);
#10009 = SHAPE_REPRESENTATION('',(#19),#8025);
#10010 = SHAPE_DEFINITION_REPRESENTATION(#9665,#10011);
#10011 = SHAPE_REPRESENTATION('',(#23),#9657);
#10012 = SHAPE_DEFINITION_REPRESENTATION(#9829,#10013);
#10013 = SHAPE_REPRESENTATION('',(#27),#9821);
#10014 = SHAPE_DEFINITION_REPRESENTATION(#9993,#10015);
#10015 = SHAPE_REPRESENTATION('',(#31),#9985);
#10016 = MECHANICAL_DESIGN_GEOMETRIC_PRESENTATION_REPRESENTATION('',(
    #10017,#10027),#9821);
#10017 = STYLED_ITEM('color',(#10018),#9676);
#10018 = PRESENTATION_STYLE_ASSIGNMENT((#10019,#10025));
#10019 = SURFACE_STYLE_USAGE(.BOTH.,#10020);
#10020 = SURFACE_SIDE_STYLE('',(#10021));
#10021 = SURFACE_STYLE_FILL_AREA(#10022);
#10022 = FILL_AREA_STYLE('',(#10023));
#10023 = FILL_AREA_STYLE_COLOUR('',#10024);
#10024 = COLOUR_RGB('',0.850000012718,9.999999991362E-02,
  9.999999991362E-02);
#10025 = CURVE_STYLE('',#10026,POSITIVE_LENGTH_MEASURE(0.1),#10024);
#10026 = DRAUGHTING_PRE_DEFINED_CURVE_FONT('continuous');
#10027 = OVER_RIDING_STYLED_ITEM('overriding color',(#10028),#9676,
  #10017);
#10028 = PRESENTATION_STYLE_BY_CONTEXT((#10029,#10035),#10013);
#10029 = SURFACE_STYLE_USAGE(.BOTH.,#10030);
#10030 = SURFACE_SIDE_STYLE('',(#10031));
#10031 = SURFACE_STYLE_FILL_AREA(#10032);
#10032 = FILL_AREA_STYLE('',(#10033));
#10033 = FILL_AREA_STYLE_COLOUR('',#10034);
#10034 = COLOUR_RGB('',0.850000012718,9.999999991362E-02,
  9.999999991362E-02);
#10035 = CURVE_STYLE('',#10036,POSITIVE_LENGTH_MEASURE(0.1),#10034);
#10036 = DRAUGHTING_PRE_DEFINED_CURVE_FONT('continuous');
#10037 = MECHANICAL_DESIGN_GEOMETRIC_PRESENTATION_REPRESENTATION('',(
    #10038,#10048),#8025);
#10038 = STYLED_ITEM('color',(#10039),#6412);
#10039 = PRESENTATION_STYLE_ASSIGNMENT((#10040,#10046));
#10040 = SURFACE_STYLE_USAGE(.BOTH.,#10041);
#10041 = SURFACE_SIDE_STYLE('',(#10042));
#10042 = SURFACE_STYLE_FILL_AREA(#10043);
#10043 = FILL_AREA_STYLE('',(#10044));
#10044 = FILL_AREA_STYLE_COLOUR('',#10045);
#10045 = COLOUR_RGB('',0.899999998185,0.45000000386,9.999999991362E-02);
#10046 = CURVE_STYLE('',#10047,POSITIVE_LENGTH_MEASURE(0.1),#10045);
#10047 = DRAUGHTING_PRE_DEFINED_CURVE_FONT('continuous');
#10048 = OVER_RIDING_STYLED_ITEM('overriding color',(#10049),#6412,
  #10038);
#10049 = PRESENTATION_STYLE_BY_CONTEXT((#10050,#10056),#10009);
#10050 = SURFACE_STYLE_USAGE(.BOTH.,#10051);
#10051 = SURFACE_SIDE_STYLE('',(#10052));
#10052 = SURFACE_STYLE_FILL_AREA(#10053);
#10053 = FILL_AREA_STYLE('',(#10054));
#10054 = FILL_AREA_STYLE_COLOUR('',#10055);
#10055 = COLOUR_RGB('',0.899999998185,0.45000000386,9.999999991362E-02);
#10056 = CURVE_STYLE('',#10057,POSITIVE_LENGTH_MEASURE(0.1),#10055);
#10057 = DRAUGHTING_PRE_DEFINED_CURVE_FONT('continuous');
#10058 = MECHANICAL_DESIGN_GEOMETRIC_PRESENTATION_REPRESENTATION('',(
    #10059,#10068),#9657);
#10059 = STYLED_ITEM('color',(#10060),#8044);
#10060 = PRESENTATION_STYLE_ASSIGNMENT((#10061,#10066));
#10061 = SURFACE_STYLE_USAGE(.BOTH.,#10062);
#10062 = SURFACE_SIDE_STYLE('',(#10063));
#10063 = SURFACE_STYLE_FILL_AREA(#10064);
#10064 = FILL_AREA_STYLE('',(#10065));
#10065 = FILL_AREA_STYLE_COLOUR('',#10045);
#10066 = CURVE_STYLE('',#10067,POSITIVE_LENGTH_MEASURE(0.1),#10045);
#10067 = DRAUGHTING_PRE_DEFINED_CURVE_FONT('continuous');
#10068 = OVER_RIDING_STYLED_ITEM('overriding color',(#10069),#8044,
  #10059);
#10069 = PRESENTATION_STYLE_BY_CONTEXT((#10070,#10075),#10011);
#10070 = SURFACE_STYLE_USAGE(.BOTH.,#10071);
#10071 = SURFACE_SIDE_STYLE('',(#10072));
#10072 = SURFACE_STYLE_FILL_AREA(#10073);
#10073 = FILL_AREA_STYLE('',(#10074));
#10074 = FILL_AREA_STYLE_COLOUR('',#10055);
#10075 = CURVE_STYLE('',#10076,POSITIVE_LENGTH_MEASURE(0.1),#10055);
#10076 = DRAUGHTING_PRE_DEFINED_CURVE_FONT('continuous');
#10077 = MECHANICAL_DESIGN_GEOMETRIC_PRESENTATION_REPRESENTATION('',(
    #10078,#10087),#9985);
#10078 = STYLED_ITEM('color',(#10079),#9840);
#10079 = PRESENTATION_STYLE_ASSIGNMENT((#10080,#10085));
#10080 = SURFACE_STYLE_USAGE(.BOTH.,#10081);
#10081 = SURFACE_SIDE_STYLE('',(#10082));
#10082 = SURFACE_STYLE_FILL_AREA(#10083);
#10083 = FILL_AREA_STYLE('',(#10084));
#10084 = FILL_AREA_STYLE_COLOUR('',#10024);
#10085 = CURVE_STYLE('',#10086,POSITIVE_LENGTH_MEASURE(0.1),#10024);
#10086 = DRAUGHTING_PRE_DEFINED_CURVE_FONT('continuous');
#10087 = OVER_RIDING_STYLED_ITEM('overriding color',(#10088),#9840,
  #10078);
#10088 = PRESENTATION_STYLE_BY_CONTEXT((#10089,#10094),#10015);
#10089 = SURFACE_STYLE_USAGE(.BOTH.,#10090);
#10090 = SURFACE_SIDE_STYLE('',(#10091));
#10091 = SURFACE_STYLE_FILL_AREA(#10092);
#10092 = FILL_AREA_STYLE('',(#10093));
#10093 = FILL_AREA_STYLE_COLOUR('',#10034);
#10094 = CURVE_STYLE('',#10095,POSITIVE_LENGTH_MEASURE(0.1),#10034);
#10095 = DRAUGHTING_PRE_DEFINED_CURVE_FONT('continuous');
#10096 = MECHANICAL_DESIGN_GEOMETRIC_PRESENTATION_REPRESENTATION('',(
    #10097,#10107),#6393);
#10097 = STYLED_ITEM('color',(#10098),#49);
#10098 = PRESENTATION_STYLE_ASSIGNMENT((#10099,#10105));
#10099 = SURFACE_STYLE_USAGE(.BOTH.,#10100);
#10100 = SURFACE_SIDE_STYLE('',(#10101));
#10101 = SURFACE_STYLE_FILL_AREA(#10102);
#10102 = FILL_AREA_STYLE('',(#10103));
#10103 = FILL_AREA_STYLE_COLOUR('',#10104);
#10104 = COLOUR_RGB('',0.149999997808,0.149999997808,0.149999997808);
#10105 = CURVE_STYLE('',#10106,POSITIVE_LENGTH_MEASURE(0.1),#10104);
#10106 = DRAUGHTING_PRE_DEFINED_CURVE_FONT('continuous');
#10107 = OVER_RIDING_STYLED_ITEM('overriding color',(#10108),#49,#10097
  );
#10108 = PRESENTATION_STYLE_BY_CONTEXT((#10109,#10115),#10007);
#10109 = SURFACE_STYLE_USAGE(.BOTH.,#10110);
#10110 = SURFACE_SIDE_STYLE('',(#10111));
#10111 = SURFACE_STYLE_FILL_AREA(#10112);
#10112 = FILL_AREA_STYLE('',(#10113));
#10113 = FILL_AREA_STYLE_COLOUR('',#10114);
#10114 = COLOUR_RGB('',0.149999997808,0.149999997808,0.149999997808);
#10115 = CURVE_STYLE('',#10116,POSITIVE_LENGTH_MEASURE(0.1),#10114);
#10116 = DRAUGHTING_PRE_DEFINED_CURVE_FONT('continuous');
ENDSEC;
END-ISO-10303-21;
