ISO-10303-21;
HEADER;
FILE_DESCRIPTION(('Open CASCADE Model'),'2;1');
FILE_NAME('base','2026-08-30T18:17:48',('Author'),('Open CASCADE'),
  'Open CASCADE STEP processor 7.9','build123d','Unknown');
FILE_SCHEMA(('AUTOMOTIVE_DESIGN { 1 0 10303 214 1 1 1 1 }'));
ENDSEC;
DATA;
#1 = APPLICATION_PROTOCOL_DEFINITION('international standard',
  'automotive_design',2000,#2);
#2 = APPLICATION_CONTEXT(
  'core data for automotive mechanical design processes');
#3 = SHAPE_DEFINITION_REPRESENTATION(#4,#10);
#4 = PRODUCT_DEFINITION_SHAPE('','',#5);
#5 = PRODUCT_DEFINITION('design','',#6,#9);
#6 = PRODUCT_DEFINITION_FORMATION('','',#7);
#7 = PRODUCT('base','base','',(#8));
#8 = PRODUCT_CONTEXT('',#2,'mechanical');
#9 = PRODUCT_DEFINITION_CONTEXT('part definition',#2,'design');
#10 = SHAPE_REPRESENTATION('',(#11,#15),#19);
#11 = AXIS2_PLACEMENT_3D('',#12,#13,#14);
#12 = CARTESIAN_POINT('',(0.,0.,0.));
#13 = DIRECTION('',(0.,0.,1.));
#14 = DIRECTION('',(1.,0.,-0.));
#15 = AXIS2_PLACEMENT_3D('',#16,#17,#18);
#16 = CARTESIAN_POINT('',(0.,0.,0.));
#17 = DIRECTION('',(0.,0.,1.));
#18 = DIRECTION('',(1.,0.,-0.));
#19 = ( GEOMETRIC_REPRESENTATION_CONTEXT(3) 
GLOBAL_UNCERTAINTY_ASSIGNED_CONTEXT((#23)) GLOBAL_UNIT_ASSIGNED_CONTEXT(
(#20,#21,#22)) REPRESENTATION_CONTEXT('Context #1',
  '3D Context with UNIT and UNCERTAINTY') );
#20 = ( LENGTH_UNIT() NAMED_UNIT(*) SI_UNIT(.MILLI.,.METRE.) );
#21 = ( NAMED_UNIT(*) PLANE_ANGLE_UNIT() SI_UNIT($,.RADIAN.) );
#22 = ( NAMED_UNIT(*) SI_UNIT($,.STERADIAN.) SOLID_ANGLE_UNIT() );
#23 = UNCERTAINTY_MEASURE_WITH_UNIT(LENGTH_MEASURE(5.E-06),#20,
  'distance_accuracy_value','confusion accuracy');
#24 = PRODUCT_RELATED_PRODUCT_CATEGORY('part',$,(#7));
#25 = SHAPE_DEFINITION_REPRESENTATION(#26,#32);
#26 = PRODUCT_DEFINITION_SHAPE('','',#27);
#27 = PRODUCT_DEFINITION('design','',#28,#31);
#28 = PRODUCT_DEFINITION_FORMATION('','',#29);
#29 = PRODUCT('base','base','',(#30));
#30 = PRODUCT_CONTEXT('',#2,'mechanical');
#31 = PRODUCT_DEFINITION_CONTEXT('part definition',#2,'design');
#32 = ADVANCED_BREP_SHAPE_REPRESENTATION('',(#11,#33),#6369);
#33 = MANIFOLD_SOLID_BREP('',#34);
#34 = CLOSED_SHELL('',(#35,#146,#193,#1166,#1689,#1765,#1870,#1965,#1992
    ,#2068,#2173,#2222,#2295,#2371,#2476,#2571,#2598,#2671,#2719,#2823,
    #2927,#3353,#3779,#3873,#3967,#4015,#4063,#4141,#4219,#4313,#4407,
    #4454,#4481,#4557,#4662,#4757,#4784,#4832,#4929,#4977,#5004,#5101,
    #5128,#5176,#5273,#5300,#5348,#5445,#5472,#5499,#5526,#5533,#5560,
    #5587,#5594,#5621,#5648,#5655,#5824,#5851,#5912,#5939,#6000,#6027,
    #6054,#6061,#6088,#6115,#6122,#6149,#6176,#6183,#6210,#6237,#6244,
    #6251,#6258,#6285,#6312,#6319,#6344));
#35 = ADVANCED_FACE('',(#36),#50,.T.);
#36 = FACE_BOUND('',#37,.F.);
#37 = EDGE_LOOP('',(#38,#71,#99,#120));
#38 = ORIENTED_EDGE('',*,*,#39,.T.);
#39 = EDGE_CURVE('',#40,#42,#44,.T.);
#40 = VERTEX_POINT('',#41);
#41 = CARTESIAN_POINT('',(-7.416511849101E-13,-31.59085112813,0.));
#42 = VERTEX_POINT('',#43);
#43 = CARTESIAN_POINT('',(-7.416511849101E-13,-31.59085112813,3.3528));
#44 = SURFACE_CURVE('',#45,(#49,#60),.PCURVE_S1.);
#45 = LINE('',#46,#47);
#46 = CARTESIAN_POINT('',(-7.416511849101E-13,-31.59085112813,0.));
#47 = VECTOR('',#48,1.);
#48 = DIRECTION('',(0.,0.,1.));
#49 = PCURVE('',#50,#55);
#50 = CYLINDRICAL_SURFACE('',#51,57.15);
#51 = AXIS2_PLACEMENT_3D('',#52,#53,#54);
#52 = CARTESIAN_POINT('',(47.625,0.,0.));
#53 = DIRECTION('',(-0.,-0.,-1.));
#54 = DIRECTION('',(-0.833333333333,-0.552770798393,0.));
#55 = DEFINITIONAL_REPRESENTATION('',(#56),#59);
#56 = B_SPLINE_CURVE_WITH_KNOTS('',1,(#57,#58),.UNSPECIFIED.,.F.,.F.,(2,
    2),(0.,3.3528),.PIECEWISE_BEZIER_KNOTS.);
#57 = CARTESIAN_POINT('',(0.,0.));
#58 = CARTESIAN_POINT('',(0.,-3.3528));
#59 = ( GEOMETRIC_REPRESENTATION_CONTEXT(2) 
PARAMETRIC_REPRESENTATION_CONTEXT() REPRESENTATION_CONTEXT('2D SPACE',''
  ) );
#60 = PCURVE('',#61,#66);
#61 = CYLINDRICAL_SURFACE('',#62,57.15);
#62 = AXIS2_PLACEMENT_3D('',#63,#64,#65);
#63 = CARTESIAN_POINT('',(-47.625,0.,0.));
#64 = DIRECTION('',(-0.,-0.,-1.));
#65 = DIRECTION('',(1.,0.,-0.));
#66 = DEFINITIONAL_REPRESENTATION('',(#67),#70);
#67 = B_SPLINE_CURVE_WITH_KNOTS('',1,(#68,#69),.UNSPECIFIED.,.F.,.F.,(2,
    2),(0.,3.3528),.PIECEWISE_BEZIER_KNOTS.);
#68 = CARTESIAN_POINT('',(-5.697499763722,0.));
#69 = CARTESIAN_POINT('',(-5.697499763722,-3.3528));
#70 = ( GEOMETRIC_REPRESENTATION_CONTEXT(2) 
PARAMETRIC_REPRESENTATION_CONTEXT() REPRESENTATION_CONTEXT('2D SPACE',''
  ) );
#71 = ORIENTED_EDGE('',*,*,#72,.T.);
#72 = EDGE_CURVE('',#42,#73,#75,.T.);
#73 = VERTEX_POINT('',#74);
#74 = CARTESIAN_POINT('',(-7.247313860148E-13,31.590851128138,3.3528));
#75 = SURFACE_CURVE('',#76,(#81,#87),.PCURVE_S1.);
#76 = CIRCLE('',#77,57.15);
#77 = AXIS2_PLACEMENT_3D('',#78,#79,#80);
#78 = CARTESIAN_POINT('',(47.625,0.,3.3528));
#79 = DIRECTION('',(0.,0.,1.));
#80 = DIRECTION('',(-0.833333333333,-0.552770798393,0.));
#81 = PCURVE('',#50,#82);
#82 = DEFINITIONAL_REPRESENTATION('',(#83),#86);
#83 = B_SPLINE_CURVE_WITH_KNOTS('',1,(#84,#85),.UNSPECIFIED.,.F.,.F.,(2,
    2),(0.,5.111814220265),.PIECEWISE_BEZIER_KNOTS.);
#84 = CARTESIAN_POINT('',(0.,-3.3528));
#85 = CARTESIAN_POINT('',(-5.111814220265,-3.3528));
#86 = ( GEOMETRIC_REPRESENTATION_CONTEXT(2) 
PARAMETRIC_REPRESENTATION_CONTEXT() REPRESENTATION_CONTEXT('2D SPACE',''
  ) );
#87 = PCURVE('',#88,#93);
#88 = PLANE('',#89);
#89 = AXIS2_PLACEMENT_3D('',#90,#91,#92);
#90 = CARTESIAN_POINT('',(-47.625,5.385487706847E-15,3.3528));
#91 = DIRECTION('',(0.,0.,1.));
#92 = DIRECTION('',(1.,0.,-0.));
#93 = DEFINITIONAL_REPRESENTATION('',(#94),#98);
#94 = CIRCLE('',#95,57.15);
#95 = AXIS2_PLACEMENT_2D('',#96,#97);
#96 = CARTESIAN_POINT('',(95.25,-5.385487706847E-15));
#97 = DIRECTION('',(-0.833333333333,-0.552770798393));
#98 = ( GEOMETRIC_REPRESENTATION_CONTEXT(2) 
PARAMETRIC_REPRESENTATION_CONTEXT() REPRESENTATION_CONTEXT('2D SPACE',''
  ) );
#99 = ORIENTED_EDGE('',*,*,#100,.F.);
#100 = EDGE_CURVE('',#101,#73,#103,.T.);
#101 = VERTEX_POINT('',#102);
#102 = CARTESIAN_POINT('',(-7.247313860148E-13,31.590851128138,0.));
#103 = SURFACE_CURVE('',#104,(#108,#114),.PCURVE_S1.);
#104 = LINE('',#105,#106);
#105 = CARTESIAN_POINT('',(-7.247313860148E-13,31.590851128138,0.));
#106 = VECTOR('',#107,1.);
#107 = DIRECTION('',(0.,0.,1.));
#108 = PCURVE('',#50,#109);
#109 = DEFINITIONAL_REPRESENTATION('',(#110),#113);
#110 = B_SPLINE_CURVE_WITH_KNOTS('',1,(#111,#112),.UNSPECIFIED.,.F.,.F.,
  (2,2),(0.,3.3528),.PIECEWISE_BEZIER_KNOTS.);
#111 = CARTESIAN_POINT('',(-5.111814220265,0.));
#112 = CARTESIAN_POINT('',(-5.111814220265,-3.3528));
#113 = ( GEOMETRIC_REPRESENTATION_CONTEXT(2) 
PARAMETRIC_REPRESENTATION_CONTEXT() REPRESENTATION_CONTEXT('2D SPACE',''
  ) );
#114 = PCURVE('',#61,#115);
#115 = DEFINITIONAL_REPRESENTATION('',(#116),#119);
#116 = B_SPLINE_CURVE_WITH_KNOTS('',1,(#117,#118),.UNSPECIFIED.,.F.,.F.,
  (2,2),(0.,3.3528),.PIECEWISE_BEZIER_KNOTS.);
#117 = CARTESIAN_POINT('',(-0.585685543457,0.));
#118 = CARTESIAN_POINT('',(-0.585685543457,-3.3528));
#119 = ( GEOMETRIC_REPRESENTATION_CONTEXT(2) 
PARAMETRIC_REPRESENTATION_CONTEXT() REPRESENTATION_CONTEXT('2D SPACE',''
  ) );
#120 = ORIENTED_EDGE('',*,*,#121,.F.);
#121 = EDGE_CURVE('',#40,#101,#122,.T.);
#122 = SURFACE_CURVE('',#123,(#128,#134),.PCURVE_S1.);
#123 = CIRCLE('',#124,57.15);
#124 = AXIS2_PLACEMENT_3D('',#125,#126,#127);
#125 = CARTESIAN_POINT('',(47.625,0.,0.));
#126 = DIRECTION('',(0.,0.,1.));
#127 = DIRECTION('',(-0.833333333333,-0.552770798393,0.));
#128 = PCURVE('',#50,#129);
#129 = DEFINITIONAL_REPRESENTATION('',(#130),#133);
#130 = B_SPLINE_CURVE_WITH_KNOTS('',1,(#131,#132),.UNSPECIFIED.,.F.,.F.,
  (2,2),(0.,5.111814220265),.PIECEWISE_BEZIER_KNOTS.);
#131 = CARTESIAN_POINT('',(0.,0.));
#132 = CARTESIAN_POINT('',(-5.111814220265,0.));
#133 = ( GEOMETRIC_REPRESENTATION_CONTEXT(2) 
PARAMETRIC_REPRESENTATION_CONTEXT() REPRESENTATION_CONTEXT('2D SPACE',''
  ) );
#134 = PCURVE('',#135,#140);
#135 = PLANE('',#136);
#136 = AXIS2_PLACEMENT_3D('',#137,#138,#139);
#137 = CARTESIAN_POINT('',(-47.625,5.385487706847E-15,0.));
#138 = DIRECTION('',(0.,0.,1.));
#139 = DIRECTION('',(1.,0.,-0.));
#140 = DEFINITIONAL_REPRESENTATION('',(#141),#145);
#141 = CIRCLE('',#142,57.15);
#142 = AXIS2_PLACEMENT_2D('',#143,#144);
#143 = CARTESIAN_POINT('',(95.25,-5.385487706847E-15));
#144 = DIRECTION('',(-0.833333333333,-0.552770798393));
#145 = ( GEOMETRIC_REPRESENTATION_CONTEXT(2) 
PARAMETRIC_REPRESENTATION_CONTEXT() REPRESENTATION_CONTEXT('2D SPACE',''
  ) );
#146 = ADVANCED_FACE('',(#147),#61,.T.);
#147 = FACE_BOUND('',#148,.F.);
#148 = EDGE_LOOP('',(#149,#150,#171,#172));
#149 = ORIENTED_EDGE('',*,*,#100,.T.);
#150 = ORIENTED_EDGE('',*,*,#151,.T.);
#151 = EDGE_CURVE('',#73,#42,#152,.T.);
#152 = SURFACE_CURVE('',#153,(#158,#164),.PCURVE_S1.);
#153 = CIRCLE('',#154,57.15);
#154 = AXIS2_PLACEMENT_3D('',#155,#156,#157);
#155 = CARTESIAN_POINT('',(-47.625,0.,3.3528));
#156 = DIRECTION('',(0.,0.,1.));
#157 = DIRECTION('',(1.,0.,-0.));
#158 = PCURVE('',#61,#159);
#159 = DEFINITIONAL_REPRESENTATION('',(#160),#163);
#160 = B_SPLINE_CURVE_WITH_KNOTS('',1,(#161,#162),.UNSPECIFIED.,.F.,.F.,
  (2,2),(0.585685543457,5.697499763722),.PIECEWISE_BEZIER_KNOTS.);
#161 = CARTESIAN_POINT('',(-0.585685543457,-3.3528));
#162 = CARTESIAN_POINT('',(-5.697499763722,-3.3528));
#163 = ( GEOMETRIC_REPRESENTATION_CONTEXT(2) 
PARAMETRIC_REPRESENTATION_CONTEXT() REPRESENTATION_CONTEXT('2D SPACE',''
  ) );
#164 = PCURVE('',#88,#165);
#165 = DEFINITIONAL_REPRESENTATION('',(#166),#170);
#166 = CIRCLE('',#167,57.15);
#167 = AXIS2_PLACEMENT_2D('',#168,#169);
#168 = CARTESIAN_POINT('',(0.,-5.385487706847E-15));
#169 = DIRECTION('',(1.,0.));
#170 = ( GEOMETRIC_REPRESENTATION_CONTEXT(2) 
PARAMETRIC_REPRESENTATION_CONTEXT() REPRESENTATION_CONTEXT('2D SPACE',''
  ) );
#171 = ORIENTED_EDGE('',*,*,#39,.F.);
#172 = ORIENTED_EDGE('',*,*,#173,.F.);
#173 = EDGE_CURVE('',#101,#40,#174,.T.);
#174 = SURFACE_CURVE('',#175,(#180,#186),.PCURVE_S1.);
#175 = CIRCLE('',#176,57.15);
#176 = AXIS2_PLACEMENT_3D('',#177,#178,#179);
#177 = CARTESIAN_POINT('',(-47.625,0.,0.));
#178 = DIRECTION('',(0.,0.,1.));
#179 = DIRECTION('',(1.,0.,-0.));
#180 = PCURVE('',#61,#181);
#181 = DEFINITIONAL_REPRESENTATION('',(#182),#185);
#182 = B_SPLINE_CURVE_WITH_KNOTS('',1,(#183,#184),.UNSPECIFIED.,.F.,.F.,
  (2,2),(0.585685543457,5.697499763722),.PIECEWISE_BEZIER_KNOTS.);
#183 = CARTESIAN_POINT('',(-0.585685543457,0.));
#184 = CARTESIAN_POINT('',(-5.697499763722,0.));
#185 = ( GEOMETRIC_REPRESENTATION_CONTEXT(2) 
PARAMETRIC_REPRESENTATION_CONTEXT() REPRESENTATION_CONTEXT('2D SPACE',''
  ) );
#186 = PCURVE('',#135,#187);
#187 = DEFINITIONAL_REPRESENTATION('',(#188),#192);
#188 = CIRCLE('',#189,57.15);
#189 = AXIS2_PLACEMENT_2D('',#190,#191);
#190 = CARTESIAN_POINT('',(0.,-5.385487706847E-15));
#191 = DIRECTION('',(1.,0.));
#192 = ( GEOMETRIC_REPRESENTATION_CONTEXT(2) 
PARAMETRIC_REPRESENTATION_CONTEXT() REPRESENTATION_CONTEXT('2D SPACE',''
  ) );
#193 = ADVANCED_FACE('',(#194,#198,#312,#426,#540,#1052),#135,.F.);
#194 = FACE_BOUND('',#195,.F.);
#195 = EDGE_LOOP('',(#196,#197));
#196 = ORIENTED_EDGE('',*,*,#121,.T.);
#197 = ORIENTED_EDGE('',*,*,#173,.T.);
#198 = FACE_BOUND('',#199,.F.);
#199 = EDGE_LOOP('',(#200,#230,#258,#286));
#200 = ORIENTED_EDGE('',*,*,#201,.T.);
#201 = EDGE_CURVE('',#202,#204,#206,.T.);
#202 = VERTEX_POINT('',#203);
#203 = CARTESIAN_POINT('',(-54.9275,-47.07464827685,0.));
#204 = VERTEX_POINT('',#205);
#205 = CARTESIAN_POINT('',(-37.1475,-47.07464827685,0.));
#206 = SURFACE_CURVE('',#207,(#211,#218),.PCURVE_S1.);
#207 = LINE('',#208,#209);
#208 = CARTESIAN_POINT('',(-42.38625,-47.07464827685,0.));
#209 = VECTOR('',#210,1.);
#210 = DIRECTION('',(1.,-1.224646799147E-16,0.));
#211 = PCURVE('',#135,#212);
#212 = DEFINITIONAL_REPRESENTATION('',(#213),#217);
#213 = LINE('',#214,#215);
#214 = CARTESIAN_POINT('',(5.23875,-47.07464827685));
#215 = VECTOR('',#216,1.);
#216 = DIRECTION('',(1.,-1.224646799147E-16));
#217 = ( GEOMETRIC_REPRESENTATION_CONTEXT(2) 
PARAMETRIC_REPRESENTATION_CONTEXT() REPRESENTATION_CONTEXT('2D SPACE',''
  ) );
#218 = PCURVE('',#219,#224);
#219 = PLANE('',#220);
#220 = AXIS2_PLACEMENT_3D('',#221,#222,#223);
#221 = CARTESIAN_POINT('',(-37.1475,-47.07464827685,-18.288));
#222 = DIRECTION('',(-1.224646799147E-16,-1.,0.));
#223 = DIRECTION('',(0.,0.,1.));
#224 = DEFINITIONAL_REPRESENTATION('',(#225),#229);
#225 = LINE('',#226,#227);
#226 = CARTESIAN_POINT('',(18.288,5.23875));
#227 = VECTOR('',#228,1.);
#228 = DIRECTION('',(0.,-1.));
#229 = ( GEOMETRIC_REPRESENTATION_CONTEXT(2) 
PARAMETRIC_REPRESENTATION_CONTEXT() REPRESENTATION_CONTEXT('2D SPACE',''
  ) );
#230 = ORIENTED_EDGE('',*,*,#231,.T.);
#231 = EDGE_CURVE('',#204,#232,#234,.T.);
#232 = VERTEX_POINT('',#233);
#233 = CARTESIAN_POINT('',(-37.1475,-48.72564827685,0.));
#234 = SURFACE_CURVE('',#235,(#239,#246),.PCURVE_S1.);
#235 = LINE('',#236,#237);
#236 = CARTESIAN_POINT('',(-37.1475,-23.53732413842,0.));
#237 = VECTOR('',#238,1.);
#238 = DIRECTION('',(-1.224646799147E-16,-1.,0.));
#239 = PCURVE('',#135,#240);
#240 = DEFINITIONAL_REPRESENTATION('',(#241),#245);
#241 = LINE('',#242,#243);
#242 = CARTESIAN_POINT('',(10.4775,-23.53732413842));
#243 = VECTOR('',#244,1.);
#244 = DIRECTION('',(-1.224646799147E-16,-1.));
#245 = ( GEOMETRIC_REPRESENTATION_CONTEXT(2) 
PARAMETRIC_REPRESENTATION_CONTEXT() REPRESENTATION_CONTEXT('2D SPACE',''
  ) );
#246 = PCURVE('',#247,#252);
#247 = PLANE('',#248);
#248 = AXIS2_PLACEMENT_3D('',#249,#250,#251);
#249 = CARTESIAN_POINT('',(-37.1475,-47.07464827685,-18.288));
#250 = DIRECTION('',(-1.,1.224646799147E-16,0.));
#251 = DIRECTION('',(0.,0.,1.));
#252 = DEFINITIONAL_REPRESENTATION('',(#253),#257);
#253 = LINE('',#254,#255);
#254 = CARTESIAN_POINT('',(18.288,23.537324138429));
#255 = VECTOR('',#256,1.);
#256 = DIRECTION('',(0.,-1.));
#257 = ( GEOMETRIC_REPRESENTATION_CONTEXT(2) 
PARAMETRIC_REPRESENTATION_CONTEXT() REPRESENTATION_CONTEXT('2D SPACE',''
  ) );
#258 = ORIENTED_EDGE('',*,*,#259,.F.);
#259 = EDGE_CURVE('',#260,#232,#262,.T.);
#260 = VERTEX_POINT('',#261);
#261 = CARTESIAN_POINT('',(-54.9275,-48.72564827685,0.));
#262 = SURFACE_CURVE('',#263,(#267,#274),.PCURVE_S1.);
#263 = LINE('',#264,#265);
#264 = CARTESIAN_POINT('',(-42.38625,-48.72564827685,0.));
#265 = VECTOR('',#266,1.);
#266 = DIRECTION('',(1.,-1.224646799147E-16,0.));
#267 = PCURVE('',#135,#268);
#268 = DEFINITIONAL_REPRESENTATION('',(#269),#273);
#269 = LINE('',#270,#271);
#270 = CARTESIAN_POINT('',(5.23875,-48.72564827685));
#271 = VECTOR('',#272,1.);
#272 = DIRECTION('',(1.,-1.224646799147E-16));
#273 = ( GEOMETRIC_REPRESENTATION_CONTEXT(2) 
PARAMETRIC_REPRESENTATION_CONTEXT() REPRESENTATION_CONTEXT('2D SPACE',''
  ) );
#274 = PCURVE('',#275,#280);
#275 = PLANE('',#276);
#276 = AXIS2_PLACEMENT_3D('',#277,#278,#279);
#277 = CARTESIAN_POINT('',(-37.1475,-48.72564827685,-18.288));
#278 = DIRECTION('',(-1.224646799147E-16,-1.,0.));
#279 = DIRECTION('',(0.,0.,1.));
#280 = DEFINITIONAL_REPRESENTATION('',(#281),#285);
#281 = LINE('',#282,#283);
#282 = CARTESIAN_POINT('',(18.288,5.23875));
#283 = VECTOR('',#284,1.);
#284 = DIRECTION('',(0.,-1.));
#285 = ( GEOMETRIC_REPRESENTATION_CONTEXT(2) 
PARAMETRIC_REPRESENTATION_CONTEXT() REPRESENTATION_CONTEXT('2D SPACE',''
  ) );
#286 = ORIENTED_EDGE('',*,*,#287,.F.);
#287 = EDGE_CURVE('',#202,#260,#288,.T.);
#288 = SURFACE_CURVE('',#289,(#293,#300),.PCURVE_S1.);
#289 = LINE('',#290,#291);
#290 = CARTESIAN_POINT('',(-54.9275,-23.53732413842,0.));
#291 = VECTOR('',#292,1.);
#292 = DIRECTION('',(-1.224646799147E-16,-1.,0.));
#293 = PCURVE('',#135,#294);
#294 = DEFINITIONAL_REPRESENTATION('',(#295),#299);
#295 = LINE('',#296,#297);
#296 = CARTESIAN_POINT('',(-7.3025,-23.53732413842));
#297 = VECTOR('',#298,1.);
#298 = DIRECTION('',(-1.224646799147E-16,-1.));
#299 = ( GEOMETRIC_REPRESENTATION_CONTEXT(2) 
PARAMETRIC_REPRESENTATION_CONTEXT() REPRESENTATION_CONTEXT('2D SPACE',''
  ) );
#300 = PCURVE('',#301,#306);
#301 = PLANE('',#302);
#302 = AXIS2_PLACEMENT_3D('',#303,#304,#305);
#303 = CARTESIAN_POINT('',(-54.9275,-47.07464827685,-18.288));
#304 = DIRECTION('',(-1.,1.224646799147E-16,0.));
#305 = DIRECTION('',(0.,0.,1.));
#306 = DEFINITIONAL_REPRESENTATION('',(#307),#311);
#307 = LINE('',#308,#309);
#308 = CARTESIAN_POINT('',(18.288,23.537324138429));
#309 = VECTOR('',#310,1.);
#310 = DIRECTION('',(0.,-1.));
#311 = ( GEOMETRIC_REPRESENTATION_CONTEXT(2) 
PARAMETRIC_REPRESENTATION_CONTEXT() REPRESENTATION_CONTEXT('2D SPACE',''
  ) );
#312 = FACE_BOUND('',#313,.F.);
#313 = EDGE_LOOP('',(#314,#344,#372,#400));
#314 = ORIENTED_EDGE('',*,*,#315,.T.);
#315 = EDGE_CURVE('',#316,#318,#320,.T.);
#316 = VERTEX_POINT('',#317);
#317 = CARTESIAN_POINT('',(37.1475,-47.07464827685,0.));
#318 = VERTEX_POINT('',#319);
#319 = CARTESIAN_POINT('',(54.9275,-47.07464827685,0.));
#320 = SURFACE_CURVE('',#321,(#325,#332),.PCURVE_S1.);
#321 = LINE('',#322,#323);
#322 = CARTESIAN_POINT('',(3.65125,-47.07464827685,0.));
#323 = VECTOR('',#324,1.);
#324 = DIRECTION('',(1.,-1.224646799147E-16,0.));
#325 = PCURVE('',#135,#326);
#326 = DEFINITIONAL_REPRESENTATION('',(#327),#331);
#327 = LINE('',#328,#329);
#328 = CARTESIAN_POINT('',(51.27625,-47.07464827685));
#329 = VECTOR('',#330,1.);
#330 = DIRECTION('',(1.,-1.224646799147E-16));
#331 = ( GEOMETRIC_REPRESENTATION_CONTEXT(2) 
PARAMETRIC_REPRESENTATION_CONTEXT() REPRESENTATION_CONTEXT('2D SPACE',''
  ) );
#332 = PCURVE('',#333,#338);
#333 = PLANE('',#334);
#334 = AXIS2_PLACEMENT_3D('',#335,#336,#337);
#335 = CARTESIAN_POINT('',(54.9275,-47.07464827685,-18.288));
#336 = DIRECTION('',(-1.224646799147E-16,-1.,0.));
#337 = DIRECTION('',(0.,0.,1.));
#338 = DEFINITIONAL_REPRESENTATION('',(#339),#343);
#339 = LINE('',#340,#341);
#340 = CARTESIAN_POINT('',(18.288,51.27625));
#341 = VECTOR('',#342,1.);
#342 = DIRECTION('',(0.,-1.));
#343 = ( GEOMETRIC_REPRESENTATION_CONTEXT(2) 
PARAMETRIC_REPRESENTATION_CONTEXT() REPRESENTATION_CONTEXT('2D SPACE',''
  ) );
#344 = ORIENTED_EDGE('',*,*,#345,.T.);
#345 = EDGE_CURVE('',#318,#346,#348,.T.);
#346 = VERTEX_POINT('',#347);
#347 = CARTESIAN_POINT('',(54.9275,-48.72564827685,0.));
#348 = SURFACE_CURVE('',#349,(#353,#360),.PCURVE_S1.);
#349 = LINE('',#350,#351);
#350 = CARTESIAN_POINT('',(54.9275,-23.53732413842,0.));
#351 = VECTOR('',#352,1.);
#352 = DIRECTION('',(-1.224646799147E-16,-1.,0.));
#353 = PCURVE('',#135,#354);
#354 = DEFINITIONAL_REPRESENTATION('',(#355),#359);
#355 = LINE('',#356,#357);
#356 = CARTESIAN_POINT('',(102.5525,-23.53732413842));
#357 = VECTOR('',#358,1.);
#358 = DIRECTION('',(-1.224646799147E-16,-1.));
#359 = ( GEOMETRIC_REPRESENTATION_CONTEXT(2) 
PARAMETRIC_REPRESENTATION_CONTEXT() REPRESENTATION_CONTEXT('2D SPACE',''
  ) );
#360 = PCURVE('',#361,#366);
#361 = PLANE('',#362);
#362 = AXIS2_PLACEMENT_3D('',#363,#364,#365);
#363 = CARTESIAN_POINT('',(54.9275,-47.07464827685,-18.288));
#364 = DIRECTION('',(-1.,1.224646799147E-16,0.));
#365 = DIRECTION('',(0.,0.,1.));
#366 = DEFINITIONAL_REPRESENTATION('',(#367),#371);
#367 = LINE('',#368,#369);
#368 = CARTESIAN_POINT('',(18.288,23.537324138429));
#369 = VECTOR('',#370,1.);
#370 = DIRECTION('',(0.,-1.));
#371 = ( GEOMETRIC_REPRESENTATION_CONTEXT(2) 
PARAMETRIC_REPRESENTATION_CONTEXT() REPRESENTATION_CONTEXT('2D SPACE',''
  ) );
#372 = ORIENTED_EDGE('',*,*,#373,.F.);
#373 = EDGE_CURVE('',#374,#346,#376,.T.);
#374 = VERTEX_POINT('',#375);
#375 = CARTESIAN_POINT('',(37.1475,-48.72564827685,0.));
#376 = SURFACE_CURVE('',#377,(#381,#388),.PCURVE_S1.);
#377 = LINE('',#378,#379);
#378 = CARTESIAN_POINT('',(3.65125,-48.72564827685,0.));
#379 = VECTOR('',#380,1.);
#380 = DIRECTION('',(1.,-1.224646799147E-16,0.));
#381 = PCURVE('',#135,#382);
#382 = DEFINITIONAL_REPRESENTATION('',(#383),#387);
#383 = LINE('',#384,#385);
#384 = CARTESIAN_POINT('',(51.27625,-48.72564827685));
#385 = VECTOR('',#386,1.);
#386 = DIRECTION('',(1.,-1.224646799147E-16));
#387 = ( GEOMETRIC_REPRESENTATION_CONTEXT(2) 
PARAMETRIC_REPRESENTATION_CONTEXT() REPRESENTATION_CONTEXT('2D SPACE',''
  ) );
#388 = PCURVE('',#389,#394);
#389 = PLANE('',#390);
#390 = AXIS2_PLACEMENT_3D('',#391,#392,#393);
#391 = CARTESIAN_POINT('',(54.9275,-48.72564827685,-18.288));
#392 = DIRECTION('',(-1.224646799147E-16,-1.,0.));
#393 = DIRECTION('',(0.,0.,1.));
#394 = DEFINITIONAL_REPRESENTATION('',(#395),#399);
#395 = LINE('',#396,#397);
#396 = CARTESIAN_POINT('',(18.288,51.27625));
#397 = VECTOR('',#398,1.);
#398 = DIRECTION('',(0.,-1.));
#399 = ( GEOMETRIC_REPRESENTATION_CONTEXT(2) 
PARAMETRIC_REPRESENTATION_CONTEXT() REPRESENTATION_CONTEXT('2D SPACE',''
  ) );
#400 = ORIENTED_EDGE('',*,*,#401,.F.);
#401 = EDGE_CURVE('',#316,#374,#402,.T.);
#402 = SURFACE_CURVE('',#403,(#407,#414),.PCURVE_S1.);
#403 = LINE('',#404,#405);
#404 = CARTESIAN_POINT('',(37.1475,-23.53732413842,0.));
#405 = VECTOR('',#406,1.);
#406 = DIRECTION('',(-1.224646799147E-16,-1.,0.));
#407 = PCURVE('',#135,#408);
#408 = DEFINITIONAL_REPRESENTATION('',(#409),#413);
#409 = LINE('',#410,#411);
#410 = CARTESIAN_POINT('',(84.7725,-23.53732413842));
#411 = VECTOR('',#412,1.);
#412 = DIRECTION('',(-1.224646799147E-16,-1.));
#413 = ( GEOMETRIC_REPRESENTATION_CONTEXT(2) 
PARAMETRIC_REPRESENTATION_CONTEXT() REPRESENTATION_CONTEXT('2D SPACE',''
  ) );
#414 = PCURVE('',#415,#420);
#415 = PLANE('',#416);
#416 = AXIS2_PLACEMENT_3D('',#417,#418,#419);
#417 = CARTESIAN_POINT('',(37.1475,-47.07464827685,-18.288));
#418 = DIRECTION('',(-1.,1.224646799147E-16,0.));
#419 = DIRECTION('',(0.,0.,1.));
#420 = DEFINITIONAL_REPRESENTATION('',(#421),#425);
#421 = LINE('',#422,#423);
#422 = CARTESIAN_POINT('',(18.288,23.537324138429));
#423 = VECTOR('',#424,1.);
#424 = DIRECTION('',(0.,-1.));
#425 = ( GEOMETRIC_REPRESENTATION_CONTEXT(2) 
PARAMETRIC_REPRESENTATION_CONTEXT() REPRESENTATION_CONTEXT('2D SPACE',''
  ) );
#426 = FACE_BOUND('',#427,.F.);
#427 = EDGE_LOOP('',(#428,#458,#486,#514));
#428 = ORIENTED_EDGE('',*,*,#429,.T.);
#429 = EDGE_CURVE('',#430,#432,#434,.T.);
#430 = VERTEX_POINT('',#431);
#431 = CARTESIAN_POINT('',(-37.1475,47.074648276857,0.));
#432 = VERTEX_POINT('',#433);
#433 = CARTESIAN_POINT('',(-54.9275,47.074648276857,0.));
#434 = SURFACE_CURVE('',#435,(#439,#446),.PCURVE_S1.);
#435 = LINE('',#436,#437);
#436 = CARTESIAN_POINT('',(-51.27625,47.074648276857,0.));
#437 = VECTOR('',#438,1.);
#438 = DIRECTION('',(-1.,0.,0.));
#439 = PCURVE('',#135,#440);
#440 = DEFINITIONAL_REPRESENTATION('',(#441),#445);
#441 = LINE('',#442,#443);
#442 = CARTESIAN_POINT('',(-3.65125,47.074648276857));
#443 = VECTOR('',#444,1.);
#444 = DIRECTION('',(-1.,0.));
#445 = ( GEOMETRIC_REPRESENTATION_CONTEXT(2) 
PARAMETRIC_REPRESENTATION_CONTEXT() REPRESENTATION_CONTEXT('2D SPACE',''
  ) );
#446 = PCURVE('',#447,#452);
#447 = PLANE('',#448);
#448 = AXIS2_PLACEMENT_3D('',#449,#450,#451);
#449 = CARTESIAN_POINT('',(-54.9275,47.074648276857,-18.288));
#450 = DIRECTION('',(0.,1.,0.));
#451 = DIRECTION('',(0.,0.,1.));
#452 = DEFINITIONAL_REPRESENTATION('',(#453),#457);
#453 = LINE('',#454,#455);
#454 = CARTESIAN_POINT('',(18.288,3.65125));
#455 = VECTOR('',#456,1.);
#456 = DIRECTION('',(0.,-1.));
#457 = ( GEOMETRIC_REPRESENTATION_CONTEXT(2) 
PARAMETRIC_REPRESENTATION_CONTEXT() REPRESENTATION_CONTEXT('2D SPACE',''
  ) );
#458 = ORIENTED_EDGE('',*,*,#459,.T.);
#459 = EDGE_CURVE('',#432,#460,#462,.T.);
#460 = VERTEX_POINT('',#461);
#461 = CARTESIAN_POINT('',(-54.9275,48.725648276857,0.));
#462 = SURFACE_CURVE('',#463,(#467,#474),.PCURVE_S1.);
#463 = LINE('',#464,#465);
#464 = CARTESIAN_POINT('',(-54.9275,23.537324138429,0.));
#465 = VECTOR('',#466,1.);
#466 = DIRECTION('',(0.,1.,0.));
#467 = PCURVE('',#135,#468);
#468 = DEFINITIONAL_REPRESENTATION('',(#469),#473);
#469 = LINE('',#470,#471);
#470 = CARTESIAN_POINT('',(-7.3025,23.537324138429));
#471 = VECTOR('',#472,1.);
#472 = DIRECTION('',(0.,1.));
#473 = ( GEOMETRIC_REPRESENTATION_CONTEXT(2) 
PARAMETRIC_REPRESENTATION_CONTEXT() REPRESENTATION_CONTEXT('2D SPACE',''
  ) );
#474 = PCURVE('',#475,#480);
#475 = PLANE('',#476);
#476 = AXIS2_PLACEMENT_3D('',#477,#478,#479);
#477 = CARTESIAN_POINT('',(-54.9275,47.074648276857,-18.288));
#478 = DIRECTION('',(1.,0.,0.));
#479 = DIRECTION('',(0.,0.,1.));
#480 = DEFINITIONAL_REPRESENTATION('',(#481),#485);
#481 = LINE('',#482,#483);
#482 = CARTESIAN_POINT('',(18.288,23.537324138429));
#483 = VECTOR('',#484,1.);
#484 = DIRECTION('',(0.,-1.));
#485 = ( GEOMETRIC_REPRESENTATION_CONTEXT(2) 
PARAMETRIC_REPRESENTATION_CONTEXT() REPRESENTATION_CONTEXT('2D SPACE',''
  ) );
#486 = ORIENTED_EDGE('',*,*,#487,.F.);
#487 = EDGE_CURVE('',#488,#460,#490,.T.);
#488 = VERTEX_POINT('',#489);
#489 = CARTESIAN_POINT('',(-37.1475,48.725648276857,0.));
#490 = SURFACE_CURVE('',#491,(#495,#502),.PCURVE_S1.);
#491 = LINE('',#492,#493);
#492 = CARTESIAN_POINT('',(-51.27625,48.725648276857,0.));
#493 = VECTOR('',#494,1.);
#494 = DIRECTION('',(-1.,0.,0.));
#495 = PCURVE('',#135,#496);
#496 = DEFINITIONAL_REPRESENTATION('',(#497),#501);
#497 = LINE('',#498,#499);
#498 = CARTESIAN_POINT('',(-3.65125,48.725648276857));
#499 = VECTOR('',#500,1.);
#500 = DIRECTION('',(-1.,0.));
#501 = ( GEOMETRIC_REPRESENTATION_CONTEXT(2) 
PARAMETRIC_REPRESENTATION_CONTEXT() REPRESENTATION_CONTEXT('2D SPACE',''
  ) );
#502 = PCURVE('',#503,#508);
#503 = PLANE('',#504);
#504 = AXIS2_PLACEMENT_3D('',#505,#506,#507);
#505 = CARTESIAN_POINT('',(-54.9275,48.725648276857,-18.288));
#506 = DIRECTION('',(0.,1.,0.));
#507 = DIRECTION('',(0.,0.,1.));
#508 = DEFINITIONAL_REPRESENTATION('',(#509),#513);
#509 = LINE('',#510,#511);
#510 = CARTESIAN_POINT('',(18.288,3.65125));
#511 = VECTOR('',#512,1.);
#512 = DIRECTION('',(0.,-1.));
#513 = ( GEOMETRIC_REPRESENTATION_CONTEXT(2) 
PARAMETRIC_REPRESENTATION_CONTEXT() REPRESENTATION_CONTEXT('2D SPACE',''
  ) );
#514 = ORIENTED_EDGE('',*,*,#515,.F.);
#515 = EDGE_CURVE('',#430,#488,#516,.T.);
#516 = SURFACE_CURVE('',#517,(#521,#528),.PCURVE_S1.);
#517 = LINE('',#518,#519);
#518 = CARTESIAN_POINT('',(-37.1475,23.537324138429,0.));
#519 = VECTOR('',#520,1.);
#520 = DIRECTION('',(0.,1.,0.));
#521 = PCURVE('',#135,#522);
#522 = DEFINITIONAL_REPRESENTATION('',(#523),#527);
#523 = LINE('',#524,#525);
#524 = CARTESIAN_POINT('',(10.4775,23.537324138429));
#525 = VECTOR('',#526,1.);
#526 = DIRECTION('',(0.,1.));
#527 = ( GEOMETRIC_REPRESENTATION_CONTEXT(2) 
PARAMETRIC_REPRESENTATION_CONTEXT() REPRESENTATION_CONTEXT('2D SPACE',''
  ) );
#528 = PCURVE('',#529,#534);
#529 = PLANE('',#530);
#530 = AXIS2_PLACEMENT_3D('',#531,#532,#533);
#531 = CARTESIAN_POINT('',(-37.1475,47.074648276857,-18.288));
#532 = DIRECTION('',(1.,0.,0.));
#533 = DIRECTION('',(0.,0.,1.));
#534 = DEFINITIONAL_REPRESENTATION('',(#535),#539);
#535 = LINE('',#536,#537);
#536 = CARTESIAN_POINT('',(18.288,23.537324138429));
#537 = VECTOR('',#538,1.);
#538 = DIRECTION('',(0.,-1.));
#539 = ( GEOMETRIC_REPRESENTATION_CONTEXT(2) 
PARAMETRIC_REPRESENTATION_CONTEXT() REPRESENTATION_CONTEXT('2D SPACE',''
  ) );
#540 = FACE_BOUND('',#541,.F.);
#541 = EDGE_LOOP('',(#542,#572,#600,#628,#660,#688,#716,#744,#771,#799,
    #827,#855,#883,#915,#943,#971,#999,#1026));
#542 = ORIENTED_EDGE('',*,*,#543,.F.);
#543 = EDGE_CURVE('',#544,#546,#548,.T.);
#544 = VERTEX_POINT('',#545);
#545 = CARTESIAN_POINT('',(-1.691979889529E-14,-13.60442115637,0.));
#546 = VERTEX_POINT('',#547);
#547 = CARTESIAN_POINT('',(35.6235,-48.05397900018,0.));
#548 = SURFACE_CURVE('',#549,(#554,#561),.PCURVE_S1.);
#549 = CIRCLE('',#550,49.53);
#550 = AXIS2_PLACEMENT_3D('',#551,#552,#553);
#551 = CARTESIAN_POINT('',(47.625,0.,0.));
#552 = DIRECTION('',(0.,0.,1.));
#553 = DIRECTION('',(-0.961538461538,-0.274670324175,0.));
#554 = PCURVE('',#135,#555);
#555 = DEFINITIONAL_REPRESENTATION('',(#556),#560);
#556 = CIRCLE('',#557,49.53);
#557 = AXIS2_PLACEMENT_2D('',#558,#559);
#558 = CARTESIAN_POINT('',(95.25,-5.385487706847E-15));
#559 = DIRECTION('',(-0.961538461538,-0.274670324175));
#560 = ( GEOMETRIC_REPRESENTATION_CONTEXT(2) 
PARAMETRIC_REPRESENTATION_CONTEXT() REPRESENTATION_CONTEXT('2D SPACE',''
  ) );
#561 = PCURVE('',#562,#567);
#562 = CYLINDRICAL_SURFACE('',#563,49.53);
#563 = AXIS2_PLACEMENT_3D('',#564,#565,#566);
#564 = CARTESIAN_POINT('',(47.625,0.,-17.78));
#565 = DIRECTION('',(-0.,-0.,-1.));
#566 = DIRECTION('',(-0.961538461538,-0.274670324175,0.));
#567 = DEFINITIONAL_REPRESENTATION('',(#568),#571);
#568 = B_SPLINE_CURVE_WITH_KNOTS('',1,(#569,#570),.UNSPECIFIED.,.F.,.F.,
  (2,2),(0.,1.047805781715),.PIECEWISE_BEZIER_KNOTS.);
#569 = CARTESIAN_POINT('',(0.,-17.78));
#570 = CARTESIAN_POINT('',(-1.047805781715,-17.78));
#571 = ( GEOMETRIC_REPRESENTATION_CONTEXT(2) 
PARAMETRIC_REPRESENTATION_CONTEXT() REPRESENTATION_CONTEXT('2D SPACE',''
  ) );
#572 = ORIENTED_EDGE('',*,*,#573,.F.);
#573 = EDGE_CURVE('',#574,#544,#576,.T.);
#574 = VERTEX_POINT('',#575);
#575 = CARTESIAN_POINT('',(-35.6235,-48.05397900018,0.));
#576 = SURFACE_CURVE('',#577,(#582,#589),.PCURVE_S1.);
#577 = CIRCLE('',#578,49.53);
#578 = AXIS2_PLACEMENT_3D('',#579,#580,#581);
#579 = CARTESIAN_POINT('',(-47.625,0.,0.));
#580 = DIRECTION('',(0.,0.,1.));
#581 = DIRECTION('',(1.,0.,-0.));
#582 = PCURVE('',#135,#583);
#583 = DEFINITIONAL_REPRESENTATION('',(#584),#588);
#584 = CIRCLE('',#585,49.53);
#585 = AXIS2_PLACEMENT_2D('',#586,#587);
#586 = CARTESIAN_POINT('',(0.,-5.385487706847E-15));
#587 = DIRECTION('',(1.,0.));
#588 = ( GEOMETRIC_REPRESENTATION_CONTEXT(2) 
PARAMETRIC_REPRESENTATION_CONTEXT() REPRESENTATION_CONTEXT('2D SPACE',''
  ) );
#589 = PCURVE('',#590,#595);
#590 = CYLINDRICAL_SURFACE('',#591,49.53);
#591 = AXIS2_PLACEMENT_3D('',#592,#593,#594);
#592 = CARTESIAN_POINT('',(-47.625,0.,-17.78));
#593 = DIRECTION('',(-0.,-0.,-1.));
#594 = DIRECTION('',(1.,0.,-0.));
#595 = DEFINITIONAL_REPRESENTATION('',(#596),#599);
#596 = B_SPLINE_CURVE_WITH_KNOTS('',1,(#597,#598),.UNSPECIFIED.,.F.,.F.,
  (2,2),(4.95713270273,6.004938484445),.PIECEWISE_BEZIER_KNOTS.);
#597 = CARTESIAN_POINT('',(-4.95713270273,-17.78));
#598 = CARTESIAN_POINT('',(-6.004938484445,-17.78));
#599 = ( GEOMETRIC_REPRESENTATION_CONTEXT(2) 
PARAMETRIC_REPRESENTATION_CONTEXT() REPRESENTATION_CONTEXT('2D SPACE',''
  ) );
#600 = ORIENTED_EDGE('',*,*,#601,.F.);
#601 = EDGE_CURVE('',#602,#574,#604,.T.);
#602 = VERTEX_POINT('',#603);
#603 = CARTESIAN_POINT('',(-35.6235,-40.81716578536,0.));
#604 = SURFACE_CURVE('',#605,(#609,#616),.PCURVE_S1.);
#605 = LINE('',#606,#607);
#606 = CARTESIAN_POINT('',(-35.6235,-40.259,1.110223024625E-15));
#607 = VECTOR('',#608,1.);
#608 = DIRECTION('',(-1.224646799147E-16,-1.,0.));
#609 = PCURVE('',#135,#610);
#610 = DEFINITIONAL_REPRESENTATION('',(#611),#615);
#611 = LINE('',#612,#613);
#612 = CARTESIAN_POINT('',(12.0015,-40.259));
#613 = VECTOR('',#614,1.);
#614 = DIRECTION('',(-1.224646799147E-16,-1.));
#615 = ( GEOMETRIC_REPRESENTATION_CONTEXT(2) 
PARAMETRIC_REPRESENTATION_CONTEXT() REPRESENTATION_CONTEXT('2D SPACE',''
  ) );
#616 = PCURVE('',#617,#622);
#617 = PLANE('',#618);
#618 = AXIS2_PLACEMENT_3D('',#619,#620,#621);
#619 = CARTESIAN_POINT('',(-35.6235,-40.259,-19.812));
#620 = DIRECTION('',(-1.,1.224646799147E-16,0.));
#621 = DIRECTION('',(0.,0.,1.));
#622 = DEFINITIONAL_REPRESENTATION('',(#623),#627);
#623 = LINE('',#624,#625);
#624 = CARTESIAN_POINT('',(19.812,0.));
#625 = VECTOR('',#626,1.);
#626 = DIRECTION('',(0.,-1.));
#627 = ( GEOMETRIC_REPRESENTATION_CONTEXT(2) 
PARAMETRIC_REPRESENTATION_CONTEXT() REPRESENTATION_CONTEXT('2D SPACE',''
  ) );
#628 = ORIENTED_EDGE('',*,*,#629,.T.);
#629 = EDGE_CURVE('',#602,#630,#632,.T.);
#630 = VERTEX_POINT('',#631);
#631 = CARTESIAN_POINT('',(-56.4515,-41.61934553485,0.));
#632 = SURFACE_CURVE('',#633,(#638,#649),.PCURVE_S1.);
#633 = CIRCLE('',#634,42.545);
#634 = AXIS2_PLACEMENT_3D('',#635,#636,#637);
#635 = CARTESIAN_POINT('',(-47.625,0.,0.));
#636 = DIRECTION('',(0.,-0.,-1.));
#637 = DIRECTION('',(1.,0.,-0.));
#638 = PCURVE('',#135,#639);
#639 = DEFINITIONAL_REPRESENTATION('',(#640),#648);
#640 = ( BOUNDED_CURVE() B_SPLINE_CURVE(2,(#641,#642,#643,#644,#645,#646
,#647),.UNSPECIFIED.,.T.,.F.) B_SPLINE_CURVE_WITH_KNOTS((1,2,2,2,2,1),(
    -2.094395102393,0.,2.094395102393,4.188790204786,6.28318530718,
8.377580409573),.UNSPECIFIED.) CURVE() GEOMETRIC_REPRESENTATION_ITEM() 
RATIONAL_B_SPLINE_CURVE((1.,0.5,1.,0.5,1.,0.5,1.)) REPRESENTATION_ITEM(
  '') );
#641 = CARTESIAN_POINT('',(42.545,-5.385487706847E-15));
#642 = CARTESIAN_POINT('',(42.545,-73.69010160801));
#643 = CARTESIAN_POINT('',(-21.2725,-36.845050804));
#644 = CARTESIAN_POINT('',(-85.09,-1.580600732079E-14));
#645 = CARTESIAN_POINT('',(-21.2725,36.845050804009));
#646 = CARTESIAN_POINT('',(42.545,73.690101608018));
#647 = CARTESIAN_POINT('',(42.545,-5.385487706847E-15));
#648 = ( GEOMETRIC_REPRESENTATION_CONTEXT(2) 
PARAMETRIC_REPRESENTATION_CONTEXT() REPRESENTATION_CONTEXT('2D SPACE',''
  ) );
#649 = PCURVE('',#650,#655);
#650 = CYLINDRICAL_SURFACE('',#651,42.545);
#651 = AXIS2_PLACEMENT_3D('',#652,#653,#654);
#652 = CARTESIAN_POINT('',(-47.625,0.,-13.97));
#653 = DIRECTION('',(-0.,-0.,-1.));
#654 = DIRECTION('',(1.,0.,-0.));
#655 = DEFINITIONAL_REPRESENTATION('',(#656),#659);
#656 = B_SPLINE_CURVE_WITH_KNOTS('',1,(#657,#658),.UNSPECIFIED.,.F.,.F.,
  (2,2),(1.284824907602,1.779776824138),.PIECEWISE_BEZIER_KNOTS.);
#657 = CARTESIAN_POINT('',(-4.998360399577,-13.97));
#658 = CARTESIAN_POINT('',(-4.503408483042,-13.97));
#659 = ( GEOMETRIC_REPRESENTATION_CONTEXT(2) 
PARAMETRIC_REPRESENTATION_CONTEXT() REPRESENTATION_CONTEXT('2D SPACE',''
  ) );
#660 = ORIENTED_EDGE('',*,*,#661,.T.);
#661 = EDGE_CURVE('',#630,#662,#664,.T.);
#662 = VERTEX_POINT('',#663);
#663 = CARTESIAN_POINT('',(-56.4515,-48.73719111469,0.));
#664 = SURFACE_CURVE('',#665,(#669,#676),.PCURVE_S1.);
#665 = LINE('',#666,#667);
#666 = CARTESIAN_POINT('',(-56.4515,-40.259,1.110223024625E-15));
#667 = VECTOR('',#668,1.);
#668 = DIRECTION('',(-1.224646799147E-16,-1.,0.));
#669 = PCURVE('',#135,#670);
#670 = DEFINITIONAL_REPRESENTATION('',(#671),#675);
#671 = LINE('',#672,#673);
#672 = CARTESIAN_POINT('',(-8.8265,-40.259));
#673 = VECTOR('',#674,1.);
#674 = DIRECTION('',(-1.224646799147E-16,-1.));
#675 = ( GEOMETRIC_REPRESENTATION_CONTEXT(2) 
PARAMETRIC_REPRESENTATION_CONTEXT() REPRESENTATION_CONTEXT('2D SPACE',''
  ) );
#676 = PCURVE('',#677,#682);
#677 = PLANE('',#678);
#678 = AXIS2_PLACEMENT_3D('',#679,#680,#681);
#679 = CARTESIAN_POINT('',(-56.4515,-40.259,-19.812));
#680 = DIRECTION('',(-1.,1.224646799147E-16,0.));
#681 = DIRECTION('',(0.,0.,1.));
#682 = DEFINITIONAL_REPRESENTATION('',(#683),#687);
#683 = LINE('',#684,#685);
#684 = CARTESIAN_POINT('',(19.812,0.));
#685 = VECTOR('',#686,1.);
#686 = DIRECTION('',(0.,-1.));
#687 = ( GEOMETRIC_REPRESENTATION_CONTEXT(2) 
PARAMETRIC_REPRESENTATION_CONTEXT() REPRESENTATION_CONTEXT('2D SPACE',''
  ) );
#688 = ORIENTED_EDGE('',*,*,#689,.F.);
#689 = EDGE_CURVE('',#690,#662,#692,.T.);
#690 = VERTEX_POINT('',#691);
#691 = CARTESIAN_POINT('',(-56.4515,48.737191114692,0.));
#692 = SURFACE_CURVE('',#693,(#698,#705),.PCURVE_S1.);
#693 = CIRCLE('',#694,49.53);
#694 = AXIS2_PLACEMENT_3D('',#695,#696,#697);
#695 = CARTESIAN_POINT('',(-47.625,0.,0.));
#696 = DIRECTION('',(0.,0.,1.));
#697 = DIRECTION('',(1.,0.,-0.));
#698 = PCURVE('',#135,#699);
#699 = DEFINITIONAL_REPRESENTATION('',(#700),#704);
#700 = CIRCLE('',#701,49.53);
#701 = AXIS2_PLACEMENT_2D('',#702,#703);
#702 = CARTESIAN_POINT('',(0.,-5.385487706847E-15));
#703 = DIRECTION('',(1.,0.));
#704 = ( GEOMETRIC_REPRESENTATION_CONTEXT(2) 
PARAMETRIC_REPRESENTATION_CONTEXT() REPRESENTATION_CONTEXT('2D SPACE',''
  ) );
#705 = PCURVE('',#706,#711);
#706 = CYLINDRICAL_SURFACE('',#707,49.53);
#707 = AXIS2_PLACEMENT_3D('',#708,#709,#710);
#708 = CARTESIAN_POINT('',(-47.625,0.,-17.78));
#709 = DIRECTION('',(-0.,-0.,-1.));
#710 = DIRECTION('',(1.,0.,-0.));
#711 = DEFINITIONAL_REPRESENTATION('',(#712),#715);
#712 = B_SPLINE_CURVE_WITH_KNOTS('',1,(#713,#714),.UNSPECIFIED.,.F.,.F.,
  (2,2),(1.749958406631,4.533226900548),.PIECEWISE_BEZIER_KNOTS.);
#713 = CARTESIAN_POINT('',(-1.749958406631,-17.78));
#714 = CARTESIAN_POINT('',(-4.533226900548,-17.78));
#715 = ( GEOMETRIC_REPRESENTATION_CONTEXT(2) 
PARAMETRIC_REPRESENTATION_CONTEXT() REPRESENTATION_CONTEXT('2D SPACE',''
  ) );
#716 = ORIENTED_EDGE('',*,*,#717,.F.);
#717 = EDGE_CURVE('',#718,#690,#720,.T.);
#718 = VERTEX_POINT('',#719);
#719 = CARTESIAN_POINT('',(-56.4515,41.619345534859,0.));
#720 = SURFACE_CURVE('',#721,(#725,#732),.PCURVE_S1.);
#721 = LINE('',#722,#723);
#722 = CARTESIAN_POINT('',(-56.4515,40.259,1.110223024625E-15));
#723 = VECTOR('',#724,1.);
#724 = DIRECTION('',(0.,1.,0.));
#725 = PCURVE('',#135,#726);
#726 = DEFINITIONAL_REPRESENTATION('',(#727),#731);
#727 = LINE('',#728,#729);
#728 = CARTESIAN_POINT('',(-8.8265,40.259));
#729 = VECTOR('',#730,1.);
#730 = DIRECTION('',(0.,1.));
#731 = ( GEOMETRIC_REPRESENTATION_CONTEXT(2) 
PARAMETRIC_REPRESENTATION_CONTEXT() REPRESENTATION_CONTEXT('2D SPACE',''
  ) );
#732 = PCURVE('',#733,#738);
#733 = PLANE('',#734);
#734 = AXIS2_PLACEMENT_3D('',#735,#736,#737);
#735 = CARTESIAN_POINT('',(-56.4515,40.259,-19.812));
#736 = DIRECTION('',(1.,0.,0.));
#737 = DIRECTION('',(0.,0.,1.));
#738 = DEFINITIONAL_REPRESENTATION('',(#739),#743);
#739 = LINE('',#740,#741);
#740 = CARTESIAN_POINT('',(19.812,0.));
#741 = VECTOR('',#742,1.);
#742 = DIRECTION('',(0.,-1.));
#743 = ( GEOMETRIC_REPRESENTATION_CONTEXT(2) 
PARAMETRIC_REPRESENTATION_CONTEXT() REPRESENTATION_CONTEXT('2D SPACE',''
  ) );
#744 = ORIENTED_EDGE('',*,*,#745,.T.);
#745 = EDGE_CURVE('',#718,#746,#748,.T.);
#746 = VERTEX_POINT('',#747);
#747 = CARTESIAN_POINT('',(-35.6235,40.817165785365,0.));
#748 = SURFACE_CURVE('',#749,(#754,#765),.PCURVE_S1.);
#749 = CIRCLE('',#750,42.545);
#750 = AXIS2_PLACEMENT_3D('',#751,#752,#753);
#751 = CARTESIAN_POINT('',(-47.625,0.,0.));
#752 = DIRECTION('',(0.,-0.,-1.));
#753 = DIRECTION('',(1.,0.,-0.));
#754 = PCURVE('',#135,#755);
#755 = DEFINITIONAL_REPRESENTATION('',(#756),#764);
#756 = ( BOUNDED_CURVE() B_SPLINE_CURVE(2,(#757,#758,#759,#760,#761,#762
,#763),.UNSPECIFIED.,.T.,.F.) B_SPLINE_CURVE_WITH_KNOTS((1,2,2,2,2,1),(
    -2.094395102393,0.,2.094395102393,4.188790204786,6.28318530718,
8.377580409573),.UNSPECIFIED.) CURVE() GEOMETRIC_REPRESENTATION_ITEM() 
RATIONAL_B_SPLINE_CURVE((1.,0.5,1.,0.5,1.,0.5,1.)) REPRESENTATION_ITEM(
  '') );
#757 = CARTESIAN_POINT('',(42.545,-5.385487706847E-15));
#758 = CARTESIAN_POINT('',(42.545,-73.69010160801));
#759 = CARTESIAN_POINT('',(-21.2725,-36.845050804));
#760 = CARTESIAN_POINT('',(-85.09,-1.580600732079E-14));
#761 = CARTESIAN_POINT('',(-21.2725,36.845050804009));
#762 = CARTESIAN_POINT('',(42.545,73.690101608018));
#763 = CARTESIAN_POINT('',(42.545,-5.385487706847E-15));
#764 = ( GEOMETRIC_REPRESENTATION_CONTEXT(2) 
PARAMETRIC_REPRESENTATION_CONTEXT() REPRESENTATION_CONTEXT('2D SPACE',''
  ) );
#765 = PCURVE('',#650,#766);
#766 = DEFINITIONAL_REPRESENTATION('',(#767),#770);
#767 = B_SPLINE_CURVE_WITH_KNOTS('',1,(#768,#769),.UNSPECIFIED.,.F.,.F.,
  (2,2),(4.503408483042,4.998360399577),.PIECEWISE_BEZIER_KNOTS.);
#768 = CARTESIAN_POINT('',(-1.779776824138,-13.97));
#769 = CARTESIAN_POINT('',(-1.284824907602,-13.97));
#770 = ( GEOMETRIC_REPRESENTATION_CONTEXT(2) 
PARAMETRIC_REPRESENTATION_CONTEXT() REPRESENTATION_CONTEXT('2D SPACE',''
  ) );
#771 = ORIENTED_EDGE('',*,*,#772,.T.);
#772 = EDGE_CURVE('',#746,#773,#775,.T.);
#773 = VERTEX_POINT('',#774);
#774 = CARTESIAN_POINT('',(-35.6235,48.053979000183,0.));
#775 = SURFACE_CURVE('',#776,(#780,#787),.PCURVE_S1.);
#776 = LINE('',#777,#778);
#777 = CARTESIAN_POINT('',(-35.6235,40.259,1.110223024625E-15));
#778 = VECTOR('',#779,1.);
#779 = DIRECTION('',(0.,1.,0.));
#780 = PCURVE('',#135,#781);
#781 = DEFINITIONAL_REPRESENTATION('',(#782),#786);
#782 = LINE('',#783,#784);
#783 = CARTESIAN_POINT('',(12.0015,40.259));
#784 = VECTOR('',#785,1.);
#785 = DIRECTION('',(0.,1.));
#786 = ( GEOMETRIC_REPRESENTATION_CONTEXT(2) 
PARAMETRIC_REPRESENTATION_CONTEXT() REPRESENTATION_CONTEXT('2D SPACE',''
  ) );
#787 = PCURVE('',#788,#793);
#788 = PLANE('',#789);
#789 = AXIS2_PLACEMENT_3D('',#790,#791,#792);
#790 = CARTESIAN_POINT('',(-35.6235,40.259,-19.812));
#791 = DIRECTION('',(1.,0.,0.));
#792 = DIRECTION('',(0.,0.,1.));
#793 = DEFINITIONAL_REPRESENTATION('',(#794),#798);
#794 = LINE('',#795,#796);
#795 = CARTESIAN_POINT('',(19.812,0.));
#796 = VECTOR('',#797,1.);
#797 = DIRECTION('',(0.,-1.));
#798 = ( GEOMETRIC_REPRESENTATION_CONTEXT(2) 
PARAMETRIC_REPRESENTATION_CONTEXT() REPRESENTATION_CONTEXT('2D SPACE',''
  ) );
#799 = ORIENTED_EDGE('',*,*,#800,.F.);
#800 = EDGE_CURVE('',#801,#773,#803,.T.);
#801 = VERTEX_POINT('',#802);
#802 = CARTESIAN_POINT('',(-1.691979889529E-14,13.604421156375,0.));
#803 = SURFACE_CURVE('',#804,(#809,#816),.PCURVE_S1.);
#804 = CIRCLE('',#805,49.53);
#805 = AXIS2_PLACEMENT_3D('',#806,#807,#808);
#806 = CARTESIAN_POINT('',(-47.625,0.,0.));
#807 = DIRECTION('',(0.,0.,1.));
#808 = DIRECTION('',(1.,0.,-0.));
#809 = PCURVE('',#135,#810);
#810 = DEFINITIONAL_REPRESENTATION('',(#811),#815);
#811 = CIRCLE('',#812,49.53);
#812 = AXIS2_PLACEMENT_2D('',#813,#814);
#813 = CARTESIAN_POINT('',(0.,-5.385487706847E-15));
#814 = DIRECTION('',(1.,0.));
#815 = ( GEOMETRIC_REPRESENTATION_CONTEXT(2) 
PARAMETRIC_REPRESENTATION_CONTEXT() REPRESENTATION_CONTEXT('2D SPACE',''
  ) );
#816 = PCURVE('',#817,#822);
#817 = CYLINDRICAL_SURFACE('',#818,49.53);
#818 = AXIS2_PLACEMENT_3D('',#819,#820,#821);
#819 = CARTESIAN_POINT('',(-47.625,0.,-17.78));
#820 = DIRECTION('',(-0.,-0.,-1.));
#821 = DIRECTION('',(1.,0.,-0.));
#822 = DEFINITIONAL_REPRESENTATION('',(#823),#826);
#823 = B_SPLINE_CURVE_WITH_KNOTS('',1,(#824,#825),.UNSPECIFIED.,.F.,.F.,
  (2,2),(0.278246822735,1.326052604449),.PIECEWISE_BEZIER_KNOTS.);
#824 = CARTESIAN_POINT('',(-0.278246822735,-17.78));
#825 = CARTESIAN_POINT('',(-1.326052604449,-17.78));
#826 = ( GEOMETRIC_REPRESENTATION_CONTEXT(2) 
PARAMETRIC_REPRESENTATION_CONTEXT() REPRESENTATION_CONTEXT('2D SPACE',''
  ) );
#827 = ORIENTED_EDGE('',*,*,#828,.F.);
#828 = EDGE_CURVE('',#829,#801,#831,.T.);
#829 = VERTEX_POINT('',#830);
#830 = CARTESIAN_POINT('',(35.623500000001,48.053979000183,0.));
#831 = SURFACE_CURVE('',#832,(#837,#844),.PCURVE_S1.);
#832 = CIRCLE('',#833,49.53);
#833 = AXIS2_PLACEMENT_3D('',#834,#835,#836);
#834 = CARTESIAN_POINT('',(47.625,0.,0.));
#835 = DIRECTION('',(0.,0.,1.));
#836 = DIRECTION('',(-0.961538461538,-0.274670324175,0.));
#837 = PCURVE('',#135,#838);
#838 = DEFINITIONAL_REPRESENTATION('',(#839),#843);
#839 = CIRCLE('',#840,49.53);
#840 = AXIS2_PLACEMENT_2D('',#841,#842);
#841 = CARTESIAN_POINT('',(95.25,-5.385487706847E-15));
#842 = DIRECTION('',(-0.961538461538,-0.274670324175));
#843 = ( GEOMETRIC_REPRESENTATION_CONTEXT(2) 
PARAMETRIC_REPRESENTATION_CONTEXT() REPRESENTATION_CONTEXT('2D SPACE',''
  ) );
#844 = PCURVE('',#845,#850);
#845 = CYLINDRICAL_SURFACE('',#846,49.53);
#846 = AXIS2_PLACEMENT_3D('',#847,#848,#849);
#847 = CARTESIAN_POINT('',(47.625,0.,-17.78));
#848 = DIRECTION('',(-0.,-0.,-1.));
#849 = DIRECTION('',(-0.961538461538,-0.274670324175,0.));
#850 = DEFINITIONAL_REPRESENTATION('',(#851),#854);
#851 = B_SPLINE_CURVE_WITH_KNOTS('',1,(#852,#853),.UNSPECIFIED.,.F.,.F.,
  (2,2),(4.678885879995,5.72669166171),.PIECEWISE_BEZIER_KNOTS.);
#852 = CARTESIAN_POINT('',(-4.678885879995,-17.78));
#853 = CARTESIAN_POINT('',(-5.72669166171,-17.78));
#854 = ( GEOMETRIC_REPRESENTATION_CONTEXT(2) 
PARAMETRIC_REPRESENTATION_CONTEXT() REPRESENTATION_CONTEXT('2D SPACE',''
  ) );
#855 = ORIENTED_EDGE('',*,*,#856,.F.);
#856 = EDGE_CURVE('',#857,#829,#859,.T.);
#857 = VERTEX_POINT('',#858);
#858 = CARTESIAN_POINT('',(35.6235,40.817165785365,0.));
#859 = SURFACE_CURVE('',#860,(#864,#871),.PCURVE_S1.);
#860 = LINE('',#861,#862);
#861 = CARTESIAN_POINT('',(35.6235,40.259,1.110223024625E-15));
#862 = VECTOR('',#863,1.);
#863 = DIRECTION('',(0.,1.,0.));
#864 = PCURVE('',#135,#865);
#865 = DEFINITIONAL_REPRESENTATION('',(#866),#870);
#866 = LINE('',#867,#868);
#867 = CARTESIAN_POINT('',(83.2485,40.259));
#868 = VECTOR('',#869,1.);
#869 = DIRECTION('',(0.,1.));
#870 = ( GEOMETRIC_REPRESENTATION_CONTEXT(2) 
PARAMETRIC_REPRESENTATION_CONTEXT() REPRESENTATION_CONTEXT('2D SPACE',''
  ) );
#871 = PCURVE('',#872,#877);
#872 = PLANE('',#873);
#873 = AXIS2_PLACEMENT_3D('',#874,#875,#876);
#874 = CARTESIAN_POINT('',(35.6235,40.259,-19.812));
#875 = DIRECTION('',(1.,0.,0.));
#876 = DIRECTION('',(0.,0.,1.));
#877 = DEFINITIONAL_REPRESENTATION('',(#878),#882);
#878 = LINE('',#879,#880);
#879 = CARTESIAN_POINT('',(19.812,0.));
#880 = VECTOR('',#881,1.);
#881 = DIRECTION('',(0.,-1.));
#882 = ( GEOMETRIC_REPRESENTATION_CONTEXT(2) 
PARAMETRIC_REPRESENTATION_CONTEXT() REPRESENTATION_CONTEXT('2D SPACE',''
  ) );
#883 = ORIENTED_EDGE('',*,*,#884,.T.);
#884 = EDGE_CURVE('',#857,#885,#887,.T.);
#885 = VERTEX_POINT('',#886);
#886 = CARTESIAN_POINT('',(56.4515,41.619345534859,0.));
#887 = SURFACE_CURVE('',#888,(#893,#904),.PCURVE_S1.);
#888 = CIRCLE('',#889,42.545);
#889 = AXIS2_PLACEMENT_3D('',#890,#891,#892);
#890 = CARTESIAN_POINT('',(47.625,0.,0.));
#891 = DIRECTION('',(0.,-0.,-1.));
#892 = DIRECTION('',(1.,0.,-0.));
#893 = PCURVE('',#135,#894);
#894 = DEFINITIONAL_REPRESENTATION('',(#895),#903);
#895 = ( BOUNDED_CURVE() B_SPLINE_CURVE(2,(#896,#897,#898,#899,#900,#901
,#902),.UNSPECIFIED.,.T.,.F.) B_SPLINE_CURVE_WITH_KNOTS((1,2,2,2,2,1),(
    -2.094395102393,0.,2.094395102393,4.188790204786,6.28318530718,
8.377580409573),.UNSPECIFIED.) CURVE() GEOMETRIC_REPRESENTATION_ITEM() 
RATIONAL_B_SPLINE_CURVE((1.,0.5,1.,0.5,1.,0.5,1.)) REPRESENTATION_ITEM(
  '') );
#896 = CARTESIAN_POINT('',(137.795,-5.385487706847E-15));
#897 = CARTESIAN_POINT('',(137.795,-73.69010160801));
#898 = CARTESIAN_POINT('',(73.9775,-36.845050804));
#899 = CARTESIAN_POINT('',(10.16,-1.580600732079E-14));
#900 = CARTESIAN_POINT('',(73.9775,36.845050804009));
#901 = CARTESIAN_POINT('',(137.795,73.690101608018));
#902 = CARTESIAN_POINT('',(137.795,-5.385487706847E-15));
#903 = ( GEOMETRIC_REPRESENTATION_CONTEXT(2) 
PARAMETRIC_REPRESENTATION_CONTEXT() REPRESENTATION_CONTEXT('2D SPACE',''
  ) );
#904 = PCURVE('',#905,#910);
#905 = CYLINDRICAL_SURFACE('',#906,42.545);
#906 = AXIS2_PLACEMENT_3D('',#907,#908,#909);
#907 = CARTESIAN_POINT('',(47.625,0.,-13.97));
#908 = DIRECTION('',(-0.,-0.,-1.));
#909 = DIRECTION('',(1.,0.,-0.));
#910 = DEFINITIONAL_REPRESENTATION('',(#911),#914);
#911 = B_SPLINE_CURVE_WITH_KNOTS('',1,(#912,#913),.UNSPECIFIED.,.F.,.F.,
  (2,2),(4.426417561192,4.921369477727),.PIECEWISE_BEZIER_KNOTS.);
#912 = CARTESIAN_POINT('',(-1.856767745988,-13.97));
#913 = CARTESIAN_POINT('',(-1.361815829452,-13.97));
#914 = ( GEOMETRIC_REPRESENTATION_CONTEXT(2) 
PARAMETRIC_REPRESENTATION_CONTEXT() REPRESENTATION_CONTEXT('2D SPACE',''
  ) );
#915 = ORIENTED_EDGE('',*,*,#916,.T.);
#916 = EDGE_CURVE('',#885,#917,#919,.T.);
#917 = VERTEX_POINT('',#918);
#918 = CARTESIAN_POINT('',(56.451500000001,48.737191114692,0.));
#919 = SURFACE_CURVE('',#920,(#924,#931),.PCURVE_S1.);
#920 = LINE('',#921,#922);
#921 = CARTESIAN_POINT('',(56.4515,40.259,1.110223024625E-15));
#922 = VECTOR('',#923,1.);
#923 = DIRECTION('',(0.,1.,0.));
#924 = PCURVE('',#135,#925);
#925 = DEFINITIONAL_REPRESENTATION('',(#926),#930);
#926 = LINE('',#927,#928);
#927 = CARTESIAN_POINT('',(104.0765,40.259));
#928 = VECTOR('',#929,1.);
#929 = DIRECTION('',(0.,1.));
#930 = ( GEOMETRIC_REPRESENTATION_CONTEXT(2) 
PARAMETRIC_REPRESENTATION_CONTEXT() REPRESENTATION_CONTEXT('2D SPACE',''
  ) );
#931 = PCURVE('',#932,#937);
#932 = PLANE('',#933);
#933 = AXIS2_PLACEMENT_3D('',#934,#935,#936);
#934 = CARTESIAN_POINT('',(56.4515,40.259,-19.812));
#935 = DIRECTION('',(1.,0.,0.));
#936 = DIRECTION('',(0.,0.,1.));
#937 = DEFINITIONAL_REPRESENTATION('',(#938),#942);
#938 = LINE('',#939,#940);
#939 = CARTESIAN_POINT('',(19.812,0.));
#940 = VECTOR('',#941,1.);
#941 = DIRECTION('',(0.,-1.));
#942 = ( GEOMETRIC_REPRESENTATION_CONTEXT(2) 
PARAMETRIC_REPRESENTATION_CONTEXT() REPRESENTATION_CONTEXT('2D SPACE',''
  ) );
#943 = ORIENTED_EDGE('',*,*,#944,.F.);
#944 = EDGE_CURVE('',#945,#917,#947,.T.);
#945 = VERTEX_POINT('',#946);
#946 = CARTESIAN_POINT('',(56.451500000001,-48.73719111469,0.));
#947 = SURFACE_CURVE('',#948,(#953,#960),.PCURVE_S1.);
#948 = CIRCLE('',#949,49.53);
#949 = AXIS2_PLACEMENT_3D('',#950,#951,#952);
#950 = CARTESIAN_POINT('',(47.625,0.,0.));
#951 = DIRECTION('',(0.,0.,1.));
#952 = DIRECTION('',(-0.961538461538,-0.274670324175,0.));
#953 = PCURVE('',#135,#954);
#954 = DEFINITIONAL_REPRESENTATION('',(#955),#959);
#955 = CIRCLE('',#956,49.53);
#956 = AXIS2_PLACEMENT_2D('',#957,#958);
#957 = CARTESIAN_POINT('',(95.25,-5.385487706847E-15));
#958 = DIRECTION('',(-0.961538461538,-0.274670324175));
#959 = ( GEOMETRIC_REPRESENTATION_CONTEXT(2) 
PARAMETRIC_REPRESENTATION_CONTEXT() REPRESENTATION_CONTEXT('2D SPACE',''
  ) );
#960 = PCURVE('',#961,#966);
#961 = CYLINDRICAL_SURFACE('',#962,49.53);
#962 = AXIS2_PLACEMENT_3D('',#963,#964,#965);
#963 = CARTESIAN_POINT('',(47.625,0.,-17.78));
#964 = DIRECTION('',(-0.,-0.,-1.));
#965 = DIRECTION('',(-0.961538461538,-0.274670324175,0.));
#966 = DEFINITIONAL_REPRESENTATION('',(#967),#970);
#967 = B_SPLINE_CURVE_WITH_KNOTS('',1,(#968,#969),.UNSPECIFIED.,.F.,.F.,
  (2,2),(1.471711583897,4.254980077813),.PIECEWISE_BEZIER_KNOTS.);
#968 = CARTESIAN_POINT('',(-1.471711583897,-17.78));
#969 = CARTESIAN_POINT('',(-4.254980077813,-17.78));
#970 = ( GEOMETRIC_REPRESENTATION_CONTEXT(2) 
PARAMETRIC_REPRESENTATION_CONTEXT() REPRESENTATION_CONTEXT('2D SPACE',''
  ) );
#971 = ORIENTED_EDGE('',*,*,#972,.F.);
#972 = EDGE_CURVE('',#973,#945,#975,.T.);
#973 = VERTEX_POINT('',#974);
#974 = CARTESIAN_POINT('',(56.4515,-41.61934553485,0.));
#975 = SURFACE_CURVE('',#976,(#980,#987),.PCURVE_S1.);
#976 = LINE('',#977,#978);
#977 = CARTESIAN_POINT('',(56.4515,-40.259,1.110223024625E-15));
#978 = VECTOR('',#979,1.);
#979 = DIRECTION('',(-1.224646799147E-16,-1.,0.));
#980 = PCURVE('',#135,#981);
#981 = DEFINITIONAL_REPRESENTATION('',(#982),#986);
#982 = LINE('',#983,#984);
#983 = CARTESIAN_POINT('',(104.0765,-40.259));
#984 = VECTOR('',#985,1.);
#985 = DIRECTION('',(-1.224646799147E-16,-1.));
#986 = ( GEOMETRIC_REPRESENTATION_CONTEXT(2) 
PARAMETRIC_REPRESENTATION_CONTEXT() REPRESENTATION_CONTEXT('2D SPACE',''
  ) );
#987 = PCURVE('',#988,#993);
#988 = PLANE('',#989);
#989 = AXIS2_PLACEMENT_3D('',#990,#991,#992);
#990 = CARTESIAN_POINT('',(56.4515,-40.259,-19.812));
#991 = DIRECTION('',(-1.,1.224646799147E-16,0.));
#992 = DIRECTION('',(0.,0.,1.));
#993 = DEFINITIONAL_REPRESENTATION('',(#994),#998);
#994 = LINE('',#995,#996);
#995 = CARTESIAN_POINT('',(19.812,0.));
#996 = VECTOR('',#997,1.);
#997 = DIRECTION('',(0.,-1.));
#998 = ( GEOMETRIC_REPRESENTATION_CONTEXT(2) 
PARAMETRIC_REPRESENTATION_CONTEXT() REPRESENTATION_CONTEXT('2D SPACE',''
  ) );
#999 = ORIENTED_EDGE('',*,*,#1000,.T.);
#1000 = EDGE_CURVE('',#973,#1001,#1003,.T.);
#1001 = VERTEX_POINT('',#1002);
#1002 = CARTESIAN_POINT('',(35.6235,-40.81716578536,0.));
#1003 = SURFACE_CURVE('',#1004,(#1009,#1020),.PCURVE_S1.);
#1004 = CIRCLE('',#1005,42.545);
#1005 = AXIS2_PLACEMENT_3D('',#1006,#1007,#1008);
#1006 = CARTESIAN_POINT('',(47.625,0.,0.));
#1007 = DIRECTION('',(0.,-0.,-1.));
#1008 = DIRECTION('',(1.,0.,-0.));
#1009 = PCURVE('',#135,#1010);
#1010 = DEFINITIONAL_REPRESENTATION('',(#1011),#1019);
#1011 = ( BOUNDED_CURVE() B_SPLINE_CURVE(2,(#1012,#1013,#1014,#1015,
#1016,#1017,#1018),.UNSPECIFIED.,.T.,.F.) B_SPLINE_CURVE_WITH_KNOTS((1,2
    ,2,2,2,1),(-2.094395102393,0.,2.094395102393,4.188790204786,
6.28318530718,8.377580409573),.UNSPECIFIED.) CURVE() 
GEOMETRIC_REPRESENTATION_ITEM() RATIONAL_B_SPLINE_CURVE((1.,0.5,1.,0.5,
1.,0.5,1.)) REPRESENTATION_ITEM('') );
#1012 = CARTESIAN_POINT('',(137.795,-5.385487706847E-15));
#1013 = CARTESIAN_POINT('',(137.795,-73.69010160801));
#1014 = CARTESIAN_POINT('',(73.9775,-36.845050804));
#1015 = CARTESIAN_POINT('',(10.16,-1.580600732079E-14));
#1016 = CARTESIAN_POINT('',(73.9775,36.845050804009));
#1017 = CARTESIAN_POINT('',(137.795,73.690101608018));
#1018 = CARTESIAN_POINT('',(137.795,-5.385487706847E-15));
#1019 = ( GEOMETRIC_REPRESENTATION_CONTEXT(2) 
PARAMETRIC_REPRESENTATION_CONTEXT() REPRESENTATION_CONTEXT('2D SPACE',''
  ) );
#1020 = PCURVE('',#905,#1021);
#1021 = DEFINITIONAL_REPRESENTATION('',(#1022),#1025);
#1022 = B_SPLINE_CURVE_WITH_KNOTS('',1,(#1023,#1024),.UNSPECIFIED.,.F.,
  .F.,(2,2),(1.361815829452,1.856767745988),.PIECEWISE_BEZIER_KNOTS.);
#1023 = CARTESIAN_POINT('',(-4.921369477727,-13.97));
#1024 = CARTESIAN_POINT('',(-4.426417561192,-13.97));
#1025 = ( GEOMETRIC_REPRESENTATION_CONTEXT(2) 
PARAMETRIC_REPRESENTATION_CONTEXT() REPRESENTATION_CONTEXT('2D SPACE',''
  ) );
#1026 = ORIENTED_EDGE('',*,*,#1027,.T.);
#1027 = EDGE_CURVE('',#1001,#546,#1028,.T.);
#1028 = SURFACE_CURVE('',#1029,(#1033,#1040),.PCURVE_S1.);
#1029 = LINE('',#1030,#1031);
#1030 = CARTESIAN_POINT('',(35.6235,-40.259,1.110223024625E-15));
#1031 = VECTOR('',#1032,1.);
#1032 = DIRECTION('',(-1.224646799147E-16,-1.,0.));
#1033 = PCURVE('',#135,#1034);
#1034 = DEFINITIONAL_REPRESENTATION('',(#1035),#1039);
#1035 = LINE('',#1036,#1037);
#1036 = CARTESIAN_POINT('',(83.2485,-40.259));
#1037 = VECTOR('',#1038,1.);
#1038 = DIRECTION('',(-1.224646799147E-16,-1.));
#1039 = ( GEOMETRIC_REPRESENTATION_CONTEXT(2) 
PARAMETRIC_REPRESENTATION_CONTEXT() REPRESENTATION_CONTEXT('2D SPACE',''
  ) );
#1040 = PCURVE('',#1041,#1046);
#1041 = PLANE('',#1042);
#1042 = AXIS2_PLACEMENT_3D('',#1043,#1044,#1045);
#1043 = CARTESIAN_POINT('',(35.6235,-40.259,-19.812));
#1044 = DIRECTION('',(-1.,1.224646799147E-16,0.));
#1045 = DIRECTION('',(0.,0.,1.));
#1046 = DEFINITIONAL_REPRESENTATION('',(#1047),#1051);
#1047 = LINE('',#1048,#1049);
#1048 = CARTESIAN_POINT('',(19.812,0.));
#1049 = VECTOR('',#1050,1.);
#1050 = DIRECTION('',(0.,-1.));
#1051 = ( GEOMETRIC_REPRESENTATION_CONTEXT(2) 
PARAMETRIC_REPRESENTATION_CONTEXT() REPRESENTATION_CONTEXT('2D SPACE',''
  ) );
#1052 = FACE_BOUND('',#1053,.F.);
#1053 = EDGE_LOOP('',(#1054,#1084,#1112,#1140));
#1054 = ORIENTED_EDGE('',*,*,#1055,.T.);
#1055 = EDGE_CURVE('',#1056,#1058,#1060,.T.);
#1056 = VERTEX_POINT('',#1057);
#1057 = CARTESIAN_POINT('',(54.9275,47.074648276857,0.));
#1058 = VERTEX_POINT('',#1059);
#1059 = CARTESIAN_POINT('',(37.1475,47.074648276857,0.));
#1060 = SURFACE_CURVE('',#1061,(#1065,#1072),.PCURVE_S1.);
#1061 = LINE('',#1062,#1063);
#1062 = CARTESIAN_POINT('',(-5.23875,47.074648276857,0.));
#1063 = VECTOR('',#1064,1.);
#1064 = DIRECTION('',(-1.,0.,0.));
#1065 = PCURVE('',#135,#1066);
#1066 = DEFINITIONAL_REPRESENTATION('',(#1067),#1071);
#1067 = LINE('',#1068,#1069);
#1068 = CARTESIAN_POINT('',(42.38625,47.074648276857));
#1069 = VECTOR('',#1070,1.);
#1070 = DIRECTION('',(-1.,0.));
#1071 = ( GEOMETRIC_REPRESENTATION_CONTEXT(2) 
PARAMETRIC_REPRESENTATION_CONTEXT() REPRESENTATION_CONTEXT('2D SPACE',''
  ) );
#1072 = PCURVE('',#1073,#1078);
#1073 = PLANE('',#1074);
#1074 = AXIS2_PLACEMENT_3D('',#1075,#1076,#1077);
#1075 = CARTESIAN_POINT('',(37.1475,47.074648276857,-18.288));
#1076 = DIRECTION('',(0.,1.,0.));
#1077 = DIRECTION('',(0.,0.,1.));
#1078 = DEFINITIONAL_REPRESENTATION('',(#1079),#1083);
#1079 = LINE('',#1080,#1081);
#1080 = CARTESIAN_POINT('',(18.288,-42.38625));
#1081 = VECTOR('',#1082,1.);
#1082 = DIRECTION('',(0.,-1.));
#1083 = ( GEOMETRIC_REPRESENTATION_CONTEXT(2) 
PARAMETRIC_REPRESENTATION_CONTEXT() REPRESENTATION_CONTEXT('2D SPACE',''
  ) );
#1084 = ORIENTED_EDGE('',*,*,#1085,.T.);
#1085 = EDGE_CURVE('',#1058,#1086,#1088,.T.);
#1086 = VERTEX_POINT('',#1087);
#1087 = CARTESIAN_POINT('',(37.1475,48.725648276857,0.));
#1088 = SURFACE_CURVE('',#1089,(#1093,#1100),.PCURVE_S1.);
#1089 = LINE('',#1090,#1091);
#1090 = CARTESIAN_POINT('',(37.1475,23.537324138429,0.));
#1091 = VECTOR('',#1092,1.);
#1092 = DIRECTION('',(0.,1.,0.));
#1093 = PCURVE('',#135,#1094);
#1094 = DEFINITIONAL_REPRESENTATION('',(#1095),#1099);
#1095 = LINE('',#1096,#1097);
#1096 = CARTESIAN_POINT('',(84.7725,23.537324138429));
#1097 = VECTOR('',#1098,1.);
#1098 = DIRECTION('',(0.,1.));
#1099 = ( GEOMETRIC_REPRESENTATION_CONTEXT(2) 
PARAMETRIC_REPRESENTATION_CONTEXT() REPRESENTATION_CONTEXT('2D SPACE',''
  ) );
#1100 = PCURVE('',#1101,#1106);
#1101 = PLANE('',#1102);
#1102 = AXIS2_PLACEMENT_3D('',#1103,#1104,#1105);
#1103 = CARTESIAN_POINT('',(37.1475,47.074648276857,-18.288));
#1104 = DIRECTION('',(1.,0.,0.));
#1105 = DIRECTION('',(0.,0.,1.));
#1106 = DEFINITIONAL_REPRESENTATION('',(#1107),#1111);
#1107 = LINE('',#1108,#1109);
#1108 = CARTESIAN_POINT('',(18.288,23.537324138429));
#1109 = VECTOR('',#1110,1.);
#1110 = DIRECTION('',(0.,-1.));
#1111 = ( GEOMETRIC_REPRESENTATION_CONTEXT(2) 
PARAMETRIC_REPRESENTATION_CONTEXT() REPRESENTATION_CONTEXT('2D SPACE',''
  ) );
#1112 = ORIENTED_EDGE('',*,*,#1113,.F.);
#1113 = EDGE_CURVE('',#1114,#1086,#1116,.T.);
#1114 = VERTEX_POINT('',#1115);
#1115 = CARTESIAN_POINT('',(54.9275,48.725648276857,0.));
#1116 = SURFACE_CURVE('',#1117,(#1121,#1128),.PCURVE_S1.);
#1117 = LINE('',#1118,#1119);
#1118 = CARTESIAN_POINT('',(-5.23875,48.725648276857,0.));
#1119 = VECTOR('',#1120,1.);
#1120 = DIRECTION('',(-1.,0.,0.));
#1121 = PCURVE('',#135,#1122);
#1122 = DEFINITIONAL_REPRESENTATION('',(#1123),#1127);
#1123 = LINE('',#1124,#1125);
#1124 = CARTESIAN_POINT('',(42.38625,48.725648276857));
#1125 = VECTOR('',#1126,1.);
#1126 = DIRECTION('',(-1.,0.));
#1127 = ( GEOMETRIC_REPRESENTATION_CONTEXT(2) 
PARAMETRIC_REPRESENTATION_CONTEXT() REPRESENTATION_CONTEXT('2D SPACE',''
  ) );
#1128 = PCURVE('',#1129,#1134);
#1129 = PLANE('',#1130);
#1130 = AXIS2_PLACEMENT_3D('',#1131,#1132,#1133);
#1131 = CARTESIAN_POINT('',(37.1475,48.725648276857,-18.288));
#1132 = DIRECTION('',(0.,1.,0.));
#1133 = DIRECTION('',(0.,0.,1.));
#1134 = DEFINITIONAL_REPRESENTATION('',(#1135),#1139);
#1135 = LINE('',#1136,#1137);
#1136 = CARTESIAN_POINT('',(18.288,-42.38625));
#1137 = VECTOR('',#1138,1.);
#1138 = DIRECTION('',(0.,-1.));
#1139 = ( GEOMETRIC_REPRESENTATION_CONTEXT(2) 
PARAMETRIC_REPRESENTATION_CONTEXT() REPRESENTATION_CONTEXT('2D SPACE',''
  ) );
#1140 = ORIENTED_EDGE('',*,*,#1141,.F.);
#1141 = EDGE_CURVE('',#1056,#1114,#1142,.T.);
#1142 = SURFACE_CURVE('',#1143,(#1147,#1154),.PCURVE_S1.);
#1143 = LINE('',#1144,#1145);
#1144 = CARTESIAN_POINT('',(54.9275,23.537324138429,0.));
#1145 = VECTOR('',#1146,1.);
#1146 = DIRECTION('',(0.,1.,0.));
#1147 = PCURVE('',#135,#1148);
#1148 = DEFINITIONAL_REPRESENTATION('',(#1149),#1153);
#1149 = LINE('',#1150,#1151);
#1150 = CARTESIAN_POINT('',(102.5525,23.537324138429));
#1151 = VECTOR('',#1152,1.);
#1152 = DIRECTION('',(0.,1.));
#1153 = ( GEOMETRIC_REPRESENTATION_CONTEXT(2) 
PARAMETRIC_REPRESENTATION_CONTEXT() REPRESENTATION_CONTEXT('2D SPACE',''
  ) );
#1154 = PCURVE('',#1155,#1160);
#1155 = PLANE('',#1156);
#1156 = AXIS2_PLACEMENT_3D('',#1157,#1158,#1159);
#1157 = CARTESIAN_POINT('',(54.9275,47.074648276857,-18.288));
#1158 = DIRECTION('',(1.,0.,0.));
#1159 = DIRECTION('',(0.,0.,1.));
#1160 = DEFINITIONAL_REPRESENTATION('',(#1161),#1165);
#1161 = LINE('',#1162,#1163);
#1162 = CARTESIAN_POINT('',(18.288,23.537324138429));
#1163 = VECTOR('',#1164,1.);
#1164 = DIRECTION('',(0.,-1.));
#1165 = ( GEOMETRIC_REPRESENTATION_CONTEXT(2) 
PARAMETRIC_REPRESENTATION_CONTEXT() REPRESENTATION_CONTEXT('2D SPACE',''
  ) );
#1166 = ADVANCED_FACE('',(#1167,#1171,#1430),#88,.T.);
#1167 = FACE_BOUND('',#1168,.T.);
#1168 = EDGE_LOOP('',(#1169,#1170));
#1169 = ORIENTED_EDGE('',*,*,#72,.T.);
#1170 = ORIENTED_EDGE('',*,*,#151,.T.);
#1171 = FACE_BOUND('',#1172,.T.);
#1172 = EDGE_LOOP('',(#1173,#1202,#1229,#1257,#1289,#1317,#1344,#1372,
    #1404));
#1173 = ORIENTED_EDGE('',*,*,#1174,.T.);
#1174 = EDGE_CURVE('',#1175,#1177,#1179,.T.);
#1175 = VERTEX_POINT('',#1176);
#1176 = CARTESIAN_POINT('',(-83.70520625097,22.545415096802,3.3528));
#1177 = VERTEX_POINT('',#1178);
#1178 = CARTESIAN_POINT('',(-5.08,0.,3.3528));
#1179 = SURFACE_CURVE('',#1180,(#1185,#1196),.PCURVE_S1.);
#1180 = CIRCLE('',#1181,42.545);
#1181 = AXIS2_PLACEMENT_3D('',#1182,#1183,#1184);
#1182 = CARTESIAN_POINT('',(-47.625,0.,3.3528));
#1183 = DIRECTION('',(0.,-0.,-1.));
#1184 = DIRECTION('',(1.,0.,-0.));
#1185 = PCURVE('',#88,#1186);
#1186 = DEFINITIONAL_REPRESENTATION('',(#1187),#1195);
#1187 = ( BOUNDED_CURVE() B_SPLINE_CURVE(2,(#1188,#1189,#1190,#1191,
#1192,#1193,#1194),.UNSPECIFIED.,.T.,.F.) B_SPLINE_CURVE_WITH_KNOTS((1,2
    ,2,2,2,1),(-2.094395102393,0.,2.094395102393,4.188790204786,
6.28318530718,8.377580409573),.UNSPECIFIED.) CURVE() 
GEOMETRIC_REPRESENTATION_ITEM() RATIONAL_B_SPLINE_CURVE((1.,0.5,1.,0.5,
1.,0.5,1.)) REPRESENTATION_ITEM('') );
#1188 = CARTESIAN_POINT('',(42.545,-5.385487706847E-15));
#1189 = CARTESIAN_POINT('',(42.545,-73.69010160801));
#1190 = CARTESIAN_POINT('',(-21.2725,-36.845050804));
#1191 = CARTESIAN_POINT('',(-85.09,-1.580600732079E-14));
#1192 = CARTESIAN_POINT('',(-21.2725,36.845050804009));
#1193 = CARTESIAN_POINT('',(42.545,73.690101608018));
#1194 = CARTESIAN_POINT('',(42.545,-5.385487706847E-15));
#1195 = ( GEOMETRIC_REPRESENTATION_CONTEXT(2) 
PARAMETRIC_REPRESENTATION_CONTEXT() REPRESENTATION_CONTEXT('2D SPACE',''
  ) );
#1196 = PCURVE('',#650,#1197);
#1197 = DEFINITIONAL_REPRESENTATION('',(#1198),#1201);
#1198 = B_SPLINE_CURVE_WITH_KNOTS('',1,(#1199,#1200),.UNSPECIFIED.,.F.,
  .F.,(2,2),(3.700098014228,6.28318530718),.PIECEWISE_BEZIER_KNOTS.);
#1199 = CARTESIAN_POINT('',(-2.583087292952,-17.3228));
#1200 = CARTESIAN_POINT('',(0.,-17.3228));
#1201 = ( GEOMETRIC_REPRESENTATION_CONTEXT(2) 
PARAMETRIC_REPRESENTATION_CONTEXT() REPRESENTATION_CONTEXT('2D SPACE',''
  ) );
#1202 = ORIENTED_EDGE('',*,*,#1203,.T.);
#1203 = EDGE_CURVE('',#1177,#1204,#1206,.T.);
#1204 = VERTEX_POINT('',#1205);
#1205 = CARTESIAN_POINT('',(-5.49404501539,-5.921119580346,3.3528));
#1206 = SURFACE_CURVE('',#1207,(#1212,#1223),.PCURVE_S1.);
#1207 = CIRCLE('',#1208,42.545);
#1208 = AXIS2_PLACEMENT_3D('',#1209,#1210,#1211);
#1209 = CARTESIAN_POINT('',(-47.625,0.,3.3528));
#1210 = DIRECTION('',(0.,-0.,-1.));
#1211 = DIRECTION('',(1.,0.,-0.));
#1212 = PCURVE('',#88,#1213);
#1213 = DEFINITIONAL_REPRESENTATION('',(#1214),#1222);
#1214 = ( BOUNDED_CURVE() B_SPLINE_CURVE(2,(#1215,#1216,#1217,#1218,
#1219,#1220,#1221),.UNSPECIFIED.,.T.,.F.) B_SPLINE_CURVE_WITH_KNOTS((1,2
    ,2,2,2,1),(-2.094395102393,0.,2.094395102393,4.188790204786,
6.28318530718,8.377580409573),.UNSPECIFIED.) CURVE() 
GEOMETRIC_REPRESENTATION_ITEM() RATIONAL_B_SPLINE_CURVE((1.,0.5,1.,0.5,
1.,0.5,1.)) REPRESENTATION_ITEM('') );
#1215 = CARTESIAN_POINT('',(42.545,-5.385487706847E-15));
#1216 = CARTESIAN_POINT('',(42.545,-73.69010160801));
#1217 = CARTESIAN_POINT('',(-21.2725,-36.845050804));
#1218 = CARTESIAN_POINT('',(-85.09,-1.580600732079E-14));
#1219 = CARTESIAN_POINT('',(-21.2725,36.845050804009));
#1220 = CARTESIAN_POINT('',(42.545,73.690101608018));
#1221 = CARTESIAN_POINT('',(42.545,-5.385487706847E-15));
#1222 = ( GEOMETRIC_REPRESENTATION_CONTEXT(2) 
PARAMETRIC_REPRESENTATION_CONTEXT() REPRESENTATION_CONTEXT('2D SPACE',''
  ) );
#1223 = PCURVE('',#650,#1224);
#1224 = DEFINITIONAL_REPRESENTATION('',(#1225),#1228);
#1225 = B_SPLINE_CURVE_WITH_KNOTS('',1,(#1226,#1227),.UNSPECIFIED.,.F.,
  .F.,(2,2),(0.,0.13962634016),.PIECEWISE_BEZIER_KNOTS.);
#1226 = CARTESIAN_POINT('',(-6.28318530718,-17.3228));
#1227 = CARTESIAN_POINT('',(-6.14355896702,-17.3228));
#1228 = ( GEOMETRIC_REPRESENTATION_CONTEXT(2) 
PARAMETRIC_REPRESENTATION_CONTEXT() REPRESENTATION_CONTEXT('2D SPACE',''
  ) );
#1229 = ORIENTED_EDGE('',*,*,#1230,.T.);
#1230 = EDGE_CURVE('',#1204,#1231,#1233,.T.);
#1231 = VERTEX_POINT('',#1232);
#1232 = CARTESIAN_POINT('',(-1.595359628754,-6.469044078827,3.3528));
#1233 = SURFACE_CURVE('',#1234,(#1238,#1245),.PCURVE_S1.);
#1234 = LINE('',#1235,#1236);
#1235 = CARTESIAN_POINT('',(-24.61017981437,-3.234522039413,3.3528));
#1236 = VECTOR('',#1237,1.);
#1237 = DIRECTION('',(0.990268068742,-0.13917310096,0.));
#1238 = PCURVE('',#88,#1239);
#1239 = DEFINITIONAL_REPRESENTATION('',(#1240),#1244);
#1240 = LINE('',#1241,#1242);
#1241 = CARTESIAN_POINT('',(23.014820185623,-3.234522039413));
#1242 = VECTOR('',#1243,1.);
#1243 = DIRECTION('',(0.990268068742,-0.13917310096));
#1244 = ( GEOMETRIC_REPRESENTATION_CONTEXT(2) 
PARAMETRIC_REPRESENTATION_CONTEXT() REPRESENTATION_CONTEXT('2D SPACE',''
  ) );
#1245 = PCURVE('',#1246,#1251);
#1246 = PLANE('',#1247);
#1247 = AXIS2_PLACEMENT_3D('',#1248,#1249,#1250);
#1248 = CARTESIAN_POINT('',(-1.595359628754,-6.469044078826,-11.43));
#1249 = DIRECTION('',(-0.13917310096,-0.990268068742,0.));
#1250 = DIRECTION('',(-0.990268068742,0.13917310096,0.));
#1251 = DEFINITIONAL_REPRESENTATION('',(#1252),#1256);
#1252 = LINE('',#1253,#1254);
#1253 = CARTESIAN_POINT('',(23.241,-14.7828));
#1254 = VECTOR('',#1255,1.);
#1255 = DIRECTION('',(-1.,-0.));
#1256 = ( GEOMETRIC_REPRESENTATION_CONTEXT(2) 
PARAMETRIC_REPRESENTATION_CONTEXT() REPRESENTATION_CONTEXT('2D SPACE',''
  ) );
#1257 = ORIENTED_EDGE('',*,*,#1258,.T.);
#1258 = EDGE_CURVE('',#1231,#1259,#1261,.T.);
#1259 = VERTEX_POINT('',#1260);
#1260 = CARTESIAN_POINT('',(-8.206028394458,-24.63170724008,3.3528));
#1261 = SURFACE_CURVE('',#1262,(#1267,#1278),.PCURVE_S1.);
#1262 = CIRCLE('',#1263,46.482);
#1263 = AXIS2_PLACEMENT_3D('',#1264,#1265,#1266);
#1264 = CARTESIAN_POINT('',(-47.625,0.,3.3528));
#1265 = DIRECTION('',(0.,-0.,-1.));
#1266 = DIRECTION('',(1.,0.,-0.));
#1267 = PCURVE('',#88,#1268);
#1268 = DEFINITIONAL_REPRESENTATION('',(#1269),#1277);
#1269 = ( BOUNDED_CURVE() B_SPLINE_CURVE(2,(#1270,#1271,#1272,#1273,
#1274,#1275,#1276),.UNSPECIFIED.,.T.,.F.) B_SPLINE_CURVE_WITH_KNOTS((1,2
    ,2,2,2,1),(-2.094395102393,0.,2.094395102393,4.188790204786,
6.28318530718,8.377580409573),.UNSPECIFIED.) CURVE() 
GEOMETRIC_REPRESENTATION_ITEM() RATIONAL_B_SPLINE_CURVE((1.,0.5,1.,0.5,
1.,0.5,1.)) REPRESENTATION_ITEM('') );
#1270 = CARTESIAN_POINT('',(46.482,-5.385487706847E-15));
#1271 = CARTESIAN_POINT('',(46.482,-80.50918563741));
#1272 = CARTESIAN_POINT('',(-23.241,-40.2545928187));
#1273 = CARTESIAN_POINT('',(-92.964,-1.677029421044E-14));
#1274 = CARTESIAN_POINT('',(-23.241,40.254592818708));
#1275 = CARTESIAN_POINT('',(46.482,80.509185637417));
#1276 = CARTESIAN_POINT('',(46.482,-5.385487706847E-15));
#1277 = ( GEOMETRIC_REPRESENTATION_CONTEXT(2) 
PARAMETRIC_REPRESENTATION_CONTEXT() REPRESENTATION_CONTEXT('2D SPACE',''
  ) );
#1278 = PCURVE('',#1279,#1284);
#1279 = CYLINDRICAL_SURFACE('',#1280,46.482);
#1280 = AXIS2_PLACEMENT_3D('',#1281,#1282,#1283);
#1281 = CARTESIAN_POINT('',(-47.625,0.,-11.43));
#1282 = DIRECTION('',(-0.,-0.,-1.));
#1283 = DIRECTION('',(1.,0.,-0.));
#1284 = DEFINITIONAL_REPRESENTATION('',(#1285),#1288);
#1285 = B_SPLINE_CURVE_WITH_KNOTS('',1,(#1286,#1287),.UNSPECIFIED.,.F.,
  .F.,(2,2),(0.13962634016,0.558505360638),.PIECEWISE_BEZIER_KNOTS.);
#1286 = CARTESIAN_POINT('',(-6.14355896702,-14.7828));
#1287 = CARTESIAN_POINT('',(-5.724679946541,-14.7828));
#1288 = ( GEOMETRIC_REPRESENTATION_CONTEXT(2) 
PARAMETRIC_REPRESENTATION_CONTEXT() REPRESENTATION_CONTEXT('2D SPACE',''
  ) );
#1289 = ORIENTED_EDGE('',*,*,#1290,.T.);
#1290 = EDGE_CURVE('',#1259,#1291,#1293,.T.);
#1291 = VERTEX_POINT('',#1292);
#1292 = CARTESIAN_POINT('',(-11.54479374902,-22.5454150968,3.3528));
#1293 = SURFACE_CURVE('',#1294,(#1298,#1305),.PCURVE_S1.);
#1294 = LINE('',#1295,#1296);
#1295 = CARTESIAN_POINT('',(-30.60806690252,-10.6333599561,3.3528));
#1296 = VECTOR('',#1297,1.);
#1297 = DIRECTION('',(-0.848048096156,0.529919264233,0.));
#1298 = PCURVE('',#88,#1299);
#1299 = DEFINITIONAL_REPRESENTATION('',(#1300),#1304);
#1300 = LINE('',#1301,#1302);
#1301 = CARTESIAN_POINT('',(17.016933097475,-10.6333599561));
#1302 = VECTOR('',#1303,1.);
#1303 = DIRECTION('',(-0.848048096156,0.529919264233));
#1304 = ( GEOMETRIC_REPRESENTATION_CONTEXT(2) 
PARAMETRIC_REPRESENTATION_CONTEXT() REPRESENTATION_CONTEXT('2D SPACE',''
  ) );
#1305 = PCURVE('',#1306,#1311);
#1306 = PLANE('',#1307);
#1307 = AXIS2_PLACEMENT_3D('',#1308,#1309,#1310);
#1308 = CARTESIAN_POINT('',(-13.59113380505,-21.2667199122,-11.43));
#1309 = DIRECTION('',(0.529919264233,0.848048096156,-0.));
#1310 = DIRECTION('',(0.848048096156,-0.529919264233,0.));
#1311 = DEFINITIONAL_REPRESENTATION('',(#1312),#1316);
#1312 = LINE('',#1313,#1314);
#1313 = CARTESIAN_POINT('',(-20.066,-14.7828));
#1314 = VECTOR('',#1315,1.);
#1315 = DIRECTION('',(-1.,-0.));
#1316 = ( GEOMETRIC_REPRESENTATION_CONTEXT(2) 
PARAMETRIC_REPRESENTATION_CONTEXT() REPRESENTATION_CONTEXT('2D SPACE',''
  ) );
#1317 = ORIENTED_EDGE('',*,*,#1318,.T.);
#1318 = EDGE_CURVE('',#1291,#1319,#1321,.T.);
#1319 = VERTEX_POINT('',#1320);
#1320 = CARTESIAN_POINT('',(-89.75595498461,5.921119580346,3.3528));
#1321 = SURFACE_CURVE('',#1322,(#1327,#1338),.PCURVE_S1.);
#1322 = CIRCLE('',#1323,42.545);
#1323 = AXIS2_PLACEMENT_3D('',#1324,#1325,#1326);
#1324 = CARTESIAN_POINT('',(-47.625,0.,3.3528));
#1325 = DIRECTION('',(0.,-0.,-1.));
#1326 = DIRECTION('',(1.,0.,-0.));
#1327 = PCURVE('',#88,#1328);
#1328 = DEFINITIONAL_REPRESENTATION('',(#1329),#1337);
#1329 = ( BOUNDED_CURVE() B_SPLINE_CURVE(2,(#1330,#1331,#1332,#1333,
#1334,#1335,#1336),.UNSPECIFIED.,.T.,.F.) B_SPLINE_CURVE_WITH_KNOTS((1,2
    ,2,2,2,1),(-2.094395102393,0.,2.094395102393,4.188790204786,
6.28318530718,8.377580409573),.UNSPECIFIED.) CURVE() 
GEOMETRIC_REPRESENTATION_ITEM() RATIONAL_B_SPLINE_CURVE((1.,0.5,1.,0.5,
1.,0.5,1.)) REPRESENTATION_ITEM('') );
#1330 = CARTESIAN_POINT('',(42.545,-5.385487706847E-15));
#1331 = CARTESIAN_POINT('',(42.545,-73.69010160801));
#1332 = CARTESIAN_POINT('',(-21.2725,-36.845050804));
#1333 = CARTESIAN_POINT('',(-85.09,-1.580600732079E-14));
#1334 = CARTESIAN_POINT('',(-21.2725,36.845050804009));
#1335 = CARTESIAN_POINT('',(42.545,73.690101608018));
#1336 = CARTESIAN_POINT('',(42.545,-5.385487706847E-15));
#1337 = ( GEOMETRIC_REPRESENTATION_CONTEXT(2) 
PARAMETRIC_REPRESENTATION_CONTEXT() REPRESENTATION_CONTEXT('2D SPACE',''
  ) );
#1338 = PCURVE('',#650,#1339);
#1339 = DEFINITIONAL_REPRESENTATION('',(#1340),#1343);
#1340 = B_SPLINE_CURVE_WITH_KNOTS('',1,(#1341,#1342),.UNSPECIFIED.,.F.,
  .F.,(2,2),(0.558505360638,3.281218993749),.PIECEWISE_BEZIER_KNOTS.);
#1341 = CARTESIAN_POINT('',(-5.724679946541,-17.3228));
#1342 = CARTESIAN_POINT('',(-3.00196631343,-17.3228));
#1343 = ( GEOMETRIC_REPRESENTATION_CONTEXT(2) 
PARAMETRIC_REPRESENTATION_CONTEXT() REPRESENTATION_CONTEXT('2D SPACE',''
  ) );
#1344 = ORIENTED_EDGE('',*,*,#1345,.T.);
#1345 = EDGE_CURVE('',#1319,#1346,#1348,.T.);
#1346 = VERTEX_POINT('',#1347);
#1347 = CARTESIAN_POINT('',(-93.65464037124,6.469044078826,3.3528));
#1348 = SURFACE_CURVE('',#1349,(#1353,#1360),.PCURVE_S1.);
#1349 = LINE('',#1350,#1351);
#1350 = CARTESIAN_POINT('',(-70.63982018562,3.234522039413,3.3528));
#1351 = VECTOR('',#1352,1.);
#1352 = DIRECTION('',(-0.990268068742,0.13917310096,0.));
#1353 = PCURVE('',#88,#1354);
#1354 = DEFINITIONAL_REPRESENTATION('',(#1355),#1359);
#1355 = LINE('',#1356,#1357);
#1356 = CARTESIAN_POINT('',(-23.01482018562,3.234522039413));
#1357 = VECTOR('',#1358,1.);
#1358 = DIRECTION('',(-0.990268068742,0.13917310096));
#1359 = ( GEOMETRIC_REPRESENTATION_CONTEXT(2) 
PARAMETRIC_REPRESENTATION_CONTEXT() REPRESENTATION_CONTEXT('2D SPACE',''
  ) );
#1360 = PCURVE('',#1361,#1366);
#1361 = PLANE('',#1362);
#1362 = AXIS2_PLACEMENT_3D('',#1363,#1364,#1365);
#1363 = CARTESIAN_POINT('',(-93.65464037124,6.469044078826,-11.43));
#1364 = DIRECTION('',(0.13917310096,0.990268068742,-0.));
#1365 = DIRECTION('',(0.990268068742,-0.13917310096,0.));
#1366 = DEFINITIONAL_REPRESENTATION('',(#1367),#1371);
#1367 = LINE('',#1368,#1369);
#1368 = CARTESIAN_POINT('',(23.241,-14.7828));
#1369 = VECTOR('',#1370,1.);
#1370 = DIRECTION('',(-1.,-0.));
#1371 = ( GEOMETRIC_REPRESENTATION_CONTEXT(2) 
PARAMETRIC_REPRESENTATION_CONTEXT() REPRESENTATION_CONTEXT('2D SPACE',''
  ) );
#1372 = ORIENTED_EDGE('',*,*,#1373,.T.);
#1373 = EDGE_CURVE('',#1346,#1374,#1376,.T.);
#1374 = VERTEX_POINT('',#1375);
#1375 = CARTESIAN_POINT('',(-87.04397160554,24.631707240089,3.3528));
#1376 = SURFACE_CURVE('',#1377,(#1382,#1393),.PCURVE_S1.);
#1377 = CIRCLE('',#1378,46.482);
#1378 = AXIS2_PLACEMENT_3D('',#1379,#1380,#1381);
#1379 = CARTESIAN_POINT('',(-47.625,0.,3.3528));
#1380 = DIRECTION('',(0.,-0.,-1.));
#1381 = DIRECTION('',(1.,0.,-0.));
#1382 = PCURVE('',#88,#1383);
#1383 = DEFINITIONAL_REPRESENTATION('',(#1384),#1392);
#1384 = ( BOUNDED_CURVE() B_SPLINE_CURVE(2,(#1385,#1386,#1387,#1388,
#1389,#1390,#1391),.UNSPECIFIED.,.T.,.F.) B_SPLINE_CURVE_WITH_KNOTS((1,2
    ,2,2,2,1),(-2.094395102393,0.,2.094395102393,4.188790204786,
6.28318530718,8.377580409573),.UNSPECIFIED.) CURVE() 
GEOMETRIC_REPRESENTATION_ITEM() RATIONAL_B_SPLINE_CURVE((1.,0.5,1.,0.5,
1.,0.5,1.)) REPRESENTATION_ITEM('') );
#1385 = CARTESIAN_POINT('',(46.482,-5.385487706847E-15));
#1386 = CARTESIAN_POINT('',(46.482,-80.50918563741));
#1387 = CARTESIAN_POINT('',(-23.241,-40.2545928187));
#1388 = CARTESIAN_POINT('',(-92.964,-1.677029421044E-14));
#1389 = CARTESIAN_POINT('',(-23.241,40.254592818708));
#1390 = CARTESIAN_POINT('',(46.482,80.509185637417));
#1391 = CARTESIAN_POINT('',(46.482,-5.385487706847E-15));
#1392 = ( GEOMETRIC_REPRESENTATION_CONTEXT(2) 
PARAMETRIC_REPRESENTATION_CONTEXT() REPRESENTATION_CONTEXT('2D SPACE',''
  ) );
#1393 = PCURVE('',#1394,#1399);
#1394 = CYLINDRICAL_SURFACE('',#1395,46.482);
#1395 = AXIS2_PLACEMENT_3D('',#1396,#1397,#1398);
#1396 = CARTESIAN_POINT('',(-47.625,0.,-11.43));
#1397 = DIRECTION('',(-0.,-0.,-1.));
#1398 = DIRECTION('',(1.,0.,-0.));
#1399 = DEFINITIONAL_REPRESENTATION('',(#1400),#1403);
#1400 = B_SPLINE_CURVE_WITH_KNOTS('',1,(#1401,#1402),.UNSPECIFIED.,.F.,
  .F.,(2,2),(3.281218993749,3.700098014228),.PIECEWISE_BEZIER_KNOTS.);
#1401 = CARTESIAN_POINT('',(-3.00196631343,-14.7828));
#1402 = CARTESIAN_POINT('',(-2.583087292952,-14.7828));
#1403 = ( GEOMETRIC_REPRESENTATION_CONTEXT(2) 
PARAMETRIC_REPRESENTATION_CONTEXT() REPRESENTATION_CONTEXT('2D SPACE',''
  ) );
#1404 = ORIENTED_EDGE('',*,*,#1405,.T.);
#1405 = EDGE_CURVE('',#1374,#1175,#1406,.T.);
#1406 = SURFACE_CURVE('',#1407,(#1411,#1418),.PCURVE_S1.);
#1407 = LINE('',#1408,#1409);
#1408 = CARTESIAN_POINT('',(-64.64193309747,10.633359956103,3.3528));
#1409 = VECTOR('',#1410,1.);
#1410 = DIRECTION('',(0.848048096156,-0.529919264233,0.));
#1411 = PCURVE('',#88,#1412);
#1412 = DEFINITIONAL_REPRESENTATION('',(#1413),#1417);
#1413 = LINE('',#1414,#1415);
#1414 = CARTESIAN_POINT('',(-17.01693309747,10.633359956103));
#1415 = VECTOR('',#1416,1.);
#1416 = DIRECTION('',(0.848048096156,-0.529919264233));
#1417 = ( GEOMETRIC_REPRESENTATION_CONTEXT(2) 
PARAMETRIC_REPRESENTATION_CONTEXT() REPRESENTATION_CONTEXT('2D SPACE',''
  ) );
#1418 = PCURVE('',#1419,#1424);
#1419 = PLANE('',#1420);
#1420 = AXIS2_PLACEMENT_3D('',#1421,#1422,#1423);
#1421 = CARTESIAN_POINT('',(-81.65886619495,21.266719912207,-11.43));
#1422 = DIRECTION('',(-0.529919264233,-0.848048096156,0.));
#1423 = DIRECTION('',(-0.848048096156,0.529919264233,0.));
#1424 = DEFINITIONAL_REPRESENTATION('',(#1425),#1429);
#1425 = LINE('',#1426,#1427);
#1426 = CARTESIAN_POINT('',(-20.066,-14.7828));
#1427 = VECTOR('',#1428,1.);
#1428 = DIRECTION('',(-1.,-0.));
#1429 = ( GEOMETRIC_REPRESENTATION_CONTEXT(2) 
PARAMETRIC_REPRESENTATION_CONTEXT() REPRESENTATION_CONTEXT('2D SPACE',''
  ) );
#1430 = FACE_BOUND('',#1431,.T.);
#1431 = EDGE_LOOP('',(#1432,#1461,#1488,#1516,#1548,#1576,#1603,#1631,
    #1663));
#1432 = ORIENTED_EDGE('',*,*,#1433,.T.);
#1433 = EDGE_CURVE('',#1434,#1436,#1438,.T.);
#1434 = VERTEX_POINT('',#1435);
#1435 = CARTESIAN_POINT('',(11.544793749025,22.545415096802,3.3528));
#1436 = VERTEX_POINT('',#1437);
#1437 = CARTESIAN_POINT('',(90.17,0.,3.3528));
#1438 = SURFACE_CURVE('',#1439,(#1444,#1455),.PCURVE_S1.);
#1439 = CIRCLE('',#1440,42.545);
#1440 = AXIS2_PLACEMENT_3D('',#1441,#1442,#1443);
#1441 = CARTESIAN_POINT('',(47.625,0.,3.3528));
#1442 = DIRECTION('',(0.,-0.,-1.));
#1443 = DIRECTION('',(1.,0.,-0.));
#1444 = PCURVE('',#88,#1445);
#1445 = DEFINITIONAL_REPRESENTATION('',(#1446),#1454);
#1446 = ( BOUNDED_CURVE() B_SPLINE_CURVE(2,(#1447,#1448,#1449,#1450,
#1451,#1452,#1453),.UNSPECIFIED.,.T.,.F.) B_SPLINE_CURVE_WITH_KNOTS((1,2
    ,2,2,2,1),(-2.094395102393,0.,2.094395102393,4.188790204786,
6.28318530718,8.377580409573),.UNSPECIFIED.) CURVE() 
GEOMETRIC_REPRESENTATION_ITEM() RATIONAL_B_SPLINE_CURVE((1.,0.5,1.,0.5,
1.,0.5,1.)) REPRESENTATION_ITEM('') );
#1447 = CARTESIAN_POINT('',(137.795,-5.385487706847E-15));
#1448 = CARTESIAN_POINT('',(137.795,-73.69010160801));
#1449 = CARTESIAN_POINT('',(73.9775,-36.845050804));
#1450 = CARTESIAN_POINT('',(10.16,-1.580600732079E-14));
#1451 = CARTESIAN_POINT('',(73.9775,36.845050804009));
#1452 = CARTESIAN_POINT('',(137.795,73.690101608018));
#1453 = CARTESIAN_POINT('',(137.795,-5.385487706847E-15));
#1454 = ( GEOMETRIC_REPRESENTATION_CONTEXT(2) 
PARAMETRIC_REPRESENTATION_CONTEXT() REPRESENTATION_CONTEXT('2D SPACE',''
  ) );
#1455 = PCURVE('',#905,#1456);
#1456 = DEFINITIONAL_REPRESENTATION('',(#1457),#1460);
#1457 = B_SPLINE_CURVE_WITH_KNOTS('',1,(#1458,#1459),.UNSPECIFIED.,.F.,
  .F.,(2,2),(3.700098014228,6.28318530718),.PIECEWISE_BEZIER_KNOTS.);
#1458 = CARTESIAN_POINT('',(-2.583087292952,-17.3228));
#1459 = CARTESIAN_POINT('',(0.,-17.3228));
#1460 = ( GEOMETRIC_REPRESENTATION_CONTEXT(2) 
PARAMETRIC_REPRESENTATION_CONTEXT() REPRESENTATION_CONTEXT('2D SPACE',''
  ) );
#1461 = ORIENTED_EDGE('',*,*,#1462,.T.);
#1462 = EDGE_CURVE('',#1436,#1463,#1465,.T.);
#1463 = VERTEX_POINT('',#1464);
#1464 = CARTESIAN_POINT('',(89.75595498461,-5.921119580346,3.3528));
#1465 = SURFACE_CURVE('',#1466,(#1471,#1482),.PCURVE_S1.);
#1466 = CIRCLE('',#1467,42.545);
#1467 = AXIS2_PLACEMENT_3D('',#1468,#1469,#1470);
#1468 = CARTESIAN_POINT('',(47.625,0.,3.3528));
#1469 = DIRECTION('',(0.,-0.,-1.));
#1470 = DIRECTION('',(1.,0.,-0.));
#1471 = PCURVE('',#88,#1472);
#1472 = DEFINITIONAL_REPRESENTATION('',(#1473),#1481);
#1473 = ( BOUNDED_CURVE() B_SPLINE_CURVE(2,(#1474,#1475,#1476,#1477,
#1478,#1479,#1480),.UNSPECIFIED.,.T.,.F.) B_SPLINE_CURVE_WITH_KNOTS((1,2
    ,2,2,2,1),(-2.094395102393,0.,2.094395102393,4.188790204786,
6.28318530718,8.377580409573),.UNSPECIFIED.) CURVE() 
GEOMETRIC_REPRESENTATION_ITEM() RATIONAL_B_SPLINE_CURVE((1.,0.5,1.,0.5,
1.,0.5,1.)) REPRESENTATION_ITEM('') );
#1474 = CARTESIAN_POINT('',(137.795,-5.385487706847E-15));
#1475 = CARTESIAN_POINT('',(137.795,-73.69010160801));
#1476 = CARTESIAN_POINT('',(73.9775,-36.845050804));
#1477 = CARTESIAN_POINT('',(10.16,-1.580600732079E-14));
#1478 = CARTESIAN_POINT('',(73.9775,36.845050804009));
#1479 = CARTESIAN_POINT('',(137.795,73.690101608018));
#1480 = CARTESIAN_POINT('',(137.795,-5.385487706847E-15));
#1481 = ( GEOMETRIC_REPRESENTATION_CONTEXT(2) 
PARAMETRIC_REPRESENTATION_CONTEXT() REPRESENTATION_CONTEXT('2D SPACE',''
  ) );
#1482 = PCURVE('',#905,#1483);
#1483 = DEFINITIONAL_REPRESENTATION('',(#1484),#1487);
#1484 = B_SPLINE_CURVE_WITH_KNOTS('',1,(#1485,#1486),.UNSPECIFIED.,.F.,
  .F.,(2,2),(0.,0.13962634016),.PIECEWISE_BEZIER_KNOTS.);
#1485 = CARTESIAN_POINT('',(-6.28318530718,-17.3228));
#1486 = CARTESIAN_POINT('',(-6.14355896702,-17.3228));
#1487 = ( GEOMETRIC_REPRESENTATION_CONTEXT(2) 
PARAMETRIC_REPRESENTATION_CONTEXT() REPRESENTATION_CONTEXT('2D SPACE',''
  ) );
#1488 = ORIENTED_EDGE('',*,*,#1489,.T.);
#1489 = EDGE_CURVE('',#1463,#1490,#1492,.T.);
#1490 = VERTEX_POINT('',#1491);
#1491 = CARTESIAN_POINT('',(93.654640371246,-6.469044078826,3.3528));
#1492 = SURFACE_CURVE('',#1493,(#1497,#1504),.PCURVE_S1.);
#1493 = LINE('',#1494,#1495);
#1494 = CARTESIAN_POINT('',(23.937276051092,3.329092495979,3.3528));
#1495 = VECTOR('',#1496,1.);
#1496 = DIRECTION('',(0.990268068742,-0.13917310096,0.));
#1497 = PCURVE('',#88,#1498);
#1498 = DEFINITIONAL_REPRESENTATION('',(#1499),#1503);
#1499 = LINE('',#1500,#1501);
#1500 = CARTESIAN_POINT('',(71.562276051092,3.329092495979));
#1501 = VECTOR('',#1502,1.);
#1502 = DIRECTION('',(0.990268068742,-0.13917310096));
#1503 = ( GEOMETRIC_REPRESENTATION_CONTEXT(2) 
PARAMETRIC_REPRESENTATION_CONTEXT() REPRESENTATION_CONTEXT('2D SPACE',''
  ) );
#1504 = PCURVE('',#1505,#1510);
#1505 = PLANE('',#1506);
#1506 = AXIS2_PLACEMENT_3D('',#1507,#1508,#1509);
#1507 = CARTESIAN_POINT('',(93.654640371246,-6.469044078826,-11.43));
#1508 = DIRECTION('',(-0.13917310096,-0.990268068742,0.));
#1509 = DIRECTION('',(-0.990268068742,0.13917310096,0.));
#1510 = DEFINITIONAL_REPRESENTATION('',(#1511),#1515);
#1511 = LINE('',#1512,#1513);
#1512 = CARTESIAN_POINT('',(70.402516773817,-14.7828));
#1513 = VECTOR('',#1514,1.);
#1514 = DIRECTION('',(-1.,0.));
#1515 = ( GEOMETRIC_REPRESENTATION_CONTEXT(2) 
PARAMETRIC_REPRESENTATION_CONTEXT() REPRESENTATION_CONTEXT('2D SPACE',''
  ) );
#1516 = ORIENTED_EDGE('',*,*,#1517,.T.);
#1517 = EDGE_CURVE('',#1490,#1518,#1520,.T.);
#1518 = VERTEX_POINT('',#1519);
#1519 = CARTESIAN_POINT('',(87.043971605542,-24.63170724008,3.3528));
#1520 = SURFACE_CURVE('',#1521,(#1526,#1537),.PCURVE_S1.);
#1521 = CIRCLE('',#1522,46.482);
#1522 = AXIS2_PLACEMENT_3D('',#1523,#1524,#1525);
#1523 = CARTESIAN_POINT('',(47.625,0.,3.3528));
#1524 = DIRECTION('',(0.,0.,-1.));
#1525 = DIRECTION('',(-1.,1.224646799147E-16,0.));
#1526 = PCURVE('',#88,#1527);
#1527 = DEFINITIONAL_REPRESENTATION('',(#1528),#1536);
#1528 = ( BOUNDED_CURVE() B_SPLINE_CURVE(2,(#1529,#1530,#1531,#1532,
#1533,#1534,#1535),.UNSPECIFIED.,.T.,.F.) B_SPLINE_CURVE_WITH_KNOTS((1,2
    ,2,2,2,1),(-2.094395102393,0.,2.094395102393,4.188790204786,
6.28318530718,8.377580409573),.UNSPECIFIED.) CURVE() 
GEOMETRIC_REPRESENTATION_ITEM() RATIONAL_B_SPLINE_CURVE((1.,0.5,1.,0.5,
1.,0.5,1.)) REPRESENTATION_ITEM('') );
#1529 = CARTESIAN_POINT('',(48.768,3.069155449499E-16));
#1530 = CARTESIAN_POINT('',(48.768,80.509185637417));
#1531 = CARTESIAN_POINT('',(118.491,40.254592818708));
#1532 = CARTESIAN_POINT('',(188.214,-5.385487706847E-15));
#1533 = CARTESIAN_POINT('',(118.491,-40.2545928187));
#1534 = CARTESIAN_POINT('',(48.768,-80.50918563741));
#1535 = CARTESIAN_POINT('',(48.768,3.069155449499E-16));
#1536 = ( GEOMETRIC_REPRESENTATION_CONTEXT(2) 
PARAMETRIC_REPRESENTATION_CONTEXT() REPRESENTATION_CONTEXT('2D SPACE',''
  ) );
#1537 = PCURVE('',#1538,#1543);
#1538 = CYLINDRICAL_SURFACE('',#1539,46.482);
#1539 = AXIS2_PLACEMENT_3D('',#1540,#1541,#1542);
#1540 = CARTESIAN_POINT('',(47.625,7.88860905221E-31,-11.43));
#1541 = DIRECTION('',(0.,0.,-1.));
#1542 = DIRECTION('',(-1.,1.224646799147E-16,0.));
#1543 = DEFINITIONAL_REPRESENTATION('',(#1544),#1547);
#1544 = B_SPLINE_CURVE_WITH_KNOTS('',1,(#1545,#1546),.UNSPECIFIED.,.F.,
  .F.,(2,2),(3.281218993749,3.700098014228),.PIECEWISE_BEZIER_KNOTS.);
#1545 = CARTESIAN_POINT('',(-3.00196631343,-14.7828));
#1546 = CARTESIAN_POINT('',(-2.583087292952,-14.7828));
#1547 = ( GEOMETRIC_REPRESENTATION_CONTEXT(2) 
PARAMETRIC_REPRESENTATION_CONTEXT() REPRESENTATION_CONTEXT('2D SPACE',''
  ) );
#1548 = ORIENTED_EDGE('',*,*,#1549,.T.);
#1549 = EDGE_CURVE('',#1518,#1550,#1552,.T.);
#1550 = VERTEX_POINT('',#1551);
#1551 = CARTESIAN_POINT('',(83.705206250975,-22.5454150968,3.3528));
#1552 = SURFACE_CURVE('',#1553,(#1557,#1564),.PCURVE_S1.);
#1553 = LINE('',#1554,#1555);
#1554 = CARTESIAN_POINT('',(30.39072016456,10.769173271395,3.3528));
#1555 = VECTOR('',#1556,1.);
#1556 = DIRECTION('',(-0.848048096156,0.529919264233,0.));
#1557 = PCURVE('',#88,#1558);
#1558 = DEFINITIONAL_REPRESENTATION('',(#1559),#1563);
#1559 = LINE('',#1560,#1561);
#1560 = CARTESIAN_POINT('',(78.01572016456,10.769173271395));
#1561 = VECTOR('',#1562,1.);
#1562 = DIRECTION('',(-0.848048096156,0.529919264233));
#1563 = ( GEOMETRIC_REPRESENTATION_CONTEXT(2) 
PARAMETRIC_REPRESENTATION_CONTEXT() REPRESENTATION_CONTEXT('2D SPACE',''
  ) );
#1564 = PCURVE('',#1565,#1570);
#1565 = PLANE('',#1566);
#1566 = AXIS2_PLACEMENT_3D('',#1567,#1568,#1569);
#1567 = CARTESIAN_POINT('',(81.65886619495,-21.2667199122,-11.43));
#1568 = DIRECTION('',(0.529919264233,0.848048096156,0.));
#1569 = DIRECTION('',(0.848048096156,-0.529919264233,0.));
#1570 = DEFINITIONAL_REPRESENTATION('',(#1571),#1575);
#1571 = LINE('',#1572,#1573);
#1572 = CARTESIAN_POINT('',(-60.45429057945,-14.7828));
#1573 = VECTOR('',#1574,1.);
#1574 = DIRECTION('',(-1.,0.));
#1575 = ( GEOMETRIC_REPRESENTATION_CONTEXT(2) 
PARAMETRIC_REPRESENTATION_CONTEXT() REPRESENTATION_CONTEXT('2D SPACE',''
  ) );
#1576 = ORIENTED_EDGE('',*,*,#1577,.T.);
#1577 = EDGE_CURVE('',#1550,#1578,#1580,.T.);
#1578 = VERTEX_POINT('',#1579);
#1579 = CARTESIAN_POINT('',(5.49404501539,5.921119580346,3.3528));
#1580 = SURFACE_CURVE('',#1581,(#1586,#1597),.PCURVE_S1.);
#1581 = CIRCLE('',#1582,42.545);
#1582 = AXIS2_PLACEMENT_3D('',#1583,#1584,#1585);
#1583 = CARTESIAN_POINT('',(47.625,0.,3.3528));
#1584 = DIRECTION('',(0.,-0.,-1.));
#1585 = DIRECTION('',(1.,0.,-0.));
#1586 = PCURVE('',#88,#1587);
#1587 = DEFINITIONAL_REPRESENTATION('',(#1588),#1596);
#1588 = ( BOUNDED_CURVE() B_SPLINE_CURVE(2,(#1589,#1590,#1591,#1592,
#1593,#1594,#1595),.UNSPECIFIED.,.T.,.F.) B_SPLINE_CURVE_WITH_KNOTS((1,2
    ,2,2,2,1),(-2.094395102393,0.,2.094395102393,4.188790204786,
6.28318530718,8.377580409573),.UNSPECIFIED.) CURVE() 
GEOMETRIC_REPRESENTATION_ITEM() RATIONAL_B_SPLINE_CURVE((1.,0.5,1.,0.5,
1.,0.5,1.)) REPRESENTATION_ITEM('') );
#1589 = CARTESIAN_POINT('',(137.795,-5.385487706847E-15));
#1590 = CARTESIAN_POINT('',(137.795,-73.69010160801));
#1591 = CARTESIAN_POINT('',(73.9775,-36.845050804));
#1592 = CARTESIAN_POINT('',(10.16,-1.580600732079E-14));
#1593 = CARTESIAN_POINT('',(73.9775,36.845050804009));
#1594 = CARTESIAN_POINT('',(137.795,73.690101608018));
#1595 = CARTESIAN_POINT('',(137.795,-5.385487706847E-15));
#1596 = ( GEOMETRIC_REPRESENTATION_CONTEXT(2) 
PARAMETRIC_REPRESENTATION_CONTEXT() REPRESENTATION_CONTEXT('2D SPACE',''
  ) );
#1597 = PCURVE('',#905,#1598);
#1598 = DEFINITIONAL_REPRESENTATION('',(#1599),#1602);
#1599 = B_SPLINE_CURVE_WITH_KNOTS('',1,(#1600,#1601),.UNSPECIFIED.,.F.,
  .F.,(2,2),(0.558505360638,3.281218993749),.PIECEWISE_BEZIER_KNOTS.);
#1600 = CARTESIAN_POINT('',(-5.724679946541,-17.3228));
#1601 = CARTESIAN_POINT('',(-3.00196631343,-17.3228));
#1602 = ( GEOMETRIC_REPRESENTATION_CONTEXT(2) 
PARAMETRIC_REPRESENTATION_CONTEXT() REPRESENTATION_CONTEXT('2D SPACE',''
  ) );
#1603 = ORIENTED_EDGE('',*,*,#1604,.T.);
#1604 = EDGE_CURVE('',#1578,#1605,#1607,.T.);
#1605 = VERTEX_POINT('',#1606);
#1606 = CARTESIAN_POINT('',(1.595359628754,6.469044078827,3.3528));
#1607 = SURFACE_CURVE('',#1608,(#1612,#1619),.PCURVE_S1.);
#1608 = LINE('',#1609,#1610);
#1609 = CARTESIAN_POINT('',(-22.09236432015,9.798136574805,3.3528));
#1610 = VECTOR('',#1611,1.);
#1611 = DIRECTION('',(-0.990268068742,0.13917310096,0.));
#1612 = PCURVE('',#88,#1613);
#1613 = DEFINITIONAL_REPRESENTATION('',(#1614),#1618);
#1614 = LINE('',#1615,#1616);
#1615 = CARTESIAN_POINT('',(25.532635679846,9.798136574805));
#1616 = VECTOR('',#1617,1.);
#1617 = DIRECTION('',(-0.990268068742,0.13917310096));
#1618 = ( GEOMETRIC_REPRESENTATION_CONTEXT(2) 
PARAMETRIC_REPRESENTATION_CONTEXT() REPRESENTATION_CONTEXT('2D SPACE',''
  ) );
#1619 = PCURVE('',#1620,#1625);
#1620 = PLANE('',#1621);
#1621 = AXIS2_PLACEMENT_3D('',#1622,#1623,#1624);
#1622 = CARTESIAN_POINT('',(1.595359628754,6.469044078826,-11.43));
#1623 = DIRECTION('',(0.13917310096,0.990268068742,0.));
#1624 = DIRECTION('',(0.990268068742,-0.13917310096,0.));
#1625 = DEFINITIONAL_REPRESENTATION('',(#1626),#1630);
#1626 = LINE('',#1627,#1628);
#1627 = CARTESIAN_POINT('',(-23.92051677381,-14.7828));
#1628 = VECTOR('',#1629,1.);
#1629 = DIRECTION('',(-1.,0.));
#1630 = ( GEOMETRIC_REPRESENTATION_CONTEXT(2) 
PARAMETRIC_REPRESENTATION_CONTEXT() REPRESENTATION_CONTEXT('2D SPACE',''
  ) );
#1631 = ORIENTED_EDGE('',*,*,#1632,.T.);
#1632 = EDGE_CURVE('',#1605,#1633,#1635,.T.);
#1633 = VERTEX_POINT('',#1634);
#1634 = CARTESIAN_POINT('',(8.206028394458,24.631707240089,3.3528));
#1635 = SURFACE_CURVE('',#1636,(#1641,#1652),.PCURVE_S1.);
#1636 = CIRCLE('',#1637,46.482);
#1637 = AXIS2_PLACEMENT_3D('',#1638,#1639,#1640);
#1638 = CARTESIAN_POINT('',(47.625,0.,3.3528));
#1639 = DIRECTION('',(0.,0.,-1.));
#1640 = DIRECTION('',(-1.,1.224646799147E-16,0.));
#1641 = PCURVE('',#88,#1642);
#1642 = DEFINITIONAL_REPRESENTATION('',(#1643),#1651);
#1643 = ( BOUNDED_CURVE() B_SPLINE_CURVE(2,(#1644,#1645,#1646,#1647,
#1648,#1649,#1650),.UNSPECIFIED.,.T.,.F.) B_SPLINE_CURVE_WITH_KNOTS((1,2
    ,2,2,2,1),(-2.094395102393,0.,2.094395102393,4.188790204786,
6.28318530718,8.377580409573),.UNSPECIFIED.) CURVE() 
GEOMETRIC_REPRESENTATION_ITEM() RATIONAL_B_SPLINE_CURVE((1.,0.5,1.,0.5,
1.,0.5,1.)) REPRESENTATION_ITEM('') );
#1644 = CARTESIAN_POINT('',(48.768,3.069155449499E-16));
#1645 = CARTESIAN_POINT('',(48.768,80.509185637417));
#1646 = CARTESIAN_POINT('',(118.491,40.254592818708));
#1647 = CARTESIAN_POINT('',(188.214,-5.385487706847E-15));
#1648 = CARTESIAN_POINT('',(118.491,-40.2545928187));
#1649 = CARTESIAN_POINT('',(48.768,-80.50918563741));
#1650 = CARTESIAN_POINT('',(48.768,3.069155449499E-16));
#1651 = ( GEOMETRIC_REPRESENTATION_CONTEXT(2) 
PARAMETRIC_REPRESENTATION_CONTEXT() REPRESENTATION_CONTEXT('2D SPACE',''
  ) );
#1652 = PCURVE('',#1653,#1658);
#1653 = CYLINDRICAL_SURFACE('',#1654,46.482);
#1654 = AXIS2_PLACEMENT_3D('',#1655,#1656,#1657);
#1655 = CARTESIAN_POINT('',(47.625,7.88860905221E-31,-11.43));
#1656 = DIRECTION('',(0.,0.,-1.));
#1657 = DIRECTION('',(-1.,1.224646799147E-16,0.));
#1658 = DEFINITIONAL_REPRESENTATION('',(#1659),#1662);
#1659 = B_SPLINE_CURVE_WITH_KNOTS('',1,(#1660,#1661),.UNSPECIFIED.,.F.,
  .F.,(2,2),(0.13962634016,0.558505360638),.PIECEWISE_BEZIER_KNOTS.);
#1660 = CARTESIAN_POINT('',(-6.14355896702,-14.7828));
#1661 = CARTESIAN_POINT('',(-5.724679946541,-14.7828));
#1662 = ( GEOMETRIC_REPRESENTATION_CONTEXT(2) 
PARAMETRIC_REPRESENTATION_CONTEXT() REPRESENTATION_CONTEXT('2D SPACE',''
  ) );
#1663 = ORIENTED_EDGE('',*,*,#1664,.T.);
#1664 = EDGE_CURVE('',#1633,#1434,#1665,.T.);
#1665 = SURFACE_CURVE('',#1666,(#1670,#1677),.PCURVE_S1.);
#1666 = LINE('',#1667,#1668);
#1667 = CARTESIAN_POINT('',(-3.64314603039,32.035893183602,3.3528));
#1668 = VECTOR('',#1669,1.);
#1669 = DIRECTION('',(0.848048096156,-0.529919264233,0.));
#1670 = PCURVE('',#88,#1671);
#1671 = DEFINITIONAL_REPRESENTATION('',(#1672),#1676);
#1672 = LINE('',#1673,#1674);
#1673 = CARTESIAN_POINT('',(43.98185396961,32.035893183602));
#1674 = VECTOR('',#1675,1.);
#1675 = DIRECTION('',(0.848048096156,-0.529919264233));
#1676 = ( GEOMETRIC_REPRESENTATION_CONTEXT(2) 
PARAMETRIC_REPRESENTATION_CONTEXT() REPRESENTATION_CONTEXT('2D SPACE',''
  ) );
#1677 = PCURVE('',#1678,#1683);
#1678 = PLANE('',#1679);
#1679 = AXIS2_PLACEMENT_3D('',#1680,#1681,#1682);
#1680 = CARTESIAN_POINT('',(13.59113380505,21.266719912207,-11.43));
#1681 = DIRECTION('',(-0.529919264233,-0.848048096156,0.));
#1682 = DIRECTION('',(-0.848048096156,0.529919264233,0.));
#1683 = DEFINITIONAL_REPRESENTATION('',(#1684),#1688);
#1684 = LINE('',#1685,#1686);
#1685 = CARTESIAN_POINT('',(20.32229057945,-14.7828));
#1686 = VECTOR('',#1687,1.);
#1687 = DIRECTION('',(-1.,0.));
#1688 = ( GEOMETRIC_REPRESENTATION_CONTEXT(2) 
PARAMETRIC_REPRESENTATION_CONTEXT() REPRESENTATION_CONTEXT('2D SPACE',''
  ) );
#1689 = ADVANCED_FACE('',(#1690),#219,.F.);
#1690 = FACE_BOUND('',#1691,.F.);
#1691 = EDGE_LOOP('',(#1692,#1715,#1743,#1764));
#1692 = ORIENTED_EDGE('',*,*,#1693,.F.);
#1693 = EDGE_CURVE('',#1694,#202,#1696,.T.);
#1694 = VERTEX_POINT('',#1695);
#1695 = CARTESIAN_POINT('',(-54.9275,-47.07464827685,-18.288));
#1696 = SURFACE_CURVE('',#1697,(#1701,#1708),.PCURVE_S1.);
#1697 = LINE('',#1698,#1699);
#1698 = CARTESIAN_POINT('',(-54.9275,-47.07464827685,-18.288));
#1699 = VECTOR('',#1700,1.);
#1700 = DIRECTION('',(0.,0.,1.));
#1701 = PCURVE('',#219,#1702);
#1702 = DEFINITIONAL_REPRESENTATION('',(#1703),#1707);
#1703 = LINE('',#1704,#1705);
#1704 = CARTESIAN_POINT('',(0.,17.78));
#1705 = VECTOR('',#1706,1.);
#1706 = DIRECTION('',(1.,0.));
#1707 = ( GEOMETRIC_REPRESENTATION_CONTEXT(2) 
PARAMETRIC_REPRESENTATION_CONTEXT() REPRESENTATION_CONTEXT('2D SPACE',''
  ) );
#1708 = PCURVE('',#301,#1709);
#1709 = DEFINITIONAL_REPRESENTATION('',(#1710),#1714);
#1710 = LINE('',#1711,#1712);
#1711 = CARTESIAN_POINT('',(0.,0.));
#1712 = VECTOR('',#1713,1.);
#1713 = DIRECTION('',(1.,0.));
#1714 = ( GEOMETRIC_REPRESENTATION_CONTEXT(2) 
PARAMETRIC_REPRESENTATION_CONTEXT() REPRESENTATION_CONTEXT('2D SPACE',''
  ) );
#1715 = ORIENTED_EDGE('',*,*,#1716,.F.);
#1716 = EDGE_CURVE('',#1717,#1694,#1719,.T.);
#1717 = VERTEX_POINT('',#1718);
#1718 = CARTESIAN_POINT('',(-37.1475,-47.07464827685,-18.288));
#1719 = SURFACE_CURVE('',#1720,(#1724,#1731),.PCURVE_S1.);
#1720 = LINE('',#1721,#1722);
#1721 = CARTESIAN_POINT('',(-37.1475,-47.07464827685,-18.288));
#1722 = VECTOR('',#1723,1.);
#1723 = DIRECTION('',(-1.,1.224646799147E-16,0.));
#1724 = PCURVE('',#219,#1725);
#1725 = DEFINITIONAL_REPRESENTATION('',(#1726),#1730);
#1726 = LINE('',#1727,#1728);
#1727 = CARTESIAN_POINT('',(0.,0.));
#1728 = VECTOR('',#1729,1.);
#1729 = DIRECTION('',(0.,1.));
#1730 = ( GEOMETRIC_REPRESENTATION_CONTEXT(2) 
PARAMETRIC_REPRESENTATION_CONTEXT() REPRESENTATION_CONTEXT('2D SPACE',''
  ) );
#1731 = PCURVE('',#1732,#1737);
#1732 = PLANE('',#1733);
#1733 = AXIS2_PLACEMENT_3D('',#1734,#1735,#1736);
#1734 = CARTESIAN_POINT('',(-37.1475,-47.07464827685,-18.288));
#1735 = DIRECTION('',(0.,0.,1.));
#1736 = DIRECTION('',(-1.,1.224646799147E-16,0.));
#1737 = DEFINITIONAL_REPRESENTATION('',(#1738),#1742);
#1738 = LINE('',#1739,#1740);
#1739 = CARTESIAN_POINT('',(0.,0.));
#1740 = VECTOR('',#1741,1.);
#1741 = DIRECTION('',(1.,0.));
#1742 = ( GEOMETRIC_REPRESENTATION_CONTEXT(2) 
PARAMETRIC_REPRESENTATION_CONTEXT() REPRESENTATION_CONTEXT('2D SPACE',''
  ) );
#1743 = ORIENTED_EDGE('',*,*,#1744,.T.);
#1744 = EDGE_CURVE('',#1717,#204,#1745,.T.);
#1745 = SURFACE_CURVE('',#1746,(#1750,#1757),.PCURVE_S1.);
#1746 = LINE('',#1747,#1748);
#1747 = CARTESIAN_POINT('',(-37.1475,-47.07464827685,-18.288));
#1748 = VECTOR('',#1749,1.);
#1749 = DIRECTION('',(0.,0.,1.));
#1750 = PCURVE('',#219,#1751);
#1751 = DEFINITIONAL_REPRESENTATION('',(#1752),#1756);
#1752 = LINE('',#1753,#1754);
#1753 = CARTESIAN_POINT('',(0.,0.));
#1754 = VECTOR('',#1755,1.);
#1755 = DIRECTION('',(1.,0.));
#1756 = ( GEOMETRIC_REPRESENTATION_CONTEXT(2) 
PARAMETRIC_REPRESENTATION_CONTEXT() REPRESENTATION_CONTEXT('2D SPACE',''
  ) );
#1757 = PCURVE('',#247,#1758);
#1758 = DEFINITIONAL_REPRESENTATION('',(#1759),#1763);
#1759 = LINE('',#1760,#1761);
#1760 = CARTESIAN_POINT('',(0.,0.));
#1761 = VECTOR('',#1762,1.);
#1762 = DIRECTION('',(1.,0.));
#1763 = ( GEOMETRIC_REPRESENTATION_CONTEXT(2) 
PARAMETRIC_REPRESENTATION_CONTEXT() REPRESENTATION_CONTEXT('2D SPACE',''
  ) );
#1764 = ORIENTED_EDGE('',*,*,#201,.F.);
#1765 = ADVANCED_FACE('',(#1766),#301,.T.);
#1766 = FACE_BOUND('',#1767,.T.);
#1767 = EDGE_LOOP('',(#1768,#1769,#1792,#1820,#1848,#1869));
#1768 = ORIENTED_EDGE('',*,*,#1693,.F.);
#1769 = ORIENTED_EDGE('',*,*,#1770,.T.);
#1770 = EDGE_CURVE('',#1694,#1771,#1773,.T.);
#1771 = VERTEX_POINT('',#1772);
#1772 = CARTESIAN_POINT('',(-54.9275,-48.72564827685,-18.288));
#1773 = SURFACE_CURVE('',#1774,(#1778,#1785),.PCURVE_S1.);
#1774 = LINE('',#1775,#1776);
#1775 = CARTESIAN_POINT('',(-54.9275,-47.07464827685,-18.288));
#1776 = VECTOR('',#1777,1.);
#1777 = DIRECTION('',(-1.224646799147E-16,-1.,0.));
#1778 = PCURVE('',#301,#1779);
#1779 = DEFINITIONAL_REPRESENTATION('',(#1780),#1784);
#1780 = LINE('',#1781,#1782);
#1781 = CARTESIAN_POINT('',(0.,0.));
#1782 = VECTOR('',#1783,1.);
#1783 = DIRECTION('',(0.,-1.));
#1784 = ( GEOMETRIC_REPRESENTATION_CONTEXT(2) 
PARAMETRIC_REPRESENTATION_CONTEXT() REPRESENTATION_CONTEXT('2D SPACE',''
  ) );
#1785 = PCURVE('',#1732,#1786);
#1786 = DEFINITIONAL_REPRESENTATION('',(#1787),#1791);
#1787 = LINE('',#1788,#1789);
#1788 = CARTESIAN_POINT('',(17.78,0.));
#1789 = VECTOR('',#1790,1.);
#1790 = DIRECTION('',(0.,1.));
#1791 = ( GEOMETRIC_REPRESENTATION_CONTEXT(2) 
PARAMETRIC_REPRESENTATION_CONTEXT() REPRESENTATION_CONTEXT('2D SPACE',''
  ) );
#1792 = ORIENTED_EDGE('',*,*,#1793,.F.);
#1793 = EDGE_CURVE('',#1794,#1771,#1796,.T.);
#1794 = VERTEX_POINT('',#1795);
#1795 = CARTESIAN_POINT('',(-54.9275,-52.324,-16.51));
#1796 = SURFACE_CURVE('',#1797,(#1801,#1808),.PCURVE_S1.);
#1797 = LINE('',#1798,#1799);
#1798 = CARTESIAN_POINT('',(-54.9275,-52.324,-16.51));
#1799 = VECTOR('',#1800,1.);
#1800 = DIRECTION('',(1.097929673395E-16,0.89652761446,-0.442987851426)
  );
#1801 = PCURVE('',#301,#1802);
#1802 = DEFINITIONAL_REPRESENTATION('',(#1803),#1807);
#1803 = LINE('',#1804,#1805);
#1804 = CARTESIAN_POINT('',(1.778,-5.249351723143));
#1805 = VECTOR('',#1806,1.);
#1806 = DIRECTION('',(-0.442987851426,0.89652761446));
#1807 = ( GEOMETRIC_REPRESENTATION_CONTEXT(2) 
PARAMETRIC_REPRESENTATION_CONTEXT() REPRESENTATION_CONTEXT('2D SPACE',''
  ) );
#1808 = PCURVE('',#1809,#1814);
#1809 = PLANE('',#1810);
#1810 = AXIS2_PLACEMENT_3D('',#1811,#1812,#1813);
#1811 = CARTESIAN_POINT('',(-54.9275,-52.324,-16.51));
#1812 = DIRECTION('',(5.425036543099E-17,0.442987851426,0.89652761446));
#1813 = DIRECTION('',(1.097929673395E-16,0.89652761446,-0.442987851426)
  );
#1814 = DEFINITIONAL_REPRESENTATION('',(#1815),#1819);
#1815 = LINE('',#1816,#1817);
#1816 = CARTESIAN_POINT('',(0.,0.));
#1817 = VECTOR('',#1818,1.);
#1818 = DIRECTION('',(1.,0.));
#1819 = ( GEOMETRIC_REPRESENTATION_CONTEXT(2) 
PARAMETRIC_REPRESENTATION_CONTEXT() REPRESENTATION_CONTEXT('2D SPACE',''
  ) );
#1820 = ORIENTED_EDGE('',*,*,#1821,.F.);
#1821 = EDGE_CURVE('',#1822,#1794,#1824,.T.);
#1822 = VERTEX_POINT('',#1823);
#1823 = CARTESIAN_POINT('',(-54.9275,-48.72564827685,-13.462));
#1824 = SURFACE_CURVE('',#1825,(#1829,#1836),.PCURVE_S1.);
#1825 = LINE('',#1826,#1827);
#1826 = CARTESIAN_POINT('',(-54.9275,-48.72564827685,-13.462));
#1827 = VECTOR('',#1828,1.);
#1828 = DIRECTION('',(-9.344634350422E-17,-0.763047301224,
    -0.646342646043));
#1829 = PCURVE('',#301,#1830);
#1830 = DEFINITIONAL_REPRESENTATION('',(#1831),#1835);
#1831 = LINE('',#1832,#1833);
#1832 = CARTESIAN_POINT('',(4.826,-1.651));
#1833 = VECTOR('',#1834,1.);
#1834 = DIRECTION('',(-0.646342646043,-0.763047301224));
#1835 = ( GEOMETRIC_REPRESENTATION_CONTEXT(2) 
PARAMETRIC_REPRESENTATION_CONTEXT() REPRESENTATION_CONTEXT('2D SPACE',''
  ) );
#1836 = PCURVE('',#1837,#1842);
#1837 = PLANE('',#1838);
#1838 = AXIS2_PLACEMENT_3D('',#1839,#1840,#1841);
#1839 = CARTESIAN_POINT('',(-54.9275,-48.72564827685,-13.462));
#1840 = DIRECTION('',(7.915414526296E-17,0.646342646043,-0.763047301224)
  );
#1841 = DIRECTION('',(-9.344634350422E-17,-0.763047301224,
    -0.646342646043));
#1842 = DEFINITIONAL_REPRESENTATION('',(#1843),#1847);
#1843 = LINE('',#1844,#1845);
#1844 = CARTESIAN_POINT('',(0.,0.));
#1845 = VECTOR('',#1846,1.);
#1846 = DIRECTION('',(1.,0.));
#1847 = ( GEOMETRIC_REPRESENTATION_CONTEXT(2) 
PARAMETRIC_REPRESENTATION_CONTEXT() REPRESENTATION_CONTEXT('2D SPACE',''
  ) );
#1848 = ORIENTED_EDGE('',*,*,#1849,.T.);
#1849 = EDGE_CURVE('',#1822,#260,#1850,.T.);
#1850 = SURFACE_CURVE('',#1851,(#1855,#1862),.PCURVE_S1.);
#1851 = LINE('',#1852,#1853);
#1852 = CARTESIAN_POINT('',(-54.9275,-48.72564827685,-18.288));
#1853 = VECTOR('',#1854,1.);
#1854 = DIRECTION('',(0.,0.,1.));
#1855 = PCURVE('',#301,#1856);
#1856 = DEFINITIONAL_REPRESENTATION('',(#1857),#1861);
#1857 = LINE('',#1858,#1859);
#1858 = CARTESIAN_POINT('',(0.,-1.651));
#1859 = VECTOR('',#1860,1.);
#1860 = DIRECTION('',(1.,0.));
#1861 = ( GEOMETRIC_REPRESENTATION_CONTEXT(2) 
PARAMETRIC_REPRESENTATION_CONTEXT() REPRESENTATION_CONTEXT('2D SPACE',''
  ) );
#1862 = PCURVE('',#275,#1863);
#1863 = DEFINITIONAL_REPRESENTATION('',(#1864),#1868);
#1864 = LINE('',#1865,#1866);
#1865 = CARTESIAN_POINT('',(0.,17.78));
#1866 = VECTOR('',#1867,1.);
#1867 = DIRECTION('',(1.,0.));
#1868 = ( GEOMETRIC_REPRESENTATION_CONTEXT(2) 
PARAMETRIC_REPRESENTATION_CONTEXT() REPRESENTATION_CONTEXT('2D SPACE',''
  ) );
#1869 = ORIENTED_EDGE('',*,*,#287,.F.);
#1870 = ADVANCED_FACE('',(#1871),#247,.F.);
#1871 = FACE_BOUND('',#1872,.F.);
#1872 = EDGE_LOOP('',(#1873,#1874,#1897,#1920,#1943,#1964));
#1873 = ORIENTED_EDGE('',*,*,#1744,.F.);
#1874 = ORIENTED_EDGE('',*,*,#1875,.T.);
#1875 = EDGE_CURVE('',#1717,#1876,#1878,.T.);
#1876 = VERTEX_POINT('',#1877);
#1877 = CARTESIAN_POINT('',(-37.1475,-48.72564827685,-18.288));
#1878 = SURFACE_CURVE('',#1879,(#1883,#1890),.PCURVE_S1.);
#1879 = LINE('',#1880,#1881);
#1880 = CARTESIAN_POINT('',(-37.1475,-47.07464827685,-18.288));
#1881 = VECTOR('',#1882,1.);
#1882 = DIRECTION('',(-1.224646799147E-16,-1.,0.));
#1883 = PCURVE('',#247,#1884);
#1884 = DEFINITIONAL_REPRESENTATION('',(#1885),#1889);
#1885 = LINE('',#1886,#1887);
#1886 = CARTESIAN_POINT('',(0.,0.));
#1887 = VECTOR('',#1888,1.);
#1888 = DIRECTION('',(0.,-1.));
#1889 = ( GEOMETRIC_REPRESENTATION_CONTEXT(2) 
PARAMETRIC_REPRESENTATION_CONTEXT() REPRESENTATION_CONTEXT('2D SPACE',''
  ) );
#1890 = PCURVE('',#1732,#1891);
#1891 = DEFINITIONAL_REPRESENTATION('',(#1892),#1896);
#1892 = LINE('',#1893,#1894);
#1893 = CARTESIAN_POINT('',(0.,0.));
#1894 = VECTOR('',#1895,1.);
#1895 = DIRECTION('',(0.,1.));
#1896 = ( GEOMETRIC_REPRESENTATION_CONTEXT(2) 
PARAMETRIC_REPRESENTATION_CONTEXT() REPRESENTATION_CONTEXT('2D SPACE',''
  ) );
#1897 = ORIENTED_EDGE('',*,*,#1898,.F.);
#1898 = EDGE_CURVE('',#1899,#1876,#1901,.T.);
#1899 = VERTEX_POINT('',#1900);
#1900 = CARTESIAN_POINT('',(-37.1475,-52.324,-16.51));
#1901 = SURFACE_CURVE('',#1902,(#1906,#1913),.PCURVE_S1.);
#1902 = LINE('',#1903,#1904);
#1903 = CARTESIAN_POINT('',(-37.1475,-52.324,-16.51));
#1904 = VECTOR('',#1905,1.);
#1905 = DIRECTION('',(1.097929673395E-16,0.89652761446,-0.442987851426)
  );
#1906 = PCURVE('',#247,#1907);
#1907 = DEFINITIONAL_REPRESENTATION('',(#1908),#1912);
#1908 = LINE('',#1909,#1910);
#1909 = CARTESIAN_POINT('',(1.778,-5.249351723143));
#1910 = VECTOR('',#1911,1.);
#1911 = DIRECTION('',(-0.442987851426,0.89652761446));
#1912 = ( GEOMETRIC_REPRESENTATION_CONTEXT(2) 
PARAMETRIC_REPRESENTATION_CONTEXT() REPRESENTATION_CONTEXT('2D SPACE',''
  ) );
#1913 = PCURVE('',#1809,#1914);
#1914 = DEFINITIONAL_REPRESENTATION('',(#1915),#1919);
#1915 = LINE('',#1916,#1917);
#1916 = CARTESIAN_POINT('',(-0.,-17.78));
#1917 = VECTOR('',#1918,1.);
#1918 = DIRECTION('',(1.,0.));
#1919 = ( GEOMETRIC_REPRESENTATION_CONTEXT(2) 
PARAMETRIC_REPRESENTATION_CONTEXT() REPRESENTATION_CONTEXT('2D SPACE',''
  ) );
#1920 = ORIENTED_EDGE('',*,*,#1921,.F.);
#1921 = EDGE_CURVE('',#1922,#1899,#1924,.T.);
#1922 = VERTEX_POINT('',#1923);
#1923 = CARTESIAN_POINT('',(-37.1475,-48.72564827685,-13.462));
#1924 = SURFACE_CURVE('',#1925,(#1929,#1936),.PCURVE_S1.);
#1925 = LINE('',#1926,#1927);
#1926 = CARTESIAN_POINT('',(-37.1475,-48.72564827685,-13.462));
#1927 = VECTOR('',#1928,1.);
#1928 = DIRECTION('',(-9.344634350422E-17,-0.763047301224,
    -0.646342646043));
#1929 = PCURVE('',#247,#1930);
#1930 = DEFINITIONAL_REPRESENTATION('',(#1931),#1935);
#1931 = LINE('',#1932,#1933);
#1932 = CARTESIAN_POINT('',(4.826,-1.651));
#1933 = VECTOR('',#1934,1.);
#1934 = DIRECTION('',(-0.646342646043,-0.763047301224));
#1935 = ( GEOMETRIC_REPRESENTATION_CONTEXT(2) 
PARAMETRIC_REPRESENTATION_CONTEXT() REPRESENTATION_CONTEXT('2D SPACE',''
  ) );
#1936 = PCURVE('',#1837,#1937);
#1937 = DEFINITIONAL_REPRESENTATION('',(#1938),#1942);
#1938 = LINE('',#1939,#1940);
#1939 = CARTESIAN_POINT('',(0.,-17.78));
#1940 = VECTOR('',#1941,1.);
#1941 = DIRECTION('',(1.,0.));
#1942 = ( GEOMETRIC_REPRESENTATION_CONTEXT(2) 
PARAMETRIC_REPRESENTATION_CONTEXT() REPRESENTATION_CONTEXT('2D SPACE',''
  ) );
#1943 = ORIENTED_EDGE('',*,*,#1944,.T.);
#1944 = EDGE_CURVE('',#1922,#232,#1945,.T.);
#1945 = SURFACE_CURVE('',#1946,(#1950,#1957),.PCURVE_S1.);
#1946 = LINE('',#1947,#1948);
#1947 = CARTESIAN_POINT('',(-37.1475,-48.72564827685,-18.288));
#1948 = VECTOR('',#1949,1.);
#1949 = DIRECTION('',(0.,0.,1.));
#1950 = PCURVE('',#247,#1951);
#1951 = DEFINITIONAL_REPRESENTATION('',(#1952),#1956);
#1952 = LINE('',#1953,#1954);
#1953 = CARTESIAN_POINT('',(0.,-1.651));
#1954 = VECTOR('',#1955,1.);
#1955 = DIRECTION('',(1.,0.));
#1956 = ( GEOMETRIC_REPRESENTATION_CONTEXT(2) 
PARAMETRIC_REPRESENTATION_CONTEXT() REPRESENTATION_CONTEXT('2D SPACE',''
  ) );
#1957 = PCURVE('',#275,#1958);
#1958 = DEFINITIONAL_REPRESENTATION('',(#1959),#1963);
#1959 = LINE('',#1960,#1961);
#1960 = CARTESIAN_POINT('',(0.,0.));
#1961 = VECTOR('',#1962,1.);
#1962 = DIRECTION('',(1.,0.));
#1963 = ( GEOMETRIC_REPRESENTATION_CONTEXT(2) 
PARAMETRIC_REPRESENTATION_CONTEXT() REPRESENTATION_CONTEXT('2D SPACE',''
  ) );
#1964 = ORIENTED_EDGE('',*,*,#231,.F.);
#1965 = ADVANCED_FACE('',(#1966),#275,.T.);
#1966 = FACE_BOUND('',#1967,.T.);
#1967 = EDGE_LOOP('',(#1968,#1969,#1990,#1991));
#1968 = ORIENTED_EDGE('',*,*,#1849,.F.);
#1969 = ORIENTED_EDGE('',*,*,#1970,.T.);
#1970 = EDGE_CURVE('',#1822,#1922,#1971,.T.);
#1971 = SURFACE_CURVE('',#1972,(#1976,#1983),.PCURVE_S1.);
#1972 = LINE('',#1973,#1974);
#1973 = CARTESIAN_POINT('',(-54.9275,-48.72564827685,-13.462));
#1974 = VECTOR('',#1975,1.);
#1975 = DIRECTION('',(1.,-1.224646799147E-16,0.));
#1976 = PCURVE('',#275,#1977);
#1977 = DEFINITIONAL_REPRESENTATION('',(#1978),#1982);
#1978 = LINE('',#1979,#1980);
#1979 = CARTESIAN_POINT('',(4.826,17.78));
#1980 = VECTOR('',#1981,1.);
#1981 = DIRECTION('',(0.,-1.));
#1982 = ( GEOMETRIC_REPRESENTATION_CONTEXT(2) 
PARAMETRIC_REPRESENTATION_CONTEXT() REPRESENTATION_CONTEXT('2D SPACE',''
  ) );
#1983 = PCURVE('',#1837,#1984);
#1984 = DEFINITIONAL_REPRESENTATION('',(#1985),#1989);
#1985 = LINE('',#1986,#1987);
#1986 = CARTESIAN_POINT('',(0.,0.));
#1987 = VECTOR('',#1988,1.);
#1988 = DIRECTION('',(0.,-1.));
#1989 = ( GEOMETRIC_REPRESENTATION_CONTEXT(2) 
PARAMETRIC_REPRESENTATION_CONTEXT() REPRESENTATION_CONTEXT('2D SPACE',''
  ) );
#1990 = ORIENTED_EDGE('',*,*,#1944,.T.);
#1991 = ORIENTED_EDGE('',*,*,#259,.F.);
#1992 = ADVANCED_FACE('',(#1993),#333,.F.);
#1993 = FACE_BOUND('',#1994,.F.);
#1994 = EDGE_LOOP('',(#1995,#2018,#2046,#2067));
#1995 = ORIENTED_EDGE('',*,*,#1996,.F.);
#1996 = EDGE_CURVE('',#1997,#316,#1999,.T.);
#1997 = VERTEX_POINT('',#1998);
#1998 = CARTESIAN_POINT('',(37.1475,-47.07464827685,-18.288));
#1999 = SURFACE_CURVE('',#2000,(#2004,#2011),.PCURVE_S1.);
#2000 = LINE('',#2001,#2002);
#2001 = CARTESIAN_POINT('',(37.1475,-47.07464827685,-18.288));
#2002 = VECTOR('',#2003,1.);
#2003 = DIRECTION('',(0.,0.,1.));
#2004 = PCURVE('',#333,#2005);
#2005 = DEFINITIONAL_REPRESENTATION('',(#2006),#2010);
#2006 = LINE('',#2007,#2008);
#2007 = CARTESIAN_POINT('',(0.,17.78));
#2008 = VECTOR('',#2009,1.);
#2009 = DIRECTION('',(1.,0.));
#2010 = ( GEOMETRIC_REPRESENTATION_CONTEXT(2) 
PARAMETRIC_REPRESENTATION_CONTEXT() REPRESENTATION_CONTEXT('2D SPACE',''
  ) );
#2011 = PCURVE('',#415,#2012);
#2012 = DEFINITIONAL_REPRESENTATION('',(#2013),#2017);
#2013 = LINE('',#2014,#2015);
#2014 = CARTESIAN_POINT('',(0.,0.));
#2015 = VECTOR('',#2016,1.);
#2016 = DIRECTION('',(1.,0.));
#2017 = ( GEOMETRIC_REPRESENTATION_CONTEXT(2) 
PARAMETRIC_REPRESENTATION_CONTEXT() REPRESENTATION_CONTEXT('2D SPACE',''
  ) );
#2018 = ORIENTED_EDGE('',*,*,#2019,.F.);
#2019 = EDGE_CURVE('',#2020,#1997,#2022,.T.);
#2020 = VERTEX_POINT('',#2021);
#2021 = CARTESIAN_POINT('',(54.9275,-47.07464827685,-18.288));
#2022 = SURFACE_CURVE('',#2023,(#2027,#2034),.PCURVE_S1.);
#2023 = LINE('',#2024,#2025);
#2024 = CARTESIAN_POINT('',(54.9275,-47.07464827685,-18.288));
#2025 = VECTOR('',#2026,1.);
#2026 = DIRECTION('',(-1.,1.224646799147E-16,0.));
#2027 = PCURVE('',#333,#2028);
#2028 = DEFINITIONAL_REPRESENTATION('',(#2029),#2033);
#2029 = LINE('',#2030,#2031);
#2030 = CARTESIAN_POINT('',(0.,0.));
#2031 = VECTOR('',#2032,1.);
#2032 = DIRECTION('',(0.,1.));
#2033 = ( GEOMETRIC_REPRESENTATION_CONTEXT(2) 
PARAMETRIC_REPRESENTATION_CONTEXT() REPRESENTATION_CONTEXT('2D SPACE',''
  ) );
#2034 = PCURVE('',#2035,#2040);
#2035 = PLANE('',#2036);
#2036 = AXIS2_PLACEMENT_3D('',#2037,#2038,#2039);
#2037 = CARTESIAN_POINT('',(54.9275,-47.07464827685,-18.288));
#2038 = DIRECTION('',(0.,0.,1.));
#2039 = DIRECTION('',(-1.,1.224646799147E-16,0.));
#2040 = DEFINITIONAL_REPRESENTATION('',(#2041),#2045);
#2041 = LINE('',#2042,#2043);
#2042 = CARTESIAN_POINT('',(0.,0.));
#2043 = VECTOR('',#2044,1.);
#2044 = DIRECTION('',(1.,0.));
#2045 = ( GEOMETRIC_REPRESENTATION_CONTEXT(2) 
PARAMETRIC_REPRESENTATION_CONTEXT() REPRESENTATION_CONTEXT('2D SPACE',''
  ) );
#2046 = ORIENTED_EDGE('',*,*,#2047,.T.);
#2047 = EDGE_CURVE('',#2020,#318,#2048,.T.);
#2048 = SURFACE_CURVE('',#2049,(#2053,#2060),.PCURVE_S1.);
#2049 = LINE('',#2050,#2051);
#2050 = CARTESIAN_POINT('',(54.9275,-47.07464827685,-18.288));
#2051 = VECTOR('',#2052,1.);
#2052 = DIRECTION('',(0.,0.,1.));
#2053 = PCURVE('',#333,#2054);
#2054 = DEFINITIONAL_REPRESENTATION('',(#2055),#2059);
#2055 = LINE('',#2056,#2057);
#2056 = CARTESIAN_POINT('',(0.,0.));
#2057 = VECTOR('',#2058,1.);
#2058 = DIRECTION('',(1.,0.));
#2059 = ( GEOMETRIC_REPRESENTATION_CONTEXT(2) 
PARAMETRIC_REPRESENTATION_CONTEXT() REPRESENTATION_CONTEXT('2D SPACE',''
  ) );
#2060 = PCURVE('',#361,#2061);
#2061 = DEFINITIONAL_REPRESENTATION('',(#2062),#2066);
#2062 = LINE('',#2063,#2064);
#2063 = CARTESIAN_POINT('',(0.,0.));
#2064 = VECTOR('',#2065,1.);
#2065 = DIRECTION('',(1.,0.));
#2066 = ( GEOMETRIC_REPRESENTATION_CONTEXT(2) 
PARAMETRIC_REPRESENTATION_CONTEXT() REPRESENTATION_CONTEXT('2D SPACE',''
  ) );
#2067 = ORIENTED_EDGE('',*,*,#315,.F.);
#2068 = ADVANCED_FACE('',(#2069),#415,.T.);
#2069 = FACE_BOUND('',#2070,.T.);
#2070 = EDGE_LOOP('',(#2071,#2072,#2095,#2123,#2151,#2172));
#2071 = ORIENTED_EDGE('',*,*,#1996,.F.);
#2072 = ORIENTED_EDGE('',*,*,#2073,.T.);
#2073 = EDGE_CURVE('',#1997,#2074,#2076,.T.);
#2074 = VERTEX_POINT('',#2075);
#2075 = CARTESIAN_POINT('',(37.1475,-48.72564827685,-18.288));
#2076 = SURFACE_CURVE('',#2077,(#2081,#2088),.PCURVE_S1.);
#2077 = LINE('',#2078,#2079);
#2078 = CARTESIAN_POINT('',(37.1475,-47.07464827685,-18.288));
#2079 = VECTOR('',#2080,1.);
#2080 = DIRECTION('',(-1.224646799147E-16,-1.,0.));
#2081 = PCURVE('',#415,#2082);
#2082 = DEFINITIONAL_REPRESENTATION('',(#2083),#2087);
#2083 = LINE('',#2084,#2085);
#2084 = CARTESIAN_POINT('',(0.,0.));
#2085 = VECTOR('',#2086,1.);
#2086 = DIRECTION('',(0.,-1.));
#2087 = ( GEOMETRIC_REPRESENTATION_CONTEXT(2) 
PARAMETRIC_REPRESENTATION_CONTEXT() REPRESENTATION_CONTEXT('2D SPACE',''
  ) );
#2088 = PCURVE('',#2035,#2089);
#2089 = DEFINITIONAL_REPRESENTATION('',(#2090),#2094);
#2090 = LINE('',#2091,#2092);
#2091 = CARTESIAN_POINT('',(17.78,0.));
#2092 = VECTOR('',#2093,1.);
#2093 = DIRECTION('',(0.,1.));
#2094 = ( GEOMETRIC_REPRESENTATION_CONTEXT(2) 
PARAMETRIC_REPRESENTATION_CONTEXT() REPRESENTATION_CONTEXT('2D SPACE',''
  ) );
#2095 = ORIENTED_EDGE('',*,*,#2096,.F.);
#2096 = EDGE_CURVE('',#2097,#2074,#2099,.T.);
#2097 = VERTEX_POINT('',#2098);
#2098 = CARTESIAN_POINT('',(37.1475,-52.324,-16.51));
#2099 = SURFACE_CURVE('',#2100,(#2104,#2111),.PCURVE_S1.);
#2100 = LINE('',#2101,#2102);
#2101 = CARTESIAN_POINT('',(37.1475,-52.324,-16.51));
#2102 = VECTOR('',#2103,1.);
#2103 = DIRECTION('',(1.097929673395E-16,0.89652761446,-0.442987851426)
  );
#2104 = PCURVE('',#415,#2105);
#2105 = DEFINITIONAL_REPRESENTATION('',(#2106),#2110);
#2106 = LINE('',#2107,#2108);
#2107 = CARTESIAN_POINT('',(1.778,-5.249351723143));
#2108 = VECTOR('',#2109,1.);
#2109 = DIRECTION('',(-0.442987851426,0.89652761446));
#2110 = ( GEOMETRIC_REPRESENTATION_CONTEXT(2) 
PARAMETRIC_REPRESENTATION_CONTEXT() REPRESENTATION_CONTEXT('2D SPACE',''
  ) );
#2111 = PCURVE('',#2112,#2117);
#2112 = PLANE('',#2113);
#2113 = AXIS2_PLACEMENT_3D('',#2114,#2115,#2116);
#2114 = CARTESIAN_POINT('',(37.1475,-52.324,-16.51));
#2115 = DIRECTION('',(5.425036543099E-17,0.442987851426,0.89652761446));
#2116 = DIRECTION('',(1.097929673395E-16,0.89652761446,-0.442987851426)
  );
#2117 = DEFINITIONAL_REPRESENTATION('',(#2118),#2122);
#2118 = LINE('',#2119,#2120);
#2119 = CARTESIAN_POINT('',(0.,0.));
#2120 = VECTOR('',#2121,1.);
#2121 = DIRECTION('',(1.,0.));
#2122 = ( GEOMETRIC_REPRESENTATION_CONTEXT(2) 
PARAMETRIC_REPRESENTATION_CONTEXT() REPRESENTATION_CONTEXT('2D SPACE',''
  ) );
#2123 = ORIENTED_EDGE('',*,*,#2124,.F.);
#2124 = EDGE_CURVE('',#2125,#2097,#2127,.T.);
#2125 = VERTEX_POINT('',#2126);
#2126 = CARTESIAN_POINT('',(37.1475,-48.72564827685,-13.462));
#2127 = SURFACE_CURVE('',#2128,(#2132,#2139),.PCURVE_S1.);
#2128 = LINE('',#2129,#2130);
#2129 = CARTESIAN_POINT('',(37.1475,-48.72564827685,-13.462));
#2130 = VECTOR('',#2131,1.);
#2131 = DIRECTION('',(-9.344634350422E-17,-0.763047301224,
    -0.646342646043));
#2132 = PCURVE('',#415,#2133);
#2133 = DEFINITIONAL_REPRESENTATION('',(#2134),#2138);
#2134 = LINE('',#2135,#2136);
#2135 = CARTESIAN_POINT('',(4.826,-1.651));
#2136 = VECTOR('',#2137,1.);
#2137 = DIRECTION('',(-0.646342646043,-0.763047301224));
#2138 = ( GEOMETRIC_REPRESENTATION_CONTEXT(2) 
PARAMETRIC_REPRESENTATION_CONTEXT() REPRESENTATION_CONTEXT('2D SPACE',''
  ) );
#2139 = PCURVE('',#2140,#2145);
#2140 = PLANE('',#2141);
#2141 = AXIS2_PLACEMENT_3D('',#2142,#2143,#2144);
#2142 = CARTESIAN_POINT('',(37.1475,-48.72564827685,-13.462));
#2143 = DIRECTION('',(7.915414526296E-17,0.646342646043,-0.763047301224)
  );
#2144 = DIRECTION('',(-9.344634350422E-17,-0.763047301224,
    -0.646342646043));
#2145 = DEFINITIONAL_REPRESENTATION('',(#2146),#2150);
#2146 = LINE('',#2147,#2148);
#2147 = CARTESIAN_POINT('',(0.,0.));
#2148 = VECTOR('',#2149,1.);
#2149 = DIRECTION('',(1.,0.));
#2150 = ( GEOMETRIC_REPRESENTATION_CONTEXT(2) 
PARAMETRIC_REPRESENTATION_CONTEXT() REPRESENTATION_CONTEXT('2D SPACE',''
  ) );
#2151 = ORIENTED_EDGE('',*,*,#2152,.T.);
#2152 = EDGE_CURVE('',#2125,#374,#2153,.T.);
#2153 = SURFACE_CURVE('',#2154,(#2158,#2165),.PCURVE_S1.);
#2154 = LINE('',#2155,#2156);
#2155 = CARTESIAN_POINT('',(37.1475,-48.72564827685,-18.288));
#2156 = VECTOR('',#2157,1.);
#2157 = DIRECTION('',(0.,0.,1.));
#2158 = PCURVE('',#415,#2159);
#2159 = DEFINITIONAL_REPRESENTATION('',(#2160),#2164);
#2160 = LINE('',#2161,#2162);
#2161 = CARTESIAN_POINT('',(0.,-1.651));
#2162 = VECTOR('',#2163,1.);
#2163 = DIRECTION('',(1.,0.));
#2164 = ( GEOMETRIC_REPRESENTATION_CONTEXT(2) 
PARAMETRIC_REPRESENTATION_CONTEXT() REPRESENTATION_CONTEXT('2D SPACE',''
  ) );
#2165 = PCURVE('',#389,#2166);
#2166 = DEFINITIONAL_REPRESENTATION('',(#2167),#2171);
#2167 = LINE('',#2168,#2169);
#2168 = CARTESIAN_POINT('',(0.,17.78));
#2169 = VECTOR('',#2170,1.);
#2170 = DIRECTION('',(1.,0.));
#2171 = ( GEOMETRIC_REPRESENTATION_CONTEXT(2) 
PARAMETRIC_REPRESENTATION_CONTEXT() REPRESENTATION_CONTEXT('2D SPACE',''
  ) );
#2172 = ORIENTED_EDGE('',*,*,#401,.F.);
#2173 = ADVANCED_FACE('',(#2174),#389,.T.);
#2174 = FACE_BOUND('',#2175,.T.);
#2175 = EDGE_LOOP('',(#2176,#2177,#2200,#2221));
#2176 = ORIENTED_EDGE('',*,*,#2152,.F.);
#2177 = ORIENTED_EDGE('',*,*,#2178,.T.);
#2178 = EDGE_CURVE('',#2125,#2179,#2181,.T.);
#2179 = VERTEX_POINT('',#2180);
#2180 = CARTESIAN_POINT('',(54.9275,-48.72564827685,-13.462));
#2181 = SURFACE_CURVE('',#2182,(#2186,#2193),.PCURVE_S1.);
#2182 = LINE('',#2183,#2184);
#2183 = CARTESIAN_POINT('',(37.1475,-48.72564827685,-13.462));
#2184 = VECTOR('',#2185,1.);
#2185 = DIRECTION('',(1.,-1.224646799147E-16,0.));
#2186 = PCURVE('',#389,#2187);
#2187 = DEFINITIONAL_REPRESENTATION('',(#2188),#2192);
#2188 = LINE('',#2189,#2190);
#2189 = CARTESIAN_POINT('',(4.826,17.78));
#2190 = VECTOR('',#2191,1.);
#2191 = DIRECTION('',(0.,-1.));
#2192 = ( GEOMETRIC_REPRESENTATION_CONTEXT(2) 
PARAMETRIC_REPRESENTATION_CONTEXT() REPRESENTATION_CONTEXT('2D SPACE',''
  ) );
#2193 = PCURVE('',#2140,#2194);
#2194 = DEFINITIONAL_REPRESENTATION('',(#2195),#2199);
#2195 = LINE('',#2196,#2197);
#2196 = CARTESIAN_POINT('',(0.,0.));
#2197 = VECTOR('',#2198,1.);
#2198 = DIRECTION('',(0.,-1.));
#2199 = ( GEOMETRIC_REPRESENTATION_CONTEXT(2) 
PARAMETRIC_REPRESENTATION_CONTEXT() REPRESENTATION_CONTEXT('2D SPACE',''
  ) );
#2200 = ORIENTED_EDGE('',*,*,#2201,.T.);
#2201 = EDGE_CURVE('',#2179,#346,#2202,.T.);
#2202 = SURFACE_CURVE('',#2203,(#2207,#2214),.PCURVE_S1.);
#2203 = LINE('',#2204,#2205);
#2204 = CARTESIAN_POINT('',(54.9275,-48.72564827685,-18.288));
#2205 = VECTOR('',#2206,1.);
#2206 = DIRECTION('',(0.,0.,1.));
#2207 = PCURVE('',#389,#2208);
#2208 = DEFINITIONAL_REPRESENTATION('',(#2209),#2213);
#2209 = LINE('',#2210,#2211);
#2210 = CARTESIAN_POINT('',(0.,0.));
#2211 = VECTOR('',#2212,1.);
#2212 = DIRECTION('',(1.,0.));
#2213 = ( GEOMETRIC_REPRESENTATION_CONTEXT(2) 
PARAMETRIC_REPRESENTATION_CONTEXT() REPRESENTATION_CONTEXT('2D SPACE',''
  ) );
#2214 = PCURVE('',#361,#2215);
#2215 = DEFINITIONAL_REPRESENTATION('',(#2216),#2220);
#2216 = LINE('',#2217,#2218);
#2217 = CARTESIAN_POINT('',(0.,-1.651));
#2218 = VECTOR('',#2219,1.);
#2219 = DIRECTION('',(1.,0.));
#2220 = ( GEOMETRIC_REPRESENTATION_CONTEXT(2) 
PARAMETRIC_REPRESENTATION_CONTEXT() REPRESENTATION_CONTEXT('2D SPACE',''
  ) );
#2221 = ORIENTED_EDGE('',*,*,#373,.F.);
#2222 = ADVANCED_FACE('',(#2223),#361,.F.);
#2223 = FACE_BOUND('',#2224,.F.);
#2224 = EDGE_LOOP('',(#2225,#2226,#2249,#2272,#2293,#2294));
#2225 = ORIENTED_EDGE('',*,*,#2047,.F.);
#2226 = ORIENTED_EDGE('',*,*,#2227,.T.);
#2227 = EDGE_CURVE('',#2020,#2228,#2230,.T.);
#2228 = VERTEX_POINT('',#2229);
#2229 = CARTESIAN_POINT('',(54.9275,-48.72564827685,-18.288));
#2230 = SURFACE_CURVE('',#2231,(#2235,#2242),.PCURVE_S1.);
#2231 = LINE('',#2232,#2233);
#2232 = CARTESIAN_POINT('',(54.9275,-47.07464827685,-18.288));
#2233 = VECTOR('',#2234,1.);
#2234 = DIRECTION('',(-1.224646799147E-16,-1.,0.));
#2235 = PCURVE('',#361,#2236);
#2236 = DEFINITIONAL_REPRESENTATION('',(#2237),#2241);
#2237 = LINE('',#2238,#2239);
#2238 = CARTESIAN_POINT('',(0.,0.));
#2239 = VECTOR('',#2240,1.);
#2240 = DIRECTION('',(0.,-1.));
#2241 = ( GEOMETRIC_REPRESENTATION_CONTEXT(2) 
PARAMETRIC_REPRESENTATION_CONTEXT() REPRESENTATION_CONTEXT('2D SPACE',''
  ) );
#2242 = PCURVE('',#2035,#2243);
#2243 = DEFINITIONAL_REPRESENTATION('',(#2244),#2248);
#2244 = LINE('',#2245,#2246);
#2245 = CARTESIAN_POINT('',(0.,0.));
#2246 = VECTOR('',#2247,1.);
#2247 = DIRECTION('',(0.,1.));
#2248 = ( GEOMETRIC_REPRESENTATION_CONTEXT(2) 
PARAMETRIC_REPRESENTATION_CONTEXT() REPRESENTATION_CONTEXT('2D SPACE',''
  ) );
#2249 = ORIENTED_EDGE('',*,*,#2250,.F.);
#2250 = EDGE_CURVE('',#2251,#2228,#2253,.T.);
#2251 = VERTEX_POINT('',#2252);
#2252 = CARTESIAN_POINT('',(54.9275,-52.324,-16.51));
#2253 = SURFACE_CURVE('',#2254,(#2258,#2265),.PCURVE_S1.);
#2254 = LINE('',#2255,#2256);
#2255 = CARTESIAN_POINT('',(54.9275,-52.324,-16.51));
#2256 = VECTOR('',#2257,1.);
#2257 = DIRECTION('',(1.097929673395E-16,0.89652761446,-0.442987851426)
  );
#2258 = PCURVE('',#361,#2259);
#2259 = DEFINITIONAL_REPRESENTATION('',(#2260),#2264);
#2260 = LINE('',#2261,#2262);
#2261 = CARTESIAN_POINT('',(1.778,-5.249351723143));
#2262 = VECTOR('',#2263,1.);
#2263 = DIRECTION('',(-0.442987851426,0.89652761446));
#2264 = ( GEOMETRIC_REPRESENTATION_CONTEXT(2) 
PARAMETRIC_REPRESENTATION_CONTEXT() REPRESENTATION_CONTEXT('2D SPACE',''
  ) );
#2265 = PCURVE('',#2112,#2266);
#2266 = DEFINITIONAL_REPRESENTATION('',(#2267),#2271);
#2267 = LINE('',#2268,#2269);
#2268 = CARTESIAN_POINT('',(-0.,-17.78));
#2269 = VECTOR('',#2270,1.);
#2270 = DIRECTION('',(1.,0.));
#2271 = ( GEOMETRIC_REPRESENTATION_CONTEXT(2) 
PARAMETRIC_REPRESENTATION_CONTEXT() REPRESENTATION_CONTEXT('2D SPACE',''
  ) );
#2272 = ORIENTED_EDGE('',*,*,#2273,.F.);
#2273 = EDGE_CURVE('',#2179,#2251,#2274,.T.);
#2274 = SURFACE_CURVE('',#2275,(#2279,#2286),.PCURVE_S1.);
#2275 = LINE('',#2276,#2277);
#2276 = CARTESIAN_POINT('',(54.9275,-48.72564827685,-13.462));
#2277 = VECTOR('',#2278,1.);
#2278 = DIRECTION('',(-9.344634350422E-17,-0.763047301224,
    -0.646342646043));
#2279 = PCURVE('',#361,#2280);
#2280 = DEFINITIONAL_REPRESENTATION('',(#2281),#2285);
#2281 = LINE('',#2282,#2283);
#2282 = CARTESIAN_POINT('',(4.826,-1.651));
#2283 = VECTOR('',#2284,1.);
#2284 = DIRECTION('',(-0.646342646043,-0.763047301224));
#2285 = ( GEOMETRIC_REPRESENTATION_CONTEXT(2) 
PARAMETRIC_REPRESENTATION_CONTEXT() REPRESENTATION_CONTEXT('2D SPACE',''
  ) );
#2286 = PCURVE('',#2140,#2287);
#2287 = DEFINITIONAL_REPRESENTATION('',(#2288),#2292);
#2288 = LINE('',#2289,#2290);
#2289 = CARTESIAN_POINT('',(0.,-17.78));
#2290 = VECTOR('',#2291,1.);
#2291 = DIRECTION('',(1.,0.));
#2292 = ( GEOMETRIC_REPRESENTATION_CONTEXT(2) 
PARAMETRIC_REPRESENTATION_CONTEXT() REPRESENTATION_CONTEXT('2D SPACE',''
  ) );
#2293 = ORIENTED_EDGE('',*,*,#2201,.T.);
#2294 = ORIENTED_EDGE('',*,*,#345,.F.);
#2295 = ADVANCED_FACE('',(#2296),#447,.F.);
#2296 = FACE_BOUND('',#2297,.F.);
#2297 = EDGE_LOOP('',(#2298,#2321,#2349,#2370));
#2298 = ORIENTED_EDGE('',*,*,#2299,.F.);
#2299 = EDGE_CURVE('',#2300,#430,#2302,.T.);
#2300 = VERTEX_POINT('',#2301);
#2301 = CARTESIAN_POINT('',(-37.1475,47.074648276857,-18.288));
#2302 = SURFACE_CURVE('',#2303,(#2307,#2314),.PCURVE_S1.);
#2303 = LINE('',#2304,#2305);
#2304 = CARTESIAN_POINT('',(-37.1475,47.074648276857,-18.288));
#2305 = VECTOR('',#2306,1.);
#2306 = DIRECTION('',(0.,0.,1.));
#2307 = PCURVE('',#447,#2308);
#2308 = DEFINITIONAL_REPRESENTATION('',(#2309),#2313);
#2309 = LINE('',#2310,#2311);
#2310 = CARTESIAN_POINT('',(0.,17.78));
#2311 = VECTOR('',#2312,1.);
#2312 = DIRECTION('',(1.,0.));
#2313 = ( GEOMETRIC_REPRESENTATION_CONTEXT(2) 
PARAMETRIC_REPRESENTATION_CONTEXT() REPRESENTATION_CONTEXT('2D SPACE',''
  ) );
#2314 = PCURVE('',#529,#2315);
#2315 = DEFINITIONAL_REPRESENTATION('',(#2316),#2320);
#2316 = LINE('',#2317,#2318);
#2317 = CARTESIAN_POINT('',(0.,0.));
#2318 = VECTOR('',#2319,1.);
#2319 = DIRECTION('',(1.,0.));
#2320 = ( GEOMETRIC_REPRESENTATION_CONTEXT(2) 
PARAMETRIC_REPRESENTATION_CONTEXT() REPRESENTATION_CONTEXT('2D SPACE',''
  ) );
#2321 = ORIENTED_EDGE('',*,*,#2322,.F.);
#2322 = EDGE_CURVE('',#2323,#2300,#2325,.T.);
#2323 = VERTEX_POINT('',#2324);
#2324 = CARTESIAN_POINT('',(-54.9275,47.074648276857,-18.288));
#2325 = SURFACE_CURVE('',#2326,(#2330,#2337),.PCURVE_S1.);
#2326 = LINE('',#2327,#2328);
#2327 = CARTESIAN_POINT('',(-54.9275,47.074648276857,-18.288));
#2328 = VECTOR('',#2329,1.);
#2329 = DIRECTION('',(1.,0.,0.));
#2330 = PCURVE('',#447,#2331);
#2331 = DEFINITIONAL_REPRESENTATION('',(#2332),#2336);
#2332 = LINE('',#2333,#2334);
#2333 = CARTESIAN_POINT('',(0.,0.));
#2334 = VECTOR('',#2335,1.);
#2335 = DIRECTION('',(0.,1.));
#2336 = ( GEOMETRIC_REPRESENTATION_CONTEXT(2) 
PARAMETRIC_REPRESENTATION_CONTEXT() REPRESENTATION_CONTEXT('2D SPACE',''
  ) );
#2337 = PCURVE('',#2338,#2343);
#2338 = PLANE('',#2339);
#2339 = AXIS2_PLACEMENT_3D('',#2340,#2341,#2342);
#2340 = CARTESIAN_POINT('',(-54.9275,47.074648276857,-18.288));
#2341 = DIRECTION('',(0.,0.,1.));
#2342 = DIRECTION('',(1.,0.,0.));
#2343 = DEFINITIONAL_REPRESENTATION('',(#2344),#2348);
#2344 = LINE('',#2345,#2346);
#2345 = CARTESIAN_POINT('',(0.,0.));
#2346 = VECTOR('',#2347,1.);
#2347 = DIRECTION('',(1.,0.));
#2348 = ( GEOMETRIC_REPRESENTATION_CONTEXT(2) 
PARAMETRIC_REPRESENTATION_CONTEXT() REPRESENTATION_CONTEXT('2D SPACE',''
  ) );
#2349 = ORIENTED_EDGE('',*,*,#2350,.T.);
#2350 = EDGE_CURVE('',#2323,#432,#2351,.T.);
#2351 = SURFACE_CURVE('',#2352,(#2356,#2363),.PCURVE_S1.);
#2352 = LINE('',#2353,#2354);
#2353 = CARTESIAN_POINT('',(-54.9275,47.074648276857,-18.288));
#2354 = VECTOR('',#2355,1.);
#2355 = DIRECTION('',(0.,0.,1.));
#2356 = PCURVE('',#447,#2357);
#2357 = DEFINITIONAL_REPRESENTATION('',(#2358),#2362);
#2358 = LINE('',#2359,#2360);
#2359 = CARTESIAN_POINT('',(0.,0.));
#2360 = VECTOR('',#2361,1.);
#2361 = DIRECTION('',(1.,0.));
#2362 = ( GEOMETRIC_REPRESENTATION_CONTEXT(2) 
PARAMETRIC_REPRESENTATION_CONTEXT() REPRESENTATION_CONTEXT('2D SPACE',''
  ) );
#2363 = PCURVE('',#475,#2364);
#2364 = DEFINITIONAL_REPRESENTATION('',(#2365),#2369);
#2365 = LINE('',#2366,#2367);
#2366 = CARTESIAN_POINT('',(0.,0.));
#2367 = VECTOR('',#2368,1.);
#2368 = DIRECTION('',(1.,0.));
#2369 = ( GEOMETRIC_REPRESENTATION_CONTEXT(2) 
PARAMETRIC_REPRESENTATION_CONTEXT() REPRESENTATION_CONTEXT('2D SPACE',''
  ) );
#2370 = ORIENTED_EDGE('',*,*,#429,.F.);
#2371 = ADVANCED_FACE('',(#2372),#529,.T.);
#2372 = FACE_BOUND('',#2373,.T.);
#2373 = EDGE_LOOP('',(#2374,#2375,#2398,#2426,#2454,#2475));
#2374 = ORIENTED_EDGE('',*,*,#2299,.F.);
#2375 = ORIENTED_EDGE('',*,*,#2376,.T.);
#2376 = EDGE_CURVE('',#2300,#2377,#2379,.T.);
#2377 = VERTEX_POINT('',#2378);
#2378 = CARTESIAN_POINT('',(-37.1475,48.725648276857,-18.288));
#2379 = SURFACE_CURVE('',#2380,(#2384,#2391),.PCURVE_S1.);
#2380 = LINE('',#2381,#2382);
#2381 = CARTESIAN_POINT('',(-37.1475,47.074648276857,-18.288));
#2382 = VECTOR('',#2383,1.);
#2383 = DIRECTION('',(0.,1.,0.));
#2384 = PCURVE('',#529,#2385);
#2385 = DEFINITIONAL_REPRESENTATION('',(#2386),#2390);
#2386 = LINE('',#2387,#2388);
#2387 = CARTESIAN_POINT('',(0.,0.));
#2388 = VECTOR('',#2389,1.);
#2389 = DIRECTION('',(0.,-1.));
#2390 = ( GEOMETRIC_REPRESENTATION_CONTEXT(2) 
PARAMETRIC_REPRESENTATION_CONTEXT() REPRESENTATION_CONTEXT('2D SPACE',''
  ) );
#2391 = PCURVE('',#2338,#2392);
#2392 = DEFINITIONAL_REPRESENTATION('',(#2393),#2397);
#2393 = LINE('',#2394,#2395);
#2394 = CARTESIAN_POINT('',(17.78,0.));
#2395 = VECTOR('',#2396,1.);
#2396 = DIRECTION('',(0.,1.));
#2397 = ( GEOMETRIC_REPRESENTATION_CONTEXT(2) 
PARAMETRIC_REPRESENTATION_CONTEXT() REPRESENTATION_CONTEXT('2D SPACE',''
  ) );
#2398 = ORIENTED_EDGE('',*,*,#2399,.F.);
#2399 = EDGE_CURVE('',#2400,#2377,#2402,.T.);
#2400 = VERTEX_POINT('',#2401);
#2401 = CARTESIAN_POINT('',(-37.1475,52.324,-16.51));
#2402 = SURFACE_CURVE('',#2403,(#2407,#2414),.PCURVE_S1.);
#2403 = LINE('',#2404,#2405);
#2404 = CARTESIAN_POINT('',(-37.1475,52.324,-16.51));
#2405 = VECTOR('',#2406,1.);
#2406 = DIRECTION('',(0.,-0.89652761446,-0.442987851426));
#2407 = PCURVE('',#529,#2408);
#2408 = DEFINITIONAL_REPRESENTATION('',(#2409),#2413);
#2409 = LINE('',#2410,#2411);
#2410 = CARTESIAN_POINT('',(1.778,-5.249351723143));
#2411 = VECTOR('',#2412,1.);
#2412 = DIRECTION('',(-0.442987851426,0.89652761446));
#2413 = ( GEOMETRIC_REPRESENTATION_CONTEXT(2) 
PARAMETRIC_REPRESENTATION_CONTEXT() REPRESENTATION_CONTEXT('2D SPACE',''
  ) );
#2414 = PCURVE('',#2415,#2420);
#2415 = PLANE('',#2416);
#2416 = AXIS2_PLACEMENT_3D('',#2417,#2418,#2419);
#2417 = CARTESIAN_POINT('',(-37.1475,52.324,-16.51));
#2418 = DIRECTION('',(0.,-0.442987851426,0.89652761446));
#2419 = DIRECTION('',(0.,-0.89652761446,-0.442987851426));
#2420 = DEFINITIONAL_REPRESENTATION('',(#2421),#2425);
#2421 = LINE('',#2422,#2423);
#2422 = CARTESIAN_POINT('',(0.,0.));
#2423 = VECTOR('',#2424,1.);
#2424 = DIRECTION('',(1.,0.));
#2425 = ( GEOMETRIC_REPRESENTATION_CONTEXT(2) 
PARAMETRIC_REPRESENTATION_CONTEXT() REPRESENTATION_CONTEXT('2D SPACE',''
  ) );
#2426 = ORIENTED_EDGE('',*,*,#2427,.F.);
#2427 = EDGE_CURVE('',#2428,#2400,#2430,.T.);
#2428 = VERTEX_POINT('',#2429);
#2429 = CARTESIAN_POINT('',(-37.1475,48.725648276857,-13.462));
#2430 = SURFACE_CURVE('',#2431,(#2435,#2442),.PCURVE_S1.);
#2431 = LINE('',#2432,#2433);
#2432 = CARTESIAN_POINT('',(-37.1475,48.725648276857,-13.462));
#2433 = VECTOR('',#2434,1.);
#2434 = DIRECTION('',(0.,0.763047301224,-0.646342646043));
#2435 = PCURVE('',#529,#2436);
#2436 = DEFINITIONAL_REPRESENTATION('',(#2437),#2441);
#2437 = LINE('',#2438,#2439);
#2438 = CARTESIAN_POINT('',(4.826,-1.651));
#2439 = VECTOR('',#2440,1.);
#2440 = DIRECTION('',(-0.646342646043,-0.763047301224));
#2441 = ( GEOMETRIC_REPRESENTATION_CONTEXT(2) 
PARAMETRIC_REPRESENTATION_CONTEXT() REPRESENTATION_CONTEXT('2D SPACE',''
  ) );
#2442 = PCURVE('',#2443,#2448);
#2443 = PLANE('',#2444);
#2444 = AXIS2_PLACEMENT_3D('',#2445,#2446,#2447);
#2445 = CARTESIAN_POINT('',(-37.1475,48.725648276857,-13.462));
#2446 = DIRECTION('',(0.,-0.646342646043,-0.763047301224));
#2447 = DIRECTION('',(0.,0.763047301224,-0.646342646043));
#2448 = DEFINITIONAL_REPRESENTATION('',(#2449),#2453);
#2449 = LINE('',#2450,#2451);
#2450 = CARTESIAN_POINT('',(0.,0.));
#2451 = VECTOR('',#2452,1.);
#2452 = DIRECTION('',(1.,0.));
#2453 = ( GEOMETRIC_REPRESENTATION_CONTEXT(2) 
PARAMETRIC_REPRESENTATION_CONTEXT() REPRESENTATION_CONTEXT('2D SPACE',''
  ) );
#2454 = ORIENTED_EDGE('',*,*,#2455,.T.);
#2455 = EDGE_CURVE('',#2428,#488,#2456,.T.);
#2456 = SURFACE_CURVE('',#2457,(#2461,#2468),.PCURVE_S1.);
#2457 = LINE('',#2458,#2459);
#2458 = CARTESIAN_POINT('',(-37.1475,48.725648276857,-18.288));
#2459 = VECTOR('',#2460,1.);
#2460 = DIRECTION('',(0.,0.,1.));
#2461 = PCURVE('',#529,#2462);
#2462 = DEFINITIONAL_REPRESENTATION('',(#2463),#2467);
#2463 = LINE('',#2464,#2465);
#2464 = CARTESIAN_POINT('',(0.,-1.651));
#2465 = VECTOR('',#2466,1.);
#2466 = DIRECTION('',(1.,0.));
#2467 = ( GEOMETRIC_REPRESENTATION_CONTEXT(2) 
PARAMETRIC_REPRESENTATION_CONTEXT() REPRESENTATION_CONTEXT('2D SPACE',''
  ) );
#2468 = PCURVE('',#503,#2469);
#2469 = DEFINITIONAL_REPRESENTATION('',(#2470),#2474);
#2470 = LINE('',#2471,#2472);
#2471 = CARTESIAN_POINT('',(0.,17.78));
#2472 = VECTOR('',#2473,1.);
#2473 = DIRECTION('',(1.,0.));
#2474 = ( GEOMETRIC_REPRESENTATION_CONTEXT(2) 
PARAMETRIC_REPRESENTATION_CONTEXT() REPRESENTATION_CONTEXT('2D SPACE',''
  ) );
#2475 = ORIENTED_EDGE('',*,*,#515,.F.);
#2476 = ADVANCED_FACE('',(#2477),#475,.F.);
#2477 = FACE_BOUND('',#2478,.F.);
#2478 = EDGE_LOOP('',(#2479,#2480,#2503,#2526,#2549,#2570));
#2479 = ORIENTED_EDGE('',*,*,#2350,.F.);
#2480 = ORIENTED_EDGE('',*,*,#2481,.T.);
#2481 = EDGE_CURVE('',#2323,#2482,#2484,.T.);
#2482 = VERTEX_POINT('',#2483);
#2483 = CARTESIAN_POINT('',(-54.9275,48.725648276857,-18.288));
#2484 = SURFACE_CURVE('',#2485,(#2489,#2496),.PCURVE_S1.);
#2485 = LINE('',#2486,#2487);
#2486 = CARTESIAN_POINT('',(-54.9275,47.074648276857,-18.288));
#2487 = VECTOR('',#2488,1.);
#2488 = DIRECTION('',(0.,1.,0.));
#2489 = PCURVE('',#475,#2490);
#2490 = DEFINITIONAL_REPRESENTATION('',(#2491),#2495);
#2491 = LINE('',#2492,#2493);
#2492 = CARTESIAN_POINT('',(0.,0.));
#2493 = VECTOR('',#2494,1.);
#2494 = DIRECTION('',(0.,-1.));
#2495 = ( GEOMETRIC_REPRESENTATION_CONTEXT(2) 
PARAMETRIC_REPRESENTATION_CONTEXT() REPRESENTATION_CONTEXT('2D SPACE',''
  ) );
#2496 = PCURVE('',#2338,#2497);
#2497 = DEFINITIONAL_REPRESENTATION('',(#2498),#2502);
#2498 = LINE('',#2499,#2500);
#2499 = CARTESIAN_POINT('',(0.,0.));
#2500 = VECTOR('',#2501,1.);
#2501 = DIRECTION('',(0.,1.));
#2502 = ( GEOMETRIC_REPRESENTATION_CONTEXT(2) 
PARAMETRIC_REPRESENTATION_CONTEXT() REPRESENTATION_CONTEXT('2D SPACE',''
  ) );
#2503 = ORIENTED_EDGE('',*,*,#2504,.F.);
#2504 = EDGE_CURVE('',#2505,#2482,#2507,.T.);
#2505 = VERTEX_POINT('',#2506);
#2506 = CARTESIAN_POINT('',(-54.9275,52.324,-16.51));
#2507 = SURFACE_CURVE('',#2508,(#2512,#2519),.PCURVE_S1.);
#2508 = LINE('',#2509,#2510);
#2509 = CARTESIAN_POINT('',(-54.9275,52.324,-16.51));
#2510 = VECTOR('',#2511,1.);
#2511 = DIRECTION('',(0.,-0.89652761446,-0.442987851426));
#2512 = PCURVE('',#475,#2513);
#2513 = DEFINITIONAL_REPRESENTATION('',(#2514),#2518);
#2514 = LINE('',#2515,#2516);
#2515 = CARTESIAN_POINT('',(1.778,-5.249351723143));
#2516 = VECTOR('',#2517,1.);
#2517 = DIRECTION('',(-0.442987851426,0.89652761446));
#2518 = ( GEOMETRIC_REPRESENTATION_CONTEXT(2) 
PARAMETRIC_REPRESENTATION_CONTEXT() REPRESENTATION_CONTEXT('2D SPACE',''
  ) );
#2519 = PCURVE('',#2415,#2520);
#2520 = DEFINITIONAL_REPRESENTATION('',(#2521),#2525);
#2521 = LINE('',#2522,#2523);
#2522 = CARTESIAN_POINT('',(-0.,-17.78));
#2523 = VECTOR('',#2524,1.);
#2524 = DIRECTION('',(1.,0.));
#2525 = ( GEOMETRIC_REPRESENTATION_CONTEXT(2) 
PARAMETRIC_REPRESENTATION_CONTEXT() REPRESENTATION_CONTEXT('2D SPACE',''
  ) );
#2526 = ORIENTED_EDGE('',*,*,#2527,.F.);
#2527 = EDGE_CURVE('',#2528,#2505,#2530,.T.);
#2528 = VERTEX_POINT('',#2529);
#2529 = CARTESIAN_POINT('',(-54.9275,48.725648276857,-13.462));
#2530 = SURFACE_CURVE('',#2531,(#2535,#2542),.PCURVE_S1.);
#2531 = LINE('',#2532,#2533);
#2532 = CARTESIAN_POINT('',(-54.9275,48.725648276857,-13.462));
#2533 = VECTOR('',#2534,1.);
#2534 = DIRECTION('',(0.,0.763047301224,-0.646342646043));
#2535 = PCURVE('',#475,#2536);
#2536 = DEFINITIONAL_REPRESENTATION('',(#2537),#2541);
#2537 = LINE('',#2538,#2539);
#2538 = CARTESIAN_POINT('',(4.826,-1.651));
#2539 = VECTOR('',#2540,1.);
#2540 = DIRECTION('',(-0.646342646043,-0.763047301224));
#2541 = ( GEOMETRIC_REPRESENTATION_CONTEXT(2) 
PARAMETRIC_REPRESENTATION_CONTEXT() REPRESENTATION_CONTEXT('2D SPACE',''
  ) );
#2542 = PCURVE('',#2443,#2543);
#2543 = DEFINITIONAL_REPRESENTATION('',(#2544),#2548);
#2544 = LINE('',#2545,#2546);
#2545 = CARTESIAN_POINT('',(0.,-17.78));
#2546 = VECTOR('',#2547,1.);
#2547 = DIRECTION('',(1.,0.));
#2548 = ( GEOMETRIC_REPRESENTATION_CONTEXT(2) 
PARAMETRIC_REPRESENTATION_CONTEXT() REPRESENTATION_CONTEXT('2D SPACE',''
  ) );
#2549 = ORIENTED_EDGE('',*,*,#2550,.T.);
#2550 = EDGE_CURVE('',#2528,#460,#2551,.T.);
#2551 = SURFACE_CURVE('',#2552,(#2556,#2563),.PCURVE_S1.);
#2552 = LINE('',#2553,#2554);
#2553 = CARTESIAN_POINT('',(-54.9275,48.725648276857,-18.288));
#2554 = VECTOR('',#2555,1.);
#2555 = DIRECTION('',(0.,0.,1.));
#2556 = PCURVE('',#475,#2557);
#2557 = DEFINITIONAL_REPRESENTATION('',(#2558),#2562);
#2558 = LINE('',#2559,#2560);
#2559 = CARTESIAN_POINT('',(0.,-1.651));
#2560 = VECTOR('',#2561,1.);
#2561 = DIRECTION('',(1.,0.));
#2562 = ( GEOMETRIC_REPRESENTATION_CONTEXT(2) 
PARAMETRIC_REPRESENTATION_CONTEXT() REPRESENTATION_CONTEXT('2D SPACE',''
  ) );
#2563 = PCURVE('',#503,#2564);
#2564 = DEFINITIONAL_REPRESENTATION('',(#2565),#2569);
#2565 = LINE('',#2566,#2567);
#2566 = CARTESIAN_POINT('',(0.,0.));
#2567 = VECTOR('',#2568,1.);
#2568 = DIRECTION('',(1.,0.));
#2569 = ( GEOMETRIC_REPRESENTATION_CONTEXT(2) 
PARAMETRIC_REPRESENTATION_CONTEXT() REPRESENTATION_CONTEXT('2D SPACE',''
  ) );
#2570 = ORIENTED_EDGE('',*,*,#459,.F.);
#2571 = ADVANCED_FACE('',(#2572),#503,.T.);
#2572 = FACE_BOUND('',#2573,.T.);
#2573 = EDGE_LOOP('',(#2574,#2575,#2596,#2597));
#2574 = ORIENTED_EDGE('',*,*,#2455,.F.);
#2575 = ORIENTED_EDGE('',*,*,#2576,.T.);
#2576 = EDGE_CURVE('',#2428,#2528,#2577,.T.);
#2577 = SURFACE_CURVE('',#2578,(#2582,#2589),.PCURVE_S1.);
#2578 = LINE('',#2579,#2580);
#2579 = CARTESIAN_POINT('',(-37.1475,48.725648276857,-13.462));
#2580 = VECTOR('',#2581,1.);
#2581 = DIRECTION('',(-1.,0.,0.));
#2582 = PCURVE('',#503,#2583);
#2583 = DEFINITIONAL_REPRESENTATION('',(#2584),#2588);
#2584 = LINE('',#2585,#2586);
#2585 = CARTESIAN_POINT('',(4.826,17.78));
#2586 = VECTOR('',#2587,1.);
#2587 = DIRECTION('',(0.,-1.));
#2588 = ( GEOMETRIC_REPRESENTATION_CONTEXT(2) 
PARAMETRIC_REPRESENTATION_CONTEXT() REPRESENTATION_CONTEXT('2D SPACE',''
  ) );
#2589 = PCURVE('',#2443,#2590);
#2590 = DEFINITIONAL_REPRESENTATION('',(#2591),#2595);
#2591 = LINE('',#2592,#2593);
#2592 = CARTESIAN_POINT('',(0.,0.));
#2593 = VECTOR('',#2594,1.);
#2594 = DIRECTION('',(0.,-1.));
#2595 = ( GEOMETRIC_REPRESENTATION_CONTEXT(2) 
PARAMETRIC_REPRESENTATION_CONTEXT() REPRESENTATION_CONTEXT('2D SPACE',''
  ) );
#2596 = ORIENTED_EDGE('',*,*,#2550,.T.);
#2597 = ORIENTED_EDGE('',*,*,#487,.F.);
#2598 = ADVANCED_FACE('',(#2599),#562,.T.);
#2599 = FACE_BOUND('',#2600,.F.);
#2600 = EDGE_LOOP('',(#2601,#2631,#2650,#2651));
#2601 = ORIENTED_EDGE('',*,*,#2602,.F.);
#2602 = EDGE_CURVE('',#2603,#2605,#2607,.T.);
#2603 = VERTEX_POINT('',#2604);
#2604 = CARTESIAN_POINT('',(-1.691979889529E-14,-13.60442115637,-17.78)
  );
#2605 = VERTEX_POINT('',#2606);
#2606 = CARTESIAN_POINT('',(35.6235,-48.05397900018,-17.78));
#2607 = SURFACE_CURVE('',#2608,(#2613,#2619),.PCURVE_S1.);
#2608 = CIRCLE('',#2609,49.53);
#2609 = AXIS2_PLACEMENT_3D('',#2610,#2611,#2612);
#2610 = CARTESIAN_POINT('',(47.625,0.,-17.78));
#2611 = DIRECTION('',(0.,0.,1.));
#2612 = DIRECTION('',(-0.961538461538,-0.274670324175,0.));
#2613 = PCURVE('',#562,#2614);
#2614 = DEFINITIONAL_REPRESENTATION('',(#2615),#2618);
#2615 = B_SPLINE_CURVE_WITH_KNOTS('',1,(#2616,#2617),.UNSPECIFIED.,.F.,
  .F.,(2,2),(0.,1.047805781715),.PIECEWISE_BEZIER_KNOTS.);
#2616 = CARTESIAN_POINT('',(0.,0.));
#2617 = CARTESIAN_POINT('',(-1.047805781715,0.));
#2618 = ( GEOMETRIC_REPRESENTATION_CONTEXT(2) 
PARAMETRIC_REPRESENTATION_CONTEXT() REPRESENTATION_CONTEXT('2D SPACE',''
  ) );
#2619 = PCURVE('',#2620,#2625);
#2620 = PLANE('',#2621);
#2621 = AXIS2_PLACEMENT_3D('',#2622,#2623,#2624);
#2622 = CARTESIAN_POINT('',(-47.625,2.431054207236E-15,-17.78));
#2623 = DIRECTION('',(0.,0.,1.));
#2624 = DIRECTION('',(1.,0.,-0.));
#2625 = DEFINITIONAL_REPRESENTATION('',(#2626),#2630);
#2626 = CIRCLE('',#2627,49.53);
#2627 = AXIS2_PLACEMENT_2D('',#2628,#2629);
#2628 = CARTESIAN_POINT('',(95.25,-2.431054207236E-15));
#2629 = DIRECTION('',(-0.961538461538,-0.274670324175));
#2630 = ( GEOMETRIC_REPRESENTATION_CONTEXT(2) 
PARAMETRIC_REPRESENTATION_CONTEXT() REPRESENTATION_CONTEXT('2D SPACE',''
  ) );
#2631 = ORIENTED_EDGE('',*,*,#2632,.T.);
#2632 = EDGE_CURVE('',#2603,#544,#2633,.T.);
#2633 = SURFACE_CURVE('',#2634,(#2638,#2644),.PCURVE_S1.);
#2634 = LINE('',#2635,#2636);
#2635 = CARTESIAN_POINT('',(-1.691979889529E-14,-13.60442115637,-17.78)
  );
#2636 = VECTOR('',#2637,1.);
#2637 = DIRECTION('',(0.,0.,1.));
#2638 = PCURVE('',#562,#2639);
#2639 = DEFINITIONAL_REPRESENTATION('',(#2640),#2643);
#2640 = B_SPLINE_CURVE_WITH_KNOTS('',1,(#2641,#2642),.UNSPECIFIED.,.F.,
  .F.,(2,2),(0.,17.78),.PIECEWISE_BEZIER_KNOTS.);
#2641 = CARTESIAN_POINT('',(0.,0.));
#2642 = CARTESIAN_POINT('',(0.,-17.78));
#2643 = ( GEOMETRIC_REPRESENTATION_CONTEXT(2) 
PARAMETRIC_REPRESENTATION_CONTEXT() REPRESENTATION_CONTEXT('2D SPACE',''
  ) );
#2644 = PCURVE('',#590,#2645);
#2645 = DEFINITIONAL_REPRESENTATION('',(#2646),#2649);
#2646 = B_SPLINE_CURVE_WITH_KNOTS('',1,(#2647,#2648),.UNSPECIFIED.,.F.,
  .F.,(2,2),(0.,17.78),.PIECEWISE_BEZIER_KNOTS.);
#2647 = CARTESIAN_POINT('',(-6.004938484445,0.));
#2648 = CARTESIAN_POINT('',(-6.004938484445,-17.78));
#2649 = ( GEOMETRIC_REPRESENTATION_CONTEXT(2) 
PARAMETRIC_REPRESENTATION_CONTEXT() REPRESENTATION_CONTEXT('2D SPACE',''
  ) );
#2650 = ORIENTED_EDGE('',*,*,#543,.T.);
#2651 = ORIENTED_EDGE('',*,*,#2652,.T.);
#2652 = EDGE_CURVE('',#546,#2605,#2653,.T.);
#2653 = SURFACE_CURVE('',#2654,(#2658,#2664),.PCURVE_S1.);
#2654 = LINE('',#2655,#2656);
#2655 = CARTESIAN_POINT('',(35.6235,-48.05397900018,-17.78));
#2656 = VECTOR('',#2657,1.);
#2657 = DIRECTION('',(-0.,-0.,-1.));
#2658 = PCURVE('',#562,#2659);
#2659 = DEFINITIONAL_REPRESENTATION('',(#2660),#2663);
#2660 = B_SPLINE_CURVE_WITH_KNOTS('',1,(#2661,#2662),.UNSPECIFIED.,.F.,
  .F.,(2,2),(-17.78,0.),.PIECEWISE_BEZIER_KNOTS.);
#2661 = CARTESIAN_POINT('',(-1.047805781715,-17.78));
#2662 = CARTESIAN_POINT('',(-1.047805781715,0.));
#2663 = ( GEOMETRIC_REPRESENTATION_CONTEXT(2) 
PARAMETRIC_REPRESENTATION_CONTEXT() REPRESENTATION_CONTEXT('2D SPACE',''
  ) );
#2664 = PCURVE('',#1041,#2665);
#2665 = DEFINITIONAL_REPRESENTATION('',(#2666),#2670);
#2666 = LINE('',#2667,#2668);
#2667 = CARTESIAN_POINT('',(2.032,-7.794979000183));
#2668 = VECTOR('',#2669,1.);
#2669 = DIRECTION('',(-1.,0.));
#2670 = ( GEOMETRIC_REPRESENTATION_CONTEXT(2) 
PARAMETRIC_REPRESENTATION_CONTEXT() REPRESENTATION_CONTEXT('2D SPACE',''
  ) );
#2671 = ADVANCED_FACE('',(#2672),#590,.T.);
#2672 = FACE_BOUND('',#2673,.F.);
#2673 = EDGE_LOOP('',(#2674,#2697,#2717,#2718));
#2674 = ORIENTED_EDGE('',*,*,#2675,.F.);
#2675 = EDGE_CURVE('',#2676,#2603,#2678,.T.);
#2676 = VERTEX_POINT('',#2677);
#2677 = CARTESIAN_POINT('',(-35.6235,-48.05397900018,-17.78));
#2678 = SURFACE_CURVE('',#2679,(#2684,#2690),.PCURVE_S1.);
#2679 = CIRCLE('',#2680,49.53);
#2680 = AXIS2_PLACEMENT_3D('',#2681,#2682,#2683);
#2681 = CARTESIAN_POINT('',(-47.625,0.,-17.78));
#2682 = DIRECTION('',(0.,0.,1.));
#2683 = DIRECTION('',(1.,0.,-0.));
#2684 = PCURVE('',#590,#2685);
#2685 = DEFINITIONAL_REPRESENTATION('',(#2686),#2689);
#2686 = B_SPLINE_CURVE_WITH_KNOTS('',1,(#2687,#2688),.UNSPECIFIED.,.F.,
  .F.,(2,2),(4.95713270273,6.004938484445),.PIECEWISE_BEZIER_KNOTS.);
#2687 = CARTESIAN_POINT('',(-4.95713270273,0.));
#2688 = CARTESIAN_POINT('',(-6.004938484445,0.));
#2689 = ( GEOMETRIC_REPRESENTATION_CONTEXT(2) 
PARAMETRIC_REPRESENTATION_CONTEXT() REPRESENTATION_CONTEXT('2D SPACE',''
  ) );
#2690 = PCURVE('',#2620,#2691);
#2691 = DEFINITIONAL_REPRESENTATION('',(#2692),#2696);
#2692 = CIRCLE('',#2693,49.53);
#2693 = AXIS2_PLACEMENT_2D('',#2694,#2695);
#2694 = CARTESIAN_POINT('',(0.,-2.431054207236E-15));
#2695 = DIRECTION('',(1.,0.));
#2696 = ( GEOMETRIC_REPRESENTATION_CONTEXT(2) 
PARAMETRIC_REPRESENTATION_CONTEXT() REPRESENTATION_CONTEXT('2D SPACE',''
  ) );
#2697 = ORIENTED_EDGE('',*,*,#2698,.F.);
#2698 = EDGE_CURVE('',#574,#2676,#2699,.T.);
#2699 = SURFACE_CURVE('',#2700,(#2704,#2710),.PCURVE_S1.);
#2700 = LINE('',#2701,#2702);
#2701 = CARTESIAN_POINT('',(-35.6235,-48.05397900018,-17.78));
#2702 = VECTOR('',#2703,1.);
#2703 = DIRECTION('',(-0.,-0.,-1.));
#2704 = PCURVE('',#590,#2705);
#2705 = DEFINITIONAL_REPRESENTATION('',(#2706),#2709);
#2706 = B_SPLINE_CURVE_WITH_KNOTS('',1,(#2707,#2708),.UNSPECIFIED.,.F.,
  .F.,(2,2),(-17.78,0.),.PIECEWISE_BEZIER_KNOTS.);
#2707 = CARTESIAN_POINT('',(-4.95713270273,-17.78));
#2708 = CARTESIAN_POINT('',(-4.95713270273,0.));
#2709 = ( GEOMETRIC_REPRESENTATION_CONTEXT(2) 
PARAMETRIC_REPRESENTATION_CONTEXT() REPRESENTATION_CONTEXT('2D SPACE',''
  ) );
#2710 = PCURVE('',#617,#2711);
#2711 = DEFINITIONAL_REPRESENTATION('',(#2712),#2716);
#2712 = LINE('',#2713,#2714);
#2713 = CARTESIAN_POINT('',(2.032,-7.794979000183));
#2714 = VECTOR('',#2715,1.);
#2715 = DIRECTION('',(-1.,0.));
#2716 = ( GEOMETRIC_REPRESENTATION_CONTEXT(2) 
PARAMETRIC_REPRESENTATION_CONTEXT() REPRESENTATION_CONTEXT('2D SPACE',''
  ) );
#2717 = ORIENTED_EDGE('',*,*,#573,.T.);
#2718 = ORIENTED_EDGE('',*,*,#2632,.F.);
#2719 = ADVANCED_FACE('',(#2720),#1041,.F.);
#2720 = FACE_BOUND('',#2721,.F.);
#2721 = EDGE_LOOP('',(#2722,#2752,#2773,#2774,#2775,#2797));
#2722 = ORIENTED_EDGE('',*,*,#2723,.F.);
#2723 = EDGE_CURVE('',#2724,#2726,#2728,.T.);
#2724 = VERTEX_POINT('',#2725);
#2725 = CARTESIAN_POINT('',(35.6235,-40.259,-17.78));
#2726 = VERTEX_POINT('',#2727);
#2727 = CARTESIAN_POINT('',(35.6235,-40.259,-13.97));
#2728 = SURFACE_CURVE('',#2729,(#2733,#2740),.PCURVE_S1.);
#2729 = LINE('',#2730,#2731);
#2730 = CARTESIAN_POINT('',(35.6235,-40.259,-19.812));
#2731 = VECTOR('',#2732,1.);
#2732 = DIRECTION('',(0.,0.,1.));
#2733 = PCURVE('',#1041,#2734);
#2734 = DEFINITIONAL_REPRESENTATION('',(#2735),#2739);
#2735 = LINE('',#2736,#2737);
#2736 = CARTESIAN_POINT('',(0.,0.));
#2737 = VECTOR('',#2738,1.);
#2738 = DIRECTION('',(1.,0.));
#2739 = ( GEOMETRIC_REPRESENTATION_CONTEXT(2) 
PARAMETRIC_REPRESENTATION_CONTEXT() REPRESENTATION_CONTEXT('2D SPACE',''
  ) );
#2740 = PCURVE('',#2741,#2746);
#2741 = PLANE('',#2742);
#2742 = AXIS2_PLACEMENT_3D('',#2743,#2744,#2745);
#2743 = CARTESIAN_POINT('',(56.4515,-40.259,-19.812));
#2744 = DIRECTION('',(-1.224646799147E-16,-1.,0.));
#2745 = DIRECTION('',(0.,0.,1.));
#2746 = DEFINITIONAL_REPRESENTATION('',(#2747),#2751);
#2747 = LINE('',#2748,#2749);
#2748 = CARTESIAN_POINT('',(0.,20.828));
#2749 = VECTOR('',#2750,1.);
#2750 = DIRECTION('',(1.,0.));
#2751 = ( GEOMETRIC_REPRESENTATION_CONTEXT(2) 
PARAMETRIC_REPRESENTATION_CONTEXT() REPRESENTATION_CONTEXT('2D SPACE',''
  ) );
#2752 = ORIENTED_EDGE('',*,*,#2753,.T.);
#2753 = EDGE_CURVE('',#2724,#2605,#2754,.T.);
#2754 = SURFACE_CURVE('',#2755,(#2759,#2766),.PCURVE_S1.);
#2755 = LINE('',#2756,#2757);
#2756 = CARTESIAN_POINT('',(35.6235,-20.1295,-17.78));
#2757 = VECTOR('',#2758,1.);
#2758 = DIRECTION('',(-1.224646799147E-16,-1.,0.));
#2759 = PCURVE('',#1041,#2760);
#2760 = DEFINITIONAL_REPRESENTATION('',(#2761),#2765);
#2761 = LINE('',#2762,#2763);
#2762 = CARTESIAN_POINT('',(2.032,20.1295));
#2763 = VECTOR('',#2764,1.);
#2764 = DIRECTION('',(0.,-1.));
#2765 = ( GEOMETRIC_REPRESENTATION_CONTEXT(2) 
PARAMETRIC_REPRESENTATION_CONTEXT() REPRESENTATION_CONTEXT('2D SPACE',''
  ) );
#2766 = PCURVE('',#2620,#2767);
#2767 = DEFINITIONAL_REPRESENTATION('',(#2768),#2772);
#2768 = LINE('',#2769,#2770);
#2769 = CARTESIAN_POINT('',(83.2485,-20.1295));
#2770 = VECTOR('',#2771,1.);
#2771 = DIRECTION('',(-1.224646799147E-16,-1.));
#2772 = ( GEOMETRIC_REPRESENTATION_CONTEXT(2) 
PARAMETRIC_REPRESENTATION_CONTEXT() REPRESENTATION_CONTEXT('2D SPACE',''
  ) );
#2773 = ORIENTED_EDGE('',*,*,#2652,.F.);
#2774 = ORIENTED_EDGE('',*,*,#1027,.F.);
#2775 = ORIENTED_EDGE('',*,*,#2776,.T.);
#2776 = EDGE_CURVE('',#1001,#2777,#2779,.T.);
#2777 = VERTEX_POINT('',#2778);
#2778 = CARTESIAN_POINT('',(35.6235,-40.81716578536,-13.97));
#2779 = SURFACE_CURVE('',#2780,(#2784,#2791),.PCURVE_S1.);
#2780 = LINE('',#2781,#2782);
#2781 = CARTESIAN_POINT('',(35.6235,-40.81716578536,-13.97));
#2782 = VECTOR('',#2783,1.);
#2783 = DIRECTION('',(-0.,-0.,-1.));
#2784 = PCURVE('',#1041,#2785);
#2785 = DEFINITIONAL_REPRESENTATION('',(#2786),#2790);
#2786 = LINE('',#2787,#2788);
#2787 = CARTESIAN_POINT('',(5.842,-0.558165785365));
#2788 = VECTOR('',#2789,1.);
#2789 = DIRECTION('',(-1.,0.));
#2790 = ( GEOMETRIC_REPRESENTATION_CONTEXT(2) 
PARAMETRIC_REPRESENTATION_CONTEXT() REPRESENTATION_CONTEXT('2D SPACE',''
  ) );
#2791 = PCURVE('',#905,#2792);
#2792 = DEFINITIONAL_REPRESENTATION('',(#2793),#2796);
#2793 = B_SPLINE_CURVE_WITH_KNOTS('',1,(#2794,#2795),.UNSPECIFIED.,.F.,
  .F.,(2,2),(-13.97,0.),.PIECEWISE_BEZIER_KNOTS.);
#2794 = CARTESIAN_POINT('',(-4.426417561192,-13.97));
#2795 = CARTESIAN_POINT('',(-4.426417561192,0.));
#2796 = ( GEOMETRIC_REPRESENTATION_CONTEXT(2) 
PARAMETRIC_REPRESENTATION_CONTEXT() REPRESENTATION_CONTEXT('2D SPACE',''
  ) );
#2797 = ORIENTED_EDGE('',*,*,#2798,.F.);
#2798 = EDGE_CURVE('',#2726,#2777,#2799,.T.);
#2799 = SURFACE_CURVE('',#2800,(#2804,#2811),.PCURVE_S1.);
#2800 = LINE('',#2801,#2802);
#2801 = CARTESIAN_POINT('',(35.6235,-20.1295,-13.97));
#2802 = VECTOR('',#2803,1.);
#2803 = DIRECTION('',(-1.224646799147E-16,-1.,0.));
#2804 = PCURVE('',#1041,#2805);
#2805 = DEFINITIONAL_REPRESENTATION('',(#2806),#2810);
#2806 = LINE('',#2807,#2808);
#2807 = CARTESIAN_POINT('',(5.842,20.1295));
#2808 = VECTOR('',#2809,1.);
#2809 = DIRECTION('',(0.,-1.));
#2810 = ( GEOMETRIC_REPRESENTATION_CONTEXT(2) 
PARAMETRIC_REPRESENTATION_CONTEXT() REPRESENTATION_CONTEXT('2D SPACE',''
  ) );
#2811 = PCURVE('',#2812,#2817);
#2812 = PLANE('',#2813);
#2813 = AXIS2_PLACEMENT_3D('',#2814,#2815,#2816);
#2814 = CARTESIAN_POINT('',(47.625,3.447273502129E-15,-13.97));
#2815 = DIRECTION('',(0.,0.,1.));
#2816 = DIRECTION('',(1.,0.,-0.));
#2817 = DEFINITIONAL_REPRESENTATION('',(#2818),#2822);
#2818 = LINE('',#2819,#2820);
#2819 = CARTESIAN_POINT('',(-12.0015,-20.1295));
#2820 = VECTOR('',#2821,1.);
#2821 = DIRECTION('',(-1.224646799147E-16,-1.));
#2822 = ( GEOMETRIC_REPRESENTATION_CONTEXT(2) 
PARAMETRIC_REPRESENTATION_CONTEXT() REPRESENTATION_CONTEXT('2D SPACE',''
  ) );
#2823 = ADVANCED_FACE('',(#2824),#617,.T.);
#2824 = FACE_BOUND('',#2825,.T.);
#2825 = EDGE_LOOP('',(#2826,#2856,#2877,#2878,#2879,#2901));
#2826 = ORIENTED_EDGE('',*,*,#2827,.F.);
#2827 = EDGE_CURVE('',#2828,#2830,#2832,.T.);
#2828 = VERTEX_POINT('',#2829);
#2829 = CARTESIAN_POINT('',(-35.6235,-40.259,-17.78));
#2830 = VERTEX_POINT('',#2831);
#2831 = CARTESIAN_POINT('',(-35.6235,-40.259,-13.97));
#2832 = SURFACE_CURVE('',#2833,(#2837,#2844),.PCURVE_S1.);
#2833 = LINE('',#2834,#2835);
#2834 = CARTESIAN_POINT('',(-35.6235,-40.259,-19.812));
#2835 = VECTOR('',#2836,1.);
#2836 = DIRECTION('',(0.,0.,1.));
#2837 = PCURVE('',#617,#2838);
#2838 = DEFINITIONAL_REPRESENTATION('',(#2839),#2843);
#2839 = LINE('',#2840,#2841);
#2840 = CARTESIAN_POINT('',(0.,0.));
#2841 = VECTOR('',#2842,1.);
#2842 = DIRECTION('',(1.,0.));
#2843 = ( GEOMETRIC_REPRESENTATION_CONTEXT(2) 
PARAMETRIC_REPRESENTATION_CONTEXT() REPRESENTATION_CONTEXT('2D SPACE',''
  ) );
#2844 = PCURVE('',#2845,#2850);
#2845 = PLANE('',#2846);
#2846 = AXIS2_PLACEMENT_3D('',#2847,#2848,#2849);
#2847 = CARTESIAN_POINT('',(-35.6235,-40.259,-19.812));
#2848 = DIRECTION('',(-1.224646799147E-16,-1.,0.));
#2849 = DIRECTION('',(0.,0.,1.));
#2850 = DEFINITIONAL_REPRESENTATION('',(#2851),#2855);
#2851 = LINE('',#2852,#2853);
#2852 = CARTESIAN_POINT('',(0.,0.));
#2853 = VECTOR('',#2854,1.);
#2854 = DIRECTION('',(1.,0.));
#2855 = ( GEOMETRIC_REPRESENTATION_CONTEXT(2) 
PARAMETRIC_REPRESENTATION_CONTEXT() REPRESENTATION_CONTEXT('2D SPACE',''
  ) );
#2856 = ORIENTED_EDGE('',*,*,#2857,.T.);
#2857 = EDGE_CURVE('',#2828,#2676,#2858,.T.);
#2858 = SURFACE_CURVE('',#2859,(#2863,#2870),.PCURVE_S1.);
#2859 = LINE('',#2860,#2861);
#2860 = CARTESIAN_POINT('',(-35.6235,-20.1295,-17.78));
#2861 = VECTOR('',#2862,1.);
#2862 = DIRECTION('',(-1.224646799147E-16,-1.,0.));
#2863 = PCURVE('',#617,#2864);
#2864 = DEFINITIONAL_REPRESENTATION('',(#2865),#2869);
#2865 = LINE('',#2866,#2867);
#2866 = CARTESIAN_POINT('',(2.032,20.1295));
#2867 = VECTOR('',#2868,1.);
#2868 = DIRECTION('',(0.,-1.));
#2869 = ( GEOMETRIC_REPRESENTATION_CONTEXT(2) 
PARAMETRIC_REPRESENTATION_CONTEXT() REPRESENTATION_CONTEXT('2D SPACE',''
  ) );
#2870 = PCURVE('',#2620,#2871);
#2871 = DEFINITIONAL_REPRESENTATION('',(#2872),#2876);
#2872 = LINE('',#2873,#2874);
#2873 = CARTESIAN_POINT('',(12.0015,-20.1295));
#2874 = VECTOR('',#2875,1.);
#2875 = DIRECTION('',(-1.224646799147E-16,-1.));
#2876 = ( GEOMETRIC_REPRESENTATION_CONTEXT(2) 
PARAMETRIC_REPRESENTATION_CONTEXT() REPRESENTATION_CONTEXT('2D SPACE',''
  ) );
#2877 = ORIENTED_EDGE('',*,*,#2698,.F.);
#2878 = ORIENTED_EDGE('',*,*,#601,.F.);
#2879 = ORIENTED_EDGE('',*,*,#2880,.T.);
#2880 = EDGE_CURVE('',#602,#2881,#2883,.T.);
#2881 = VERTEX_POINT('',#2882);
#2882 = CARTESIAN_POINT('',(-35.6235,-40.81716578536,-13.97));
#2883 = SURFACE_CURVE('',#2884,(#2888,#2895),.PCURVE_S1.);
#2884 = LINE('',#2885,#2886);
#2885 = CARTESIAN_POINT('',(-35.6235,-40.81716578536,-13.97));
#2886 = VECTOR('',#2887,1.);
#2887 = DIRECTION('',(-0.,-0.,-1.));
#2888 = PCURVE('',#617,#2889);
#2889 = DEFINITIONAL_REPRESENTATION('',(#2890),#2894);
#2890 = LINE('',#2891,#2892);
#2891 = CARTESIAN_POINT('',(5.842,-0.558165785365));
#2892 = VECTOR('',#2893,1.);
#2893 = DIRECTION('',(-1.,0.));
#2894 = ( GEOMETRIC_REPRESENTATION_CONTEXT(2) 
PARAMETRIC_REPRESENTATION_CONTEXT() REPRESENTATION_CONTEXT('2D SPACE',''
  ) );
#2895 = PCURVE('',#650,#2896);
#2896 = DEFINITIONAL_REPRESENTATION('',(#2897),#2900);
#2897 = B_SPLINE_CURVE_WITH_KNOTS('',1,(#2898,#2899),.UNSPECIFIED.,.F.,
  .F.,(2,2),(-13.97,0.),.PIECEWISE_BEZIER_KNOTS.);
#2898 = CARTESIAN_POINT('',(-4.998360399577,-13.97));
#2899 = CARTESIAN_POINT('',(-4.998360399577,0.));
#2900 = ( GEOMETRIC_REPRESENTATION_CONTEXT(2) 
PARAMETRIC_REPRESENTATION_CONTEXT() REPRESENTATION_CONTEXT('2D SPACE',''
  ) );
#2901 = ORIENTED_EDGE('',*,*,#2902,.F.);
#2902 = EDGE_CURVE('',#2830,#2881,#2903,.T.);
#2903 = SURFACE_CURVE('',#2904,(#2908,#2915),.PCURVE_S1.);
#2904 = LINE('',#2905,#2906);
#2905 = CARTESIAN_POINT('',(-35.6235,-20.1295,-13.97));
#2906 = VECTOR('',#2907,1.);
#2907 = DIRECTION('',(-1.224646799147E-16,-1.,0.));
#2908 = PCURVE('',#617,#2909);
#2909 = DEFINITIONAL_REPRESENTATION('',(#2910),#2914);
#2910 = LINE('',#2911,#2912);
#2911 = CARTESIAN_POINT('',(5.842,20.1295));
#2912 = VECTOR('',#2913,1.);
#2913 = DIRECTION('',(0.,-1.));
#2914 = ( GEOMETRIC_REPRESENTATION_CONTEXT(2) 
PARAMETRIC_REPRESENTATION_CONTEXT() REPRESENTATION_CONTEXT('2D SPACE',''
  ) );
#2915 = PCURVE('',#2916,#2921);
#2916 = PLANE('',#2917);
#2917 = AXIS2_PLACEMENT_3D('',#2918,#2919,#2920);
#2918 = CARTESIAN_POINT('',(-47.625,3.447273502129E-15,-13.97));
#2919 = DIRECTION('',(0.,0.,1.));
#2920 = DIRECTION('',(1.,0.,-0.));
#2921 = DEFINITIONAL_REPRESENTATION('',(#2922),#2926);
#2922 = LINE('',#2923,#2924);
#2923 = CARTESIAN_POINT('',(12.0015,-20.1295));
#2924 = VECTOR('',#2925,1.);
#2925 = DIRECTION('',(-1.224646799147E-16,-1.));
#2926 = ( GEOMETRIC_REPRESENTATION_CONTEXT(2) 
PARAMETRIC_REPRESENTATION_CONTEXT() REPRESENTATION_CONTEXT('2D SPACE',''
  ) );
#2927 = ADVANCED_FACE('',(#2928),#905,.F.);
#2928 = FACE_BOUND('',#2929,.T.);
#2929 = EDGE_LOOP('',(#2930,#2951,#2974,#2994,#2995,#2996,#3019,#3039,
    #3040,#3062,#3083,#3084,#3085,#3107,#3139,#3166,#3198,#3218,#3219,
    #3241,#3273,#3300,#3332,#3352));
#2930 = ORIENTED_EDGE('',*,*,#2931,.F.);
#2931 = EDGE_CURVE('',#2932,#1436,#2934,.T.);
#2932 = VERTEX_POINT('',#2933);
#2933 = CARTESIAN_POINT('',(90.17,0.,-13.97));
#2934 = SEAM_CURVE('',#2935,(#2939,#2945),.PCURVE_S1.);
#2935 = LINE('',#2936,#2937);
#2936 = CARTESIAN_POINT('',(90.17,0.,-13.97));
#2937 = VECTOR('',#2938,1.);
#2938 = DIRECTION('',(0.,0.,1.));
#2939 = PCURVE('',#905,#2940);
#2940 = DEFINITIONAL_REPRESENTATION('',(#2941),#2944);
#2941 = B_SPLINE_CURVE_WITH_KNOTS('',1,(#2942,#2943),.UNSPECIFIED.,.F.,
  .F.,(2,2),(0.,17.3228),.PIECEWISE_BEZIER_KNOTS.);
#2942 = CARTESIAN_POINT('',(-6.28318530718,0.));
#2943 = CARTESIAN_POINT('',(-6.28318530718,-17.3228));
#2944 = ( GEOMETRIC_REPRESENTATION_CONTEXT(2) 
PARAMETRIC_REPRESENTATION_CONTEXT() REPRESENTATION_CONTEXT('2D SPACE',''
  ) );
#2945 = PCURVE('',#905,#2946);
#2946 = DEFINITIONAL_REPRESENTATION('',(#2947),#2950);
#2947 = B_SPLINE_CURVE_WITH_KNOTS('',1,(#2948,#2949),.UNSPECIFIED.,.F.,
  .F.,(2,2),(0.,17.3228),.PIECEWISE_BEZIER_KNOTS.);
#2948 = CARTESIAN_POINT('',(0.,0.));
#2949 = CARTESIAN_POINT('',(0.,-17.3228));
#2950 = ( GEOMETRIC_REPRESENTATION_CONTEXT(2) 
PARAMETRIC_REPRESENTATION_CONTEXT() REPRESENTATION_CONTEXT('2D SPACE',''
  ) );
#2951 = ORIENTED_EDGE('',*,*,#2952,.F.);
#2952 = EDGE_CURVE('',#2953,#2932,#2955,.T.);
#2953 = VERTEX_POINT('',#2954);
#2954 = CARTESIAN_POINT('',(56.4515,-41.61934553485,-13.97));
#2955 = SURFACE_CURVE('',#2956,(#2961,#2967),.PCURVE_S1.);
#2956 = CIRCLE('',#2957,42.545);
#2957 = AXIS2_PLACEMENT_3D('',#2958,#2959,#2960);
#2958 = CARTESIAN_POINT('',(47.625,0.,-13.97));
#2959 = DIRECTION('',(0.,0.,1.));
#2960 = DIRECTION('',(1.,0.,-0.));
#2961 = PCURVE('',#905,#2962);
#2962 = DEFINITIONAL_REPRESENTATION('',(#2963),#2966);
#2963 = B_SPLINE_CURVE_WITH_KNOTS('',1,(#2964,#2965),.UNSPECIFIED.,.F.,
  .F.,(2,2),(4.921369477727,6.28318530718),.PIECEWISE_BEZIER_KNOTS.);
#2964 = CARTESIAN_POINT('',(-4.921369477727,0.));
#2965 = CARTESIAN_POINT('',(-6.28318530718,0.));
#2966 = ( GEOMETRIC_REPRESENTATION_CONTEXT(2) 
PARAMETRIC_REPRESENTATION_CONTEXT() REPRESENTATION_CONTEXT('2D SPACE',''
  ) );
#2967 = PCURVE('',#2812,#2968);
#2968 = DEFINITIONAL_REPRESENTATION('',(#2969),#2973);
#2969 = CIRCLE('',#2970,42.545);
#2970 = AXIS2_PLACEMENT_2D('',#2971,#2972);
#2971 = CARTESIAN_POINT('',(0.,-3.447273502129E-15));
#2972 = DIRECTION('',(1.,0.));
#2973 = ( GEOMETRIC_REPRESENTATION_CONTEXT(2) 
PARAMETRIC_REPRESENTATION_CONTEXT() REPRESENTATION_CONTEXT('2D SPACE',''
  ) );
#2974 = ORIENTED_EDGE('',*,*,#2975,.F.);
#2975 = EDGE_CURVE('',#973,#2953,#2976,.T.);
#2976 = SURFACE_CURVE('',#2977,(#2981,#2987),.PCURVE_S1.);
#2977 = LINE('',#2978,#2979);
#2978 = CARTESIAN_POINT('',(56.4515,-41.61934553485,-13.97));
#2979 = VECTOR('',#2980,1.);
#2980 = DIRECTION('',(-0.,-0.,-1.));
#2981 = PCURVE('',#905,#2982);
#2982 = DEFINITIONAL_REPRESENTATION('',(#2983),#2986);
#2983 = B_SPLINE_CURVE_WITH_KNOTS('',1,(#2984,#2985),.UNSPECIFIED.,.F.,
  .F.,(2,2),(-13.97,0.),.PIECEWISE_BEZIER_KNOTS.);
#2984 = CARTESIAN_POINT('',(-4.921369477727,-13.97));
#2985 = CARTESIAN_POINT('',(-4.921369477727,0.));
#2986 = ( GEOMETRIC_REPRESENTATION_CONTEXT(2) 
PARAMETRIC_REPRESENTATION_CONTEXT() REPRESENTATION_CONTEXT('2D SPACE',''
  ) );
#2987 = PCURVE('',#988,#2988);
#2988 = DEFINITIONAL_REPRESENTATION('',(#2989),#2993);
#2989 = LINE('',#2990,#2991);
#2990 = CARTESIAN_POINT('',(5.842,-1.360345534859));
#2991 = VECTOR('',#2992,1.);
#2992 = DIRECTION('',(-1.,0.));
#2993 = ( GEOMETRIC_REPRESENTATION_CONTEXT(2) 
PARAMETRIC_REPRESENTATION_CONTEXT() REPRESENTATION_CONTEXT('2D SPACE',''
  ) );
#2994 = ORIENTED_EDGE('',*,*,#1000,.T.);
#2995 = ORIENTED_EDGE('',*,*,#2776,.T.);
#2996 = ORIENTED_EDGE('',*,*,#2997,.F.);
#2997 = EDGE_CURVE('',#2998,#2777,#3000,.T.);
#2998 = VERTEX_POINT('',#2999);
#2999 = CARTESIAN_POINT('',(35.6235,40.817165785365,-13.97));
#3000 = SURFACE_CURVE('',#3001,(#3006,#3012),.PCURVE_S1.);
#3001 = CIRCLE('',#3002,42.545);
#3002 = AXIS2_PLACEMENT_3D('',#3003,#3004,#3005);
#3003 = CARTESIAN_POINT('',(47.625,0.,-13.97));
#3004 = DIRECTION('',(0.,0.,1.));
#3005 = DIRECTION('',(1.,0.,-0.));
#3006 = PCURVE('',#905,#3007);
#3007 = DEFINITIONAL_REPRESENTATION('',(#3008),#3011);
#3008 = B_SPLINE_CURVE_WITH_KNOTS('',1,(#3009,#3010),.UNSPECIFIED.,.F.,
  .F.,(2,2),(1.856767745988,4.426417561192),.PIECEWISE_BEZIER_KNOTS.);
#3009 = CARTESIAN_POINT('',(-1.856767745988,0.));
#3010 = CARTESIAN_POINT('',(-4.426417561192,0.));
#3011 = ( GEOMETRIC_REPRESENTATION_CONTEXT(2) 
PARAMETRIC_REPRESENTATION_CONTEXT() REPRESENTATION_CONTEXT('2D SPACE',''
  ) );
#3012 = PCURVE('',#2812,#3013);
#3013 = DEFINITIONAL_REPRESENTATION('',(#3014),#3018);
#3014 = CIRCLE('',#3015,42.545);
#3015 = AXIS2_PLACEMENT_2D('',#3016,#3017);
#3016 = CARTESIAN_POINT('',(0.,-3.447273502129E-15));
#3017 = DIRECTION('',(1.,0.));
#3018 = ( GEOMETRIC_REPRESENTATION_CONTEXT(2) 
PARAMETRIC_REPRESENTATION_CONTEXT() REPRESENTATION_CONTEXT('2D SPACE',''
  ) );
#3019 = ORIENTED_EDGE('',*,*,#3020,.F.);
#3020 = EDGE_CURVE('',#857,#2998,#3021,.T.);
#3021 = SURFACE_CURVE('',#3022,(#3026,#3032),.PCURVE_S1.);
#3022 = LINE('',#3023,#3024);
#3023 = CARTESIAN_POINT('',(35.6235,40.817165785365,-13.97));
#3024 = VECTOR('',#3025,1.);
#3025 = DIRECTION('',(-0.,-0.,-1.));
#3026 = PCURVE('',#905,#3027);
#3027 = DEFINITIONAL_REPRESENTATION('',(#3028),#3031);
#3028 = B_SPLINE_CURVE_WITH_KNOTS('',1,(#3029,#3030),.UNSPECIFIED.,.F.,
  .F.,(2,2),(-13.97,0.),.PIECEWISE_BEZIER_KNOTS.);
#3029 = CARTESIAN_POINT('',(-1.856767745988,-13.97));
#3030 = CARTESIAN_POINT('',(-1.856767745988,0.));
#3031 = ( GEOMETRIC_REPRESENTATION_CONTEXT(2) 
PARAMETRIC_REPRESENTATION_CONTEXT() REPRESENTATION_CONTEXT('2D SPACE',''
  ) );
#3032 = PCURVE('',#872,#3033);
#3033 = DEFINITIONAL_REPRESENTATION('',(#3034),#3038);
#3034 = LINE('',#3035,#3036);
#3035 = CARTESIAN_POINT('',(5.842,-0.558165785365));
#3036 = VECTOR('',#3037,1.);
#3037 = DIRECTION('',(-1.,-0.));
#3038 = ( GEOMETRIC_REPRESENTATION_CONTEXT(2) 
PARAMETRIC_REPRESENTATION_CONTEXT() REPRESENTATION_CONTEXT('2D SPACE',''
  ) );
#3039 = ORIENTED_EDGE('',*,*,#884,.T.);
#3040 = ORIENTED_EDGE('',*,*,#3041,.T.);
#3041 = EDGE_CURVE('',#885,#3042,#3044,.T.);
#3042 = VERTEX_POINT('',#3043);
#3043 = CARTESIAN_POINT('',(56.4515,41.619345534859,-13.97));
#3044 = SURFACE_CURVE('',#3045,(#3049,#3055),.PCURVE_S1.);
#3045 = LINE('',#3046,#3047);
#3046 = CARTESIAN_POINT('',(56.4515,41.619345534859,-13.97));
#3047 = VECTOR('',#3048,1.);
#3048 = DIRECTION('',(-0.,-0.,-1.));
#3049 = PCURVE('',#905,#3050);
#3050 = DEFINITIONAL_REPRESENTATION('',(#3051),#3054);
#3051 = B_SPLINE_CURVE_WITH_KNOTS('',1,(#3052,#3053),.UNSPECIFIED.,.F.,
  .F.,(2,2),(-13.97,0.),.PIECEWISE_BEZIER_KNOTS.);
#3052 = CARTESIAN_POINT('',(-1.361815829452,-13.97));
#3053 = CARTESIAN_POINT('',(-1.361815829452,0.));
#3054 = ( GEOMETRIC_REPRESENTATION_CONTEXT(2) 
PARAMETRIC_REPRESENTATION_CONTEXT() REPRESENTATION_CONTEXT('2D SPACE',''
  ) );
#3055 = PCURVE('',#932,#3056);
#3056 = DEFINITIONAL_REPRESENTATION('',(#3057),#3061);
#3057 = LINE('',#3058,#3059);
#3058 = CARTESIAN_POINT('',(5.842,-1.360345534859));
#3059 = VECTOR('',#3060,1.);
#3060 = DIRECTION('',(-1.,-0.));
#3061 = ( GEOMETRIC_REPRESENTATION_CONTEXT(2) 
PARAMETRIC_REPRESENTATION_CONTEXT() REPRESENTATION_CONTEXT('2D SPACE',''
  ) );
#3062 = ORIENTED_EDGE('',*,*,#3063,.F.);
#3063 = EDGE_CURVE('',#2932,#3042,#3064,.T.);
#3064 = SURFACE_CURVE('',#3065,(#3070,#3076),.PCURVE_S1.);
#3065 = CIRCLE('',#3066,42.545);
#3066 = AXIS2_PLACEMENT_3D('',#3067,#3068,#3069);
#3067 = CARTESIAN_POINT('',(47.625,0.,-13.97));
#3068 = DIRECTION('',(0.,0.,1.));
#3069 = DIRECTION('',(1.,0.,-0.));
#3070 = PCURVE('',#905,#3071);
#3071 = DEFINITIONAL_REPRESENTATION('',(#3072),#3075);
#3072 = B_SPLINE_CURVE_WITH_KNOTS('',1,(#3073,#3074),.UNSPECIFIED.,.F.,
  .F.,(2,2),(0.,1.361815829452),.PIECEWISE_BEZIER_KNOTS.);
#3073 = CARTESIAN_POINT('',(0.,0.));
#3074 = CARTESIAN_POINT('',(-1.361815829452,0.));
#3075 = ( GEOMETRIC_REPRESENTATION_CONTEXT(2) 
PARAMETRIC_REPRESENTATION_CONTEXT() REPRESENTATION_CONTEXT('2D SPACE',''
  ) );
#3076 = PCURVE('',#2812,#3077);
#3077 = DEFINITIONAL_REPRESENTATION('',(#3078),#3082);
#3078 = CIRCLE('',#3079,42.545);
#3079 = AXIS2_PLACEMENT_2D('',#3080,#3081);
#3080 = CARTESIAN_POINT('',(0.,-3.447273502129E-15));
#3081 = DIRECTION('',(1.,0.));
#3082 = ( GEOMETRIC_REPRESENTATION_CONTEXT(2) 
PARAMETRIC_REPRESENTATION_CONTEXT() REPRESENTATION_CONTEXT('2D SPACE',''
  ) );
#3083 = ORIENTED_EDGE('',*,*,#2931,.T.);
#3084 = ORIENTED_EDGE('',*,*,#1433,.F.);
#3085 = ORIENTED_EDGE('',*,*,#3086,.T.);
#3086 = EDGE_CURVE('',#1434,#3087,#3089,.T.);
#3087 = VERTEX_POINT('',#3088);
#3088 = CARTESIAN_POINT('',(11.544793749025,22.545415096802,-6.223));
#3089 = SURFACE_CURVE('',#3090,(#3094,#3100),.PCURVE_S1.);
#3090 = LINE('',#3091,#3092);
#3091 = CARTESIAN_POINT('',(11.544793749025,22.545415096802,-13.97));
#3092 = VECTOR('',#3093,1.);
#3093 = DIRECTION('',(-0.,-0.,-1.));
#3094 = PCURVE('',#905,#3095);
#3095 = DEFINITIONAL_REPRESENTATION('',(#3096),#3099);
#3096 = B_SPLINE_CURVE_WITH_KNOTS('',1,(#3097,#3098),.UNSPECIFIED.,.F.,
  .F.,(2,2),(-17.3228,-7.747),.PIECEWISE_BEZIER_KNOTS.);
#3097 = CARTESIAN_POINT('',(-2.583087292952,-17.3228));
#3098 = CARTESIAN_POINT('',(-2.583087292952,-7.747));
#3099 = ( GEOMETRIC_REPRESENTATION_CONTEXT(2) 
PARAMETRIC_REPRESENTATION_CONTEXT() REPRESENTATION_CONTEXT('2D SPACE',''
  ) );
#3100 = PCURVE('',#1678,#3101);
#3101 = DEFINITIONAL_REPRESENTATION('',(#3102),#3106);
#3102 = LINE('',#3103,#3104);
#3103 = CARTESIAN_POINT('',(2.413,2.54));
#3104 = VECTOR('',#3105,1.);
#3105 = DIRECTION('',(0.,1.));
#3106 = ( GEOMETRIC_REPRESENTATION_CONTEXT(2) 
PARAMETRIC_REPRESENTATION_CONTEXT() REPRESENTATION_CONTEXT('2D SPACE',''
  ) );
#3107 = ORIENTED_EDGE('',*,*,#3108,.T.);
#3108 = EDGE_CURVE('',#3087,#3109,#3111,.T.);
#3109 = VERTEX_POINT('',#3110);
#3110 = CARTESIAN_POINT('',(25.712705102952,36.468182808371,-6.223));
#3111 = SURFACE_CURVE('',#3112,(#3117,#3123),.PCURVE_S1.);
#3112 = CIRCLE('',#3113,42.545);
#3113 = AXIS2_PLACEMENT_3D('',#3114,#3115,#3116);
#3114 = CARTESIAN_POINT('',(47.625,0.,-6.223));
#3115 = DIRECTION('',(0.,-0.,-1.));
#3116 = DIRECTION('',(1.,0.,-0.));
#3117 = PCURVE('',#905,#3118);
#3118 = DEFINITIONAL_REPRESENTATION('',(#3119),#3122);
#3119 = B_SPLINE_CURVE_WITH_KNOTS('',1,(#3120,#3121),.UNSPECIFIED.,.F.,
  .F.,(2,2),(3.700098014228,4.171336912266),.PIECEWISE_BEZIER_KNOTS.);
#3120 = CARTESIAN_POINT('',(-2.583087292952,-7.747));
#3121 = CARTESIAN_POINT('',(-2.111848394913,-7.747));
#3122 = ( GEOMETRIC_REPRESENTATION_CONTEXT(2) 
PARAMETRIC_REPRESENTATION_CONTEXT() REPRESENTATION_CONTEXT('2D SPACE',''
  ) );
#3123 = PCURVE('',#3124,#3129);
#3124 = PLANE('',#3125);
#3125 = AXIS2_PLACEMENT_3D('',#3126,#3127,#3128);
#3126 = CARTESIAN_POINT('',(47.625,-5.219946054012E-15,-6.223));
#3127 = DIRECTION('',(0.,0.,1.));
#3128 = DIRECTION('',(-1.,1.224646799147E-16,0.));
#3129 = DEFINITIONAL_REPRESENTATION('',(#3130),#3138);
#3130 = ( BOUNDED_CURVE() B_SPLINE_CURVE(2,(#3131,#3132,#3133,#3134,
#3135,#3136,#3137),.UNSPECIFIED.,.T.,.F.) B_SPLINE_CURVE_WITH_KNOTS((1,2
    ,2,2,2,1),(-2.094395102393,0.,2.094395102393,4.188790204786,
6.28318530718,8.377580409573),.UNSPECIFIED.) CURVE() 
GEOMETRIC_REPRESENTATION_ITEM() RATIONAL_B_SPLINE_CURVE((1.,0.5,1.,0.5,
1.,0.5,1.)) REPRESENTATION_ITEM('') );
#3131 = CARTESIAN_POINT('',(-42.545,-1.043020586098E-14));
#3132 = CARTESIAN_POINT('',(-42.545,73.690101608018));
#3133 = CARTESIAN_POINT('',(21.2725,36.845050804009));
#3134 = CARTESIAN_POINT('',(85.09,1.562109317388E-14));
#3135 = CARTESIAN_POINT('',(21.2725,-36.845050804));
#3136 = CARTESIAN_POINT('',(-42.545,-73.69010160801));
#3137 = CARTESIAN_POINT('',(-42.545,-1.043020586098E-14));
#3138 = ( GEOMETRIC_REPRESENTATION_CONTEXT(2) 
PARAMETRIC_REPRESENTATION_CONTEXT() REPRESENTATION_CONTEXT('2D SPACE',''
  ) );
#3139 = ORIENTED_EDGE('',*,*,#3140,.T.);
#3140 = EDGE_CURVE('',#3109,#3141,#3143,.T.);
#3141 = VERTEX_POINT('',#3142);
#3142 = CARTESIAN_POINT('',(25.712705102952,36.468182808371,-11.43));
#3143 = SURFACE_CURVE('',#3144,(#3148,#3154),.PCURVE_S1.);
#3144 = LINE('',#3145,#3146);
#3145 = CARTESIAN_POINT('',(25.712705102952,36.468182808371,-13.97));
#3146 = VECTOR('',#3147,1.);
#3147 = DIRECTION('',(-0.,-0.,-1.));
#3148 = PCURVE('',#905,#3149);
#3149 = DEFINITIONAL_REPRESENTATION('',(#3150),#3153);
#3150 = B_SPLINE_CURVE_WITH_KNOTS('',1,(#3151,#3152),.UNSPECIFIED.,.F.,
  .F.,(2,2),(-7.747,-2.54),.PIECEWISE_BEZIER_KNOTS.);
#3151 = CARTESIAN_POINT('',(-2.111848394913,-7.747));
#3152 = CARTESIAN_POINT('',(-2.111848394913,-2.54));
#3153 = ( GEOMETRIC_REPRESENTATION_CONTEXT(2) 
PARAMETRIC_REPRESENTATION_CONTEXT() REPRESENTATION_CONTEXT('2D SPACE',''
  ) );
#3154 = PCURVE('',#3155,#3160);
#3155 = PLANE('',#3156);
#3156 = AXIS2_PLACEMENT_3D('',#3157,#3158,#3159);
#3157 = CARTESIAN_POINT('',(26.95549197771,34.399838111777,-11.43));
#3158 = DIRECTION('',(-0.857167300702,-0.51503807491,0.));
#3159 = DIRECTION('',(-0.51503807491,0.857167300702,0.));
#3160 = DEFINITIONAL_REPRESENTATION('',(#3161),#3165);
#3161 = LINE('',#3162,#3163);
#3162 = CARTESIAN_POINT('',(2.413,2.54));
#3163 = VECTOR('',#3164,1.);
#3164 = DIRECTION('',(0.,1.));
#3165 = ( GEOMETRIC_REPRESENTATION_CONTEXT(2) 
PARAMETRIC_REPRESENTATION_CONTEXT() REPRESENTATION_CONTEXT('2D SPACE',''
  ) );
#3166 = ORIENTED_EDGE('',*,*,#3167,.F.);
#3167 = EDGE_CURVE('',#3168,#3141,#3170,.T.);
#3168 = VERTEX_POINT('',#3169);
#3169 = CARTESIAN_POINT('',(5.49404501539,5.921119580346,-11.43));
#3170 = SURFACE_CURVE('',#3171,(#3176,#3182),.PCURVE_S1.);
#3171 = CIRCLE('',#3172,42.545);
#3172 = AXIS2_PLACEMENT_3D('',#3173,#3174,#3175);
#3173 = CARTESIAN_POINT('',(47.625,0.,-11.43));
#3174 = DIRECTION('',(0.,-0.,-1.));
#3175 = DIRECTION('',(1.,0.,-0.));
#3176 = PCURVE('',#905,#3177);
#3177 = DEFINITIONAL_REPRESENTATION('',(#3178),#3181);
#3178 = B_SPLINE_CURVE_WITH_KNOTS('',1,(#3179,#3180),.UNSPECIFIED.,.F.,
  .F.,(2,2),(3.281218993749,4.171336912266),.PIECEWISE_BEZIER_KNOTS.);
#3179 = CARTESIAN_POINT('',(-3.00196631343,-2.54));
#3180 = CARTESIAN_POINT('',(-2.111848394913,-2.54));
#3181 = ( GEOMETRIC_REPRESENTATION_CONTEXT(2) 
PARAMETRIC_REPRESENTATION_CONTEXT() REPRESENTATION_CONTEXT('2D SPACE',''
  ) );
#3182 = PCURVE('',#3183,#3188);
#3183 = PLANE('',#3184);
#3184 = AXIS2_PLACEMENT_3D('',#3185,#3186,#3187);
#3185 = CARTESIAN_POINT('',(47.625,-5.219946054012E-15,-11.43));
#3186 = DIRECTION('',(0.,0.,1.));
#3187 = DIRECTION('',(-1.,1.224646799147E-16,0.));
#3188 = DEFINITIONAL_REPRESENTATION('',(#3189),#3197);
#3189 = ( BOUNDED_CURVE() B_SPLINE_CURVE(2,(#3190,#3191,#3192,#3193,
#3194,#3195,#3196),.UNSPECIFIED.,.T.,.F.) B_SPLINE_CURVE_WITH_KNOTS((1,2
    ,2,2,2,1),(-2.094395102393,0.,2.094395102393,4.188790204786,
6.28318530718,8.377580409573),.UNSPECIFIED.) CURVE() 
GEOMETRIC_REPRESENTATION_ITEM() RATIONAL_B_SPLINE_CURVE((1.,0.5,1.,0.5,
1.,0.5,1.)) REPRESENTATION_ITEM('') );
#3190 = CARTESIAN_POINT('',(-42.545,-1.043020586098E-14));
#3191 = CARTESIAN_POINT('',(-42.545,73.690101608018));
#3192 = CARTESIAN_POINT('',(21.2725,36.845050804009));
#3193 = CARTESIAN_POINT('',(85.09,1.562109317388E-14));
#3194 = CARTESIAN_POINT('',(21.2725,-36.845050804));
#3195 = CARTESIAN_POINT('',(-42.545,-73.69010160801));
#3196 = CARTESIAN_POINT('',(-42.545,-1.043020586098E-14));
#3197 = ( GEOMETRIC_REPRESENTATION_CONTEXT(2) 
PARAMETRIC_REPRESENTATION_CONTEXT() REPRESENTATION_CONTEXT('2D SPACE',''
  ) );
#3198 = ORIENTED_EDGE('',*,*,#3199,.F.);
#3199 = EDGE_CURVE('',#1578,#3168,#3200,.T.);
#3200 = SURFACE_CURVE('',#3201,(#3205,#3211),.PCURVE_S1.);
#3201 = LINE('',#3202,#3203);
#3202 = CARTESIAN_POINT('',(5.49404501539,5.921119580346,-13.97));
#3203 = VECTOR('',#3204,1.);
#3204 = DIRECTION('',(-0.,-0.,-1.));
#3205 = PCURVE('',#905,#3206);
#3206 = DEFINITIONAL_REPRESENTATION('',(#3207),#3210);
#3207 = B_SPLINE_CURVE_WITH_KNOTS('',1,(#3208,#3209),.UNSPECIFIED.,.F.,
  .F.,(2,2),(-17.3228,-2.54),.PIECEWISE_BEZIER_KNOTS.);
#3208 = CARTESIAN_POINT('',(-3.00196631343,-17.3228));
#3209 = CARTESIAN_POINT('',(-3.00196631343,-2.54));
#3210 = ( GEOMETRIC_REPRESENTATION_CONTEXT(2) 
PARAMETRIC_REPRESENTATION_CONTEXT() REPRESENTATION_CONTEXT('2D SPACE',''
  ) );
#3211 = PCURVE('',#1620,#3212);
#3212 = DEFINITIONAL_REPRESENTATION('',(#3213),#3217);
#3213 = LINE('',#3214,#3215);
#3214 = CARTESIAN_POINT('',(3.937,2.54));
#3215 = VECTOR('',#3216,1.);
#3216 = DIRECTION('',(0.,1.));
#3217 = ( GEOMETRIC_REPRESENTATION_CONTEXT(2) 
PARAMETRIC_REPRESENTATION_CONTEXT() REPRESENTATION_CONTEXT('2D SPACE',''
  ) );
#3218 = ORIENTED_EDGE('',*,*,#1577,.F.);
#3219 = ORIENTED_EDGE('',*,*,#3220,.T.);
#3220 = EDGE_CURVE('',#1550,#3221,#3223,.T.);
#3221 = VERTEX_POINT('',#3222);
#3222 = CARTESIAN_POINT('',(83.705206250975,-22.5454150968,-6.223));
#3223 = SURFACE_CURVE('',#3224,(#3228,#3234),.PCURVE_S1.);
#3224 = LINE('',#3225,#3226);
#3225 = CARTESIAN_POINT('',(83.705206250975,-22.5454150968,-13.97));
#3226 = VECTOR('',#3227,1.);
#3227 = DIRECTION('',(-0.,-0.,-1.));
#3228 = PCURVE('',#905,#3229);
#3229 = DEFINITIONAL_REPRESENTATION('',(#3230),#3233);
#3230 = B_SPLINE_CURVE_WITH_KNOTS('',1,(#3231,#3232),.UNSPECIFIED.,.F.,
  .F.,(2,2),(-17.3228,-7.747),.PIECEWISE_BEZIER_KNOTS.);
#3231 = CARTESIAN_POINT('',(-5.724679946541,-17.3228));
#3232 = CARTESIAN_POINT('',(-5.724679946541,-7.747));
#3233 = ( GEOMETRIC_REPRESENTATION_CONTEXT(2) 
PARAMETRIC_REPRESENTATION_CONTEXT() REPRESENTATION_CONTEXT('2D SPACE',''
  ) );
#3234 = PCURVE('',#1565,#3235);
#3235 = DEFINITIONAL_REPRESENTATION('',(#3236),#3240);
#3236 = LINE('',#3237,#3238);
#3237 = CARTESIAN_POINT('',(2.413,2.54));
#3238 = VECTOR('',#3239,1.);
#3239 = DIRECTION('',(0.,1.));
#3240 = ( GEOMETRIC_REPRESENTATION_CONTEXT(2) 
PARAMETRIC_REPRESENTATION_CONTEXT() REPRESENTATION_CONTEXT('2D SPACE',''
  ) );
#3241 = ORIENTED_EDGE('',*,*,#3242,.T.);
#3242 = EDGE_CURVE('',#3221,#3243,#3245,.T.);
#3243 = VERTEX_POINT('',#3244);
#3244 = CARTESIAN_POINT('',(69.537294897048,-36.46818280837,-6.223));
#3245 = SURFACE_CURVE('',#3246,(#3251,#3257),.PCURVE_S1.);
#3246 = CIRCLE('',#3247,42.545);
#3247 = AXIS2_PLACEMENT_3D('',#3248,#3249,#3250);
#3248 = CARTESIAN_POINT('',(47.625,0.,-6.223));
#3249 = DIRECTION('',(0.,-0.,-1.));
#3250 = DIRECTION('',(1.,0.,-0.));
#3251 = PCURVE('',#905,#3252);
#3252 = DEFINITIONAL_REPRESENTATION('',(#3253),#3256);
#3253 = B_SPLINE_CURVE_WITH_KNOTS('',1,(#3254,#3255),.UNSPECIFIED.,.F.,
  .F.,(2,2),(0.558505360638,1.029744258677),.PIECEWISE_BEZIER_KNOTS.);
#3254 = CARTESIAN_POINT('',(-5.724679946541,-7.747));
#3255 = CARTESIAN_POINT('',(-5.253441048503,-7.747));
#3256 = ( GEOMETRIC_REPRESENTATION_CONTEXT(2) 
PARAMETRIC_REPRESENTATION_CONTEXT() REPRESENTATION_CONTEXT('2D SPACE',''
  ) );
#3257 = PCURVE('',#3258,#3263);
#3258 = PLANE('',#3259);
#3259 = AXIS2_PLACEMENT_3D('',#3260,#3261,#3262);
#3260 = CARTESIAN_POINT('',(47.625,-5.219946054012E-15,-6.223));
#3261 = DIRECTION('',(0.,0.,1.));
#3262 = DIRECTION('',(-1.,1.224646799147E-16,0.));
#3263 = DEFINITIONAL_REPRESENTATION('',(#3264),#3272);
#3264 = ( BOUNDED_CURVE() B_SPLINE_CURVE(2,(#3265,#3266,#3267,#3268,
#3269,#3270,#3271),.UNSPECIFIED.,.T.,.F.) B_SPLINE_CURVE_WITH_KNOTS((1,2
    ,2,2,2,1),(-2.094395102393,0.,2.094395102393,4.188790204786,
6.28318530718,8.377580409573),.UNSPECIFIED.) CURVE() 
GEOMETRIC_REPRESENTATION_ITEM() RATIONAL_B_SPLINE_CURVE((1.,0.5,1.,0.5,
1.,0.5,1.)) REPRESENTATION_ITEM('') );
#3265 = CARTESIAN_POINT('',(-42.545,-1.043020586098E-14));
#3266 = CARTESIAN_POINT('',(-42.545,73.690101608018));
#3267 = CARTESIAN_POINT('',(21.2725,36.845050804009));
#3268 = CARTESIAN_POINT('',(85.09,1.562109317388E-14));
#3269 = CARTESIAN_POINT('',(21.2725,-36.845050804));
#3270 = CARTESIAN_POINT('',(-42.545,-73.69010160801));
#3271 = CARTESIAN_POINT('',(-42.545,-1.043020586098E-14));
#3272 = ( GEOMETRIC_REPRESENTATION_CONTEXT(2) 
PARAMETRIC_REPRESENTATION_CONTEXT() REPRESENTATION_CONTEXT('2D SPACE',''
  ) );
#3273 = ORIENTED_EDGE('',*,*,#3274,.T.);
#3274 = EDGE_CURVE('',#3243,#3275,#3277,.T.);
#3275 = VERTEX_POINT('',#3276);
#3276 = CARTESIAN_POINT('',(69.537294897048,-36.46818280837,-11.43));
#3277 = SURFACE_CURVE('',#3278,(#3282,#3288),.PCURVE_S1.);
#3278 = LINE('',#3279,#3280);
#3279 = CARTESIAN_POINT('',(69.537294897048,-36.46818280837,-13.97));
#3280 = VECTOR('',#3281,1.);
#3281 = DIRECTION('',(-0.,-0.,-1.));
#3282 = PCURVE('',#905,#3283);
#3283 = DEFINITIONAL_REPRESENTATION('',(#3284),#3287);
#3284 = B_SPLINE_CURVE_WITH_KNOTS('',1,(#3285,#3286),.UNSPECIFIED.,.F.,
  .F.,(2,2),(-7.747,-2.54),.PIECEWISE_BEZIER_KNOTS.);
#3285 = CARTESIAN_POINT('',(-5.253441048503,-7.747));
#3286 = CARTESIAN_POINT('',(-5.253441048503,-2.54));
#3287 = ( GEOMETRIC_REPRESENTATION_CONTEXT(2) 
PARAMETRIC_REPRESENTATION_CONTEXT() REPRESENTATION_CONTEXT('2D SPACE',''
  ) );
#3288 = PCURVE('',#3289,#3294);
#3289 = PLANE('',#3290);
#3290 = AXIS2_PLACEMENT_3D('',#3291,#3292,#3293);
#3291 = CARTESIAN_POINT('',(68.29450802229,-34.39983811177,-11.43));
#3292 = DIRECTION('',(0.857167300702,0.51503807491,0.));
#3293 = DIRECTION('',(0.51503807491,-0.857167300702,0.));
#3294 = DEFINITIONAL_REPRESENTATION('',(#3295),#3299);
#3295 = LINE('',#3296,#3297);
#3296 = CARTESIAN_POINT('',(2.413,2.54));
#3297 = VECTOR('',#3298,1.);
#3298 = DIRECTION('',(0.,1.));
#3299 = ( GEOMETRIC_REPRESENTATION_CONTEXT(2) 
PARAMETRIC_REPRESENTATION_CONTEXT() REPRESENTATION_CONTEXT('2D SPACE',''
  ) );
#3300 = ORIENTED_EDGE('',*,*,#3301,.F.);
#3301 = EDGE_CURVE('',#3302,#3275,#3304,.T.);
#3302 = VERTEX_POINT('',#3303);
#3303 = CARTESIAN_POINT('',(89.75595498461,-5.921119580346,-11.43));
#3304 = SURFACE_CURVE('',#3305,(#3310,#3316),.PCURVE_S1.);
#3305 = CIRCLE('',#3306,42.545);
#3306 = AXIS2_PLACEMENT_3D('',#3307,#3308,#3309);
#3307 = CARTESIAN_POINT('',(47.625,0.,-11.43));
#3308 = DIRECTION('',(0.,-0.,-1.));
#3309 = DIRECTION('',(1.,0.,-0.));
#3310 = PCURVE('',#905,#3311);
#3311 = DEFINITIONAL_REPRESENTATION('',(#3312),#3315);
#3312 = B_SPLINE_CURVE_WITH_KNOTS('',1,(#3313,#3314),.UNSPECIFIED.,.F.,
  .F.,(2,2),(0.13962634016,1.029744258677),.PIECEWISE_BEZIER_KNOTS.);
#3313 = CARTESIAN_POINT('',(-6.14355896702,-2.54));
#3314 = CARTESIAN_POINT('',(-5.253441048503,-2.54));
#3315 = ( GEOMETRIC_REPRESENTATION_CONTEXT(2) 
PARAMETRIC_REPRESENTATION_CONTEXT() REPRESENTATION_CONTEXT('2D SPACE',''
  ) );
#3316 = PCURVE('',#3317,#3322);
#3317 = PLANE('',#3318);
#3318 = AXIS2_PLACEMENT_3D('',#3319,#3320,#3321);
#3319 = CARTESIAN_POINT('',(47.625,-5.219946054012E-15,-11.43));
#3320 = DIRECTION('',(0.,0.,1.));
#3321 = DIRECTION('',(-1.,1.224646799147E-16,0.));
#3322 = DEFINITIONAL_REPRESENTATION('',(#3323),#3331);
#3323 = ( BOUNDED_CURVE() B_SPLINE_CURVE(2,(#3324,#3325,#3326,#3327,
#3328,#3329,#3330),.UNSPECIFIED.,.T.,.F.) B_SPLINE_CURVE_WITH_KNOTS((1,2
    ,2,2,2,1),(-2.094395102393,0.,2.094395102393,4.188790204786,
6.28318530718,8.377580409573),.UNSPECIFIED.) CURVE() 
GEOMETRIC_REPRESENTATION_ITEM() RATIONAL_B_SPLINE_CURVE((1.,0.5,1.,0.5,
1.,0.5,1.)) REPRESENTATION_ITEM('') );
#3324 = CARTESIAN_POINT('',(-42.545,-1.043020586098E-14));
#3325 = CARTESIAN_POINT('',(-42.545,73.690101608018));
#3326 = CARTESIAN_POINT('',(21.2725,36.845050804009));
#3327 = CARTESIAN_POINT('',(85.09,1.562109317388E-14));
#3328 = CARTESIAN_POINT('',(21.2725,-36.845050804));
#3329 = CARTESIAN_POINT('',(-42.545,-73.69010160801));
#3330 = CARTESIAN_POINT('',(-42.545,-1.043020586098E-14));
#3331 = ( GEOMETRIC_REPRESENTATION_CONTEXT(2) 
PARAMETRIC_REPRESENTATION_CONTEXT() REPRESENTATION_CONTEXT('2D SPACE',''
  ) );
#3332 = ORIENTED_EDGE('',*,*,#3333,.F.);
#3333 = EDGE_CURVE('',#1463,#3302,#3334,.T.);
#3334 = SURFACE_CURVE('',#3335,(#3339,#3345),.PCURVE_S1.);
#3335 = LINE('',#3336,#3337);
#3336 = CARTESIAN_POINT('',(89.75595498461,-5.921119580346,-13.97));
#3337 = VECTOR('',#3338,1.);
#3338 = DIRECTION('',(-0.,-0.,-1.));
#3339 = PCURVE('',#905,#3340);
#3340 = DEFINITIONAL_REPRESENTATION('',(#3341),#3344);
#3341 = B_SPLINE_CURVE_WITH_KNOTS('',1,(#3342,#3343),.UNSPECIFIED.,.F.,
  .F.,(2,2),(-17.3228,-2.54),.PIECEWISE_BEZIER_KNOTS.);
#3342 = CARTESIAN_POINT('',(-6.14355896702,-17.3228));
#3343 = CARTESIAN_POINT('',(-6.14355896702,-2.54));
#3344 = ( GEOMETRIC_REPRESENTATION_CONTEXT(2) 
PARAMETRIC_REPRESENTATION_CONTEXT() REPRESENTATION_CONTEXT('2D SPACE',''
  ) );
#3345 = PCURVE('',#1505,#3346);
#3346 = DEFINITIONAL_REPRESENTATION('',(#3347),#3351);
#3347 = LINE('',#3348,#3349);
#3348 = CARTESIAN_POINT('',(3.937,2.54));
#3349 = VECTOR('',#3350,1.);
#3350 = DIRECTION('',(0.,1.));
#3351 = ( GEOMETRIC_REPRESENTATION_CONTEXT(2) 
PARAMETRIC_REPRESENTATION_CONTEXT() REPRESENTATION_CONTEXT('2D SPACE',''
  ) );
#3352 = ORIENTED_EDGE('',*,*,#1462,.F.);
#3353 = ADVANCED_FACE('',(#3354),#650,.F.);
#3354 = FACE_BOUND('',#3355,.T.);
#3355 = EDGE_LOOP('',(#3356,#3377,#3398,#3399,#3400,#3422,#3445,#3465,
    #3466,#3488,#3509,#3510,#3511,#3533,#3565,#3592,#3624,#3644,#3645,
    #3667,#3699,#3726,#3758,#3778));
#3356 = ORIENTED_EDGE('',*,*,#3357,.F.);
#3357 = EDGE_CURVE('',#3358,#1177,#3360,.T.);
#3358 = VERTEX_POINT('',#3359);
#3359 = CARTESIAN_POINT('',(-5.08,0.,-13.97));
#3360 = SEAM_CURVE('',#3361,(#3365,#3371),.PCURVE_S1.);
#3361 = LINE('',#3362,#3363);
#3362 = CARTESIAN_POINT('',(-5.08,0.,-13.97));
#3363 = VECTOR('',#3364,1.);
#3364 = DIRECTION('',(0.,0.,1.));
#3365 = PCURVE('',#650,#3366);
#3366 = DEFINITIONAL_REPRESENTATION('',(#3367),#3370);
#3367 = B_SPLINE_CURVE_WITH_KNOTS('',1,(#3368,#3369),.UNSPECIFIED.,.F.,
  .F.,(2,2),(0.,17.3228),.PIECEWISE_BEZIER_KNOTS.);
#3368 = CARTESIAN_POINT('',(-6.28318530718,0.));
#3369 = CARTESIAN_POINT('',(-6.28318530718,-17.3228));
#3370 = ( GEOMETRIC_REPRESENTATION_CONTEXT(2) 
PARAMETRIC_REPRESENTATION_CONTEXT() REPRESENTATION_CONTEXT('2D SPACE',''
  ) );
#3371 = PCURVE('',#650,#3372);
#3372 = DEFINITIONAL_REPRESENTATION('',(#3373),#3376);
#3373 = B_SPLINE_CURVE_WITH_KNOTS('',1,(#3374,#3375),.UNSPECIFIED.,.F.,
  .F.,(2,2),(0.,17.3228),.PIECEWISE_BEZIER_KNOTS.);
#3374 = CARTESIAN_POINT('',(0.,0.));
#3375 = CARTESIAN_POINT('',(0.,-17.3228));
#3376 = ( GEOMETRIC_REPRESENTATION_CONTEXT(2) 
PARAMETRIC_REPRESENTATION_CONTEXT() REPRESENTATION_CONTEXT('2D SPACE',''
  ) );
#3377 = ORIENTED_EDGE('',*,*,#3378,.F.);
#3378 = EDGE_CURVE('',#2881,#3358,#3379,.T.);
#3379 = SURFACE_CURVE('',#3380,(#3385,#3391),.PCURVE_S1.);
#3380 = CIRCLE('',#3381,42.545);
#3381 = AXIS2_PLACEMENT_3D('',#3382,#3383,#3384);
#3382 = CARTESIAN_POINT('',(-47.625,0.,-13.97));
#3383 = DIRECTION('',(0.,0.,1.));
#3384 = DIRECTION('',(1.,0.,-0.));
#3385 = PCURVE('',#650,#3386);
#3386 = DEFINITIONAL_REPRESENTATION('',(#3387),#3390);
#3387 = B_SPLINE_CURVE_WITH_KNOTS('',1,(#3388,#3389),.UNSPECIFIED.,.F.,
  .F.,(2,2),(4.998360399577,6.28318530718),.PIECEWISE_BEZIER_KNOTS.);
#3388 = CARTESIAN_POINT('',(-4.998360399577,0.));
#3389 = CARTESIAN_POINT('',(-6.28318530718,0.));
#3390 = ( GEOMETRIC_REPRESENTATION_CONTEXT(2) 
PARAMETRIC_REPRESENTATION_CONTEXT() REPRESENTATION_CONTEXT('2D SPACE',''
  ) );
#3391 = PCURVE('',#2916,#3392);
#3392 = DEFINITIONAL_REPRESENTATION('',(#3393),#3397);
#3393 = CIRCLE('',#3394,42.545);
#3394 = AXIS2_PLACEMENT_2D('',#3395,#3396);
#3395 = CARTESIAN_POINT('',(0.,-3.447273502129E-15));
#3396 = DIRECTION('',(1.,0.));
#3397 = ( GEOMETRIC_REPRESENTATION_CONTEXT(2) 
PARAMETRIC_REPRESENTATION_CONTEXT() REPRESENTATION_CONTEXT('2D SPACE',''
  ) );
#3398 = ORIENTED_EDGE('',*,*,#2880,.F.);
#3399 = ORIENTED_EDGE('',*,*,#629,.T.);
#3400 = ORIENTED_EDGE('',*,*,#3401,.T.);
#3401 = EDGE_CURVE('',#630,#3402,#3404,.T.);
#3402 = VERTEX_POINT('',#3403);
#3403 = CARTESIAN_POINT('',(-56.4515,-41.61934553485,-13.97));
#3404 = SURFACE_CURVE('',#3405,(#3409,#3415),.PCURVE_S1.);
#3405 = LINE('',#3406,#3407);
#3406 = CARTESIAN_POINT('',(-56.4515,-41.61934553485,-13.97));
#3407 = VECTOR('',#3408,1.);
#3408 = DIRECTION('',(-0.,-0.,-1.));
#3409 = PCURVE('',#650,#3410);
#3410 = DEFINITIONAL_REPRESENTATION('',(#3411),#3414);
#3411 = B_SPLINE_CURVE_WITH_KNOTS('',1,(#3412,#3413),.UNSPECIFIED.,.F.,
  .F.,(2,2),(-13.97,0.),.PIECEWISE_BEZIER_KNOTS.);
#3412 = CARTESIAN_POINT('',(-4.503408483042,-13.97));
#3413 = CARTESIAN_POINT('',(-4.503408483042,0.));
#3414 = ( GEOMETRIC_REPRESENTATION_CONTEXT(2) 
PARAMETRIC_REPRESENTATION_CONTEXT() REPRESENTATION_CONTEXT('2D SPACE',''
  ) );
#3415 = PCURVE('',#677,#3416);
#3416 = DEFINITIONAL_REPRESENTATION('',(#3417),#3421);
#3417 = LINE('',#3418,#3419);
#3418 = CARTESIAN_POINT('',(5.842,-1.360345534859));
#3419 = VECTOR('',#3420,1.);
#3420 = DIRECTION('',(-1.,0.));
#3421 = ( GEOMETRIC_REPRESENTATION_CONTEXT(2) 
PARAMETRIC_REPRESENTATION_CONTEXT() REPRESENTATION_CONTEXT('2D SPACE',''
  ) );
#3422 = ORIENTED_EDGE('',*,*,#3423,.F.);
#3423 = EDGE_CURVE('',#3424,#3402,#3426,.T.);
#3424 = VERTEX_POINT('',#3425);
#3425 = CARTESIAN_POINT('',(-56.4515,41.619345534859,-13.97));
#3426 = SURFACE_CURVE('',#3427,(#3432,#3438),.PCURVE_S1.);
#3427 = CIRCLE('',#3428,42.545);
#3428 = AXIS2_PLACEMENT_3D('',#3429,#3430,#3431);
#3429 = CARTESIAN_POINT('',(-47.625,0.,-13.97));
#3430 = DIRECTION('',(0.,0.,1.));
#3431 = DIRECTION('',(1.,0.,-0.));
#3432 = PCURVE('',#650,#3433);
#3433 = DEFINITIONAL_REPRESENTATION('',(#3434),#3437);
#3434 = B_SPLINE_CURVE_WITH_KNOTS('',1,(#3435,#3436),.UNSPECIFIED.,.F.,
  .F.,(2,2),(1.779776824138,4.503408483042),.PIECEWISE_BEZIER_KNOTS.);
#3435 = CARTESIAN_POINT('',(-1.779776824138,0.));
#3436 = CARTESIAN_POINT('',(-4.503408483042,0.));
#3437 = ( GEOMETRIC_REPRESENTATION_CONTEXT(2) 
PARAMETRIC_REPRESENTATION_CONTEXT() REPRESENTATION_CONTEXT('2D SPACE',''
  ) );
#3438 = PCURVE('',#2916,#3439);
#3439 = DEFINITIONAL_REPRESENTATION('',(#3440),#3444);
#3440 = CIRCLE('',#3441,42.545);
#3441 = AXIS2_PLACEMENT_2D('',#3442,#3443);
#3442 = CARTESIAN_POINT('',(0.,-3.447273502129E-15));
#3443 = DIRECTION('',(1.,0.));
#3444 = ( GEOMETRIC_REPRESENTATION_CONTEXT(2) 
PARAMETRIC_REPRESENTATION_CONTEXT() REPRESENTATION_CONTEXT('2D SPACE',''
  ) );
#3445 = ORIENTED_EDGE('',*,*,#3446,.F.);
#3446 = EDGE_CURVE('',#718,#3424,#3447,.T.);
#3447 = SURFACE_CURVE('',#3448,(#3452,#3458),.PCURVE_S1.);
#3448 = LINE('',#3449,#3450);
#3449 = CARTESIAN_POINT('',(-56.4515,41.619345534859,-13.97));
#3450 = VECTOR('',#3451,1.);
#3451 = DIRECTION('',(-0.,-0.,-1.));
#3452 = PCURVE('',#650,#3453);
#3453 = DEFINITIONAL_REPRESENTATION('',(#3454),#3457);
#3454 = B_SPLINE_CURVE_WITH_KNOTS('',1,(#3455,#3456),.UNSPECIFIED.,.F.,
  .F.,(2,2),(-13.97,0.),.PIECEWISE_BEZIER_KNOTS.);
#3455 = CARTESIAN_POINT('',(-1.779776824138,-13.97));
#3456 = CARTESIAN_POINT('',(-1.779776824138,0.));
#3457 = ( GEOMETRIC_REPRESENTATION_CONTEXT(2) 
PARAMETRIC_REPRESENTATION_CONTEXT() REPRESENTATION_CONTEXT('2D SPACE',''
  ) );
#3458 = PCURVE('',#733,#3459);
#3459 = DEFINITIONAL_REPRESENTATION('',(#3460),#3464);
#3460 = LINE('',#3461,#3462);
#3461 = CARTESIAN_POINT('',(5.842,-1.360345534859));
#3462 = VECTOR('',#3463,1.);
#3463 = DIRECTION('',(-1.,-0.));
#3464 = ( GEOMETRIC_REPRESENTATION_CONTEXT(2) 
PARAMETRIC_REPRESENTATION_CONTEXT() REPRESENTATION_CONTEXT('2D SPACE',''
  ) );
#3465 = ORIENTED_EDGE('',*,*,#745,.T.);
#3466 = ORIENTED_EDGE('',*,*,#3467,.T.);
#3467 = EDGE_CURVE('',#746,#3468,#3470,.T.);
#3468 = VERTEX_POINT('',#3469);
#3469 = CARTESIAN_POINT('',(-35.6235,40.817165785365,-13.97));
#3470 = SURFACE_CURVE('',#3471,(#3475,#3481),.PCURVE_S1.);
#3471 = LINE('',#3472,#3473);
#3472 = CARTESIAN_POINT('',(-35.6235,40.817165785365,-13.97));
#3473 = VECTOR('',#3474,1.);
#3474 = DIRECTION('',(-0.,-0.,-1.));
#3475 = PCURVE('',#650,#3476);
#3476 = DEFINITIONAL_REPRESENTATION('',(#3477),#3480);
#3477 = B_SPLINE_CURVE_WITH_KNOTS('',1,(#3478,#3479),.UNSPECIFIED.,.F.,
  .F.,(2,2),(-13.97,0.),.PIECEWISE_BEZIER_KNOTS.);
#3478 = CARTESIAN_POINT('',(-1.284824907602,-13.97));
#3479 = CARTESIAN_POINT('',(-1.284824907602,0.));
#3480 = ( GEOMETRIC_REPRESENTATION_CONTEXT(2) 
PARAMETRIC_REPRESENTATION_CONTEXT() REPRESENTATION_CONTEXT('2D SPACE',''
  ) );
#3481 = PCURVE('',#788,#3482);
#3482 = DEFINITIONAL_REPRESENTATION('',(#3483),#3487);
#3483 = LINE('',#3484,#3485);
#3484 = CARTESIAN_POINT('',(5.842,-0.558165785365));
#3485 = VECTOR('',#3486,1.);
#3486 = DIRECTION('',(-1.,-0.));
#3487 = ( GEOMETRIC_REPRESENTATION_CONTEXT(2) 
PARAMETRIC_REPRESENTATION_CONTEXT() REPRESENTATION_CONTEXT('2D SPACE',''
  ) );
#3488 = ORIENTED_EDGE('',*,*,#3489,.F.);
#3489 = EDGE_CURVE('',#3358,#3468,#3490,.T.);
#3490 = SURFACE_CURVE('',#3491,(#3496,#3502),.PCURVE_S1.);
#3491 = CIRCLE('',#3492,42.545);
#3492 = AXIS2_PLACEMENT_3D('',#3493,#3494,#3495);
#3493 = CARTESIAN_POINT('',(-47.625,0.,-13.97));
#3494 = DIRECTION('',(0.,0.,1.));
#3495 = DIRECTION('',(1.,0.,-0.));
#3496 = PCURVE('',#650,#3497);
#3497 = DEFINITIONAL_REPRESENTATION('',(#3498),#3501);
#3498 = B_SPLINE_CURVE_WITH_KNOTS('',1,(#3499,#3500),.UNSPECIFIED.,.F.,
  .F.,(2,2),(0.,1.284824907602),.PIECEWISE_BEZIER_KNOTS.);
#3499 = CARTESIAN_POINT('',(0.,0.));
#3500 = CARTESIAN_POINT('',(-1.284824907602,0.));
#3501 = ( GEOMETRIC_REPRESENTATION_CONTEXT(2) 
PARAMETRIC_REPRESENTATION_CONTEXT() REPRESENTATION_CONTEXT('2D SPACE',''
  ) );
#3502 = PCURVE('',#2916,#3503);
#3503 = DEFINITIONAL_REPRESENTATION('',(#3504),#3508);
#3504 = CIRCLE('',#3505,42.545);
#3505 = AXIS2_PLACEMENT_2D('',#3506,#3507);
#3506 = CARTESIAN_POINT('',(0.,-3.447273502129E-15));
#3507 = DIRECTION('',(1.,0.));
#3508 = ( GEOMETRIC_REPRESENTATION_CONTEXT(2) 
PARAMETRIC_REPRESENTATION_CONTEXT() REPRESENTATION_CONTEXT('2D SPACE',''
  ) );
#3509 = ORIENTED_EDGE('',*,*,#3357,.T.);
#3510 = ORIENTED_EDGE('',*,*,#1174,.F.);
#3511 = ORIENTED_EDGE('',*,*,#3512,.T.);
#3512 = EDGE_CURVE('',#1175,#3513,#3515,.T.);
#3513 = VERTEX_POINT('',#3514);
#3514 = CARTESIAN_POINT('',(-83.70520625097,22.545415096802,-6.223));
#3515 = SURFACE_CURVE('',#3516,(#3520,#3526),.PCURVE_S1.);
#3516 = LINE('',#3517,#3518);
#3517 = CARTESIAN_POINT('',(-83.70520625097,22.545415096802,-13.97));
#3518 = VECTOR('',#3519,1.);
#3519 = DIRECTION('',(-0.,-0.,-1.));
#3520 = PCURVE('',#650,#3521);
#3521 = DEFINITIONAL_REPRESENTATION('',(#3522),#3525);
#3522 = B_SPLINE_CURVE_WITH_KNOTS('',1,(#3523,#3524),.UNSPECIFIED.,.F.,
  .F.,(2,2),(-17.3228,-7.747),.PIECEWISE_BEZIER_KNOTS.);
#3523 = CARTESIAN_POINT('',(-2.583087292952,-17.3228));
#3524 = CARTESIAN_POINT('',(-2.583087292952,-7.747));
#3525 = ( GEOMETRIC_REPRESENTATION_CONTEXT(2) 
PARAMETRIC_REPRESENTATION_CONTEXT() REPRESENTATION_CONTEXT('2D SPACE',''
  ) );
#3526 = PCURVE('',#1419,#3527);
#3527 = DEFINITIONAL_REPRESENTATION('',(#3528),#3532);
#3528 = LINE('',#3529,#3530);
#3529 = CARTESIAN_POINT('',(2.413,2.54));
#3530 = VECTOR('',#3531,1.);
#3531 = DIRECTION('',(0.,1.));
#3532 = ( GEOMETRIC_REPRESENTATION_CONTEXT(2) 
PARAMETRIC_REPRESENTATION_CONTEXT() REPRESENTATION_CONTEXT('2D SPACE',''
  ) );
#3533 = ORIENTED_EDGE('',*,*,#3534,.T.);
#3534 = EDGE_CURVE('',#3513,#3535,#3537,.T.);
#3535 = VERTEX_POINT('',#3536);
#3536 = CARTESIAN_POINT('',(-69.53729489704,36.468182808371,-6.223));
#3537 = SURFACE_CURVE('',#3538,(#3543,#3549),.PCURVE_S1.);
#3538 = CIRCLE('',#3539,42.545);
#3539 = AXIS2_PLACEMENT_3D('',#3540,#3541,#3542);
#3540 = CARTESIAN_POINT('',(-47.625,0.,-6.223));
#3541 = DIRECTION('',(0.,-0.,-1.));
#3542 = DIRECTION('',(1.,0.,-0.));
#3543 = PCURVE('',#650,#3544);
#3544 = DEFINITIONAL_REPRESENTATION('',(#3545),#3548);
#3545 = B_SPLINE_CURVE_WITH_KNOTS('',1,(#3546,#3547),.UNSPECIFIED.,.F.,
  .F.,(2,2),(3.700098014228,4.171336912266),.PIECEWISE_BEZIER_KNOTS.);
#3546 = CARTESIAN_POINT('',(-2.583087292952,-7.747));
#3547 = CARTESIAN_POINT('',(-2.111848394913,-7.747));
#3548 = ( GEOMETRIC_REPRESENTATION_CONTEXT(2) 
PARAMETRIC_REPRESENTATION_CONTEXT() REPRESENTATION_CONTEXT('2D SPACE',''
  ) );
#3549 = PCURVE('',#3550,#3555);
#3550 = PLANE('',#3551);
#3551 = AXIS2_PLACEMENT_3D('',#3552,#3553,#3554);
#3552 = CARTESIAN_POINT('',(-47.625,5.219946054012E-15,-6.223));
#3553 = DIRECTION('',(0.,0.,1.));
#3554 = DIRECTION('',(1.,0.,-0.));
#3555 = DEFINITIONAL_REPRESENTATION('',(#3556),#3564);
#3556 = ( BOUNDED_CURVE() B_SPLINE_CURVE(2,(#3557,#3558,#3559,#3560,
#3561,#3562,#3563),.UNSPECIFIED.,.T.,.F.) B_SPLINE_CURVE_WITH_KNOTS((1,2
    ,2,2,2,1),(-2.094395102393,0.,2.094395102393,4.188790204786,
6.28318530718,8.377580409573),.UNSPECIFIED.) CURVE() 
GEOMETRIC_REPRESENTATION_ITEM() RATIONAL_B_SPLINE_CURVE((1.,0.5,1.,0.5,
1.,0.5,1.)) REPRESENTATION_ITEM('') );
#3557 = CARTESIAN_POINT('',(42.545,-5.219946054012E-15));
#3558 = CARTESIAN_POINT('',(42.545,-73.69010160801));
#3559 = CARTESIAN_POINT('',(-21.2725,-36.845050804));
#3560 = CARTESIAN_POINT('',(-85.09,-1.564046566796E-14));
#3561 = CARTESIAN_POINT('',(-21.2725,36.845050804009));
#3562 = CARTESIAN_POINT('',(42.545,73.690101608018));
#3563 = CARTESIAN_POINT('',(42.545,-5.219946054012E-15));
#3564 = ( GEOMETRIC_REPRESENTATION_CONTEXT(2) 
PARAMETRIC_REPRESENTATION_CONTEXT() REPRESENTATION_CONTEXT('2D SPACE',''
  ) );
#3565 = ORIENTED_EDGE('',*,*,#3566,.T.);
#3566 = EDGE_CURVE('',#3535,#3567,#3569,.T.);
#3567 = VERTEX_POINT('',#3568);
#3568 = CARTESIAN_POINT('',(-69.53729489704,36.468182808371,-11.43));
#3569 = SURFACE_CURVE('',#3570,(#3574,#3580),.PCURVE_S1.);
#3570 = LINE('',#3571,#3572);
#3571 = CARTESIAN_POINT('',(-69.53729489704,36.468182808371,-13.97));
#3572 = VECTOR('',#3573,1.);
#3573 = DIRECTION('',(-0.,-0.,-1.));
#3574 = PCURVE('',#650,#3575);
#3575 = DEFINITIONAL_REPRESENTATION('',(#3576),#3579);
#3576 = B_SPLINE_CURVE_WITH_KNOTS('',1,(#3577,#3578),.UNSPECIFIED.,.F.,
  .F.,(2,2),(-7.747,-2.54),.PIECEWISE_BEZIER_KNOTS.);
#3577 = CARTESIAN_POINT('',(-2.111848394913,-7.747));
#3578 = CARTESIAN_POINT('',(-2.111848394913,-2.54));
#3579 = ( GEOMETRIC_REPRESENTATION_CONTEXT(2) 
PARAMETRIC_REPRESENTATION_CONTEXT() REPRESENTATION_CONTEXT('2D SPACE',''
  ) );
#3580 = PCURVE('',#3581,#3586);
#3581 = PLANE('',#3582);
#3582 = AXIS2_PLACEMENT_3D('',#3583,#3584,#3585);
#3583 = CARTESIAN_POINT('',(-68.29450802229,34.399838111777,-11.43));
#3584 = DIRECTION('',(-0.857167300702,-0.51503807491,0.));
#3585 = DIRECTION('',(-0.51503807491,0.857167300702,0.));
#3586 = DEFINITIONAL_REPRESENTATION('',(#3587),#3591);
#3587 = LINE('',#3588,#3589);
#3588 = CARTESIAN_POINT('',(2.413,2.54));
#3589 = VECTOR('',#3590,1.);
#3590 = DIRECTION('',(0.,1.));
#3591 = ( GEOMETRIC_REPRESENTATION_CONTEXT(2) 
PARAMETRIC_REPRESENTATION_CONTEXT() REPRESENTATION_CONTEXT('2D SPACE',''
  ) );
#3592 = ORIENTED_EDGE('',*,*,#3593,.F.);
#3593 = EDGE_CURVE('',#3594,#3567,#3596,.T.);
#3594 = VERTEX_POINT('',#3595);
#3595 = CARTESIAN_POINT('',(-89.75595498461,5.921119580346,-11.43));
#3596 = SURFACE_CURVE('',#3597,(#3602,#3608),.PCURVE_S1.);
#3597 = CIRCLE('',#3598,42.545);
#3598 = AXIS2_PLACEMENT_3D('',#3599,#3600,#3601);
#3599 = CARTESIAN_POINT('',(-47.625,0.,-11.43));
#3600 = DIRECTION('',(0.,-0.,-1.));
#3601 = DIRECTION('',(1.,0.,-0.));
#3602 = PCURVE('',#650,#3603);
#3603 = DEFINITIONAL_REPRESENTATION('',(#3604),#3607);
#3604 = B_SPLINE_CURVE_WITH_KNOTS('',1,(#3605,#3606),.UNSPECIFIED.,.F.,
  .F.,(2,2),(3.281218993749,4.171336912266),.PIECEWISE_BEZIER_KNOTS.);
#3605 = CARTESIAN_POINT('',(-3.00196631343,-2.54));
#3606 = CARTESIAN_POINT('',(-2.111848394913,-2.54));
#3607 = ( GEOMETRIC_REPRESENTATION_CONTEXT(2) 
PARAMETRIC_REPRESENTATION_CONTEXT() REPRESENTATION_CONTEXT('2D SPACE',''
  ) );
#3608 = PCURVE('',#3609,#3614);
#3609 = PLANE('',#3610);
#3610 = AXIS2_PLACEMENT_3D('',#3611,#3612,#3613);
#3611 = CARTESIAN_POINT('',(-47.625,5.219946054012E-15,-11.43));
#3612 = DIRECTION('',(0.,0.,1.));
#3613 = DIRECTION('',(1.,0.,-0.));
#3614 = DEFINITIONAL_REPRESENTATION('',(#3615),#3623);
#3615 = ( BOUNDED_CURVE() B_SPLINE_CURVE(2,(#3616,#3617,#3618,#3619,
#3620,#3621,#3622),.UNSPECIFIED.,.T.,.F.) B_SPLINE_CURVE_WITH_KNOTS((1,2
    ,2,2,2,1),(-2.094395102393,0.,2.094395102393,4.188790204786,
6.28318530718,8.377580409573),.UNSPECIFIED.) CURVE() 
GEOMETRIC_REPRESENTATION_ITEM() RATIONAL_B_SPLINE_CURVE((1.,0.5,1.,0.5,
1.,0.5,1.)) REPRESENTATION_ITEM('') );
#3616 = CARTESIAN_POINT('',(42.545,-5.219946054012E-15));
#3617 = CARTESIAN_POINT('',(42.545,-73.69010160801));
#3618 = CARTESIAN_POINT('',(-21.2725,-36.845050804));
#3619 = CARTESIAN_POINT('',(-85.09,-1.564046566796E-14));
#3620 = CARTESIAN_POINT('',(-21.2725,36.845050804009));
#3621 = CARTESIAN_POINT('',(42.545,73.690101608018));
#3622 = CARTESIAN_POINT('',(42.545,-5.219946054012E-15));
#3623 = ( GEOMETRIC_REPRESENTATION_CONTEXT(2) 
PARAMETRIC_REPRESENTATION_CONTEXT() REPRESENTATION_CONTEXT('2D SPACE',''
  ) );
#3624 = ORIENTED_EDGE('',*,*,#3625,.F.);
#3625 = EDGE_CURVE('',#1319,#3594,#3626,.T.);
#3626 = SURFACE_CURVE('',#3627,(#3631,#3637),.PCURVE_S1.);
#3627 = LINE('',#3628,#3629);
#3628 = CARTESIAN_POINT('',(-89.75595498461,5.921119580346,-13.97));
#3629 = VECTOR('',#3630,1.);
#3630 = DIRECTION('',(-0.,-0.,-1.));
#3631 = PCURVE('',#650,#3632);
#3632 = DEFINITIONAL_REPRESENTATION('',(#3633),#3636);
#3633 = B_SPLINE_CURVE_WITH_KNOTS('',1,(#3634,#3635),.UNSPECIFIED.,.F.,
  .F.,(2,2),(-17.3228,-2.54),.PIECEWISE_BEZIER_KNOTS.);
#3634 = CARTESIAN_POINT('',(-3.00196631343,-17.3228));
#3635 = CARTESIAN_POINT('',(-3.00196631343,-2.54));
#3636 = ( GEOMETRIC_REPRESENTATION_CONTEXT(2) 
PARAMETRIC_REPRESENTATION_CONTEXT() REPRESENTATION_CONTEXT('2D SPACE',''
  ) );
#3637 = PCURVE('',#1361,#3638);
#3638 = DEFINITIONAL_REPRESENTATION('',(#3639),#3643);
#3639 = LINE('',#3640,#3641);
#3640 = CARTESIAN_POINT('',(3.937,2.54));
#3641 = VECTOR('',#3642,1.);
#3642 = DIRECTION('',(0.,1.));
#3643 = ( GEOMETRIC_REPRESENTATION_CONTEXT(2) 
PARAMETRIC_REPRESENTATION_CONTEXT() REPRESENTATION_CONTEXT('2D SPACE',''
  ) );
#3644 = ORIENTED_EDGE('',*,*,#1318,.F.);
#3645 = ORIENTED_EDGE('',*,*,#3646,.T.);
#3646 = EDGE_CURVE('',#1291,#3647,#3649,.T.);
#3647 = VERTEX_POINT('',#3648);
#3648 = CARTESIAN_POINT('',(-11.54479374902,-22.5454150968,-6.223));
#3649 = SURFACE_CURVE('',#3650,(#3654,#3660),.PCURVE_S1.);
#3650 = LINE('',#3651,#3652);
#3651 = CARTESIAN_POINT('',(-11.54479374902,-22.5454150968,-13.97));
#3652 = VECTOR('',#3653,1.);
#3653 = DIRECTION('',(-0.,-0.,-1.));
#3654 = PCURVE('',#650,#3655);
#3655 = DEFINITIONAL_REPRESENTATION('',(#3656),#3659);
#3656 = B_SPLINE_CURVE_WITH_KNOTS('',1,(#3657,#3658),.UNSPECIFIED.,.F.,
  .F.,(2,2),(-17.3228,-7.747),.PIECEWISE_BEZIER_KNOTS.);
#3657 = CARTESIAN_POINT('',(-5.724679946541,-17.3228));
#3658 = CARTESIAN_POINT('',(-5.724679946541,-7.747));
#3659 = ( GEOMETRIC_REPRESENTATION_CONTEXT(2) 
PARAMETRIC_REPRESENTATION_CONTEXT() REPRESENTATION_CONTEXT('2D SPACE',''
  ) );
#3660 = PCURVE('',#1306,#3661);
#3661 = DEFINITIONAL_REPRESENTATION('',(#3662),#3666);
#3662 = LINE('',#3663,#3664);
#3663 = CARTESIAN_POINT('',(2.413,2.54));
#3664 = VECTOR('',#3665,1.);
#3665 = DIRECTION('',(0.,1.));
#3666 = ( GEOMETRIC_REPRESENTATION_CONTEXT(2) 
PARAMETRIC_REPRESENTATION_CONTEXT() REPRESENTATION_CONTEXT('2D SPACE',''
  ) );
#3667 = ORIENTED_EDGE('',*,*,#3668,.T.);
#3668 = EDGE_CURVE('',#3647,#3669,#3671,.T.);
#3669 = VERTEX_POINT('',#3670);
#3670 = CARTESIAN_POINT('',(-25.71270510295,-36.46818280837,-6.223));
#3671 = SURFACE_CURVE('',#3672,(#3677,#3683),.PCURVE_S1.);
#3672 = CIRCLE('',#3673,42.545);
#3673 = AXIS2_PLACEMENT_3D('',#3674,#3675,#3676);
#3674 = CARTESIAN_POINT('',(-47.625,0.,-6.223));
#3675 = DIRECTION('',(0.,-0.,-1.));
#3676 = DIRECTION('',(1.,0.,-0.));
#3677 = PCURVE('',#650,#3678);
#3678 = DEFINITIONAL_REPRESENTATION('',(#3679),#3682);
#3679 = B_SPLINE_CURVE_WITH_KNOTS('',1,(#3680,#3681),.UNSPECIFIED.,.F.,
  .F.,(2,2),(0.558505360638,1.029744258677),.PIECEWISE_BEZIER_KNOTS.);
#3680 = CARTESIAN_POINT('',(-5.724679946541,-7.747));
#3681 = CARTESIAN_POINT('',(-5.253441048503,-7.747));
#3682 = ( GEOMETRIC_REPRESENTATION_CONTEXT(2) 
PARAMETRIC_REPRESENTATION_CONTEXT() REPRESENTATION_CONTEXT('2D SPACE',''
  ) );
#3683 = PCURVE('',#3684,#3689);
#3684 = PLANE('',#3685);
#3685 = AXIS2_PLACEMENT_3D('',#3686,#3687,#3688);
#3686 = CARTESIAN_POINT('',(-47.625,5.219946054012E-15,-6.223));
#3687 = DIRECTION('',(0.,0.,1.));
#3688 = DIRECTION('',(1.,0.,-0.));
#3689 = DEFINITIONAL_REPRESENTATION('',(#3690),#3698);
#3690 = ( BOUNDED_CURVE() B_SPLINE_CURVE(2,(#3691,#3692,#3693,#3694,
#3695,#3696,#3697),.UNSPECIFIED.,.T.,.F.) B_SPLINE_CURVE_WITH_KNOTS((1,2
    ,2,2,2,1),(-2.094395102393,0.,2.094395102393,4.188790204786,
6.28318530718,8.377580409573),.UNSPECIFIED.) CURVE() 
GEOMETRIC_REPRESENTATION_ITEM() RATIONAL_B_SPLINE_CURVE((1.,0.5,1.,0.5,
1.,0.5,1.)) REPRESENTATION_ITEM('') );
#3691 = CARTESIAN_POINT('',(42.545,-5.219946054012E-15));
#3692 = CARTESIAN_POINT('',(42.545,-73.69010160801));
#3693 = CARTESIAN_POINT('',(-21.2725,-36.845050804));
#3694 = CARTESIAN_POINT('',(-85.09,-1.564046566796E-14));
#3695 = CARTESIAN_POINT('',(-21.2725,36.845050804009));
#3696 = CARTESIAN_POINT('',(42.545,73.690101608018));
#3697 = CARTESIAN_POINT('',(42.545,-5.219946054012E-15));
#3698 = ( GEOMETRIC_REPRESENTATION_CONTEXT(2) 
PARAMETRIC_REPRESENTATION_CONTEXT() REPRESENTATION_CONTEXT('2D SPACE',''
  ) );
#3699 = ORIENTED_EDGE('',*,*,#3700,.T.);
#3700 = EDGE_CURVE('',#3669,#3701,#3703,.T.);
#3701 = VERTEX_POINT('',#3702);
#3702 = CARTESIAN_POINT('',(-25.71270510295,-36.46818280837,-11.43));
#3703 = SURFACE_CURVE('',#3704,(#3708,#3714),.PCURVE_S1.);
#3704 = LINE('',#3705,#3706);
#3705 = CARTESIAN_POINT('',(-25.71270510295,-36.46818280837,-13.97));
#3706 = VECTOR('',#3707,1.);
#3707 = DIRECTION('',(-0.,-0.,-1.));
#3708 = PCURVE('',#650,#3709);
#3709 = DEFINITIONAL_REPRESENTATION('',(#3710),#3713);
#3710 = B_SPLINE_CURVE_WITH_KNOTS('',1,(#3711,#3712),.UNSPECIFIED.,.F.,
  .F.,(2,2),(-7.747,-2.54),.PIECEWISE_BEZIER_KNOTS.);
#3711 = CARTESIAN_POINT('',(-5.253441048503,-7.747));
#3712 = CARTESIAN_POINT('',(-5.253441048503,-2.54));
#3713 = ( GEOMETRIC_REPRESENTATION_CONTEXT(2) 
PARAMETRIC_REPRESENTATION_CONTEXT() REPRESENTATION_CONTEXT('2D SPACE',''
  ) );
#3714 = PCURVE('',#3715,#3720);
#3715 = PLANE('',#3716);
#3716 = AXIS2_PLACEMENT_3D('',#3717,#3718,#3719);
#3717 = CARTESIAN_POINT('',(-26.95549197771,-34.39983811177,-11.43));
#3718 = DIRECTION('',(0.857167300702,0.51503807491,-0.));
#3719 = DIRECTION('',(0.51503807491,-0.857167300702,0.));
#3720 = DEFINITIONAL_REPRESENTATION('',(#3721),#3725);
#3721 = LINE('',#3722,#3723);
#3722 = CARTESIAN_POINT('',(2.413,2.54));
#3723 = VECTOR('',#3724,1.);
#3724 = DIRECTION('',(0.,1.));
#3725 = ( GEOMETRIC_REPRESENTATION_CONTEXT(2) 
PARAMETRIC_REPRESENTATION_CONTEXT() REPRESENTATION_CONTEXT('2D SPACE',''
  ) );
#3726 = ORIENTED_EDGE('',*,*,#3727,.F.);
#3727 = EDGE_CURVE('',#3728,#3701,#3730,.T.);
#3728 = VERTEX_POINT('',#3729);
#3729 = CARTESIAN_POINT('',(-5.49404501539,-5.921119580346,-11.43));
#3730 = SURFACE_CURVE('',#3731,(#3736,#3742),.PCURVE_S1.);
#3731 = CIRCLE('',#3732,42.545);
#3732 = AXIS2_PLACEMENT_3D('',#3733,#3734,#3735);
#3733 = CARTESIAN_POINT('',(-47.625,0.,-11.43));
#3734 = DIRECTION('',(0.,-0.,-1.));
#3735 = DIRECTION('',(1.,0.,-0.));
#3736 = PCURVE('',#650,#3737);
#3737 = DEFINITIONAL_REPRESENTATION('',(#3738),#3741);
#3738 = B_SPLINE_CURVE_WITH_KNOTS('',1,(#3739,#3740),.UNSPECIFIED.,.F.,
  .F.,(2,2),(0.13962634016,1.029744258677),.PIECEWISE_BEZIER_KNOTS.);
#3739 = CARTESIAN_POINT('',(-6.14355896702,-2.54));
#3740 = CARTESIAN_POINT('',(-5.253441048503,-2.54));
#3741 = ( GEOMETRIC_REPRESENTATION_CONTEXT(2) 
PARAMETRIC_REPRESENTATION_CONTEXT() REPRESENTATION_CONTEXT('2D SPACE',''
  ) );
#3742 = PCURVE('',#3743,#3748);
#3743 = PLANE('',#3744);
#3744 = AXIS2_PLACEMENT_3D('',#3745,#3746,#3747);
#3745 = CARTESIAN_POINT('',(-47.625,5.219946054012E-15,-11.43));
#3746 = DIRECTION('',(0.,0.,1.));
#3747 = DIRECTION('',(1.,0.,-0.));
#3748 = DEFINITIONAL_REPRESENTATION('',(#3749),#3757);
#3749 = ( BOUNDED_CURVE() B_SPLINE_CURVE(2,(#3750,#3751,#3752,#3753,
#3754,#3755,#3756),.UNSPECIFIED.,.T.,.F.) B_SPLINE_CURVE_WITH_KNOTS((1,2
    ,2,2,2,1),(-2.094395102393,0.,2.094395102393,4.188790204786,
6.28318530718,8.377580409573),.UNSPECIFIED.) CURVE() 
GEOMETRIC_REPRESENTATION_ITEM() RATIONAL_B_SPLINE_CURVE((1.,0.5,1.,0.5,
1.,0.5,1.)) REPRESENTATION_ITEM('') );
#3750 = CARTESIAN_POINT('',(42.545,-5.219946054012E-15));
#3751 = CARTESIAN_POINT('',(42.545,-73.69010160801));
#3752 = CARTESIAN_POINT('',(-21.2725,-36.845050804));
#3753 = CARTESIAN_POINT('',(-85.09,-1.564046566796E-14));
#3754 = CARTESIAN_POINT('',(-21.2725,36.845050804009));
#3755 = CARTESIAN_POINT('',(42.545,73.690101608018));
#3756 = CARTESIAN_POINT('',(42.545,-5.219946054012E-15));
#3757 = ( GEOMETRIC_REPRESENTATION_CONTEXT(2) 
PARAMETRIC_REPRESENTATION_CONTEXT() REPRESENTATION_CONTEXT('2D SPACE',''
  ) );
#3758 = ORIENTED_EDGE('',*,*,#3759,.F.);
#3759 = EDGE_CURVE('',#1204,#3728,#3760,.T.);
#3760 = SURFACE_CURVE('',#3761,(#3765,#3771),.PCURVE_S1.);
#3761 = LINE('',#3762,#3763);
#3762 = CARTESIAN_POINT('',(-5.49404501539,-5.921119580346,-13.97));
#3763 = VECTOR('',#3764,1.);
#3764 = DIRECTION('',(-0.,-0.,-1.));
#3765 = PCURVE('',#650,#3766);
#3766 = DEFINITIONAL_REPRESENTATION('',(#3767),#3770);
#3767 = B_SPLINE_CURVE_WITH_KNOTS('',1,(#3768,#3769),.UNSPECIFIED.,.F.,
  .F.,(2,2),(-17.3228,-2.54),.PIECEWISE_BEZIER_KNOTS.);
#3768 = CARTESIAN_POINT('',(-6.14355896702,-17.3228));
#3769 = CARTESIAN_POINT('',(-6.14355896702,-2.54));
#3770 = ( GEOMETRIC_REPRESENTATION_CONTEXT(2) 
PARAMETRIC_REPRESENTATION_CONTEXT() REPRESENTATION_CONTEXT('2D SPACE',''
  ) );
#3771 = PCURVE('',#1246,#3772);
#3772 = DEFINITIONAL_REPRESENTATION('',(#3773),#3777);
#3773 = LINE('',#3774,#3775);
#3774 = CARTESIAN_POINT('',(3.937,2.54));
#3775 = VECTOR('',#3776,1.);
#3776 = DIRECTION('',(0.,1.));
#3777 = ( GEOMETRIC_REPRESENTATION_CONTEXT(2) 
PARAMETRIC_REPRESENTATION_CONTEXT() REPRESENTATION_CONTEXT('2D SPACE',''
  ) );
#3778 = ORIENTED_EDGE('',*,*,#1203,.F.);
#3779 = ADVANCED_FACE('',(#3780),#988,.T.);
#3780 = FACE_BOUND('',#3781,.T.);
#3781 = EDGE_LOOP('',(#3782,#3807,#3830,#3850,#3851,#3852));
#3782 = ORIENTED_EDGE('',*,*,#3783,.F.);
#3783 = EDGE_CURVE('',#3784,#3786,#3788,.T.);
#3784 = VERTEX_POINT('',#3785);
#3785 = CARTESIAN_POINT('',(56.4515,-40.259,-17.78));
#3786 = VERTEX_POINT('',#3787);
#3787 = CARTESIAN_POINT('',(56.4515,-40.259,-13.97));
#3788 = SURFACE_CURVE('',#3789,(#3793,#3800),.PCURVE_S1.);
#3789 = LINE('',#3790,#3791);
#3790 = CARTESIAN_POINT('',(56.4515,-40.259,-19.812));
#3791 = VECTOR('',#3792,1.);
#3792 = DIRECTION('',(0.,0.,1.));
#3793 = PCURVE('',#988,#3794);
#3794 = DEFINITIONAL_REPRESENTATION('',(#3795),#3799);
#3795 = LINE('',#3796,#3797);
#3796 = CARTESIAN_POINT('',(0.,0.));
#3797 = VECTOR('',#3798,1.);
#3798 = DIRECTION('',(1.,0.));
#3799 = ( GEOMETRIC_REPRESENTATION_CONTEXT(2) 
PARAMETRIC_REPRESENTATION_CONTEXT() REPRESENTATION_CONTEXT('2D SPACE',''
  ) );
#3800 = PCURVE('',#2741,#3801);
#3801 = DEFINITIONAL_REPRESENTATION('',(#3802),#3806);
#3802 = LINE('',#3803,#3804);
#3803 = CARTESIAN_POINT('',(0.,0.));
#3804 = VECTOR('',#3805,1.);
#3805 = DIRECTION('',(1.,0.));
#3806 = ( GEOMETRIC_REPRESENTATION_CONTEXT(2) 
PARAMETRIC_REPRESENTATION_CONTEXT() REPRESENTATION_CONTEXT('2D SPACE',''
  ) );
#3807 = ORIENTED_EDGE('',*,*,#3808,.T.);
#3808 = EDGE_CURVE('',#3784,#3809,#3811,.T.);
#3809 = VERTEX_POINT('',#3810);
#3810 = CARTESIAN_POINT('',(56.4515,-48.73719111469,-17.78));
#3811 = SURFACE_CURVE('',#3812,(#3816,#3823),.PCURVE_S1.);
#3812 = LINE('',#3813,#3814);
#3813 = CARTESIAN_POINT('',(56.4515,-20.1295,-17.78));
#3814 = VECTOR('',#3815,1.);
#3815 = DIRECTION('',(-1.224646799147E-16,-1.,0.));
#3816 = PCURVE('',#988,#3817);
#3817 = DEFINITIONAL_REPRESENTATION('',(#3818),#3822);
#3818 = LINE('',#3819,#3820);
#3819 = CARTESIAN_POINT('',(2.032,20.1295));
#3820 = VECTOR('',#3821,1.);
#3821 = DIRECTION('',(0.,-1.));
#3822 = ( GEOMETRIC_REPRESENTATION_CONTEXT(2) 
PARAMETRIC_REPRESENTATION_CONTEXT() REPRESENTATION_CONTEXT('2D SPACE',''
  ) );
#3823 = PCURVE('',#2620,#3824);
#3824 = DEFINITIONAL_REPRESENTATION('',(#3825),#3829);
#3825 = LINE('',#3826,#3827);
#3826 = CARTESIAN_POINT('',(104.0765,-20.1295));
#3827 = VECTOR('',#3828,1.);
#3828 = DIRECTION('',(-1.224646799147E-16,-1.));
#3829 = ( GEOMETRIC_REPRESENTATION_CONTEXT(2) 
PARAMETRIC_REPRESENTATION_CONTEXT() REPRESENTATION_CONTEXT('2D SPACE',''
  ) );
#3830 = ORIENTED_EDGE('',*,*,#3831,.F.);
#3831 = EDGE_CURVE('',#945,#3809,#3832,.T.);
#3832 = SURFACE_CURVE('',#3833,(#3837,#3844),.PCURVE_S1.);
#3833 = LINE('',#3834,#3835);
#3834 = CARTESIAN_POINT('',(56.4515,-48.73719111469,-17.78));
#3835 = VECTOR('',#3836,1.);
#3836 = DIRECTION('',(-0.,-0.,-1.));
#3837 = PCURVE('',#988,#3838);
#3838 = DEFINITIONAL_REPRESENTATION('',(#3839),#3843);
#3839 = LINE('',#3840,#3841);
#3840 = CARTESIAN_POINT('',(2.032,-8.478191114692));
#3841 = VECTOR('',#3842,1.);
#3842 = DIRECTION('',(-1.,0.));
#3843 = ( GEOMETRIC_REPRESENTATION_CONTEXT(2) 
PARAMETRIC_REPRESENTATION_CONTEXT() REPRESENTATION_CONTEXT('2D SPACE',''
  ) );
#3844 = PCURVE('',#961,#3845);
#3845 = DEFINITIONAL_REPRESENTATION('',(#3846),#3849);
#3846 = B_SPLINE_CURVE_WITH_KNOTS('',1,(#3847,#3848),.UNSPECIFIED.,.F.,
  .F.,(2,2),(-17.78,0.),.PIECEWISE_BEZIER_KNOTS.);
#3847 = CARTESIAN_POINT('',(-1.471711583897,-17.78));
#3848 = CARTESIAN_POINT('',(-1.471711583897,0.));
#3849 = ( GEOMETRIC_REPRESENTATION_CONTEXT(2) 
PARAMETRIC_REPRESENTATION_CONTEXT() REPRESENTATION_CONTEXT('2D SPACE',''
  ) );
#3850 = ORIENTED_EDGE('',*,*,#972,.F.);
#3851 = ORIENTED_EDGE('',*,*,#2975,.T.);
#3852 = ORIENTED_EDGE('',*,*,#3853,.F.);
#3853 = EDGE_CURVE('',#3786,#2953,#3854,.T.);
#3854 = SURFACE_CURVE('',#3855,(#3859,#3866),.PCURVE_S1.);
#3855 = LINE('',#3856,#3857);
#3856 = CARTESIAN_POINT('',(56.4515,-20.1295,-13.97));
#3857 = VECTOR('',#3858,1.);
#3858 = DIRECTION('',(-1.224646799147E-16,-1.,0.));
#3859 = PCURVE('',#988,#3860);
#3860 = DEFINITIONAL_REPRESENTATION('',(#3861),#3865);
#3861 = LINE('',#3862,#3863);
#3862 = CARTESIAN_POINT('',(5.842,20.1295));
#3863 = VECTOR('',#3864,1.);
#3864 = DIRECTION('',(0.,-1.));
#3865 = ( GEOMETRIC_REPRESENTATION_CONTEXT(2) 
PARAMETRIC_REPRESENTATION_CONTEXT() REPRESENTATION_CONTEXT('2D SPACE',''
  ) );
#3866 = PCURVE('',#2812,#3867);
#3867 = DEFINITIONAL_REPRESENTATION('',(#3868),#3872);
#3868 = LINE('',#3869,#3870);
#3869 = CARTESIAN_POINT('',(8.8265,-20.1295));
#3870 = VECTOR('',#3871,1.);
#3871 = DIRECTION('',(-1.224646799147E-16,-1.));
#3872 = ( GEOMETRIC_REPRESENTATION_CONTEXT(2) 
PARAMETRIC_REPRESENTATION_CONTEXT() REPRESENTATION_CONTEXT('2D SPACE',''
  ) );
#3873 = ADVANCED_FACE('',(#3874),#677,.F.);
#3874 = FACE_BOUND('',#3875,.F.);
#3875 = EDGE_LOOP('',(#3876,#3901,#3924,#3944,#3945,#3946));
#3876 = ORIENTED_EDGE('',*,*,#3877,.F.);
#3877 = EDGE_CURVE('',#3878,#3880,#3882,.T.);
#3878 = VERTEX_POINT('',#3879);
#3879 = CARTESIAN_POINT('',(-56.4515,-40.259,-17.78));
#3880 = VERTEX_POINT('',#3881);
#3881 = CARTESIAN_POINT('',(-56.4515,-40.259,-13.97));
#3882 = SURFACE_CURVE('',#3883,(#3887,#3894),.PCURVE_S1.);
#3883 = LINE('',#3884,#3885);
#3884 = CARTESIAN_POINT('',(-56.4515,-40.259,-19.812));
#3885 = VECTOR('',#3886,1.);
#3886 = DIRECTION('',(0.,0.,1.));
#3887 = PCURVE('',#677,#3888);
#3888 = DEFINITIONAL_REPRESENTATION('',(#3889),#3893);
#3889 = LINE('',#3890,#3891);
#3890 = CARTESIAN_POINT('',(0.,0.));
#3891 = VECTOR('',#3892,1.);
#3892 = DIRECTION('',(1.,0.));
#3893 = ( GEOMETRIC_REPRESENTATION_CONTEXT(2) 
PARAMETRIC_REPRESENTATION_CONTEXT() REPRESENTATION_CONTEXT('2D SPACE',''
  ) );
#3894 = PCURVE('',#2845,#3895);
#3895 = DEFINITIONAL_REPRESENTATION('',(#3896),#3900);
#3896 = LINE('',#3897,#3898);
#3897 = CARTESIAN_POINT('',(0.,20.828));
#3898 = VECTOR('',#3899,1.);
#3899 = DIRECTION('',(1.,0.));
#3900 = ( GEOMETRIC_REPRESENTATION_CONTEXT(2) 
PARAMETRIC_REPRESENTATION_CONTEXT() REPRESENTATION_CONTEXT('2D SPACE',''
  ) );
#3901 = ORIENTED_EDGE('',*,*,#3902,.T.);
#3902 = EDGE_CURVE('',#3878,#3903,#3905,.T.);
#3903 = VERTEX_POINT('',#3904);
#3904 = CARTESIAN_POINT('',(-56.4515,-48.73719111469,-17.78));
#3905 = SURFACE_CURVE('',#3906,(#3910,#3917),.PCURVE_S1.);
#3906 = LINE('',#3907,#3908);
#3907 = CARTESIAN_POINT('',(-56.4515,-20.1295,-17.78));
#3908 = VECTOR('',#3909,1.);
#3909 = DIRECTION('',(-1.224646799147E-16,-1.,0.));
#3910 = PCURVE('',#677,#3911);
#3911 = DEFINITIONAL_REPRESENTATION('',(#3912),#3916);
#3912 = LINE('',#3913,#3914);
#3913 = CARTESIAN_POINT('',(2.032,20.1295));
#3914 = VECTOR('',#3915,1.);
#3915 = DIRECTION('',(0.,-1.));
#3916 = ( GEOMETRIC_REPRESENTATION_CONTEXT(2) 
PARAMETRIC_REPRESENTATION_CONTEXT() REPRESENTATION_CONTEXT('2D SPACE',''
  ) );
#3917 = PCURVE('',#2620,#3918);
#3918 = DEFINITIONAL_REPRESENTATION('',(#3919),#3923);
#3919 = LINE('',#3920,#3921);
#3920 = CARTESIAN_POINT('',(-8.8265,-20.1295));
#3921 = VECTOR('',#3922,1.);
#3922 = DIRECTION('',(-1.224646799147E-16,-1.));
#3923 = ( GEOMETRIC_REPRESENTATION_CONTEXT(2) 
PARAMETRIC_REPRESENTATION_CONTEXT() REPRESENTATION_CONTEXT('2D SPACE',''
  ) );
#3924 = ORIENTED_EDGE('',*,*,#3925,.F.);
#3925 = EDGE_CURVE('',#662,#3903,#3926,.T.);
#3926 = SURFACE_CURVE('',#3927,(#3931,#3938),.PCURVE_S1.);
#3927 = LINE('',#3928,#3929);
#3928 = CARTESIAN_POINT('',(-56.4515,-48.73719111469,-17.78));
#3929 = VECTOR('',#3930,1.);
#3930 = DIRECTION('',(-0.,-0.,-1.));
#3931 = PCURVE('',#677,#3932);
#3932 = DEFINITIONAL_REPRESENTATION('',(#3933),#3937);
#3933 = LINE('',#3934,#3935);
#3934 = CARTESIAN_POINT('',(2.032,-8.478191114692));
#3935 = VECTOR('',#3936,1.);
#3936 = DIRECTION('',(-1.,0.));
#3937 = ( GEOMETRIC_REPRESENTATION_CONTEXT(2) 
PARAMETRIC_REPRESENTATION_CONTEXT() REPRESENTATION_CONTEXT('2D SPACE',''
  ) );
#3938 = PCURVE('',#706,#3939);
#3939 = DEFINITIONAL_REPRESENTATION('',(#3940),#3943);
#3940 = B_SPLINE_CURVE_WITH_KNOTS('',1,(#3941,#3942),.UNSPECIFIED.,.F.,
  .F.,(2,2),(-17.78,0.),.PIECEWISE_BEZIER_KNOTS.);
#3941 = CARTESIAN_POINT('',(-4.533226900548,-17.78));
#3942 = CARTESIAN_POINT('',(-4.533226900548,0.));
#3943 = ( GEOMETRIC_REPRESENTATION_CONTEXT(2) 
PARAMETRIC_REPRESENTATION_CONTEXT() REPRESENTATION_CONTEXT('2D SPACE',''
  ) );
#3944 = ORIENTED_EDGE('',*,*,#661,.F.);
#3945 = ORIENTED_EDGE('',*,*,#3401,.T.);
#3946 = ORIENTED_EDGE('',*,*,#3947,.F.);
#3947 = EDGE_CURVE('',#3880,#3402,#3948,.T.);
#3948 = SURFACE_CURVE('',#3949,(#3953,#3960),.PCURVE_S1.);
#3949 = LINE('',#3950,#3951);
#3950 = CARTESIAN_POINT('',(-56.4515,-20.1295,-13.97));
#3951 = VECTOR('',#3952,1.);
#3952 = DIRECTION('',(-1.224646799147E-16,-1.,0.));
#3953 = PCURVE('',#677,#3954);
#3954 = DEFINITIONAL_REPRESENTATION('',(#3955),#3959);
#3955 = LINE('',#3956,#3957);
#3956 = CARTESIAN_POINT('',(5.842,20.1295));
#3957 = VECTOR('',#3958,1.);
#3958 = DIRECTION('',(0.,-1.));
#3959 = ( GEOMETRIC_REPRESENTATION_CONTEXT(2) 
PARAMETRIC_REPRESENTATION_CONTEXT() REPRESENTATION_CONTEXT('2D SPACE',''
  ) );
#3960 = PCURVE('',#2916,#3961);
#3961 = DEFINITIONAL_REPRESENTATION('',(#3962),#3966);
#3962 = LINE('',#3963,#3964);
#3963 = CARTESIAN_POINT('',(-8.8265,-20.1295));
#3964 = VECTOR('',#3965,1.);
#3965 = DIRECTION('',(-1.224646799147E-16,-1.));
#3966 = ( GEOMETRIC_REPRESENTATION_CONTEXT(2) 
PARAMETRIC_REPRESENTATION_CONTEXT() REPRESENTATION_CONTEXT('2D SPACE',''
  ) );
#3967 = ADVANCED_FACE('',(#3968),#961,.T.);
#3968 = FACE_BOUND('',#3969,.F.);
#3969 = EDGE_LOOP('',(#3970,#3993,#3994,#3995));
#3970 = ORIENTED_EDGE('',*,*,#3971,.F.);
#3971 = EDGE_CURVE('',#3809,#3972,#3974,.T.);
#3972 = VERTEX_POINT('',#3973);
#3973 = CARTESIAN_POINT('',(56.4515,48.737191114692,-17.78));
#3974 = SURFACE_CURVE('',#3975,(#3980,#3986),.PCURVE_S1.);
#3975 = CIRCLE('',#3976,49.53);
#3976 = AXIS2_PLACEMENT_3D('',#3977,#3978,#3979);
#3977 = CARTESIAN_POINT('',(47.625,0.,-17.78));
#3978 = DIRECTION('',(0.,0.,1.));
#3979 = DIRECTION('',(-0.961538461538,-0.274670324175,0.));
#3980 = PCURVE('',#961,#3981);
#3981 = DEFINITIONAL_REPRESENTATION('',(#3982),#3985);
#3982 = B_SPLINE_CURVE_WITH_KNOTS('',1,(#3983,#3984),.UNSPECIFIED.,.F.,
  .F.,(2,2),(1.471711583897,4.254980077813),.PIECEWISE_BEZIER_KNOTS.);
#3983 = CARTESIAN_POINT('',(-1.471711583897,0.));
#3984 = CARTESIAN_POINT('',(-4.254980077813,0.));
#3985 = ( GEOMETRIC_REPRESENTATION_CONTEXT(2) 
PARAMETRIC_REPRESENTATION_CONTEXT() REPRESENTATION_CONTEXT('2D SPACE',''
  ) );
#3986 = PCURVE('',#2620,#3987);
#3987 = DEFINITIONAL_REPRESENTATION('',(#3988),#3992);
#3988 = CIRCLE('',#3989,49.53);
#3989 = AXIS2_PLACEMENT_2D('',#3990,#3991);
#3990 = CARTESIAN_POINT('',(95.25,-2.431054207236E-15));
#3991 = DIRECTION('',(-0.961538461538,-0.274670324175));
#3992 = ( GEOMETRIC_REPRESENTATION_CONTEXT(2) 
PARAMETRIC_REPRESENTATION_CONTEXT() REPRESENTATION_CONTEXT('2D SPACE',''
  ) );
#3993 = ORIENTED_EDGE('',*,*,#3831,.F.);
#3994 = ORIENTED_EDGE('',*,*,#944,.T.);
#3995 = ORIENTED_EDGE('',*,*,#3996,.T.);
#3996 = EDGE_CURVE('',#917,#3972,#3997,.T.);
#3997 = SURFACE_CURVE('',#3998,(#4002,#4008),.PCURVE_S1.);
#3998 = LINE('',#3999,#4000);
#3999 = CARTESIAN_POINT('',(56.4515,48.737191114692,-17.78));
#4000 = VECTOR('',#4001,1.);
#4001 = DIRECTION('',(-0.,-0.,-1.));
#4002 = PCURVE('',#961,#4003);
#4003 = DEFINITIONAL_REPRESENTATION('',(#4004),#4007);
#4004 = B_SPLINE_CURVE_WITH_KNOTS('',1,(#4005,#4006),.UNSPECIFIED.,.F.,
  .F.,(2,2),(-17.78,0.),.PIECEWISE_BEZIER_KNOTS.);
#4005 = CARTESIAN_POINT('',(-4.254980077813,-17.78));
#4006 = CARTESIAN_POINT('',(-4.254980077813,0.));
#4007 = ( GEOMETRIC_REPRESENTATION_CONTEXT(2) 
PARAMETRIC_REPRESENTATION_CONTEXT() REPRESENTATION_CONTEXT('2D SPACE',''
  ) );
#4008 = PCURVE('',#932,#4009);
#4009 = DEFINITIONAL_REPRESENTATION('',(#4010),#4014);
#4010 = LINE('',#4011,#4012);
#4011 = CARTESIAN_POINT('',(2.032,-8.478191114692));
#4012 = VECTOR('',#4013,1.);
#4013 = DIRECTION('',(-1.,-0.));
#4014 = ( GEOMETRIC_REPRESENTATION_CONTEXT(2) 
PARAMETRIC_REPRESENTATION_CONTEXT() REPRESENTATION_CONTEXT('2D SPACE',''
  ) );
#4015 = ADVANCED_FACE('',(#4016),#706,.T.);
#4016 = FACE_BOUND('',#4017,.F.);
#4017 = EDGE_LOOP('',(#4018,#4041,#4061,#4062));
#4018 = ORIENTED_EDGE('',*,*,#4019,.F.);
#4019 = EDGE_CURVE('',#4020,#3903,#4022,.T.);
#4020 = VERTEX_POINT('',#4021);
#4021 = CARTESIAN_POINT('',(-56.4515,48.737191114692,-17.78));
#4022 = SURFACE_CURVE('',#4023,(#4028,#4034),.PCURVE_S1.);
#4023 = CIRCLE('',#4024,49.53);
#4024 = AXIS2_PLACEMENT_3D('',#4025,#4026,#4027);
#4025 = CARTESIAN_POINT('',(-47.625,0.,-17.78));
#4026 = DIRECTION('',(0.,0.,1.));
#4027 = DIRECTION('',(1.,0.,-0.));
#4028 = PCURVE('',#706,#4029);
#4029 = DEFINITIONAL_REPRESENTATION('',(#4030),#4033);
#4030 = B_SPLINE_CURVE_WITH_KNOTS('',1,(#4031,#4032),.UNSPECIFIED.,.F.,
  .F.,(2,2),(1.749958406631,4.533226900548),.PIECEWISE_BEZIER_KNOTS.);
#4031 = CARTESIAN_POINT('',(-1.749958406631,0.));
#4032 = CARTESIAN_POINT('',(-4.533226900548,0.));
#4033 = ( GEOMETRIC_REPRESENTATION_CONTEXT(2) 
PARAMETRIC_REPRESENTATION_CONTEXT() REPRESENTATION_CONTEXT('2D SPACE',''
  ) );
#4034 = PCURVE('',#2620,#4035);
#4035 = DEFINITIONAL_REPRESENTATION('',(#4036),#4040);
#4036 = CIRCLE('',#4037,49.53);
#4037 = AXIS2_PLACEMENT_2D('',#4038,#4039);
#4038 = CARTESIAN_POINT('',(0.,-2.431054207236E-15));
#4039 = DIRECTION('',(1.,0.));
#4040 = ( GEOMETRIC_REPRESENTATION_CONTEXT(2) 
PARAMETRIC_REPRESENTATION_CONTEXT() REPRESENTATION_CONTEXT('2D SPACE',''
  ) );
#4041 = ORIENTED_EDGE('',*,*,#4042,.F.);
#4042 = EDGE_CURVE('',#690,#4020,#4043,.T.);
#4043 = SURFACE_CURVE('',#4044,(#4048,#4054),.PCURVE_S1.);
#4044 = LINE('',#4045,#4046);
#4045 = CARTESIAN_POINT('',(-56.4515,48.737191114692,-17.78));
#4046 = VECTOR('',#4047,1.);
#4047 = DIRECTION('',(-0.,-0.,-1.));
#4048 = PCURVE('',#706,#4049);
#4049 = DEFINITIONAL_REPRESENTATION('',(#4050),#4053);
#4050 = B_SPLINE_CURVE_WITH_KNOTS('',1,(#4051,#4052),.UNSPECIFIED.,.F.,
  .F.,(2,2),(-17.78,0.),.PIECEWISE_BEZIER_KNOTS.);
#4051 = CARTESIAN_POINT('',(-1.749958406631,-17.78));
#4052 = CARTESIAN_POINT('',(-1.749958406631,0.));
#4053 = ( GEOMETRIC_REPRESENTATION_CONTEXT(2) 
PARAMETRIC_REPRESENTATION_CONTEXT() REPRESENTATION_CONTEXT('2D SPACE',''
  ) );
#4054 = PCURVE('',#733,#4055);
#4055 = DEFINITIONAL_REPRESENTATION('',(#4056),#4060);
#4056 = LINE('',#4057,#4058);
#4057 = CARTESIAN_POINT('',(2.032,-8.478191114692));
#4058 = VECTOR('',#4059,1.);
#4059 = DIRECTION('',(-1.,-0.));
#4060 = ( GEOMETRIC_REPRESENTATION_CONTEXT(2) 
PARAMETRIC_REPRESENTATION_CONTEXT() REPRESENTATION_CONTEXT('2D SPACE',''
  ) );
#4061 = ORIENTED_EDGE('',*,*,#689,.T.);
#4062 = ORIENTED_EDGE('',*,*,#3925,.T.);
#4063 = ADVANCED_FACE('',(#4064),#932,.F.);
#4064 = FACE_BOUND('',#4065,.F.);
#4065 = EDGE_LOOP('',(#4066,#4096,#4117,#4118,#4119,#4120));
#4066 = ORIENTED_EDGE('',*,*,#4067,.F.);
#4067 = EDGE_CURVE('',#4068,#4070,#4072,.T.);
#4068 = VERTEX_POINT('',#4069);
#4069 = CARTESIAN_POINT('',(56.4515,40.259,-17.78));
#4070 = VERTEX_POINT('',#4071);
#4071 = CARTESIAN_POINT('',(56.4515,40.259,-13.97));
#4072 = SURFACE_CURVE('',#4073,(#4077,#4084),.PCURVE_S1.);
#4073 = LINE('',#4074,#4075);
#4074 = CARTESIAN_POINT('',(56.4515,40.259,-19.812));
#4075 = VECTOR('',#4076,1.);
#4076 = DIRECTION('',(0.,0.,1.));
#4077 = PCURVE('',#932,#4078);
#4078 = DEFINITIONAL_REPRESENTATION('',(#4079),#4083);
#4079 = LINE('',#4080,#4081);
#4080 = CARTESIAN_POINT('',(0.,0.));
#4081 = VECTOR('',#4082,1.);
#4082 = DIRECTION('',(1.,0.));
#4083 = ( GEOMETRIC_REPRESENTATION_CONTEXT(2) 
PARAMETRIC_REPRESENTATION_CONTEXT() REPRESENTATION_CONTEXT('2D SPACE',''
  ) );
#4084 = PCURVE('',#4085,#4090);
#4085 = PLANE('',#4086);
#4086 = AXIS2_PLACEMENT_3D('',#4087,#4088,#4089);
#4087 = CARTESIAN_POINT('',(35.6235,40.259,-19.812));
#4088 = DIRECTION('',(0.,1.,0.));
#4089 = DIRECTION('',(0.,0.,1.));
#4090 = DEFINITIONAL_REPRESENTATION('',(#4091),#4095);
#4091 = LINE('',#4092,#4093);
#4092 = CARTESIAN_POINT('',(0.,20.828));
#4093 = VECTOR('',#4094,1.);
#4094 = DIRECTION('',(1.,0.));
#4095 = ( GEOMETRIC_REPRESENTATION_CONTEXT(2) 
PARAMETRIC_REPRESENTATION_CONTEXT() REPRESENTATION_CONTEXT('2D SPACE',''
  ) );
#4096 = ORIENTED_EDGE('',*,*,#4097,.T.);
#4097 = EDGE_CURVE('',#4068,#3972,#4098,.T.);
#4098 = SURFACE_CURVE('',#4099,(#4103,#4110),.PCURVE_S1.);
#4099 = LINE('',#4100,#4101);
#4100 = CARTESIAN_POINT('',(56.4515,20.1295,-17.78));
#4101 = VECTOR('',#4102,1.);
#4102 = DIRECTION('',(0.,1.,0.));
#4103 = PCURVE('',#932,#4104);
#4104 = DEFINITIONAL_REPRESENTATION('',(#4105),#4109);
#4105 = LINE('',#4106,#4107);
#4106 = CARTESIAN_POINT('',(2.032,20.1295));
#4107 = VECTOR('',#4108,1.);
#4108 = DIRECTION('',(0.,-1.));
#4109 = ( GEOMETRIC_REPRESENTATION_CONTEXT(2) 
PARAMETRIC_REPRESENTATION_CONTEXT() REPRESENTATION_CONTEXT('2D SPACE',''
  ) );
#4110 = PCURVE('',#2620,#4111);
#4111 = DEFINITIONAL_REPRESENTATION('',(#4112),#4116);
#4112 = LINE('',#4113,#4114);
#4113 = CARTESIAN_POINT('',(104.0765,20.1295));
#4114 = VECTOR('',#4115,1.);
#4115 = DIRECTION('',(0.,1.));
#4116 = ( GEOMETRIC_REPRESENTATION_CONTEXT(2) 
PARAMETRIC_REPRESENTATION_CONTEXT() REPRESENTATION_CONTEXT('2D SPACE',''
  ) );
#4117 = ORIENTED_EDGE('',*,*,#3996,.F.);
#4118 = ORIENTED_EDGE('',*,*,#916,.F.);
#4119 = ORIENTED_EDGE('',*,*,#3041,.T.);
#4120 = ORIENTED_EDGE('',*,*,#4121,.F.);
#4121 = EDGE_CURVE('',#4070,#3042,#4122,.T.);
#4122 = SURFACE_CURVE('',#4123,(#4127,#4134),.PCURVE_S1.);
#4123 = LINE('',#4124,#4125);
#4124 = CARTESIAN_POINT('',(56.4515,20.1295,-13.97));
#4125 = VECTOR('',#4126,1.);
#4126 = DIRECTION('',(0.,1.,0.));
#4127 = PCURVE('',#932,#4128);
#4128 = DEFINITIONAL_REPRESENTATION('',(#4129),#4133);
#4129 = LINE('',#4130,#4131);
#4130 = CARTESIAN_POINT('',(5.842,20.1295));
#4131 = VECTOR('',#4132,1.);
#4132 = DIRECTION('',(0.,-1.));
#4133 = ( GEOMETRIC_REPRESENTATION_CONTEXT(2) 
PARAMETRIC_REPRESENTATION_CONTEXT() REPRESENTATION_CONTEXT('2D SPACE',''
  ) );
#4134 = PCURVE('',#2812,#4135);
#4135 = DEFINITIONAL_REPRESENTATION('',(#4136),#4140);
#4136 = LINE('',#4137,#4138);
#4137 = CARTESIAN_POINT('',(8.8265,20.1295));
#4138 = VECTOR('',#4139,1.);
#4139 = DIRECTION('',(0.,1.));
#4140 = ( GEOMETRIC_REPRESENTATION_CONTEXT(2) 
PARAMETRIC_REPRESENTATION_CONTEXT() REPRESENTATION_CONTEXT('2D SPACE',''
  ) );
#4141 = ADVANCED_FACE('',(#4142),#733,.T.);
#4142 = FACE_BOUND('',#4143,.T.);
#4143 = EDGE_LOOP('',(#4144,#4174,#4195,#4196,#4197,#4198));
#4144 = ORIENTED_EDGE('',*,*,#4145,.F.);
#4145 = EDGE_CURVE('',#4146,#4148,#4150,.T.);
#4146 = VERTEX_POINT('',#4147);
#4147 = CARTESIAN_POINT('',(-56.4515,40.259,-17.78));
#4148 = VERTEX_POINT('',#4149);
#4149 = CARTESIAN_POINT('',(-56.4515,40.259,-13.97));
#4150 = SURFACE_CURVE('',#4151,(#4155,#4162),.PCURVE_S1.);
#4151 = LINE('',#4152,#4153);
#4152 = CARTESIAN_POINT('',(-56.4515,40.259,-19.812));
#4153 = VECTOR('',#4154,1.);
#4154 = DIRECTION('',(0.,0.,1.));
#4155 = PCURVE('',#733,#4156);
#4156 = DEFINITIONAL_REPRESENTATION('',(#4157),#4161);
#4157 = LINE('',#4158,#4159);
#4158 = CARTESIAN_POINT('',(0.,0.));
#4159 = VECTOR('',#4160,1.);
#4160 = DIRECTION('',(1.,0.));
#4161 = ( GEOMETRIC_REPRESENTATION_CONTEXT(2) 
PARAMETRIC_REPRESENTATION_CONTEXT() REPRESENTATION_CONTEXT('2D SPACE',''
  ) );
#4162 = PCURVE('',#4163,#4168);
#4163 = PLANE('',#4164);
#4164 = AXIS2_PLACEMENT_3D('',#4165,#4166,#4167);
#4165 = CARTESIAN_POINT('',(-56.4515,40.259,-19.812));
#4166 = DIRECTION('',(0.,1.,0.));
#4167 = DIRECTION('',(0.,0.,1.));
#4168 = DEFINITIONAL_REPRESENTATION('',(#4169),#4173);
#4169 = LINE('',#4170,#4171);
#4170 = CARTESIAN_POINT('',(0.,0.));
#4171 = VECTOR('',#4172,1.);
#4172 = DIRECTION('',(1.,0.));
#4173 = ( GEOMETRIC_REPRESENTATION_CONTEXT(2) 
PARAMETRIC_REPRESENTATION_CONTEXT() REPRESENTATION_CONTEXT('2D SPACE',''
  ) );
#4174 = ORIENTED_EDGE('',*,*,#4175,.T.);
#4175 = EDGE_CURVE('',#4146,#4020,#4176,.T.);
#4176 = SURFACE_CURVE('',#4177,(#4181,#4188),.PCURVE_S1.);
#4177 = LINE('',#4178,#4179);
#4178 = CARTESIAN_POINT('',(-56.4515,20.1295,-17.78));
#4179 = VECTOR('',#4180,1.);
#4180 = DIRECTION('',(0.,1.,0.));
#4181 = PCURVE('',#733,#4182);
#4182 = DEFINITIONAL_REPRESENTATION('',(#4183),#4187);
#4183 = LINE('',#4184,#4185);
#4184 = CARTESIAN_POINT('',(2.032,20.1295));
#4185 = VECTOR('',#4186,1.);
#4186 = DIRECTION('',(0.,-1.));
#4187 = ( GEOMETRIC_REPRESENTATION_CONTEXT(2) 
PARAMETRIC_REPRESENTATION_CONTEXT() REPRESENTATION_CONTEXT('2D SPACE',''
  ) );
#4188 = PCURVE('',#2620,#4189);
#4189 = DEFINITIONAL_REPRESENTATION('',(#4190),#4194);
#4190 = LINE('',#4191,#4192);
#4191 = CARTESIAN_POINT('',(-8.8265,20.1295));
#4192 = VECTOR('',#4193,1.);
#4193 = DIRECTION('',(0.,1.));
#4194 = ( GEOMETRIC_REPRESENTATION_CONTEXT(2) 
PARAMETRIC_REPRESENTATION_CONTEXT() REPRESENTATION_CONTEXT('2D SPACE',''
  ) );
#4195 = ORIENTED_EDGE('',*,*,#4042,.F.);
#4196 = ORIENTED_EDGE('',*,*,#717,.F.);
#4197 = ORIENTED_EDGE('',*,*,#3446,.T.);
#4198 = ORIENTED_EDGE('',*,*,#4199,.F.);
#4199 = EDGE_CURVE('',#4148,#3424,#4200,.T.);
#4200 = SURFACE_CURVE('',#4201,(#4205,#4212),.PCURVE_S1.);
#4201 = LINE('',#4202,#4203);
#4202 = CARTESIAN_POINT('',(-56.4515,20.1295,-13.97));
#4203 = VECTOR('',#4204,1.);
#4204 = DIRECTION('',(0.,1.,0.));
#4205 = PCURVE('',#733,#4206);
#4206 = DEFINITIONAL_REPRESENTATION('',(#4207),#4211);
#4207 = LINE('',#4208,#4209);
#4208 = CARTESIAN_POINT('',(5.842,20.1295));
#4209 = VECTOR('',#4210,1.);
#4210 = DIRECTION('',(0.,-1.));
#4211 = ( GEOMETRIC_REPRESENTATION_CONTEXT(2) 
PARAMETRIC_REPRESENTATION_CONTEXT() REPRESENTATION_CONTEXT('2D SPACE',''
  ) );
#4212 = PCURVE('',#2916,#4213);
#4213 = DEFINITIONAL_REPRESENTATION('',(#4214),#4218);
#4214 = LINE('',#4215,#4216);
#4215 = CARTESIAN_POINT('',(-8.8265,20.1295));
#4216 = VECTOR('',#4217,1.);
#4217 = DIRECTION('',(0.,1.));
#4218 = ( GEOMETRIC_REPRESENTATION_CONTEXT(2) 
PARAMETRIC_REPRESENTATION_CONTEXT() REPRESENTATION_CONTEXT('2D SPACE',''
  ) );
#4219 = ADVANCED_FACE('',(#4220),#872,.T.);
#4220 = FACE_BOUND('',#4221,.T.);
#4221 = EDGE_LOOP('',(#4222,#4247,#4270,#4290,#4291,#4292));
#4222 = ORIENTED_EDGE('',*,*,#4223,.F.);
#4223 = EDGE_CURVE('',#4224,#4226,#4228,.T.);
#4224 = VERTEX_POINT('',#4225);
#4225 = CARTESIAN_POINT('',(35.6235,40.259,-17.78));
#4226 = VERTEX_POINT('',#4227);
#4227 = CARTESIAN_POINT('',(35.6235,40.259,-13.97));
#4228 = SURFACE_CURVE('',#4229,(#4233,#4240),.PCURVE_S1.);
#4229 = LINE('',#4230,#4231);
#4230 = CARTESIAN_POINT('',(35.6235,40.259,-19.812));
#4231 = VECTOR('',#4232,1.);
#4232 = DIRECTION('',(0.,0.,1.));
#4233 = PCURVE('',#872,#4234);
#4234 = DEFINITIONAL_REPRESENTATION('',(#4235),#4239);
#4235 = LINE('',#4236,#4237);
#4236 = CARTESIAN_POINT('',(0.,0.));
#4237 = VECTOR('',#4238,1.);
#4238 = DIRECTION('',(1.,0.));
#4239 = ( GEOMETRIC_REPRESENTATION_CONTEXT(2) 
PARAMETRIC_REPRESENTATION_CONTEXT() REPRESENTATION_CONTEXT('2D SPACE',''
  ) );
#4240 = PCURVE('',#4085,#4241);
#4241 = DEFINITIONAL_REPRESENTATION('',(#4242),#4246);
#4242 = LINE('',#4243,#4244);
#4243 = CARTESIAN_POINT('',(0.,0.));
#4244 = VECTOR('',#4245,1.);
#4245 = DIRECTION('',(1.,0.));
#4246 = ( GEOMETRIC_REPRESENTATION_CONTEXT(2) 
PARAMETRIC_REPRESENTATION_CONTEXT() REPRESENTATION_CONTEXT('2D SPACE',''
  ) );
#4247 = ORIENTED_EDGE('',*,*,#4248,.T.);
#4248 = EDGE_CURVE('',#4224,#4249,#4251,.T.);
#4249 = VERTEX_POINT('',#4250);
#4250 = CARTESIAN_POINT('',(35.6235,48.053979000183,-17.78));
#4251 = SURFACE_CURVE('',#4252,(#4256,#4263),.PCURVE_S1.);
#4252 = LINE('',#4253,#4254);
#4253 = CARTESIAN_POINT('',(35.6235,20.1295,-17.78));
#4254 = VECTOR('',#4255,1.);
#4255 = DIRECTION('',(0.,1.,0.));
#4256 = PCURVE('',#872,#4257);
#4257 = DEFINITIONAL_REPRESENTATION('',(#4258),#4262);
#4258 = LINE('',#4259,#4260);
#4259 = CARTESIAN_POINT('',(2.032,20.1295));
#4260 = VECTOR('',#4261,1.);
#4261 = DIRECTION('',(0.,-1.));
#4262 = ( GEOMETRIC_REPRESENTATION_CONTEXT(2) 
PARAMETRIC_REPRESENTATION_CONTEXT() REPRESENTATION_CONTEXT('2D SPACE',''
  ) );
#4263 = PCURVE('',#2620,#4264);
#4264 = DEFINITIONAL_REPRESENTATION('',(#4265),#4269);
#4265 = LINE('',#4266,#4267);
#4266 = CARTESIAN_POINT('',(83.2485,20.1295));
#4267 = VECTOR('',#4268,1.);
#4268 = DIRECTION('',(0.,1.));
#4269 = ( GEOMETRIC_REPRESENTATION_CONTEXT(2) 
PARAMETRIC_REPRESENTATION_CONTEXT() REPRESENTATION_CONTEXT('2D SPACE',''
  ) );
#4270 = ORIENTED_EDGE('',*,*,#4271,.F.);
#4271 = EDGE_CURVE('',#829,#4249,#4272,.T.);
#4272 = SURFACE_CURVE('',#4273,(#4277,#4284),.PCURVE_S1.);
#4273 = LINE('',#4274,#4275);
#4274 = CARTESIAN_POINT('',(35.6235,48.053979000183,-17.78));
#4275 = VECTOR('',#4276,1.);
#4276 = DIRECTION('',(-0.,-0.,-1.));
#4277 = PCURVE('',#872,#4278);
#4278 = DEFINITIONAL_REPRESENTATION('',(#4279),#4283);
#4279 = LINE('',#4280,#4281);
#4280 = CARTESIAN_POINT('',(2.032,-7.794979000183));
#4281 = VECTOR('',#4282,1.);
#4282 = DIRECTION('',(-1.,-0.));
#4283 = ( GEOMETRIC_REPRESENTATION_CONTEXT(2) 
PARAMETRIC_REPRESENTATION_CONTEXT() REPRESENTATION_CONTEXT('2D SPACE',''
  ) );
#4284 = PCURVE('',#845,#4285);
#4285 = DEFINITIONAL_REPRESENTATION('',(#4286),#4289);
#4286 = B_SPLINE_CURVE_WITH_KNOTS('',1,(#4287,#4288),.UNSPECIFIED.,.F.,
  .F.,(2,2),(-17.78,0.),.PIECEWISE_BEZIER_KNOTS.);
#4287 = CARTESIAN_POINT('',(-4.678885879995,-17.78));
#4288 = CARTESIAN_POINT('',(-4.678885879995,0.));
#4289 = ( GEOMETRIC_REPRESENTATION_CONTEXT(2) 
PARAMETRIC_REPRESENTATION_CONTEXT() REPRESENTATION_CONTEXT('2D SPACE',''
  ) );
#4290 = ORIENTED_EDGE('',*,*,#856,.F.);
#4291 = ORIENTED_EDGE('',*,*,#3020,.T.);
#4292 = ORIENTED_EDGE('',*,*,#4293,.F.);
#4293 = EDGE_CURVE('',#4226,#2998,#4294,.T.);
#4294 = SURFACE_CURVE('',#4295,(#4299,#4306),.PCURVE_S1.);
#4295 = LINE('',#4296,#4297);
#4296 = CARTESIAN_POINT('',(35.6235,20.1295,-13.97));
#4297 = VECTOR('',#4298,1.);
#4298 = DIRECTION('',(0.,1.,0.));
#4299 = PCURVE('',#872,#4300);
#4300 = DEFINITIONAL_REPRESENTATION('',(#4301),#4305);
#4301 = LINE('',#4302,#4303);
#4302 = CARTESIAN_POINT('',(5.842,20.1295));
#4303 = VECTOR('',#4304,1.);
#4304 = DIRECTION('',(0.,-1.));
#4305 = ( GEOMETRIC_REPRESENTATION_CONTEXT(2) 
PARAMETRIC_REPRESENTATION_CONTEXT() REPRESENTATION_CONTEXT('2D SPACE',''
  ) );
#4306 = PCURVE('',#2812,#4307);
#4307 = DEFINITIONAL_REPRESENTATION('',(#4308),#4312);
#4308 = LINE('',#4309,#4310);
#4309 = CARTESIAN_POINT('',(-12.0015,20.1295));
#4310 = VECTOR('',#4311,1.);
#4311 = DIRECTION('',(0.,1.));
#4312 = ( GEOMETRIC_REPRESENTATION_CONTEXT(2) 
PARAMETRIC_REPRESENTATION_CONTEXT() REPRESENTATION_CONTEXT('2D SPACE',''
  ) );
#4313 = ADVANCED_FACE('',(#4314),#788,.F.);
#4314 = FACE_BOUND('',#4315,.F.);
#4315 = EDGE_LOOP('',(#4316,#4341,#4364,#4384,#4385,#4386));
#4316 = ORIENTED_EDGE('',*,*,#4317,.F.);
#4317 = EDGE_CURVE('',#4318,#4320,#4322,.T.);
#4318 = VERTEX_POINT('',#4319);
#4319 = CARTESIAN_POINT('',(-35.6235,40.259,-17.78));
#4320 = VERTEX_POINT('',#4321);
#4321 = CARTESIAN_POINT('',(-35.6235,40.259,-13.97));
#4322 = SURFACE_CURVE('',#4323,(#4327,#4334),.PCURVE_S1.);
#4323 = LINE('',#4324,#4325);
#4324 = CARTESIAN_POINT('',(-35.6235,40.259,-19.812));
#4325 = VECTOR('',#4326,1.);
#4326 = DIRECTION('',(0.,0.,1.));
#4327 = PCURVE('',#788,#4328);
#4328 = DEFINITIONAL_REPRESENTATION('',(#4329),#4333);
#4329 = LINE('',#4330,#4331);
#4330 = CARTESIAN_POINT('',(0.,0.));
#4331 = VECTOR('',#4332,1.);
#4332 = DIRECTION('',(1.,0.));
#4333 = ( GEOMETRIC_REPRESENTATION_CONTEXT(2) 
PARAMETRIC_REPRESENTATION_CONTEXT() REPRESENTATION_CONTEXT('2D SPACE',''
  ) );
#4334 = PCURVE('',#4163,#4335);
#4335 = DEFINITIONAL_REPRESENTATION('',(#4336),#4340);
#4336 = LINE('',#4337,#4338);
#4337 = CARTESIAN_POINT('',(0.,20.828));
#4338 = VECTOR('',#4339,1.);
#4339 = DIRECTION('',(1.,0.));
#4340 = ( GEOMETRIC_REPRESENTATION_CONTEXT(2) 
PARAMETRIC_REPRESENTATION_CONTEXT() REPRESENTATION_CONTEXT('2D SPACE',''
  ) );
#4341 = ORIENTED_EDGE('',*,*,#4342,.T.);
#4342 = EDGE_CURVE('',#4318,#4343,#4345,.T.);
#4343 = VERTEX_POINT('',#4344);
#4344 = CARTESIAN_POINT('',(-35.6235,48.053979000183,-17.78));
#4345 = SURFACE_CURVE('',#4346,(#4350,#4357),.PCURVE_S1.);
#4346 = LINE('',#4347,#4348);
#4347 = CARTESIAN_POINT('',(-35.6235,20.1295,-17.78));
#4348 = VECTOR('',#4349,1.);
#4349 = DIRECTION('',(0.,1.,0.));
#4350 = PCURVE('',#788,#4351);
#4351 = DEFINITIONAL_REPRESENTATION('',(#4352),#4356);
#4352 = LINE('',#4353,#4354);
#4353 = CARTESIAN_POINT('',(2.032,20.1295));
#4354 = VECTOR('',#4355,1.);
#4355 = DIRECTION('',(0.,-1.));
#4356 = ( GEOMETRIC_REPRESENTATION_CONTEXT(2) 
PARAMETRIC_REPRESENTATION_CONTEXT() REPRESENTATION_CONTEXT('2D SPACE',''
  ) );
#4357 = PCURVE('',#2620,#4358);
#4358 = DEFINITIONAL_REPRESENTATION('',(#4359),#4363);
#4359 = LINE('',#4360,#4361);
#4360 = CARTESIAN_POINT('',(12.0015,20.1295));
#4361 = VECTOR('',#4362,1.);
#4362 = DIRECTION('',(0.,1.));
#4363 = ( GEOMETRIC_REPRESENTATION_CONTEXT(2) 
PARAMETRIC_REPRESENTATION_CONTEXT() REPRESENTATION_CONTEXT('2D SPACE',''
  ) );
#4364 = ORIENTED_EDGE('',*,*,#4365,.F.);
#4365 = EDGE_CURVE('',#773,#4343,#4366,.T.);
#4366 = SURFACE_CURVE('',#4367,(#4371,#4378),.PCURVE_S1.);
#4367 = LINE('',#4368,#4369);
#4368 = CARTESIAN_POINT('',(-35.6235,48.053979000183,-17.78));
#4369 = VECTOR('',#4370,1.);
#4370 = DIRECTION('',(-0.,-0.,-1.));
#4371 = PCURVE('',#788,#4372);
#4372 = DEFINITIONAL_REPRESENTATION('',(#4373),#4377);
#4373 = LINE('',#4374,#4375);
#4374 = CARTESIAN_POINT('',(2.032,-7.794979000183));
#4375 = VECTOR('',#4376,1.);
#4376 = DIRECTION('',(-1.,-0.));
#4377 = ( GEOMETRIC_REPRESENTATION_CONTEXT(2) 
PARAMETRIC_REPRESENTATION_CONTEXT() REPRESENTATION_CONTEXT('2D SPACE',''
  ) );
#4378 = PCURVE('',#817,#4379);
#4379 = DEFINITIONAL_REPRESENTATION('',(#4380),#4383);
#4380 = B_SPLINE_CURVE_WITH_KNOTS('',1,(#4381,#4382),.UNSPECIFIED.,.F.,
  .F.,(2,2),(-17.78,0.),.PIECEWISE_BEZIER_KNOTS.);
#4381 = CARTESIAN_POINT('',(-1.326052604449,-17.78));
#4382 = CARTESIAN_POINT('',(-1.326052604449,0.));
#4383 = ( GEOMETRIC_REPRESENTATION_CONTEXT(2) 
PARAMETRIC_REPRESENTATION_CONTEXT() REPRESENTATION_CONTEXT('2D SPACE',''
  ) );
#4384 = ORIENTED_EDGE('',*,*,#772,.F.);
#4385 = ORIENTED_EDGE('',*,*,#3467,.T.);
#4386 = ORIENTED_EDGE('',*,*,#4387,.F.);
#4387 = EDGE_CURVE('',#4320,#3468,#4388,.T.);
#4388 = SURFACE_CURVE('',#4389,(#4393,#4400),.PCURVE_S1.);
#4389 = LINE('',#4390,#4391);
#4390 = CARTESIAN_POINT('',(-35.6235,20.1295,-13.97));
#4391 = VECTOR('',#4392,1.);
#4392 = DIRECTION('',(0.,1.,0.));
#4393 = PCURVE('',#788,#4394);
#4394 = DEFINITIONAL_REPRESENTATION('',(#4395),#4399);
#4395 = LINE('',#4396,#4397);
#4396 = CARTESIAN_POINT('',(5.842,20.1295));
#4397 = VECTOR('',#4398,1.);
#4398 = DIRECTION('',(0.,-1.));
#4399 = ( GEOMETRIC_REPRESENTATION_CONTEXT(2) 
PARAMETRIC_REPRESENTATION_CONTEXT() REPRESENTATION_CONTEXT('2D SPACE',''
  ) );
#4400 = PCURVE('',#2916,#4401);
#4401 = DEFINITIONAL_REPRESENTATION('',(#4402),#4406);
#4402 = LINE('',#4403,#4404);
#4403 = CARTESIAN_POINT('',(12.0015,20.1295));
#4404 = VECTOR('',#4405,1.);
#4405 = DIRECTION('',(0.,1.));
#4406 = ( GEOMETRIC_REPRESENTATION_CONTEXT(2) 
PARAMETRIC_REPRESENTATION_CONTEXT() REPRESENTATION_CONTEXT('2D SPACE',''
  ) );
#4407 = ADVANCED_FACE('',(#4408),#845,.T.);
#4408 = FACE_BOUND('',#4409,.F.);
#4409 = EDGE_LOOP('',(#4410,#4433,#4434,#4435));
#4410 = ORIENTED_EDGE('',*,*,#4411,.F.);
#4411 = EDGE_CURVE('',#4249,#4412,#4414,.T.);
#4412 = VERTEX_POINT('',#4413);
#4413 = CARTESIAN_POINT('',(-1.691979889529E-14,13.604421156375,-17.78)
  );
#4414 = SURFACE_CURVE('',#4415,(#4420,#4426),.PCURVE_S1.);
#4415 = CIRCLE('',#4416,49.53);
#4416 = AXIS2_PLACEMENT_3D('',#4417,#4418,#4419);
#4417 = CARTESIAN_POINT('',(47.625,0.,-17.78));
#4418 = DIRECTION('',(0.,0.,1.));
#4419 = DIRECTION('',(-0.961538461538,-0.274670324175,0.));
#4420 = PCURVE('',#845,#4421);
#4421 = DEFINITIONAL_REPRESENTATION('',(#4422),#4425);
#4422 = B_SPLINE_CURVE_WITH_KNOTS('',1,(#4423,#4424),.UNSPECIFIED.,.F.,
  .F.,(2,2),(4.678885879995,5.72669166171),.PIECEWISE_BEZIER_KNOTS.);
#4423 = CARTESIAN_POINT('',(-4.678885879995,0.));
#4424 = CARTESIAN_POINT('',(-5.72669166171,0.));
#4425 = ( GEOMETRIC_REPRESENTATION_CONTEXT(2) 
PARAMETRIC_REPRESENTATION_CONTEXT() REPRESENTATION_CONTEXT('2D SPACE',''
  ) );
#4426 = PCURVE('',#2620,#4427);
#4427 = DEFINITIONAL_REPRESENTATION('',(#4428),#4432);
#4428 = CIRCLE('',#4429,49.53);
#4429 = AXIS2_PLACEMENT_2D('',#4430,#4431);
#4430 = CARTESIAN_POINT('',(95.25,-2.431054207236E-15));
#4431 = DIRECTION('',(-0.961538461538,-0.274670324175));
#4432 = ( GEOMETRIC_REPRESENTATION_CONTEXT(2) 
PARAMETRIC_REPRESENTATION_CONTEXT() REPRESENTATION_CONTEXT('2D SPACE',''
  ) );
#4433 = ORIENTED_EDGE('',*,*,#4271,.F.);
#4434 = ORIENTED_EDGE('',*,*,#828,.T.);
#4435 = ORIENTED_EDGE('',*,*,#4436,.F.);
#4436 = EDGE_CURVE('',#4412,#801,#4437,.T.);
#4437 = SURFACE_CURVE('',#4438,(#4442,#4448),.PCURVE_S1.);
#4438 = LINE('',#4439,#4440);
#4439 = CARTESIAN_POINT('',(-1.691979889529E-14,13.604421156375,-17.78)
  );
#4440 = VECTOR('',#4441,1.);
#4441 = DIRECTION('',(0.,0.,1.));
#4442 = PCURVE('',#845,#4443);
#4443 = DEFINITIONAL_REPRESENTATION('',(#4444),#4447);
#4444 = B_SPLINE_CURVE_WITH_KNOTS('',1,(#4445,#4446),.UNSPECIFIED.,.F.,
  .F.,(2,2),(0.,17.78),.PIECEWISE_BEZIER_KNOTS.);
#4445 = CARTESIAN_POINT('',(-5.72669166171,0.));
#4446 = CARTESIAN_POINT('',(-5.72669166171,-17.78));
#4447 = ( GEOMETRIC_REPRESENTATION_CONTEXT(2) 
PARAMETRIC_REPRESENTATION_CONTEXT() REPRESENTATION_CONTEXT('2D SPACE',''
  ) );
#4448 = PCURVE('',#817,#4449);
#4449 = DEFINITIONAL_REPRESENTATION('',(#4450),#4453);
#4450 = B_SPLINE_CURVE_WITH_KNOTS('',1,(#4451,#4452),.UNSPECIFIED.,.F.,
  .F.,(2,2),(0.,17.78),.PIECEWISE_BEZIER_KNOTS.);
#4451 = CARTESIAN_POINT('',(-0.278246822735,0.));
#4452 = CARTESIAN_POINT('',(-0.278246822735,-17.78));
#4453 = ( GEOMETRIC_REPRESENTATION_CONTEXT(2) 
PARAMETRIC_REPRESENTATION_CONTEXT() REPRESENTATION_CONTEXT('2D SPACE',''
  ) );
#4454 = ADVANCED_FACE('',(#4455),#817,.T.);
#4455 = FACE_BOUND('',#4456,.F.);
#4456 = EDGE_LOOP('',(#4457,#4478,#4479,#4480));
#4457 = ORIENTED_EDGE('',*,*,#4458,.F.);
#4458 = EDGE_CURVE('',#4412,#4343,#4459,.T.);
#4459 = SURFACE_CURVE('',#4460,(#4465,#4471),.PCURVE_S1.);
#4460 = CIRCLE('',#4461,49.53);
#4461 = AXIS2_PLACEMENT_3D('',#4462,#4463,#4464);
#4462 = CARTESIAN_POINT('',(-47.625,0.,-17.78));
#4463 = DIRECTION('',(0.,0.,1.));
#4464 = DIRECTION('',(1.,0.,-0.));
#4465 = PCURVE('',#817,#4466);
#4466 = DEFINITIONAL_REPRESENTATION('',(#4467),#4470);
#4467 = B_SPLINE_CURVE_WITH_KNOTS('',1,(#4468,#4469),.UNSPECIFIED.,.F.,
  .F.,(2,2),(0.278246822735,1.326052604449),.PIECEWISE_BEZIER_KNOTS.);
#4468 = CARTESIAN_POINT('',(-0.278246822735,0.));
#4469 = CARTESIAN_POINT('',(-1.326052604449,0.));
#4470 = ( GEOMETRIC_REPRESENTATION_CONTEXT(2) 
PARAMETRIC_REPRESENTATION_CONTEXT() REPRESENTATION_CONTEXT('2D SPACE',''
  ) );
#4471 = PCURVE('',#2620,#4472);
#4472 = DEFINITIONAL_REPRESENTATION('',(#4473),#4477);
#4473 = CIRCLE('',#4474,49.53);
#4474 = AXIS2_PLACEMENT_2D('',#4475,#4476);
#4475 = CARTESIAN_POINT('',(0.,-2.431054207236E-15));
#4476 = DIRECTION('',(1.,0.));
#4477 = ( GEOMETRIC_REPRESENTATION_CONTEXT(2) 
PARAMETRIC_REPRESENTATION_CONTEXT() REPRESENTATION_CONTEXT('2D SPACE',''
  ) );
#4478 = ORIENTED_EDGE('',*,*,#4436,.T.);
#4479 = ORIENTED_EDGE('',*,*,#800,.T.);
#4480 = ORIENTED_EDGE('',*,*,#4365,.T.);
#4481 = ADVANCED_FACE('',(#4482),#1073,.F.);
#4482 = FACE_BOUND('',#4483,.F.);
#4483 = EDGE_LOOP('',(#4484,#4507,#4535,#4556));
#4484 = ORIENTED_EDGE('',*,*,#4485,.F.);
#4485 = EDGE_CURVE('',#4486,#1056,#4488,.T.);
#4486 = VERTEX_POINT('',#4487);
#4487 = CARTESIAN_POINT('',(54.9275,47.074648276857,-18.288));
#4488 = SURFACE_CURVE('',#4489,(#4493,#4500),.PCURVE_S1.);
#4489 = LINE('',#4490,#4491);
#4490 = CARTESIAN_POINT('',(54.9275,47.074648276857,-18.288));
#4491 = VECTOR('',#4492,1.);
#4492 = DIRECTION('',(0.,0.,1.));
#4493 = PCURVE('',#1073,#4494);
#4494 = DEFINITIONAL_REPRESENTATION('',(#4495),#4499);
#4495 = LINE('',#4496,#4497);
#4496 = CARTESIAN_POINT('',(0.,17.78));
#4497 = VECTOR('',#4498,1.);
#4498 = DIRECTION('',(1.,0.));
#4499 = ( GEOMETRIC_REPRESENTATION_CONTEXT(2) 
PARAMETRIC_REPRESENTATION_CONTEXT() REPRESENTATION_CONTEXT('2D SPACE',''
  ) );
#4500 = PCURVE('',#1155,#4501);
#4501 = DEFINITIONAL_REPRESENTATION('',(#4502),#4506);
#4502 = LINE('',#4503,#4504);
#4503 = CARTESIAN_POINT('',(0.,0.));
#4504 = VECTOR('',#4505,1.);
#4505 = DIRECTION('',(1.,0.));
#4506 = ( GEOMETRIC_REPRESENTATION_CONTEXT(2) 
PARAMETRIC_REPRESENTATION_CONTEXT() REPRESENTATION_CONTEXT('2D SPACE',''
  ) );
#4507 = ORIENTED_EDGE('',*,*,#4508,.F.);
#4508 = EDGE_CURVE('',#4509,#4486,#4511,.T.);
#4509 = VERTEX_POINT('',#4510);
#4510 = CARTESIAN_POINT('',(37.1475,47.074648276857,-18.288));
#4511 = SURFACE_CURVE('',#4512,(#4516,#4523),.PCURVE_S1.);
#4512 = LINE('',#4513,#4514);
#4513 = CARTESIAN_POINT('',(37.1475,47.074648276857,-18.288));
#4514 = VECTOR('',#4515,1.);
#4515 = DIRECTION('',(1.,0.,0.));
#4516 = PCURVE('',#1073,#4517);
#4517 = DEFINITIONAL_REPRESENTATION('',(#4518),#4522);
#4518 = LINE('',#4519,#4520);
#4519 = CARTESIAN_POINT('',(0.,0.));
#4520 = VECTOR('',#4521,1.);
#4521 = DIRECTION('',(0.,1.));
#4522 = ( GEOMETRIC_REPRESENTATION_CONTEXT(2) 
PARAMETRIC_REPRESENTATION_CONTEXT() REPRESENTATION_CONTEXT('2D SPACE',''
  ) );
#4523 = PCURVE('',#4524,#4529);
#4524 = PLANE('',#4525);
#4525 = AXIS2_PLACEMENT_3D('',#4526,#4527,#4528);
#4526 = CARTESIAN_POINT('',(37.1475,47.074648276857,-18.288));
#4527 = DIRECTION('',(0.,0.,1.));
#4528 = DIRECTION('',(1.,0.,0.));
#4529 = DEFINITIONAL_REPRESENTATION('',(#4530),#4534);
#4530 = LINE('',#4531,#4532);
#4531 = CARTESIAN_POINT('',(0.,0.));
#4532 = VECTOR('',#4533,1.);
#4533 = DIRECTION('',(1.,0.));
#4534 = ( GEOMETRIC_REPRESENTATION_CONTEXT(2) 
PARAMETRIC_REPRESENTATION_CONTEXT() REPRESENTATION_CONTEXT('2D SPACE',''
  ) );
#4535 = ORIENTED_EDGE('',*,*,#4536,.T.);
#4536 = EDGE_CURVE('',#4509,#1058,#4537,.T.);
#4537 = SURFACE_CURVE('',#4538,(#4542,#4549),.PCURVE_S1.);
#4538 = LINE('',#4539,#4540);
#4539 = CARTESIAN_POINT('',(37.1475,47.074648276857,-18.288));
#4540 = VECTOR('',#4541,1.);
#4541 = DIRECTION('',(0.,0.,1.));
#4542 = PCURVE('',#1073,#4543);
#4543 = DEFINITIONAL_REPRESENTATION('',(#4544),#4548);
#4544 = LINE('',#4545,#4546);
#4545 = CARTESIAN_POINT('',(0.,0.));
#4546 = VECTOR('',#4547,1.);
#4547 = DIRECTION('',(1.,0.));
#4548 = ( GEOMETRIC_REPRESENTATION_CONTEXT(2) 
PARAMETRIC_REPRESENTATION_CONTEXT() REPRESENTATION_CONTEXT('2D SPACE',''
  ) );
#4549 = PCURVE('',#1101,#4550);
#4550 = DEFINITIONAL_REPRESENTATION('',(#4551),#4555);
#4551 = LINE('',#4552,#4553);
#4552 = CARTESIAN_POINT('',(0.,0.));
#4553 = VECTOR('',#4554,1.);
#4554 = DIRECTION('',(1.,0.));
#4555 = ( GEOMETRIC_REPRESENTATION_CONTEXT(2) 
PARAMETRIC_REPRESENTATION_CONTEXT() REPRESENTATION_CONTEXT('2D SPACE',''
  ) );
#4556 = ORIENTED_EDGE('',*,*,#1055,.F.);
#4557 = ADVANCED_FACE('',(#4558),#1155,.T.);
#4558 = FACE_BOUND('',#4559,.T.);
#4559 = EDGE_LOOP('',(#4560,#4561,#4584,#4612,#4640,#4661));
#4560 = ORIENTED_EDGE('',*,*,#4485,.F.);
#4561 = ORIENTED_EDGE('',*,*,#4562,.T.);
#4562 = EDGE_CURVE('',#4486,#4563,#4565,.T.);
#4563 = VERTEX_POINT('',#4564);
#4564 = CARTESIAN_POINT('',(54.9275,48.725648276857,-18.288));
#4565 = SURFACE_CURVE('',#4566,(#4570,#4577),.PCURVE_S1.);
#4566 = LINE('',#4567,#4568);
#4567 = CARTESIAN_POINT('',(54.9275,47.074648276857,-18.288));
#4568 = VECTOR('',#4569,1.);
#4569 = DIRECTION('',(0.,1.,0.));
#4570 = PCURVE('',#1155,#4571);
#4571 = DEFINITIONAL_REPRESENTATION('',(#4572),#4576);
#4572 = LINE('',#4573,#4574);
#4573 = CARTESIAN_POINT('',(0.,0.));
#4574 = VECTOR('',#4575,1.);
#4575 = DIRECTION('',(0.,-1.));
#4576 = ( GEOMETRIC_REPRESENTATION_CONTEXT(2) 
PARAMETRIC_REPRESENTATION_CONTEXT() REPRESENTATION_CONTEXT('2D SPACE',''
  ) );
#4577 = PCURVE('',#4524,#4578);
#4578 = DEFINITIONAL_REPRESENTATION('',(#4579),#4583);
#4579 = LINE('',#4580,#4581);
#4580 = CARTESIAN_POINT('',(17.78,0.));
#4581 = VECTOR('',#4582,1.);
#4582 = DIRECTION('',(0.,1.));
#4583 = ( GEOMETRIC_REPRESENTATION_CONTEXT(2) 
PARAMETRIC_REPRESENTATION_CONTEXT() REPRESENTATION_CONTEXT('2D SPACE',''
  ) );
#4584 = ORIENTED_EDGE('',*,*,#4585,.F.);
#4585 = EDGE_CURVE('',#4586,#4563,#4588,.T.);
#4586 = VERTEX_POINT('',#4587);
#4587 = CARTESIAN_POINT('',(54.9275,52.324,-16.51));
#4588 = SURFACE_CURVE('',#4589,(#4593,#4600),.PCURVE_S1.);
#4589 = LINE('',#4590,#4591);
#4590 = CARTESIAN_POINT('',(54.9275,52.324,-16.51));
#4591 = VECTOR('',#4592,1.);
#4592 = DIRECTION('',(0.,-0.89652761446,-0.442987851426));
#4593 = PCURVE('',#1155,#4594);
#4594 = DEFINITIONAL_REPRESENTATION('',(#4595),#4599);
#4595 = LINE('',#4596,#4597);
#4596 = CARTESIAN_POINT('',(1.778,-5.249351723143));
#4597 = VECTOR('',#4598,1.);
#4598 = DIRECTION('',(-0.442987851426,0.89652761446));
#4599 = ( GEOMETRIC_REPRESENTATION_CONTEXT(2) 
PARAMETRIC_REPRESENTATION_CONTEXT() REPRESENTATION_CONTEXT('2D SPACE',''
  ) );
#4600 = PCURVE('',#4601,#4606);
#4601 = PLANE('',#4602);
#4602 = AXIS2_PLACEMENT_3D('',#4603,#4604,#4605);
#4603 = CARTESIAN_POINT('',(54.9275,52.324,-16.51));
#4604 = DIRECTION('',(0.,-0.442987851426,0.89652761446));
#4605 = DIRECTION('',(0.,-0.89652761446,-0.442987851426));
#4606 = DEFINITIONAL_REPRESENTATION('',(#4607),#4611);
#4607 = LINE('',#4608,#4609);
#4608 = CARTESIAN_POINT('',(0.,0.));
#4609 = VECTOR('',#4610,1.);
#4610 = DIRECTION('',(1.,0.));
#4611 = ( GEOMETRIC_REPRESENTATION_CONTEXT(2) 
PARAMETRIC_REPRESENTATION_CONTEXT() REPRESENTATION_CONTEXT('2D SPACE',''
  ) );
#4612 = ORIENTED_EDGE('',*,*,#4613,.F.);
#4613 = EDGE_CURVE('',#4614,#4586,#4616,.T.);
#4614 = VERTEX_POINT('',#4615);
#4615 = CARTESIAN_POINT('',(54.9275,48.725648276857,-13.462));
#4616 = SURFACE_CURVE('',#4617,(#4621,#4628),.PCURVE_S1.);
#4617 = LINE('',#4618,#4619);
#4618 = CARTESIAN_POINT('',(54.9275,48.725648276857,-13.462));
#4619 = VECTOR('',#4620,1.);
#4620 = DIRECTION('',(0.,0.763047301224,-0.646342646043));
#4621 = PCURVE('',#1155,#4622);
#4622 = DEFINITIONAL_REPRESENTATION('',(#4623),#4627);
#4623 = LINE('',#4624,#4625);
#4624 = CARTESIAN_POINT('',(4.826,-1.651));
#4625 = VECTOR('',#4626,1.);
#4626 = DIRECTION('',(-0.646342646043,-0.763047301224));
#4627 = ( GEOMETRIC_REPRESENTATION_CONTEXT(2) 
PARAMETRIC_REPRESENTATION_CONTEXT() REPRESENTATION_CONTEXT('2D SPACE',''
  ) );
#4628 = PCURVE('',#4629,#4634);
#4629 = PLANE('',#4630);
#4630 = AXIS2_PLACEMENT_3D('',#4631,#4632,#4633);
#4631 = CARTESIAN_POINT('',(54.9275,48.725648276857,-13.462));
#4632 = DIRECTION('',(0.,-0.646342646043,-0.763047301224));
#4633 = DIRECTION('',(0.,0.763047301224,-0.646342646043));
#4634 = DEFINITIONAL_REPRESENTATION('',(#4635),#4639);
#4635 = LINE('',#4636,#4637);
#4636 = CARTESIAN_POINT('',(0.,0.));
#4637 = VECTOR('',#4638,1.);
#4638 = DIRECTION('',(1.,0.));
#4639 = ( GEOMETRIC_REPRESENTATION_CONTEXT(2) 
PARAMETRIC_REPRESENTATION_CONTEXT() REPRESENTATION_CONTEXT('2D SPACE',''
  ) );
#4640 = ORIENTED_EDGE('',*,*,#4641,.T.);
#4641 = EDGE_CURVE('',#4614,#1114,#4642,.T.);
#4642 = SURFACE_CURVE('',#4643,(#4647,#4654),.PCURVE_S1.);
#4643 = LINE('',#4644,#4645);
#4644 = CARTESIAN_POINT('',(54.9275,48.725648276857,-18.288));
#4645 = VECTOR('',#4646,1.);
#4646 = DIRECTION('',(0.,0.,1.));
#4647 = PCURVE('',#1155,#4648);
#4648 = DEFINITIONAL_REPRESENTATION('',(#4649),#4653);
#4649 = LINE('',#4650,#4651);
#4650 = CARTESIAN_POINT('',(0.,-1.651));
#4651 = VECTOR('',#4652,1.);
#4652 = DIRECTION('',(1.,0.));
#4653 = ( GEOMETRIC_REPRESENTATION_CONTEXT(2) 
PARAMETRIC_REPRESENTATION_CONTEXT() REPRESENTATION_CONTEXT('2D SPACE',''
  ) );
#4654 = PCURVE('',#1129,#4655);
#4655 = DEFINITIONAL_REPRESENTATION('',(#4656),#4660);
#4656 = LINE('',#4657,#4658);
#4657 = CARTESIAN_POINT('',(0.,17.78));
#4658 = VECTOR('',#4659,1.);
#4659 = DIRECTION('',(1.,0.));
#4660 = ( GEOMETRIC_REPRESENTATION_CONTEXT(2) 
PARAMETRIC_REPRESENTATION_CONTEXT() REPRESENTATION_CONTEXT('2D SPACE',''
  ) );
#4661 = ORIENTED_EDGE('',*,*,#1141,.F.);
#4662 = ADVANCED_FACE('',(#4663),#1101,.F.);
#4663 = FACE_BOUND('',#4664,.F.);
#4664 = EDGE_LOOP('',(#4665,#4666,#4689,#4712,#4735,#4756));
#4665 = ORIENTED_EDGE('',*,*,#4536,.F.);
#4666 = ORIENTED_EDGE('',*,*,#4667,.T.);
#4667 = EDGE_CURVE('',#4509,#4668,#4670,.T.);
#4668 = VERTEX_POINT('',#4669);
#4669 = CARTESIAN_POINT('',(37.1475,48.725648276857,-18.288));
#4670 = SURFACE_CURVE('',#4671,(#4675,#4682),.PCURVE_S1.);
#4671 = LINE('',#4672,#4673);
#4672 = CARTESIAN_POINT('',(37.1475,47.074648276857,-18.288));
#4673 = VECTOR('',#4674,1.);
#4674 = DIRECTION('',(0.,1.,0.));
#4675 = PCURVE('',#1101,#4676);
#4676 = DEFINITIONAL_REPRESENTATION('',(#4677),#4681);
#4677 = LINE('',#4678,#4679);
#4678 = CARTESIAN_POINT('',(0.,0.));
#4679 = VECTOR('',#4680,1.);
#4680 = DIRECTION('',(0.,-1.));
#4681 = ( GEOMETRIC_REPRESENTATION_CONTEXT(2) 
PARAMETRIC_REPRESENTATION_CONTEXT() REPRESENTATION_CONTEXT('2D SPACE',''
  ) );
#4682 = PCURVE('',#4524,#4683);
#4683 = DEFINITIONAL_REPRESENTATION('',(#4684),#4688);
#4684 = LINE('',#4685,#4686);
#4685 = CARTESIAN_POINT('',(0.,0.));
#4686 = VECTOR('',#4687,1.);
#4687 = DIRECTION('',(0.,1.));
#4688 = ( GEOMETRIC_REPRESENTATION_CONTEXT(2) 
PARAMETRIC_REPRESENTATION_CONTEXT() REPRESENTATION_CONTEXT('2D SPACE',''
  ) );
#4689 = ORIENTED_EDGE('',*,*,#4690,.F.);
#4690 = EDGE_CURVE('',#4691,#4668,#4693,.T.);
#4691 = VERTEX_POINT('',#4692);
#4692 = CARTESIAN_POINT('',(37.1475,52.324,-16.51));
#4693 = SURFACE_CURVE('',#4694,(#4698,#4705),.PCURVE_S1.);
#4694 = LINE('',#4695,#4696);
#4695 = CARTESIAN_POINT('',(37.1475,52.324,-16.51));
#4696 = VECTOR('',#4697,1.);
#4697 = DIRECTION('',(0.,-0.89652761446,-0.442987851426));
#4698 = PCURVE('',#1101,#4699);
#4699 = DEFINITIONAL_REPRESENTATION('',(#4700),#4704);
#4700 = LINE('',#4701,#4702);
#4701 = CARTESIAN_POINT('',(1.778,-5.249351723143));
#4702 = VECTOR('',#4703,1.);
#4703 = DIRECTION('',(-0.442987851426,0.89652761446));
#4704 = ( GEOMETRIC_REPRESENTATION_CONTEXT(2) 
PARAMETRIC_REPRESENTATION_CONTEXT() REPRESENTATION_CONTEXT('2D SPACE',''
  ) );
#4705 = PCURVE('',#4601,#4706);
#4706 = DEFINITIONAL_REPRESENTATION('',(#4707),#4711);
#4707 = LINE('',#4708,#4709);
#4708 = CARTESIAN_POINT('',(-0.,-17.78));
#4709 = VECTOR('',#4710,1.);
#4710 = DIRECTION('',(1.,0.));
#4711 = ( GEOMETRIC_REPRESENTATION_CONTEXT(2) 
PARAMETRIC_REPRESENTATION_CONTEXT() REPRESENTATION_CONTEXT('2D SPACE',''
  ) );
#4712 = ORIENTED_EDGE('',*,*,#4713,.F.);
#4713 = EDGE_CURVE('',#4714,#4691,#4716,.T.);
#4714 = VERTEX_POINT('',#4715);
#4715 = CARTESIAN_POINT('',(37.1475,48.725648276857,-13.462));
#4716 = SURFACE_CURVE('',#4717,(#4721,#4728),.PCURVE_S1.);
#4717 = LINE('',#4718,#4719);
#4718 = CARTESIAN_POINT('',(37.1475,48.725648276857,-13.462));
#4719 = VECTOR('',#4720,1.);
#4720 = DIRECTION('',(0.,0.763047301224,-0.646342646043));
#4721 = PCURVE('',#1101,#4722);
#4722 = DEFINITIONAL_REPRESENTATION('',(#4723),#4727);
#4723 = LINE('',#4724,#4725);
#4724 = CARTESIAN_POINT('',(4.826,-1.651));
#4725 = VECTOR('',#4726,1.);
#4726 = DIRECTION('',(-0.646342646043,-0.763047301224));
#4727 = ( GEOMETRIC_REPRESENTATION_CONTEXT(2) 
PARAMETRIC_REPRESENTATION_CONTEXT() REPRESENTATION_CONTEXT('2D SPACE',''
  ) );
#4728 = PCURVE('',#4629,#4729);
#4729 = DEFINITIONAL_REPRESENTATION('',(#4730),#4734);
#4730 = LINE('',#4731,#4732);
#4731 = CARTESIAN_POINT('',(0.,-17.78));
#4732 = VECTOR('',#4733,1.);
#4733 = DIRECTION('',(1.,0.));
#4734 = ( GEOMETRIC_REPRESENTATION_CONTEXT(2) 
PARAMETRIC_REPRESENTATION_CONTEXT() REPRESENTATION_CONTEXT('2D SPACE',''
  ) );
#4735 = ORIENTED_EDGE('',*,*,#4736,.T.);
#4736 = EDGE_CURVE('',#4714,#1086,#4737,.T.);
#4737 = SURFACE_CURVE('',#4738,(#4742,#4749),.PCURVE_S1.);
#4738 = LINE('',#4739,#4740);
#4739 = CARTESIAN_POINT('',(37.1475,48.725648276857,-18.288));
#4740 = VECTOR('',#4741,1.);
#4741 = DIRECTION('',(0.,0.,1.));
#4742 = PCURVE('',#1101,#4743);
#4743 = DEFINITIONAL_REPRESENTATION('',(#4744),#4748);
#4744 = LINE('',#4745,#4746);
#4745 = CARTESIAN_POINT('',(0.,-1.651));
#4746 = VECTOR('',#4747,1.);
#4747 = DIRECTION('',(1.,0.));
#4748 = ( GEOMETRIC_REPRESENTATION_CONTEXT(2) 
PARAMETRIC_REPRESENTATION_CONTEXT() REPRESENTATION_CONTEXT('2D SPACE',''
  ) );
#4749 = PCURVE('',#1129,#4750);
#4750 = DEFINITIONAL_REPRESENTATION('',(#4751),#4755);
#4751 = LINE('',#4752,#4753);
#4752 = CARTESIAN_POINT('',(0.,0.));
#4753 = VECTOR('',#4754,1.);
#4754 = DIRECTION('',(1.,0.));
#4755 = ( GEOMETRIC_REPRESENTATION_CONTEXT(2) 
PARAMETRIC_REPRESENTATION_CONTEXT() REPRESENTATION_CONTEXT('2D SPACE',''
  ) );
#4756 = ORIENTED_EDGE('',*,*,#1085,.F.);
#4757 = ADVANCED_FACE('',(#4758),#1129,.T.);
#4758 = FACE_BOUND('',#4759,.T.);
#4759 = EDGE_LOOP('',(#4760,#4761,#4782,#4783));
#4760 = ORIENTED_EDGE('',*,*,#4641,.F.);
#4761 = ORIENTED_EDGE('',*,*,#4762,.T.);
#4762 = EDGE_CURVE('',#4614,#4714,#4763,.T.);
#4763 = SURFACE_CURVE('',#4764,(#4768,#4775),.PCURVE_S1.);
#4764 = LINE('',#4765,#4766);
#4765 = CARTESIAN_POINT('',(54.9275,48.725648276857,-13.462));
#4766 = VECTOR('',#4767,1.);
#4767 = DIRECTION('',(-1.,0.,0.));
#4768 = PCURVE('',#1129,#4769);
#4769 = DEFINITIONAL_REPRESENTATION('',(#4770),#4774);
#4770 = LINE('',#4771,#4772);
#4771 = CARTESIAN_POINT('',(4.826,17.78));
#4772 = VECTOR('',#4773,1.);
#4773 = DIRECTION('',(0.,-1.));
#4774 = ( GEOMETRIC_REPRESENTATION_CONTEXT(2) 
PARAMETRIC_REPRESENTATION_CONTEXT() REPRESENTATION_CONTEXT('2D SPACE',''
  ) );
#4775 = PCURVE('',#4629,#4776);
#4776 = DEFINITIONAL_REPRESENTATION('',(#4777),#4781);
#4777 = LINE('',#4778,#4779);
#4778 = CARTESIAN_POINT('',(0.,0.));
#4779 = VECTOR('',#4780,1.);
#4780 = DIRECTION('',(0.,-1.));
#4781 = ( GEOMETRIC_REPRESENTATION_CONTEXT(2) 
PARAMETRIC_REPRESENTATION_CONTEXT() REPRESENTATION_CONTEXT('2D SPACE',''
  ) );
#4782 = ORIENTED_EDGE('',*,*,#4736,.T.);
#4783 = ORIENTED_EDGE('',*,*,#1113,.F.);
#4784 = ADVANCED_FACE('',(#4785),#1419,.T.);
#4785 = FACE_BOUND('',#4786,.T.);
#4786 = EDGE_LOOP('',(#4787,#4810,#4811,#4812));
#4787 = ORIENTED_EDGE('',*,*,#4788,.F.);
#4788 = EDGE_CURVE('',#3513,#4789,#4791,.T.);
#4789 = VERTEX_POINT('',#4790);
#4790 = CARTESIAN_POINT('',(-87.04397160554,24.631707240088,-6.223));
#4791 = SURFACE_CURVE('',#4792,(#4796,#4803),.PCURVE_S1.);
#4792 = LINE('',#4793,#4794);
#4793 = CARTESIAN_POINT('',(-64.64193309747,10.633359956103,-6.223));
#4794 = VECTOR('',#4795,1.);
#4795 = DIRECTION('',(-0.848048096156,0.529919264233,0.));
#4796 = PCURVE('',#1419,#4797);
#4797 = DEFINITIONAL_REPRESENTATION('',(#4798),#4802);
#4798 = LINE('',#4799,#4800);
#4799 = CARTESIAN_POINT('',(-20.066,-5.207));
#4800 = VECTOR('',#4801,1.);
#4801 = DIRECTION('',(1.,0.));
#4802 = ( GEOMETRIC_REPRESENTATION_CONTEXT(2) 
PARAMETRIC_REPRESENTATION_CONTEXT() REPRESENTATION_CONTEXT('2D SPACE',''
  ) );
#4803 = PCURVE('',#3550,#4804);
#4804 = DEFINITIONAL_REPRESENTATION('',(#4805),#4809);
#4805 = LINE('',#4806,#4807);
#4806 = CARTESIAN_POINT('',(-17.01693309747,10.633359956103));
#4807 = VECTOR('',#4808,1.);
#4808 = DIRECTION('',(-0.848048096156,0.529919264233));
#4809 = ( GEOMETRIC_REPRESENTATION_CONTEXT(2) 
PARAMETRIC_REPRESENTATION_CONTEXT() REPRESENTATION_CONTEXT('2D SPACE',''
  ) );
#4810 = ORIENTED_EDGE('',*,*,#3512,.F.);
#4811 = ORIENTED_EDGE('',*,*,#1405,.F.);
#4812 = ORIENTED_EDGE('',*,*,#4813,.F.);
#4813 = EDGE_CURVE('',#4789,#1374,#4814,.T.);
#4814 = SURFACE_CURVE('',#4815,(#4819,#4826),.PCURVE_S1.);
#4815 = LINE('',#4816,#4817);
#4816 = CARTESIAN_POINT('',(-87.04397160554,24.631707240089,-11.43));
#4817 = VECTOR('',#4818,1.);
#4818 = DIRECTION('',(0.,0.,1.));
#4819 = PCURVE('',#1419,#4820);
#4820 = DEFINITIONAL_REPRESENTATION('',(#4821),#4825);
#4821 = LINE('',#4822,#4823);
#4822 = CARTESIAN_POINT('',(6.35,0.));
#4823 = VECTOR('',#4824,1.);
#4824 = DIRECTION('',(0.,-1.));
#4825 = ( GEOMETRIC_REPRESENTATION_CONTEXT(2) 
PARAMETRIC_REPRESENTATION_CONTEXT() REPRESENTATION_CONTEXT('2D SPACE',''
  ) );
#4826 = PCURVE('',#1394,#4827);
#4827 = DEFINITIONAL_REPRESENTATION('',(#4828),#4831);
#4828 = B_SPLINE_CURVE_WITH_KNOTS('',1,(#4829,#4830),.UNSPECIFIED.,.F.,
  .F.,(2,2),(5.207,14.7828),.PIECEWISE_BEZIER_KNOTS.);
#4829 = CARTESIAN_POINT('',(-2.583087292952,-5.207));
#4830 = CARTESIAN_POINT('',(-2.583087292952,-14.7828));
#4831 = ( GEOMETRIC_REPRESENTATION_CONTEXT(2) 
PARAMETRIC_REPRESENTATION_CONTEXT() REPRESENTATION_CONTEXT('2D SPACE',''
  ) );
#4832 = ADVANCED_FACE('',(#4833),#1394,.F.);
#4833 = FACE_BOUND('',#4834,.T.);
#4834 = EDGE_LOOP('',(#4835,#4857,#4884,#4906,#4927,#4928));
#4835 = ORIENTED_EDGE('',*,*,#4836,.T.);
#4836 = EDGE_CURVE('',#1346,#4837,#4839,.T.);
#4837 = VERTEX_POINT('',#4838);
#4838 = CARTESIAN_POINT('',(-93.65464037124,6.469044078826,-11.43));
#4839 = SURFACE_CURVE('',#4840,(#4844,#4850),.PCURVE_S1.);
#4840 = LINE('',#4841,#4842);
#4841 = CARTESIAN_POINT('',(-93.65464037124,6.469044078826,5.8928));
#4842 = VECTOR('',#4843,1.);
#4843 = DIRECTION('',(0.,0.,-1.));
#4844 = PCURVE('',#1394,#4845);
#4845 = DEFINITIONAL_REPRESENTATION('',(#4846),#4849);
#4846 = B_SPLINE_CURVE_WITH_KNOTS('',1,(#4847,#4848),.UNSPECIFIED.,.F.,
  .F.,(2,2),(2.54,17.3228),.PIECEWISE_BEZIER_KNOTS.);
#4847 = CARTESIAN_POINT('',(-3.00196631343,-14.7828));
#4848 = CARTESIAN_POINT('',(-3.00196631343,0.));
#4849 = ( GEOMETRIC_REPRESENTATION_CONTEXT(2) 
PARAMETRIC_REPRESENTATION_CONTEXT() REPRESENTATION_CONTEXT('2D SPACE',''
  ) );
#4850 = PCURVE('',#1361,#4851);
#4851 = DEFINITIONAL_REPRESENTATION('',(#4852),#4856);
#4852 = LINE('',#4853,#4854);
#4853 = CARTESIAN_POINT('',(-1.431977674374E-14,-17.3228));
#4854 = VECTOR('',#4855,1.);
#4855 = DIRECTION('',(0.,1.));
#4856 = ( GEOMETRIC_REPRESENTATION_CONTEXT(2) 
PARAMETRIC_REPRESENTATION_CONTEXT() REPRESENTATION_CONTEXT('2D SPACE',''
  ) );
#4857 = ORIENTED_EDGE('',*,*,#4858,.T.);
#4858 = EDGE_CURVE('',#4837,#4859,#4861,.T.);
#4859 = VERTEX_POINT('',#4860);
#4860 = CARTESIAN_POINT('',(-71.56499979796,39.842850471236,-11.43));
#4861 = SURFACE_CURVE('',#4862,(#4867,#4873),.PCURVE_S1.);
#4862 = CIRCLE('',#4863,46.482);
#4863 = AXIS2_PLACEMENT_3D('',#4864,#4865,#4866);
#4864 = CARTESIAN_POINT('',(-47.625,0.,-11.43));
#4865 = DIRECTION('',(0.,0.,-1.));
#4866 = DIRECTION('',(-0.990268068742,0.13917310096,0.));
#4867 = PCURVE('',#1394,#4868);
#4868 = DEFINITIONAL_REPRESENTATION('',(#4869),#4872);
#4869 = B_SPLINE_CURVE_WITH_KNOTS('',1,(#4870,#4871),.UNSPECIFIED.,.F.,
  .F.,(2,2),(0.,0.890117918517),.PIECEWISE_BEZIER_KNOTS.);
#4870 = CARTESIAN_POINT('',(-3.00196631343,0.));
#4871 = CARTESIAN_POINT('',(-2.111848394913,0.));
#4872 = ( GEOMETRIC_REPRESENTATION_CONTEXT(2) 
PARAMETRIC_REPRESENTATION_CONTEXT() REPRESENTATION_CONTEXT('2D SPACE',''
  ) );
#4873 = PCURVE('',#3609,#4874);
#4874 = DEFINITIONAL_REPRESENTATION('',(#4875),#4883);
#4875 = ( BOUNDED_CURVE() B_SPLINE_CURVE(2,(#4876,#4877,#4878,#4879,
#4880,#4881,#4882),.UNSPECIFIED.,.T.,.F.) B_SPLINE_CURVE_WITH_KNOTS((1,2
    ,2,2,2,1),(-2.094395102393,0.,2.094395102393,4.188790204786,
6.28318530718,8.377580409573),.UNSPECIFIED.) CURVE() 
GEOMETRIC_REPRESENTATION_ITEM() RATIONAL_B_SPLINE_CURVE((1.,0.5,1.,0.5,
1.,0.5,1.)) REPRESENTATION_ITEM('') );
#4876 = CARTESIAN_POINT('',(-46.02964037124,6.469044078826));
#4877 = CARTESIAN_POINT('',(-34.82492735031,86.194719855947));
#4878 = CARTESIAN_POINT('',(28.617176696088,36.628315849147));
#4879 = CARTESIAN_POINT('',(92.059280742491,-12.93808815765));
#4880 = CARTESIAN_POINT('',(17.412463675158,-43.09735992797));
#4881 = CARTESIAN_POINT('',(-57.23435339217,-73.25663169829));
#4882 = CARTESIAN_POINT('',(-46.02964037124,6.469044078826));
#4883 = ( GEOMETRIC_REPRESENTATION_CONTEXT(2) 
PARAMETRIC_REPRESENTATION_CONTEXT() REPRESENTATION_CONTEXT('2D SPACE',''
  ) );
#4884 = ORIENTED_EDGE('',*,*,#4885,.T.);
#4885 = EDGE_CURVE('',#4859,#4886,#4888,.T.);
#4886 = VERTEX_POINT('',#4887);
#4887 = CARTESIAN_POINT('',(-71.56499979796,39.842850471236,-6.223));
#4888 = SURFACE_CURVE('',#4889,(#4893,#4899),.PCURVE_S1.);
#4889 = LINE('',#4890,#4891);
#4890 = CARTESIAN_POINT('',(-71.56499979796,39.842850471236,-11.43));
#4891 = VECTOR('',#4892,1.);
#4892 = DIRECTION('',(0.,0.,1.));
#4893 = PCURVE('',#1394,#4894);
#4894 = DEFINITIONAL_REPRESENTATION('',(#4895),#4898);
#4895 = B_SPLINE_CURVE_WITH_KNOTS('',1,(#4896,#4897),.UNSPECIFIED.,.F.,
  .F.,(2,2),(0.,5.207),.PIECEWISE_BEZIER_KNOTS.);
#4896 = CARTESIAN_POINT('',(-2.111848394913,0.));
#4897 = CARTESIAN_POINT('',(-2.111848394913,-5.207));
#4898 = ( GEOMETRIC_REPRESENTATION_CONTEXT(2) 
PARAMETRIC_REPRESENTATION_CONTEXT() REPRESENTATION_CONTEXT('2D SPACE',''
  ) );
#4899 = PCURVE('',#3581,#4900);
#4900 = DEFINITIONAL_REPRESENTATION('',(#4901),#4905);
#4901 = LINE('',#4902,#4903);
#4902 = CARTESIAN_POINT('',(6.35,0.));
#4903 = VECTOR('',#4904,1.);
#4904 = DIRECTION('',(0.,-1.));
#4905 = ( GEOMETRIC_REPRESENTATION_CONTEXT(2) 
PARAMETRIC_REPRESENTATION_CONTEXT() REPRESENTATION_CONTEXT('2D SPACE',''
  ) );
#4906 = ORIENTED_EDGE('',*,*,#4907,.T.);
#4907 = EDGE_CURVE('',#4886,#4789,#4908,.T.);
#4908 = SURFACE_CURVE('',#4909,(#4914,#4920),.PCURVE_S1.);
#4909 = CIRCLE('',#4910,46.482);
#4910 = AXIS2_PLACEMENT_3D('',#4911,#4912,#4913);
#4911 = CARTESIAN_POINT('',(-47.625,0.,-6.223));
#4912 = DIRECTION('',(0.,0.,1.));
#4913 = DIRECTION('',(1.,0.,-0.));
#4914 = PCURVE('',#1394,#4915);
#4915 = DEFINITIONAL_REPRESENTATION('',(#4916),#4919);
#4916 = B_SPLINE_CURVE_WITH_KNOTS('',1,(#4917,#4918),.UNSPECIFIED.,.F.,
  .F.,(2,2),(2.111848394913,2.583087292952),.PIECEWISE_BEZIER_KNOTS.);
#4917 = CARTESIAN_POINT('',(-2.111848394913,-5.207));
#4918 = CARTESIAN_POINT('',(-2.583087292952,-5.207));
#4919 = ( GEOMETRIC_REPRESENTATION_CONTEXT(2) 
PARAMETRIC_REPRESENTATION_CONTEXT() REPRESENTATION_CONTEXT('2D SPACE',''
  ) );
#4920 = PCURVE('',#3550,#4921);
#4921 = DEFINITIONAL_REPRESENTATION('',(#4922),#4926);
#4922 = CIRCLE('',#4923,46.482);
#4923 = AXIS2_PLACEMENT_2D('',#4924,#4925);
#4924 = CARTESIAN_POINT('',(0.,-5.219946054012E-15));
#4925 = DIRECTION('',(1.,0.));
#4926 = ( GEOMETRIC_REPRESENTATION_CONTEXT(2) 
PARAMETRIC_REPRESENTATION_CONTEXT() REPRESENTATION_CONTEXT('2D SPACE',''
  ) );
#4927 = ORIENTED_EDGE('',*,*,#4813,.T.);
#4928 = ORIENTED_EDGE('',*,*,#1373,.F.);
#4929 = ADVANCED_FACE('',(#4930),#1246,.T.);
#4930 = FACE_BOUND('',#4931,.T.);
#4931 = EDGE_LOOP('',(#4932,#4955,#4975,#4976));
#4932 = ORIENTED_EDGE('',*,*,#4933,.F.);
#4933 = EDGE_CURVE('',#4934,#3728,#4936,.T.);
#4934 = VERTEX_POINT('',#4935);
#4935 = CARTESIAN_POINT('',(-1.595359628754,-6.469044078827,-11.43));
#4936 = SURFACE_CURVE('',#4937,(#4941,#4948),.PCURVE_S1.);
#4937 = LINE('',#4938,#4939);
#4938 = CARTESIAN_POINT('',(203.90308946035,-35.34996764385,-11.43));
#4939 = VECTOR('',#4940,1.);
#4940 = DIRECTION('',(-0.990268068742,0.13917310096,0.));
#4941 = PCURVE('',#1246,#4942);
#4942 = DEFINITIONAL_REPRESENTATION('',(#4943),#4947);
#4943 = LINE('',#4944,#4945);
#4944 = CARTESIAN_POINT('',(-207.518,-0.));
#4945 = VECTOR('',#4946,1.);
#4946 = DIRECTION('',(1.,0.));
#4947 = ( GEOMETRIC_REPRESENTATION_CONTEXT(2) 
PARAMETRIC_REPRESENTATION_CONTEXT() REPRESENTATION_CONTEXT('2D SPACE',''
  ) );
#4948 = PCURVE('',#3743,#4949);
#4949 = DEFINITIONAL_REPRESENTATION('',(#4950),#4954);
#4950 = LINE('',#4951,#4952);
#4951 = CARTESIAN_POINT('',(251.52808946035,-35.34996764385));
#4952 = VECTOR('',#4953,1.);
#4953 = DIRECTION('',(-0.990268068742,0.13917310096));
#4954 = ( GEOMETRIC_REPRESENTATION_CONTEXT(2) 
PARAMETRIC_REPRESENTATION_CONTEXT() REPRESENTATION_CONTEXT('2D SPACE',''
  ) );
#4955 = ORIENTED_EDGE('',*,*,#4956,.F.);
#4956 = EDGE_CURVE('',#1231,#4934,#4957,.T.);
#4957 = SURFACE_CURVE('',#4958,(#4962,#4969),.PCURVE_S1.);
#4958 = LINE('',#4959,#4960);
#4959 = CARTESIAN_POINT('',(-1.595359628754,-6.469044078827,5.8928));
#4960 = VECTOR('',#4961,1.);
#4961 = DIRECTION('',(0.,0.,-1.));
#4962 = PCURVE('',#1246,#4963);
#4963 = DEFINITIONAL_REPRESENTATION('',(#4964),#4968);
#4964 = LINE('',#4965,#4966);
#4965 = CARTESIAN_POINT('',(-6.214388538868E-14,-17.3228));
#4966 = VECTOR('',#4967,1.);
#4967 = DIRECTION('',(0.,1.));
#4968 = ( GEOMETRIC_REPRESENTATION_CONTEXT(2) 
PARAMETRIC_REPRESENTATION_CONTEXT() REPRESENTATION_CONTEXT('2D SPACE',''
  ) );
#4969 = PCURVE('',#1279,#4970);
#4970 = DEFINITIONAL_REPRESENTATION('',(#4971),#4974);
#4971 = B_SPLINE_CURVE_WITH_KNOTS('',1,(#4972,#4973),.UNSPECIFIED.,.F.,
  .F.,(2,2),(2.54,17.3228),.PIECEWISE_BEZIER_KNOTS.);
#4972 = CARTESIAN_POINT('',(-6.14355896702,-14.7828));
#4973 = CARTESIAN_POINT('',(-6.14355896702,0.));
#4974 = ( GEOMETRIC_REPRESENTATION_CONTEXT(2) 
PARAMETRIC_REPRESENTATION_CONTEXT() REPRESENTATION_CONTEXT('2D SPACE',''
  ) );
#4975 = ORIENTED_EDGE('',*,*,#1230,.F.);
#4976 = ORIENTED_EDGE('',*,*,#3759,.T.);
#4977 = ADVANCED_FACE('',(#4978),#1361,.T.);
#4978 = FACE_BOUND('',#4979,.T.);
#4979 = EDGE_LOOP('',(#4980,#5001,#5002,#5003));
#4980 = ORIENTED_EDGE('',*,*,#4981,.F.);
#4981 = EDGE_CURVE('',#4837,#3594,#4982,.T.);
#4982 = SURFACE_CURVE('',#4983,(#4987,#4994),.PCURVE_S1.);
#4983 = LINE('',#4984,#4985);
#4984 = CARTESIAN_POINT('',(-299.1530894603,35.349967643857,-11.43));
#4985 = VECTOR('',#4986,1.);
#4986 = DIRECTION('',(0.990268068742,-0.13917310096,0.));
#4987 = PCURVE('',#1361,#4988);
#4988 = DEFINITIONAL_REPRESENTATION('',(#4989),#4993);
#4989 = LINE('',#4990,#4991);
#4990 = CARTESIAN_POINT('',(-207.518,-0.));
#4991 = VECTOR('',#4992,1.);
#4992 = DIRECTION('',(1.,0.));
#4993 = ( GEOMETRIC_REPRESENTATION_CONTEXT(2) 
PARAMETRIC_REPRESENTATION_CONTEXT() REPRESENTATION_CONTEXT('2D SPACE',''
  ) );
#4994 = PCURVE('',#3609,#4995);
#4995 = DEFINITIONAL_REPRESENTATION('',(#4996),#5000);
#4996 = LINE('',#4997,#4998);
#4997 = CARTESIAN_POINT('',(-251.5280894603,35.349967643857));
#4998 = VECTOR('',#4999,1.);
#4999 = DIRECTION('',(0.990268068742,-0.13917310096));
#5000 = ( GEOMETRIC_REPRESENTATION_CONTEXT(2) 
PARAMETRIC_REPRESENTATION_CONTEXT() REPRESENTATION_CONTEXT('2D SPACE',''
  ) );
#5001 = ORIENTED_EDGE('',*,*,#4836,.F.);
#5002 = ORIENTED_EDGE('',*,*,#1345,.F.);
#5003 = ORIENTED_EDGE('',*,*,#3625,.T.);
#5004 = ADVANCED_FACE('',(#5005),#1279,.F.);
#5005 = FACE_BOUND('',#5006,.T.);
#5006 = EDGE_LOOP('',(#5007,#5008,#5035,#5057,#5080,#5100));
#5007 = ORIENTED_EDGE('',*,*,#4956,.T.);
#5008 = ORIENTED_EDGE('',*,*,#5009,.T.);
#5009 = EDGE_CURVE('',#4934,#5010,#5012,.T.);
#5010 = VERTEX_POINT('',#5011);
#5011 = CARTESIAN_POINT('',(-23.68500020203,-39.84285047123,-11.43));
#5012 = SURFACE_CURVE('',#5013,(#5018,#5024),.PCURVE_S1.);
#5013 = CIRCLE('',#5014,46.482);
#5014 = AXIS2_PLACEMENT_3D('',#5015,#5016,#5017);
#5015 = CARTESIAN_POINT('',(-47.625,0.,-11.43));
#5016 = DIRECTION('',(0.,0.,-1.));
#5017 = DIRECTION('',(0.990268068742,-0.13917310096,0.));
#5018 = PCURVE('',#1279,#5019);
#5019 = DEFINITIONAL_REPRESENTATION('',(#5020),#5023);
#5020 = B_SPLINE_CURVE_WITH_KNOTS('',1,(#5021,#5022),.UNSPECIFIED.,.F.,
  .F.,(2,2),(0.,0.890117918517),.PIECEWISE_BEZIER_KNOTS.);
#5021 = CARTESIAN_POINT('',(-6.14355896702,0.));
#5022 = CARTESIAN_POINT('',(-5.253441048503,0.));
#5023 = ( GEOMETRIC_REPRESENTATION_CONTEXT(2) 
PARAMETRIC_REPRESENTATION_CONTEXT() REPRESENTATION_CONTEXT('2D SPACE',''
  ) );
#5024 = PCURVE('',#3743,#5025);
#5025 = DEFINITIONAL_REPRESENTATION('',(#5026),#5034);
#5026 = ( BOUNDED_CURVE() B_SPLINE_CURVE(2,(#5027,#5028,#5029,#5030,
#5031,#5032,#5033),.UNSPECIFIED.,.T.,.F.) B_SPLINE_CURVE_WITH_KNOTS((1,2
    ,2,2,2,1),(-2.094395102393,0.,2.094395102393,4.188790204786,
6.28318530718,8.377580409573),.UNSPECIFIED.) CURVE() 
GEOMETRIC_REPRESENTATION_ITEM() RATIONAL_B_SPLINE_CURVE((1.,0.5,1.,0.5,
1.,0.5,1.)) REPRESENTATION_ITEM('') );
#5027 = CARTESIAN_POINT('',(46.029640371246,-6.469044078827));
#5028 = CARTESIAN_POINT('',(34.824927350315,-86.19471985594));
#5029 = CARTESIAN_POINT('',(-28.61717669608,-36.62831584914));
#5030 = CARTESIAN_POINT('',(-92.05928074249,12.938088157653));
#5031 = CARTESIAN_POINT('',(-17.41246367515,43.097359927974));
#5032 = CARTESIAN_POINT('',(57.234353392176,73.256631698294));
#5033 = CARTESIAN_POINT('',(46.029640371246,-6.469044078827));
#5034 = ( GEOMETRIC_REPRESENTATION_CONTEXT(2) 
PARAMETRIC_REPRESENTATION_CONTEXT() REPRESENTATION_CONTEXT('2D SPACE',''
  ) );
#5035 = ORIENTED_EDGE('',*,*,#5036,.T.);
#5036 = EDGE_CURVE('',#5010,#5037,#5039,.T.);
#5037 = VERTEX_POINT('',#5038);
#5038 = CARTESIAN_POINT('',(-23.68500020203,-39.84285047123,-6.223));
#5039 = SURFACE_CURVE('',#5040,(#5044,#5050),.PCURVE_S1.);
#5040 = LINE('',#5041,#5042);
#5041 = CARTESIAN_POINT('',(-23.68500020203,-39.84285047123,-11.43));
#5042 = VECTOR('',#5043,1.);
#5043 = DIRECTION('',(0.,0.,1.));
#5044 = PCURVE('',#1279,#5045);
#5045 = DEFINITIONAL_REPRESENTATION('',(#5046),#5049);
#5046 = B_SPLINE_CURVE_WITH_KNOTS('',1,(#5047,#5048),.UNSPECIFIED.,.F.,
  .F.,(2,2),(0.,5.207),.PIECEWISE_BEZIER_KNOTS.);
#5047 = CARTESIAN_POINT('',(-5.253441048503,0.));
#5048 = CARTESIAN_POINT('',(-5.253441048503,-5.207));
#5049 = ( GEOMETRIC_REPRESENTATION_CONTEXT(2) 
PARAMETRIC_REPRESENTATION_CONTEXT() REPRESENTATION_CONTEXT('2D SPACE',''
  ) );
#5050 = PCURVE('',#3715,#5051);
#5051 = DEFINITIONAL_REPRESENTATION('',(#5052),#5056);
#5052 = LINE('',#5053,#5054);
#5053 = CARTESIAN_POINT('',(6.35,0.));
#5054 = VECTOR('',#5055,1.);
#5055 = DIRECTION('',(0.,-1.));
#5056 = ( GEOMETRIC_REPRESENTATION_CONTEXT(2) 
PARAMETRIC_REPRESENTATION_CONTEXT() REPRESENTATION_CONTEXT('2D SPACE',''
  ) );
#5057 = ORIENTED_EDGE('',*,*,#5058,.T.);
#5058 = EDGE_CURVE('',#5037,#5059,#5061,.T.);
#5059 = VERTEX_POINT('',#5060);
#5060 = CARTESIAN_POINT('',(-8.206028394457,-24.63170724008,-6.223));
#5061 = SURFACE_CURVE('',#5062,(#5067,#5073),.PCURVE_S1.);
#5062 = CIRCLE('',#5063,46.482);
#5063 = AXIS2_PLACEMENT_3D('',#5064,#5065,#5066);
#5064 = CARTESIAN_POINT('',(-47.625,0.,-6.223));
#5065 = DIRECTION('',(0.,0.,1.));
#5066 = DIRECTION('',(1.,0.,-0.));
#5067 = PCURVE('',#1279,#5068);
#5068 = DEFINITIONAL_REPRESENTATION('',(#5069),#5072);
#5069 = B_SPLINE_CURVE_WITH_KNOTS('',1,(#5070,#5071),.UNSPECIFIED.,.F.,
  .F.,(2,2),(5.253441048503,5.724679946541),.PIECEWISE_BEZIER_KNOTS.);
#5070 = CARTESIAN_POINT('',(-5.253441048503,-5.207));
#5071 = CARTESIAN_POINT('',(-5.724679946541,-5.207));
#5072 = ( GEOMETRIC_REPRESENTATION_CONTEXT(2) 
PARAMETRIC_REPRESENTATION_CONTEXT() REPRESENTATION_CONTEXT('2D SPACE',''
  ) );
#5073 = PCURVE('',#3684,#5074);
#5074 = DEFINITIONAL_REPRESENTATION('',(#5075),#5079);
#5075 = CIRCLE('',#5076,46.482);
#5076 = AXIS2_PLACEMENT_2D('',#5077,#5078);
#5077 = CARTESIAN_POINT('',(0.,-5.219946054012E-15));
#5078 = DIRECTION('',(1.,0.));
#5079 = ( GEOMETRIC_REPRESENTATION_CONTEXT(2) 
PARAMETRIC_REPRESENTATION_CONTEXT() REPRESENTATION_CONTEXT('2D SPACE',''
  ) );
#5080 = ORIENTED_EDGE('',*,*,#5081,.T.);
#5081 = EDGE_CURVE('',#5059,#1259,#5082,.T.);
#5082 = SURFACE_CURVE('',#5083,(#5087,#5093),.PCURVE_S1.);
#5083 = LINE('',#5084,#5085);
#5084 = CARTESIAN_POINT('',(-8.206028394458,-24.63170724008,-11.43));
#5085 = VECTOR('',#5086,1.);
#5086 = DIRECTION('',(0.,0.,1.));
#5087 = PCURVE('',#1279,#5088);
#5088 = DEFINITIONAL_REPRESENTATION('',(#5089),#5092);
#5089 = B_SPLINE_CURVE_WITH_KNOTS('',1,(#5090,#5091),.UNSPECIFIED.,.F.,
  .F.,(2,2),(5.207,14.7828),.PIECEWISE_BEZIER_KNOTS.);
#5090 = CARTESIAN_POINT('',(-5.724679946541,-5.207));
#5091 = CARTESIAN_POINT('',(-5.724679946541,-14.7828));
#5092 = ( GEOMETRIC_REPRESENTATION_CONTEXT(2) 
PARAMETRIC_REPRESENTATION_CONTEXT() REPRESENTATION_CONTEXT('2D SPACE',''
  ) );
#5093 = PCURVE('',#1306,#5094);
#5094 = DEFINITIONAL_REPRESENTATION('',(#5095),#5099);
#5095 = LINE('',#5096,#5097);
#5096 = CARTESIAN_POINT('',(6.35,0.));
#5097 = VECTOR('',#5098,1.);
#5098 = DIRECTION('',(0.,-1.));
#5099 = ( GEOMETRIC_REPRESENTATION_CONTEXT(2) 
PARAMETRIC_REPRESENTATION_CONTEXT() REPRESENTATION_CONTEXT('2D SPACE',''
  ) );
#5100 = ORIENTED_EDGE('',*,*,#1258,.F.);
#5101 = ADVANCED_FACE('',(#5102),#1306,.T.);
#5102 = FACE_BOUND('',#5103,.T.);
#5103 = EDGE_LOOP('',(#5104,#5125,#5126,#5127));
#5104 = ORIENTED_EDGE('',*,*,#5105,.F.);
#5105 = EDGE_CURVE('',#3647,#5059,#5106,.T.);
#5106 = SURFACE_CURVE('',#5107,(#5111,#5118),.PCURVE_S1.);
#5107 = LINE('',#5108,#5109);
#5108 = CARTESIAN_POINT('',(-30.60806690252,-10.6333599561,-6.223));
#5109 = VECTOR('',#5110,1.);
#5110 = DIRECTION('',(0.848048096156,-0.529919264233,0.));
#5111 = PCURVE('',#1306,#5112);
#5112 = DEFINITIONAL_REPRESENTATION('',(#5113),#5117);
#5113 = LINE('',#5114,#5115);
#5114 = CARTESIAN_POINT('',(-20.066,-5.207));
#5115 = VECTOR('',#5116,1.);
#5116 = DIRECTION('',(1.,0.));
#5117 = ( GEOMETRIC_REPRESENTATION_CONTEXT(2) 
PARAMETRIC_REPRESENTATION_CONTEXT() REPRESENTATION_CONTEXT('2D SPACE',''
  ) );
#5118 = PCURVE('',#3684,#5119);
#5119 = DEFINITIONAL_REPRESENTATION('',(#5120),#5124);
#5120 = LINE('',#5121,#5122);
#5121 = CARTESIAN_POINT('',(17.016933097475,-10.6333599561));
#5122 = VECTOR('',#5123,1.);
#5123 = DIRECTION('',(0.848048096156,-0.529919264233));
#5124 = ( GEOMETRIC_REPRESENTATION_CONTEXT(2) 
PARAMETRIC_REPRESENTATION_CONTEXT() REPRESENTATION_CONTEXT('2D SPACE',''
  ) );
#5125 = ORIENTED_EDGE('',*,*,#3646,.F.);
#5126 = ORIENTED_EDGE('',*,*,#1290,.F.);
#5127 = ORIENTED_EDGE('',*,*,#5081,.F.);
#5128 = ADVANCED_FACE('',(#5129),#1678,.T.);
#5129 = FACE_BOUND('',#5130,.T.);
#5130 = EDGE_LOOP('',(#5131,#5154,#5155,#5156));
#5131 = ORIENTED_EDGE('',*,*,#5132,.F.);
#5132 = EDGE_CURVE('',#3087,#5133,#5135,.T.);
#5133 = VERTEX_POINT('',#5134);
#5134 = CARTESIAN_POINT('',(8.206028394457,24.631707240088,-6.223));
#5135 = SURFACE_CURVE('',#5136,(#5140,#5147),.PCURVE_S1.);
#5136 = LINE('',#5137,#5138);
#5137 = CARTESIAN_POINT('',(30.608066902525,10.633359956103,-6.223));
#5138 = VECTOR('',#5139,1.);
#5139 = DIRECTION('',(-0.848048096156,0.529919264233,0.));
#5140 = PCURVE('',#1678,#5141);
#5141 = DEFINITIONAL_REPRESENTATION('',(#5142),#5146);
#5142 = LINE('',#5143,#5144);
#5143 = CARTESIAN_POINT('',(-20.066,-5.207));
#5144 = VECTOR('',#5145,1.);
#5145 = DIRECTION('',(1.,0.));
#5146 = ( GEOMETRIC_REPRESENTATION_CONTEXT(2) 
PARAMETRIC_REPRESENTATION_CONTEXT() REPRESENTATION_CONTEXT('2D SPACE',''
  ) );
#5147 = PCURVE('',#3124,#5148);
#5148 = DEFINITIONAL_REPRESENTATION('',(#5149),#5153);
#5149 = LINE('',#5150,#5151);
#5150 = CARTESIAN_POINT('',(17.016933097475,-10.6333599561));
#5151 = VECTOR('',#5152,1.);
#5152 = DIRECTION('',(0.848048096156,-0.529919264233));
#5153 = ( GEOMETRIC_REPRESENTATION_CONTEXT(2) 
PARAMETRIC_REPRESENTATION_CONTEXT() REPRESENTATION_CONTEXT('2D SPACE',''
  ) );
#5154 = ORIENTED_EDGE('',*,*,#3086,.F.);
#5155 = ORIENTED_EDGE('',*,*,#1664,.F.);
#5156 = ORIENTED_EDGE('',*,*,#5157,.F.);
#5157 = EDGE_CURVE('',#5133,#1633,#5158,.T.);
#5158 = SURFACE_CURVE('',#5159,(#5163,#5170),.PCURVE_S1.);
#5159 = LINE('',#5160,#5161);
#5160 = CARTESIAN_POINT('',(8.206028394458,24.631707240089,-11.43));
#5161 = VECTOR('',#5162,1.);
#5162 = DIRECTION('',(0.,0.,1.));
#5163 = PCURVE('',#1678,#5164);
#5164 = DEFINITIONAL_REPRESENTATION('',(#5165),#5169);
#5165 = LINE('',#5166,#5167);
#5166 = CARTESIAN_POINT('',(6.35,0.));
#5167 = VECTOR('',#5168,1.);
#5168 = DIRECTION('',(0.,-1.));
#5169 = ( GEOMETRIC_REPRESENTATION_CONTEXT(2) 
PARAMETRIC_REPRESENTATION_CONTEXT() REPRESENTATION_CONTEXT('2D SPACE',''
  ) );
#5170 = PCURVE('',#1653,#5171);
#5171 = DEFINITIONAL_REPRESENTATION('',(#5172),#5175);
#5172 = B_SPLINE_CURVE_WITH_KNOTS('',1,(#5173,#5174),.UNSPECIFIED.,.F.,
  .F.,(2,2),(5.207,14.7828),.PIECEWISE_BEZIER_KNOTS.);
#5173 = CARTESIAN_POINT('',(-5.724679946541,-5.207));
#5174 = CARTESIAN_POINT('',(-5.724679946541,-14.7828));
#5175 = ( GEOMETRIC_REPRESENTATION_CONTEXT(2) 
PARAMETRIC_REPRESENTATION_CONTEXT() REPRESENTATION_CONTEXT('2D SPACE',''
  ) );
#5176 = ADVANCED_FACE('',(#5177),#1653,.F.);
#5177 = FACE_BOUND('',#5178,.T.);
#5178 = EDGE_LOOP('',(#5179,#5201,#5228,#5250,#5271,#5272));
#5179 = ORIENTED_EDGE('',*,*,#5180,.T.);
#5180 = EDGE_CURVE('',#1605,#5181,#5183,.T.);
#5181 = VERTEX_POINT('',#5182);
#5182 = CARTESIAN_POINT('',(1.595359628754,6.469044078827,-11.43));
#5183 = SURFACE_CURVE('',#5184,(#5188,#5194),.PCURVE_S1.);
#5184 = LINE('',#5185,#5186);
#5185 = CARTESIAN_POINT('',(1.595359628754,6.469044078827,5.8928));
#5186 = VECTOR('',#5187,1.);
#5187 = DIRECTION('',(-0.,0.,-1.));
#5188 = PCURVE('',#1653,#5189);
#5189 = DEFINITIONAL_REPRESENTATION('',(#5190),#5193);
#5190 = B_SPLINE_CURVE_WITH_KNOTS('',1,(#5191,#5192),.UNSPECIFIED.,.F.,
  .F.,(2,2),(2.54,17.3228),.PIECEWISE_BEZIER_KNOTS.);
#5191 = CARTESIAN_POINT('',(-6.14355896702,-14.7828));
#5192 = CARTESIAN_POINT('',(-6.14355896702,0.));
#5193 = ( GEOMETRIC_REPRESENTATION_CONTEXT(2) 
PARAMETRIC_REPRESENTATION_CONTEXT() REPRESENTATION_CONTEXT('2D SPACE',''
  ) );
#5194 = PCURVE('',#1620,#5195);
#5195 = DEFINITIONAL_REPRESENTATION('',(#5196),#5200);
#5196 = LINE('',#5197,#5198);
#5197 = CARTESIAN_POINT('',(-6.214388538868E-14,-17.3228));
#5198 = VECTOR('',#5199,1.);
#5199 = DIRECTION('',(0.,1.));
#5200 = ( GEOMETRIC_REPRESENTATION_CONTEXT(2) 
PARAMETRIC_REPRESENTATION_CONTEXT() REPRESENTATION_CONTEXT('2D SPACE',''
  ) );
#5201 = ORIENTED_EDGE('',*,*,#5202,.T.);
#5202 = EDGE_CURVE('',#5181,#5203,#5205,.T.);
#5203 = VERTEX_POINT('',#5204);
#5204 = CARTESIAN_POINT('',(23.685000202032,39.842850471236,-11.43));
#5205 = SURFACE_CURVE('',#5206,(#5211,#5217),.PCURVE_S1.);
#5206 = CIRCLE('',#5207,46.482);
#5207 = AXIS2_PLACEMENT_3D('',#5208,#5209,#5210);
#5208 = CARTESIAN_POINT('',(47.625,7.88860905221E-31,-11.43));
#5209 = DIRECTION('',(-0.,0.,-1.));
#5210 = DIRECTION('',(-0.990268068742,0.13917310096,0.));
#5211 = PCURVE('',#1653,#5212);
#5212 = DEFINITIONAL_REPRESENTATION('',(#5213),#5216);
#5213 = B_SPLINE_CURVE_WITH_KNOTS('',1,(#5214,#5215),.UNSPECIFIED.,.F.,
  .F.,(2,2),(0.,0.890117918517),.PIECEWISE_BEZIER_KNOTS.);
#5214 = CARTESIAN_POINT('',(-6.14355896702,0.));
#5215 = CARTESIAN_POINT('',(-5.253441048503,0.));
#5216 = ( GEOMETRIC_REPRESENTATION_CONTEXT(2) 
PARAMETRIC_REPRESENTATION_CONTEXT() REPRESENTATION_CONTEXT('2D SPACE',''
  ) );
#5217 = PCURVE('',#3183,#5218);
#5218 = DEFINITIONAL_REPRESENTATION('',(#5219),#5227);
#5219 = ( BOUNDED_CURVE() B_SPLINE_CURVE(2,(#5220,#5221,#5222,#5223,
#5224,#5225,#5226),.UNSPECIFIED.,.T.,.F.) B_SPLINE_CURVE_WITH_KNOTS((1,2
    ,2,2,2,1),(-2.094395102393,0.,2.094395102393,4.188790204786,
6.28318530718,8.377580409573),.UNSPECIFIED.) CURVE() 
GEOMETRIC_REPRESENTATION_ITEM() RATIONAL_B_SPLINE_CURVE((1.,0.5,1.,0.5,
1.,0.5,1.)) REPRESENTATION_ITEM('') );
#5220 = CARTESIAN_POINT('',(46.029640371246,-6.469044078827));
#5221 = CARTESIAN_POINT('',(34.824927350315,-86.19471985594));
#5222 = CARTESIAN_POINT('',(-28.61717669608,-36.62831584914));
#5223 = CARTESIAN_POINT('',(-92.05928074249,12.938088157653));
#5224 = CARTESIAN_POINT('',(-17.41246367515,43.097359927974));
#5225 = CARTESIAN_POINT('',(57.234353392176,73.256631698294));
#5226 = CARTESIAN_POINT('',(46.029640371246,-6.469044078827));
#5227 = ( GEOMETRIC_REPRESENTATION_CONTEXT(2) 
PARAMETRIC_REPRESENTATION_CONTEXT() REPRESENTATION_CONTEXT('2D SPACE',''
  ) );
#5228 = ORIENTED_EDGE('',*,*,#5229,.T.);
#5229 = EDGE_CURVE('',#5203,#5230,#5232,.T.);
#5230 = VERTEX_POINT('',#5231);
#5231 = CARTESIAN_POINT('',(23.685000202032,39.842850471236,-6.223));
#5232 = SURFACE_CURVE('',#5233,(#5237,#5243),.PCURVE_S1.);
#5233 = LINE('',#5234,#5235);
#5234 = CARTESIAN_POINT('',(23.685000202032,39.842850471236,-11.43));
#5235 = VECTOR('',#5236,1.);
#5236 = DIRECTION('',(0.,0.,1.));
#5237 = PCURVE('',#1653,#5238);
#5238 = DEFINITIONAL_REPRESENTATION('',(#5239),#5242);
#5239 = B_SPLINE_CURVE_WITH_KNOTS('',1,(#5240,#5241),.UNSPECIFIED.,.F.,
  .F.,(2,2),(0.,5.207),.PIECEWISE_BEZIER_KNOTS.);
#5240 = CARTESIAN_POINT('',(-5.253441048503,0.));
#5241 = CARTESIAN_POINT('',(-5.253441048503,-5.207));
#5242 = ( GEOMETRIC_REPRESENTATION_CONTEXT(2) 
PARAMETRIC_REPRESENTATION_CONTEXT() REPRESENTATION_CONTEXT('2D SPACE',''
  ) );
#5243 = PCURVE('',#3155,#5244);
#5244 = DEFINITIONAL_REPRESENTATION('',(#5245),#5249);
#5245 = LINE('',#5246,#5247);
#5246 = CARTESIAN_POINT('',(6.35,0.));
#5247 = VECTOR('',#5248,1.);
#5248 = DIRECTION('',(0.,-1.));
#5249 = ( GEOMETRIC_REPRESENTATION_CONTEXT(2) 
PARAMETRIC_REPRESENTATION_CONTEXT() REPRESENTATION_CONTEXT('2D SPACE',''
  ) );
#5250 = ORIENTED_EDGE('',*,*,#5251,.T.);
#5251 = EDGE_CURVE('',#5230,#5133,#5252,.T.);
#5252 = SURFACE_CURVE('',#5253,(#5258,#5264),.PCURVE_S1.);
#5253 = CIRCLE('',#5254,46.482);
#5254 = AXIS2_PLACEMENT_3D('',#5255,#5256,#5257);
#5255 = CARTESIAN_POINT('',(47.625,7.88860905221E-31,-6.223));
#5256 = DIRECTION('',(0.,0.,1.));
#5257 = DIRECTION('',(-1.,1.224646799147E-16,0.));
#5258 = PCURVE('',#1653,#5259);
#5259 = DEFINITIONAL_REPRESENTATION('',(#5260),#5263);
#5260 = B_SPLINE_CURVE_WITH_KNOTS('',1,(#5261,#5262),.UNSPECIFIED.,.F.,
  .F.,(2,2),(5.253441048503,5.724679946541),.PIECEWISE_BEZIER_KNOTS.);
#5261 = CARTESIAN_POINT('',(-5.253441048503,-5.207));
#5262 = CARTESIAN_POINT('',(-5.724679946541,-5.207));
#5263 = ( GEOMETRIC_REPRESENTATION_CONTEXT(2) 
PARAMETRIC_REPRESENTATION_CONTEXT() REPRESENTATION_CONTEXT('2D SPACE',''
  ) );
#5264 = PCURVE('',#3124,#5265);
#5265 = DEFINITIONAL_REPRESENTATION('',(#5266),#5270);
#5266 = CIRCLE('',#5267,46.482);
#5267 = AXIS2_PLACEMENT_2D('',#5268,#5269);
#5268 = CARTESIAN_POINT('',(0.,-5.219946054012E-15));
#5269 = DIRECTION('',(1.,0.));
#5270 = ( GEOMETRIC_REPRESENTATION_CONTEXT(2) 
PARAMETRIC_REPRESENTATION_CONTEXT() REPRESENTATION_CONTEXT('2D SPACE',''
  ) );
#5271 = ORIENTED_EDGE('',*,*,#5157,.T.);
#5272 = ORIENTED_EDGE('',*,*,#1632,.F.);
#5273 = ADVANCED_FACE('',(#5274),#1620,.T.);
#5274 = FACE_BOUND('',#5275,.T.);
#5275 = EDGE_LOOP('',(#5276,#5297,#5298,#5299));
#5276 = ORIENTED_EDGE('',*,*,#5277,.F.);
#5277 = EDGE_CURVE('',#5181,#3168,#5278,.T.);
#5278 = SURFACE_CURVE('',#5279,(#5283,#5290),.PCURVE_S1.);
#5279 = LINE('',#5280,#5281);
#5280 = CARTESIAN_POINT('',(-203.9030894603,35.349967643857,-11.43));
#5281 = VECTOR('',#5282,1.);
#5282 = DIRECTION('',(0.990268068742,-0.13917310096,0.));
#5283 = PCURVE('',#1620,#5284);
#5284 = DEFINITIONAL_REPRESENTATION('',(#5285),#5289);
#5285 = LINE('',#5286,#5287);
#5286 = CARTESIAN_POINT('',(-207.518,0.));
#5287 = VECTOR('',#5288,1.);
#5288 = DIRECTION('',(1.,0.));
#5289 = ( GEOMETRIC_REPRESENTATION_CONTEXT(2) 
PARAMETRIC_REPRESENTATION_CONTEXT() REPRESENTATION_CONTEXT('2D SPACE',''
  ) );
#5290 = PCURVE('',#3183,#5291);
#5291 = DEFINITIONAL_REPRESENTATION('',(#5292),#5296);
#5292 = LINE('',#5293,#5294);
#5293 = CARTESIAN_POINT('',(251.52808946035,-35.34996764385));
#5294 = VECTOR('',#5295,1.);
#5295 = DIRECTION('',(-0.990268068742,0.13917310096));
#5296 = ( GEOMETRIC_REPRESENTATION_CONTEXT(2) 
PARAMETRIC_REPRESENTATION_CONTEXT() REPRESENTATION_CONTEXT('2D SPACE',''
  ) );
#5297 = ORIENTED_EDGE('',*,*,#5180,.F.);
#5298 = ORIENTED_EDGE('',*,*,#1604,.F.);
#5299 = ORIENTED_EDGE('',*,*,#3199,.T.);
#5300 = ADVANCED_FACE('',(#5301),#1565,.T.);
#5301 = FACE_BOUND('',#5302,.T.);
#5302 = EDGE_LOOP('',(#5303,#5326,#5327,#5328));
#5303 = ORIENTED_EDGE('',*,*,#5304,.F.);
#5304 = EDGE_CURVE('',#3221,#5305,#5307,.T.);
#5305 = VERTEX_POINT('',#5306);
#5306 = CARTESIAN_POINT('',(87.043971605543,-24.63170724008,-6.223));
#5307 = SURFACE_CURVE('',#5308,(#5312,#5319),.PCURVE_S1.);
#5308 = LINE('',#5309,#5310);
#5309 = CARTESIAN_POINT('',(64.641933097475,-10.6333599561,-6.223));
#5310 = VECTOR('',#5311,1.);
#5311 = DIRECTION('',(0.848048096156,-0.529919264233,0.));
#5312 = PCURVE('',#1565,#5313);
#5313 = DEFINITIONAL_REPRESENTATION('',(#5314),#5318);
#5314 = LINE('',#5315,#5316);
#5315 = CARTESIAN_POINT('',(-20.066,-5.207));
#5316 = VECTOR('',#5317,1.);
#5317 = DIRECTION('',(1.,0.));
#5318 = ( GEOMETRIC_REPRESENTATION_CONTEXT(2) 
PARAMETRIC_REPRESENTATION_CONTEXT() REPRESENTATION_CONTEXT('2D SPACE',''
  ) );
#5319 = PCURVE('',#3258,#5320);
#5320 = DEFINITIONAL_REPRESENTATION('',(#5321),#5325);
#5321 = LINE('',#5322,#5323);
#5322 = CARTESIAN_POINT('',(-17.01693309747,10.633359956103));
#5323 = VECTOR('',#5324,1.);
#5324 = DIRECTION('',(-0.848048096156,0.529919264233));
#5325 = ( GEOMETRIC_REPRESENTATION_CONTEXT(2) 
PARAMETRIC_REPRESENTATION_CONTEXT() REPRESENTATION_CONTEXT('2D SPACE',''
  ) );
#5326 = ORIENTED_EDGE('',*,*,#3220,.F.);
#5327 = ORIENTED_EDGE('',*,*,#1549,.F.);
#5328 = ORIENTED_EDGE('',*,*,#5329,.F.);
#5329 = EDGE_CURVE('',#5305,#1518,#5330,.T.);
#5330 = SURFACE_CURVE('',#5331,(#5335,#5342),.PCURVE_S1.);
#5331 = LINE('',#5332,#5333);
#5332 = CARTESIAN_POINT('',(87.043971605542,-24.63170724008,-11.43));
#5333 = VECTOR('',#5334,1.);
#5334 = DIRECTION('',(0.,0.,1.));
#5335 = PCURVE('',#1565,#5336);
#5336 = DEFINITIONAL_REPRESENTATION('',(#5337),#5341);
#5337 = LINE('',#5338,#5339);
#5338 = CARTESIAN_POINT('',(6.35,0.));
#5339 = VECTOR('',#5340,1.);
#5340 = DIRECTION('',(0.,-1.));
#5341 = ( GEOMETRIC_REPRESENTATION_CONTEXT(2) 
PARAMETRIC_REPRESENTATION_CONTEXT() REPRESENTATION_CONTEXT('2D SPACE',''
  ) );
#5342 = PCURVE('',#1538,#5343);
#5343 = DEFINITIONAL_REPRESENTATION('',(#5344),#5347);
#5344 = B_SPLINE_CURVE_WITH_KNOTS('',1,(#5345,#5346),.UNSPECIFIED.,.F.,
  .F.,(2,2),(5.207,14.7828),.PIECEWISE_BEZIER_KNOTS.);
#5345 = CARTESIAN_POINT('',(-2.583087292952,-5.207));
#5346 = CARTESIAN_POINT('',(-2.583087292952,-14.7828));
#5347 = ( GEOMETRIC_REPRESENTATION_CONTEXT(2) 
PARAMETRIC_REPRESENTATION_CONTEXT() REPRESENTATION_CONTEXT('2D SPACE',''
  ) );
#5348 = ADVANCED_FACE('',(#5349),#1538,.F.);
#5349 = FACE_BOUND('',#5350,.T.);
#5350 = EDGE_LOOP('',(#5351,#5373,#5400,#5422,#5443,#5444));
#5351 = ORIENTED_EDGE('',*,*,#5352,.T.);
#5352 = EDGE_CURVE('',#1490,#5353,#5355,.T.);
#5353 = VERTEX_POINT('',#5354);
#5354 = CARTESIAN_POINT('',(93.654640371246,-6.469044078826,-11.43));
#5355 = SURFACE_CURVE('',#5356,(#5360,#5366),.PCURVE_S1.);
#5356 = LINE('',#5357,#5358);
#5357 = CARTESIAN_POINT('',(93.654640371246,-6.469044078826,5.8928));
#5358 = VECTOR('',#5359,1.);
#5359 = DIRECTION('',(-0.,0.,-1.));
#5360 = PCURVE('',#1538,#5361);
#5361 = DEFINITIONAL_REPRESENTATION('',(#5362),#5365);
#5362 = B_SPLINE_CURVE_WITH_KNOTS('',1,(#5363,#5364),.UNSPECIFIED.,.F.,
  .F.,(2,2),(2.54,17.3228),.PIECEWISE_BEZIER_KNOTS.);
#5363 = CARTESIAN_POINT('',(-3.00196631343,-14.7828));
#5364 = CARTESIAN_POINT('',(-3.00196631343,0.));
#5365 = ( GEOMETRIC_REPRESENTATION_CONTEXT(2) 
PARAMETRIC_REPRESENTATION_CONTEXT() REPRESENTATION_CONTEXT('2D SPACE',''
  ) );
#5366 = PCURVE('',#1505,#5367);
#5367 = DEFINITIONAL_REPRESENTATION('',(#5368),#5372);
#5368 = LINE('',#5369,#5370);
#5369 = CARTESIAN_POINT('',(-1.431977674374E-14,-17.3228));
#5370 = VECTOR('',#5371,1.);
#5371 = DIRECTION('',(0.,1.));
#5372 = ( GEOMETRIC_REPRESENTATION_CONTEXT(2) 
PARAMETRIC_REPRESENTATION_CONTEXT() REPRESENTATION_CONTEXT('2D SPACE',''
  ) );
#5373 = ORIENTED_EDGE('',*,*,#5374,.T.);
#5374 = EDGE_CURVE('',#5353,#5375,#5377,.T.);
#5375 = VERTEX_POINT('',#5376);
#5376 = CARTESIAN_POINT('',(71.564999797968,-39.84285047123,-11.43));
#5377 = SURFACE_CURVE('',#5378,(#5383,#5389),.PCURVE_S1.);
#5378 = CIRCLE('',#5379,46.482);
#5379 = AXIS2_PLACEMENT_3D('',#5380,#5381,#5382);
#5380 = CARTESIAN_POINT('',(47.625,7.88860905221E-31,-11.43));
#5381 = DIRECTION('',(0.,-0.,-1.));
#5382 = DIRECTION('',(0.990268068742,-0.13917310096,0.));
#5383 = PCURVE('',#1538,#5384);
#5384 = DEFINITIONAL_REPRESENTATION('',(#5385),#5388);
#5385 = B_SPLINE_CURVE_WITH_KNOTS('',1,(#5386,#5387),.UNSPECIFIED.,.F.,
  .F.,(2,2),(0.,0.890117918517),.PIECEWISE_BEZIER_KNOTS.);
#5386 = CARTESIAN_POINT('',(-3.00196631343,0.));
#5387 = CARTESIAN_POINT('',(-2.111848394913,0.));
#5388 = ( GEOMETRIC_REPRESENTATION_CONTEXT(2) 
PARAMETRIC_REPRESENTATION_CONTEXT() REPRESENTATION_CONTEXT('2D SPACE',''
  ) );
#5389 = PCURVE('',#3317,#5390);
#5390 = DEFINITIONAL_REPRESENTATION('',(#5391),#5399);
#5391 = ( BOUNDED_CURVE() B_SPLINE_CURVE(2,(#5392,#5393,#5394,#5395,
#5396,#5397,#5398),.UNSPECIFIED.,.T.,.F.) B_SPLINE_CURVE_WITH_KNOTS((1,2
    ,2,2,2,1),(-2.094395102393,0.,2.094395102393,4.188790204786,
6.28318530718,8.377580409573),.UNSPECIFIED.) CURVE() 
GEOMETRIC_REPRESENTATION_ITEM() RATIONAL_B_SPLINE_CURVE((1.,0.5,1.,0.5,
1.,0.5,1.)) REPRESENTATION_ITEM('') );
#5392 = CARTESIAN_POINT('',(-46.02964037124,6.469044078826));
#5393 = CARTESIAN_POINT('',(-34.82492735031,86.194719855947));
#5394 = CARTESIAN_POINT('',(28.617176696088,36.628315849147));
#5395 = CARTESIAN_POINT('',(92.059280742491,-12.93808815765));
#5396 = CARTESIAN_POINT('',(17.412463675158,-43.09735992797));
#5397 = CARTESIAN_POINT('',(-57.23435339217,-73.25663169829));
#5398 = CARTESIAN_POINT('',(-46.02964037124,6.469044078826));
#5399 = ( GEOMETRIC_REPRESENTATION_CONTEXT(2) 
PARAMETRIC_REPRESENTATION_CONTEXT() REPRESENTATION_CONTEXT('2D SPACE',''
  ) );
#5400 = ORIENTED_EDGE('',*,*,#5401,.T.);
#5401 = EDGE_CURVE('',#5375,#5402,#5404,.T.);
#5402 = VERTEX_POINT('',#5403);
#5403 = CARTESIAN_POINT('',(71.564999797968,-39.84285047123,-6.223));
#5404 = SURFACE_CURVE('',#5405,(#5409,#5415),.PCURVE_S1.);
#5405 = LINE('',#5406,#5407);
#5406 = CARTESIAN_POINT('',(71.564999797968,-39.84285047123,-11.43));
#5407 = VECTOR('',#5408,1.);
#5408 = DIRECTION('',(0.,0.,1.));
#5409 = PCURVE('',#1538,#5410);
#5410 = DEFINITIONAL_REPRESENTATION('',(#5411),#5414);
#5411 = B_SPLINE_CURVE_WITH_KNOTS('',1,(#5412,#5413),.UNSPECIFIED.,.F.,
  .F.,(2,2),(0.,5.207),.PIECEWISE_BEZIER_KNOTS.);
#5412 = CARTESIAN_POINT('',(-2.111848394913,0.));
#5413 = CARTESIAN_POINT('',(-2.111848394913,-5.207));
#5414 = ( GEOMETRIC_REPRESENTATION_CONTEXT(2) 
PARAMETRIC_REPRESENTATION_CONTEXT() REPRESENTATION_CONTEXT('2D SPACE',''
  ) );
#5415 = PCURVE('',#3289,#5416);
#5416 = DEFINITIONAL_REPRESENTATION('',(#5417),#5421);
#5417 = LINE('',#5418,#5419);
#5418 = CARTESIAN_POINT('',(6.35,0.));
#5419 = VECTOR('',#5420,1.);
#5420 = DIRECTION('',(0.,-1.));
#5421 = ( GEOMETRIC_REPRESENTATION_CONTEXT(2) 
PARAMETRIC_REPRESENTATION_CONTEXT() REPRESENTATION_CONTEXT('2D SPACE',''
  ) );
#5422 = ORIENTED_EDGE('',*,*,#5423,.T.);
#5423 = EDGE_CURVE('',#5402,#5305,#5424,.T.);
#5424 = SURFACE_CURVE('',#5425,(#5430,#5436),.PCURVE_S1.);
#5425 = CIRCLE('',#5426,46.482);
#5426 = AXIS2_PLACEMENT_3D('',#5427,#5428,#5429);
#5427 = CARTESIAN_POINT('',(47.625,7.88860905221E-31,-6.223));
#5428 = DIRECTION('',(0.,0.,1.));
#5429 = DIRECTION('',(-1.,1.224646799147E-16,0.));
#5430 = PCURVE('',#1538,#5431);
#5431 = DEFINITIONAL_REPRESENTATION('',(#5432),#5435);
#5432 = B_SPLINE_CURVE_WITH_KNOTS('',1,(#5433,#5434),.UNSPECIFIED.,.F.,
  .F.,(2,2),(2.111848394913,2.583087292952),.PIECEWISE_BEZIER_KNOTS.);
#5433 = CARTESIAN_POINT('',(-2.111848394913,-5.207));
#5434 = CARTESIAN_POINT('',(-2.583087292952,-5.207));
#5435 = ( GEOMETRIC_REPRESENTATION_CONTEXT(2) 
PARAMETRIC_REPRESENTATION_CONTEXT() REPRESENTATION_CONTEXT('2D SPACE',''
  ) );
#5436 = PCURVE('',#3258,#5437);
#5437 = DEFINITIONAL_REPRESENTATION('',(#5438),#5442);
#5438 = CIRCLE('',#5439,46.482);
#5439 = AXIS2_PLACEMENT_2D('',#5440,#5441);
#5440 = CARTESIAN_POINT('',(0.,-5.219946054012E-15));
#5441 = DIRECTION('',(1.,0.));
#5442 = ( GEOMETRIC_REPRESENTATION_CONTEXT(2) 
PARAMETRIC_REPRESENTATION_CONTEXT() REPRESENTATION_CONTEXT('2D SPACE',''
  ) );
#5443 = ORIENTED_EDGE('',*,*,#5329,.T.);
#5444 = ORIENTED_EDGE('',*,*,#1517,.F.);
#5445 = ADVANCED_FACE('',(#5446),#1505,.T.);
#5446 = FACE_BOUND('',#5447,.T.);
#5447 = EDGE_LOOP('',(#5448,#5469,#5470,#5471));
#5448 = ORIENTED_EDGE('',*,*,#5449,.F.);
#5449 = EDGE_CURVE('',#5353,#3302,#5450,.T.);
#5450 = SURFACE_CURVE('',#5451,(#5455,#5462),.PCURVE_S1.);
#5451 = LINE('',#5452,#5453);
#5452 = CARTESIAN_POINT('',(299.15308946035,-35.34996764385,-11.43));
#5453 = VECTOR('',#5454,1.);
#5454 = DIRECTION('',(-0.990268068742,0.13917310096,0.));
#5455 = PCURVE('',#1505,#5456);
#5456 = DEFINITIONAL_REPRESENTATION('',(#5457),#5461);
#5457 = LINE('',#5458,#5459);
#5458 = CARTESIAN_POINT('',(-207.518,0.));
#5459 = VECTOR('',#5460,1.);
#5460 = DIRECTION('',(1.,0.));
#5461 = ( GEOMETRIC_REPRESENTATION_CONTEXT(2) 
PARAMETRIC_REPRESENTATION_CONTEXT() REPRESENTATION_CONTEXT('2D SPACE',''
  ) );
#5462 = PCURVE('',#3317,#5463);
#5463 = DEFINITIONAL_REPRESENTATION('',(#5464),#5468);
#5464 = LINE('',#5465,#5466);
#5465 = CARTESIAN_POINT('',(-251.5280894603,35.349967643857));
#5466 = VECTOR('',#5467,1.);
#5467 = DIRECTION('',(0.990268068742,-0.13917310096));
#5468 = ( GEOMETRIC_REPRESENTATION_CONTEXT(2) 
PARAMETRIC_REPRESENTATION_CONTEXT() REPRESENTATION_CONTEXT('2D SPACE',''
  ) );
#5469 = ORIENTED_EDGE('',*,*,#5352,.F.);
#5470 = ORIENTED_EDGE('',*,*,#1489,.F.);
#5471 = ORIENTED_EDGE('',*,*,#3333,.T.);
#5472 = ADVANCED_FACE('',(#5473),#1732,.F.);
#5473 = FACE_BOUND('',#5474,.F.);
#5474 = EDGE_LOOP('',(#5475,#5476,#5477,#5478));
#5475 = ORIENTED_EDGE('',*,*,#1875,.F.);
#5476 = ORIENTED_EDGE('',*,*,#1716,.T.);
#5477 = ORIENTED_EDGE('',*,*,#1770,.T.);
#5478 = ORIENTED_EDGE('',*,*,#5479,.F.);
#5479 = EDGE_CURVE('',#1876,#1771,#5480,.T.);
#5480 = SURFACE_CURVE('',#5481,(#5485,#5492),.PCURVE_S1.);
#5481 = LINE('',#5482,#5483);
#5482 = CARTESIAN_POINT('',(-37.1475,-48.72564827685,-18.288));
#5483 = VECTOR('',#5484,1.);
#5484 = DIRECTION('',(-1.,1.224646799147E-16,0.));
#5485 = PCURVE('',#1732,#5486);
#5486 = DEFINITIONAL_REPRESENTATION('',(#5487),#5491);
#5487 = LINE('',#5488,#5489);
#5488 = CARTESIAN_POINT('',(0.,1.651));
#5489 = VECTOR('',#5490,1.);
#5490 = DIRECTION('',(1.,0.));
#5491 = ( GEOMETRIC_REPRESENTATION_CONTEXT(2) 
PARAMETRIC_REPRESENTATION_CONTEXT() REPRESENTATION_CONTEXT('2D SPACE',''
  ) );
#5492 = PCURVE('',#1809,#5493);
#5493 = DEFINITIONAL_REPRESENTATION('',(#5494),#5498);
#5494 = LINE('',#5495,#5496);
#5495 = CARTESIAN_POINT('',(4.013654086172,-17.78));
#5496 = VECTOR('',#5497,1.);
#5497 = DIRECTION('',(0.,1.));
#5498 = ( GEOMETRIC_REPRESENTATION_CONTEXT(2) 
PARAMETRIC_REPRESENTATION_CONTEXT() REPRESENTATION_CONTEXT('2D SPACE',''
  ) );
#5499 = ADVANCED_FACE('',(#5500),#1837,.F.);
#5500 = FACE_BOUND('',#5501,.F.);
#5501 = EDGE_LOOP('',(#5502,#5503,#5504,#5525));
#5502 = ORIENTED_EDGE('',*,*,#1970,.T.);
#5503 = ORIENTED_EDGE('',*,*,#1921,.T.);
#5504 = ORIENTED_EDGE('',*,*,#5505,.F.);
#5505 = EDGE_CURVE('',#1794,#1899,#5506,.T.);
#5506 = SURFACE_CURVE('',#5507,(#5511,#5518),.PCURVE_S1.);
#5507 = LINE('',#5508,#5509);
#5508 = CARTESIAN_POINT('',(-54.9275,-52.324,-16.51));
#5509 = VECTOR('',#5510,1.);
#5510 = DIRECTION('',(1.,-1.224646799147E-16,0.));
#5511 = PCURVE('',#1837,#5512);
#5512 = DEFINITIONAL_REPRESENTATION('',(#5513),#5517);
#5513 = LINE('',#5514,#5515);
#5514 = CARTESIAN_POINT('',(4.71576495634,0.));
#5515 = VECTOR('',#5516,1.);
#5516 = DIRECTION('',(0.,-1.));
#5517 = ( GEOMETRIC_REPRESENTATION_CONTEXT(2) 
PARAMETRIC_REPRESENTATION_CONTEXT() REPRESENTATION_CONTEXT('2D SPACE',''
  ) );
#5518 = PCURVE('',#1809,#5519);
#5519 = DEFINITIONAL_REPRESENTATION('',(#5520),#5524);
#5520 = LINE('',#5521,#5522);
#5521 = CARTESIAN_POINT('',(0.,0.));
#5522 = VECTOR('',#5523,1.);
#5523 = DIRECTION('',(-0.,-1.));
#5524 = ( GEOMETRIC_REPRESENTATION_CONTEXT(2) 
PARAMETRIC_REPRESENTATION_CONTEXT() REPRESENTATION_CONTEXT('2D SPACE',''
  ) );
#5525 = ORIENTED_EDGE('',*,*,#1821,.F.);
#5526 = ADVANCED_FACE('',(#5527),#1809,.F.);
#5527 = FACE_BOUND('',#5528,.F.);
#5528 = EDGE_LOOP('',(#5529,#5530,#5531,#5532));
#5529 = ORIENTED_EDGE('',*,*,#5505,.T.);
#5530 = ORIENTED_EDGE('',*,*,#1898,.T.);
#5531 = ORIENTED_EDGE('',*,*,#5479,.T.);
#5532 = ORIENTED_EDGE('',*,*,#1793,.F.);
#5533 = ADVANCED_FACE('',(#5534),#2035,.F.);
#5534 = FACE_BOUND('',#5535,.F.);
#5535 = EDGE_LOOP('',(#5536,#5537,#5538,#5539));
#5536 = ORIENTED_EDGE('',*,*,#2227,.F.);
#5537 = ORIENTED_EDGE('',*,*,#2019,.T.);
#5538 = ORIENTED_EDGE('',*,*,#2073,.T.);
#5539 = ORIENTED_EDGE('',*,*,#5540,.F.);
#5540 = EDGE_CURVE('',#2228,#2074,#5541,.T.);
#5541 = SURFACE_CURVE('',#5542,(#5546,#5553),.PCURVE_S1.);
#5542 = LINE('',#5543,#5544);
#5543 = CARTESIAN_POINT('',(54.9275,-48.72564827685,-18.288));
#5544 = VECTOR('',#5545,1.);
#5545 = DIRECTION('',(-1.,1.224646799147E-16,0.));
#5546 = PCURVE('',#2035,#5547);
#5547 = DEFINITIONAL_REPRESENTATION('',(#5548),#5552);
#5548 = LINE('',#5549,#5550);
#5549 = CARTESIAN_POINT('',(0.,1.651));
#5550 = VECTOR('',#5551,1.);
#5551 = DIRECTION('',(1.,0.));
#5552 = ( GEOMETRIC_REPRESENTATION_CONTEXT(2) 
PARAMETRIC_REPRESENTATION_CONTEXT() REPRESENTATION_CONTEXT('2D SPACE',''
  ) );
#5553 = PCURVE('',#2112,#5554);
#5554 = DEFINITIONAL_REPRESENTATION('',(#5555),#5559);
#5555 = LINE('',#5556,#5557);
#5556 = CARTESIAN_POINT('',(4.013654086172,-17.78));
#5557 = VECTOR('',#5558,1.);
#5558 = DIRECTION('',(0.,1.));
#5559 = ( GEOMETRIC_REPRESENTATION_CONTEXT(2) 
PARAMETRIC_REPRESENTATION_CONTEXT() REPRESENTATION_CONTEXT('2D SPACE',''
  ) );
#5560 = ADVANCED_FACE('',(#5561),#2140,.F.);
#5561 = FACE_BOUND('',#5562,.F.);
#5562 = EDGE_LOOP('',(#5563,#5564,#5565,#5586));
#5563 = ORIENTED_EDGE('',*,*,#2178,.T.);
#5564 = ORIENTED_EDGE('',*,*,#2273,.T.);
#5565 = ORIENTED_EDGE('',*,*,#5566,.F.);
#5566 = EDGE_CURVE('',#2097,#2251,#5567,.T.);
#5567 = SURFACE_CURVE('',#5568,(#5572,#5579),.PCURVE_S1.);
#5568 = LINE('',#5569,#5570);
#5569 = CARTESIAN_POINT('',(37.1475,-52.324,-16.51));
#5570 = VECTOR('',#5571,1.);
#5571 = DIRECTION('',(1.,-1.224646799147E-16,0.));
#5572 = PCURVE('',#2140,#5573);
#5573 = DEFINITIONAL_REPRESENTATION('',(#5574),#5578);
#5574 = LINE('',#5575,#5576);
#5575 = CARTESIAN_POINT('',(4.71576495634,0.));
#5576 = VECTOR('',#5577,1.);
#5577 = DIRECTION('',(0.,-1.));
#5578 = ( GEOMETRIC_REPRESENTATION_CONTEXT(2) 
PARAMETRIC_REPRESENTATION_CONTEXT() REPRESENTATION_CONTEXT('2D SPACE',''
  ) );
#5579 = PCURVE('',#2112,#5580);
#5580 = DEFINITIONAL_REPRESENTATION('',(#5581),#5585);
#5581 = LINE('',#5582,#5583);
#5582 = CARTESIAN_POINT('',(0.,0.));
#5583 = VECTOR('',#5584,1.);
#5584 = DIRECTION('',(-0.,-1.));
#5585 = ( GEOMETRIC_REPRESENTATION_CONTEXT(2) 
PARAMETRIC_REPRESENTATION_CONTEXT() REPRESENTATION_CONTEXT('2D SPACE',''
  ) );
#5586 = ORIENTED_EDGE('',*,*,#2124,.F.);
#5587 = ADVANCED_FACE('',(#5588),#2112,.F.);
#5588 = FACE_BOUND('',#5589,.F.);
#5589 = EDGE_LOOP('',(#5590,#5591,#5592,#5593));
#5590 = ORIENTED_EDGE('',*,*,#5566,.T.);
#5591 = ORIENTED_EDGE('',*,*,#2250,.T.);
#5592 = ORIENTED_EDGE('',*,*,#5540,.T.);
#5593 = ORIENTED_EDGE('',*,*,#2096,.F.);
#5594 = ADVANCED_FACE('',(#5595),#2338,.F.);
#5595 = FACE_BOUND('',#5596,.F.);
#5596 = EDGE_LOOP('',(#5597,#5598,#5599,#5600));
#5597 = ORIENTED_EDGE('',*,*,#2481,.F.);
#5598 = ORIENTED_EDGE('',*,*,#2322,.T.);
#5599 = ORIENTED_EDGE('',*,*,#2376,.T.);
#5600 = ORIENTED_EDGE('',*,*,#5601,.F.);
#5601 = EDGE_CURVE('',#2482,#2377,#5602,.T.);
#5602 = SURFACE_CURVE('',#5603,(#5607,#5614),.PCURVE_S1.);
#5603 = LINE('',#5604,#5605);
#5604 = CARTESIAN_POINT('',(-54.9275,48.725648276857,-18.288));
#5605 = VECTOR('',#5606,1.);
#5606 = DIRECTION('',(1.,0.,0.));
#5607 = PCURVE('',#2338,#5608);
#5608 = DEFINITIONAL_REPRESENTATION('',(#5609),#5613);
#5609 = LINE('',#5610,#5611);
#5610 = CARTESIAN_POINT('',(0.,1.651));
#5611 = VECTOR('',#5612,1.);
#5612 = DIRECTION('',(1.,0.));
#5613 = ( GEOMETRIC_REPRESENTATION_CONTEXT(2) 
PARAMETRIC_REPRESENTATION_CONTEXT() REPRESENTATION_CONTEXT('2D SPACE',''
  ) );
#5614 = PCURVE('',#2415,#5615);
#5615 = DEFINITIONAL_REPRESENTATION('',(#5616),#5620);
#5616 = LINE('',#5617,#5618);
#5617 = CARTESIAN_POINT('',(4.013654086172,-17.78));
#5618 = VECTOR('',#5619,1.);
#5619 = DIRECTION('',(0.,1.));
#5620 = ( GEOMETRIC_REPRESENTATION_CONTEXT(2) 
PARAMETRIC_REPRESENTATION_CONTEXT() REPRESENTATION_CONTEXT('2D SPACE',''
  ) );
#5621 = ADVANCED_FACE('',(#5622),#2443,.F.);
#5622 = FACE_BOUND('',#5623,.F.);
#5623 = EDGE_LOOP('',(#5624,#5625,#5626,#5647));
#5624 = ORIENTED_EDGE('',*,*,#2576,.T.);
#5625 = ORIENTED_EDGE('',*,*,#2527,.T.);
#5626 = ORIENTED_EDGE('',*,*,#5627,.F.);
#5627 = EDGE_CURVE('',#2400,#2505,#5628,.T.);
#5628 = SURFACE_CURVE('',#5629,(#5633,#5640),.PCURVE_S1.);
#5629 = LINE('',#5630,#5631);
#5630 = CARTESIAN_POINT('',(-37.1475,52.324,-16.51));
#5631 = VECTOR('',#5632,1.);
#5632 = DIRECTION('',(-1.,0.,0.));
#5633 = PCURVE('',#2443,#5634);
#5634 = DEFINITIONAL_REPRESENTATION('',(#5635),#5639);
#5635 = LINE('',#5636,#5637);
#5636 = CARTESIAN_POINT('',(4.71576495634,0.));
#5637 = VECTOR('',#5638,1.);
#5638 = DIRECTION('',(0.,-1.));
#5639 = ( GEOMETRIC_REPRESENTATION_CONTEXT(2) 
PARAMETRIC_REPRESENTATION_CONTEXT() REPRESENTATION_CONTEXT('2D SPACE',''
  ) );
#5640 = PCURVE('',#2415,#5641);
#5641 = DEFINITIONAL_REPRESENTATION('',(#5642),#5646);
#5642 = LINE('',#5643,#5644);
#5643 = CARTESIAN_POINT('',(0.,0.));
#5644 = VECTOR('',#5645,1.);
#5645 = DIRECTION('',(-0.,-1.));
#5646 = ( GEOMETRIC_REPRESENTATION_CONTEXT(2) 
PARAMETRIC_REPRESENTATION_CONTEXT() REPRESENTATION_CONTEXT('2D SPACE',''
  ) );
#5647 = ORIENTED_EDGE('',*,*,#2427,.F.);
#5648 = ADVANCED_FACE('',(#5649),#2415,.F.);
#5649 = FACE_BOUND('',#5650,.F.);
#5650 = EDGE_LOOP('',(#5651,#5652,#5653,#5654));
#5651 = ORIENTED_EDGE('',*,*,#5627,.T.);
#5652 = ORIENTED_EDGE('',*,*,#2504,.T.);
#5653 = ORIENTED_EDGE('',*,*,#5601,.T.);
#5654 = ORIENTED_EDGE('',*,*,#2399,.F.);
#5655 = ADVANCED_FACE('',(#5656,#5756,#5790),#2620,.F.);
#5656 = FACE_BOUND('',#5657,.F.);
#5657 = EDGE_LOOP('',(#5658,#5659,#5680,#5681,#5682,#5683,#5704,#5705,
    #5706,#5707,#5708,#5729,#5730,#5731,#5732,#5753,#5754,#5755));
#5658 = ORIENTED_EDGE('',*,*,#4342,.F.);
#5659 = ORIENTED_EDGE('',*,*,#5660,.T.);
#5660 = EDGE_CURVE('',#4318,#4146,#5661,.T.);
#5661 = SURFACE_CURVE('',#5662,(#5666,#5673),.PCURVE_S1.);
#5662 = LINE('',#5663,#5664);
#5663 = CARTESIAN_POINT('',(-52.03825,40.259,-17.78));
#5664 = VECTOR('',#5665,1.);
#5665 = DIRECTION('',(-1.,0.,0.));
#5666 = PCURVE('',#2620,#5667);
#5667 = DEFINITIONAL_REPRESENTATION('',(#5668),#5672);
#5668 = LINE('',#5669,#5670);
#5669 = CARTESIAN_POINT('',(-4.41325,40.259));
#5670 = VECTOR('',#5671,1.);
#5671 = DIRECTION('',(-1.,0.));
#5672 = ( GEOMETRIC_REPRESENTATION_CONTEXT(2) 
PARAMETRIC_REPRESENTATION_CONTEXT() REPRESENTATION_CONTEXT('2D SPACE',''
  ) );
#5673 = PCURVE('',#4163,#5674);
#5674 = DEFINITIONAL_REPRESENTATION('',(#5675),#5679);
#5675 = LINE('',#5676,#5677);
#5676 = CARTESIAN_POINT('',(2.032,4.41325));
#5677 = VECTOR('',#5678,1.);
#5678 = DIRECTION('',(0.,-1.));
#5679 = ( GEOMETRIC_REPRESENTATION_CONTEXT(2) 
PARAMETRIC_REPRESENTATION_CONTEXT() REPRESENTATION_CONTEXT('2D SPACE',''
  ) );
#5680 = ORIENTED_EDGE('',*,*,#4175,.T.);
#5681 = ORIENTED_EDGE('',*,*,#4019,.T.);
#5682 = ORIENTED_EDGE('',*,*,#3902,.F.);
#5683 = ORIENTED_EDGE('',*,*,#5684,.T.);
#5684 = EDGE_CURVE('',#3878,#2828,#5685,.T.);
#5685 = SURFACE_CURVE('',#5686,(#5690,#5697),.PCURVE_S1.);
#5686 = LINE('',#5687,#5688);
#5687 = CARTESIAN_POINT('',(-41.62425,-40.259,-17.78));
#5688 = VECTOR('',#5689,1.);
#5689 = DIRECTION('',(1.,-1.224646799147E-16,0.));
#5690 = PCURVE('',#2620,#5691);
#5691 = DEFINITIONAL_REPRESENTATION('',(#5692),#5696);
#5692 = LINE('',#5693,#5694);
#5693 = CARTESIAN_POINT('',(6.00075,-40.259));
#5694 = VECTOR('',#5695,1.);
#5695 = DIRECTION('',(1.,-1.224646799147E-16));
#5696 = ( GEOMETRIC_REPRESENTATION_CONTEXT(2) 
PARAMETRIC_REPRESENTATION_CONTEXT() REPRESENTATION_CONTEXT('2D SPACE',''
  ) );
#5697 = PCURVE('',#2845,#5698);
#5698 = DEFINITIONAL_REPRESENTATION('',(#5699),#5703);
#5699 = LINE('',#5700,#5701);
#5700 = CARTESIAN_POINT('',(2.032,6.00075));
#5701 = VECTOR('',#5702,1.);
#5702 = DIRECTION('',(0.,-1.));
#5703 = ( GEOMETRIC_REPRESENTATION_CONTEXT(2) 
PARAMETRIC_REPRESENTATION_CONTEXT() REPRESENTATION_CONTEXT('2D SPACE',''
  ) );
#5704 = ORIENTED_EDGE('',*,*,#2857,.T.);
#5705 = ORIENTED_EDGE('',*,*,#2675,.T.);
#5706 = ORIENTED_EDGE('',*,*,#2602,.T.);
#5707 = ORIENTED_EDGE('',*,*,#2753,.F.);
#5708 = ORIENTED_EDGE('',*,*,#5709,.T.);
#5709 = EDGE_CURVE('',#2724,#3784,#5710,.T.);
#5710 = SURFACE_CURVE('',#5711,(#5715,#5722),.PCURVE_S1.);
#5711 = LINE('',#5712,#5713);
#5712 = CARTESIAN_POINT('',(4.41325,-40.259,-17.78));
#5713 = VECTOR('',#5714,1.);
#5714 = DIRECTION('',(1.,-1.224646799147E-16,0.));
#5715 = PCURVE('',#2620,#5716);
#5716 = DEFINITIONAL_REPRESENTATION('',(#5717),#5721);
#5717 = LINE('',#5718,#5719);
#5718 = CARTESIAN_POINT('',(52.03825,-40.259));
#5719 = VECTOR('',#5720,1.);
#5720 = DIRECTION('',(1.,-1.224646799147E-16));
#5721 = ( GEOMETRIC_REPRESENTATION_CONTEXT(2) 
PARAMETRIC_REPRESENTATION_CONTEXT() REPRESENTATION_CONTEXT('2D SPACE',''
  ) );
#5722 = PCURVE('',#2741,#5723);
#5723 = DEFINITIONAL_REPRESENTATION('',(#5724),#5728);
#5724 = LINE('',#5725,#5726);
#5725 = CARTESIAN_POINT('',(2.032,52.03825));
#5726 = VECTOR('',#5727,1.);
#5727 = DIRECTION('',(0.,-1.));
#5728 = ( GEOMETRIC_REPRESENTATION_CONTEXT(2) 
PARAMETRIC_REPRESENTATION_CONTEXT() REPRESENTATION_CONTEXT('2D SPACE',''
  ) );
#5729 = ORIENTED_EDGE('',*,*,#3808,.T.);
#5730 = ORIENTED_EDGE('',*,*,#3971,.T.);
#5731 = ORIENTED_EDGE('',*,*,#4097,.F.);
#5732 = ORIENTED_EDGE('',*,*,#5733,.T.);
#5733 = EDGE_CURVE('',#4068,#4224,#5734,.T.);
#5734 = SURFACE_CURVE('',#5735,(#5739,#5746),.PCURVE_S1.);
#5735 = LINE('',#5736,#5737);
#5736 = CARTESIAN_POINT('',(-6.00075,40.259,-17.78));
#5737 = VECTOR('',#5738,1.);
#5738 = DIRECTION('',(-1.,0.,0.));
#5739 = PCURVE('',#2620,#5740);
#5740 = DEFINITIONAL_REPRESENTATION('',(#5741),#5745);
#5741 = LINE('',#5742,#5743);
#5742 = CARTESIAN_POINT('',(41.62425,40.259));
#5743 = VECTOR('',#5744,1.);
#5744 = DIRECTION('',(-1.,0.));
#5745 = ( GEOMETRIC_REPRESENTATION_CONTEXT(2) 
PARAMETRIC_REPRESENTATION_CONTEXT() REPRESENTATION_CONTEXT('2D SPACE',''
  ) );
#5746 = PCURVE('',#4085,#5747);
#5747 = DEFINITIONAL_REPRESENTATION('',(#5748),#5752);
#5748 = LINE('',#5749,#5750);
#5749 = CARTESIAN_POINT('',(2.032,-41.62425));
#5750 = VECTOR('',#5751,1.);
#5751 = DIRECTION('',(0.,-1.));
#5752 = ( GEOMETRIC_REPRESENTATION_CONTEXT(2) 
PARAMETRIC_REPRESENTATION_CONTEXT() REPRESENTATION_CONTEXT('2D SPACE',''
  ) );
#5753 = ORIENTED_EDGE('',*,*,#4248,.T.);
#5754 = ORIENTED_EDGE('',*,*,#4411,.T.);
#5755 = ORIENTED_EDGE('',*,*,#4458,.T.);
#5756 = FACE_BOUND('',#5757,.F.);
#5757 = EDGE_LOOP('',(#5758));
#5758 = ORIENTED_EDGE('',*,*,#5759,.T.);
#5759 = EDGE_CURVE('',#5760,#5760,#5762,.T.);
#5760 = VERTEX_POINT('',#5761);
#5761 = CARTESIAN_POINT('',(-44.45,0.,-17.78));
#5762 = SURFACE_CURVE('',#5763,(#5768,#5779),.PCURVE_S1.);
#5763 = CIRCLE('',#5764,3.175);
#5764 = AXIS2_PLACEMENT_3D('',#5765,#5766,#5767);
#5765 = CARTESIAN_POINT('',(-47.625,0.,-17.78));
#5766 = DIRECTION('',(0.,-0.,-1.));
#5767 = DIRECTION('',(1.,0.,-0.));
#5768 = PCURVE('',#2620,#5769);
#5769 = DEFINITIONAL_REPRESENTATION('',(#5770),#5778);
#5770 = ( BOUNDED_CURVE() B_SPLINE_CURVE(2,(#5771,#5772,#5773,#5774,
#5775,#5776,#5777),.UNSPECIFIED.,.T.,.F.) B_SPLINE_CURVE_WITH_KNOTS((1,2
    ,2,2,2,1),(-2.094395102393,0.,2.094395102393,4.188790204786,
6.28318530718,8.377580409573),.UNSPECIFIED.) CURVE() 
GEOMETRIC_REPRESENTATION_ITEM() RATIONAL_B_SPLINE_CURVE((1.,0.5,1.,0.5,
1.,0.5,1.)) REPRESENTATION_ITEM('') );
#5771 = CARTESIAN_POINT('',(3.175,-2.431054207236E-15));
#5772 = CARTESIAN_POINT('',(3.175,-5.499261314031));
#5773 = CARTESIAN_POINT('',(-1.5875,-2.749630657016));
#5774 = CARTESIAN_POINT('',(-6.35,-3.208704924695E-15));
#5775 = CARTESIAN_POINT('',(-1.5875,2.749630657016));
#5776 = CARTESIAN_POINT('',(3.175,5.499261314031));
#5777 = CARTESIAN_POINT('',(3.175,-2.431054207236E-15));
#5778 = ( GEOMETRIC_REPRESENTATION_CONTEXT(2) 
PARAMETRIC_REPRESENTATION_CONTEXT() REPRESENTATION_CONTEXT('2D SPACE',''
  ) );
#5779 = PCURVE('',#5780,#5785);
#5780 = CYLINDRICAL_SURFACE('',#5781,3.175);
#5781 = AXIS2_PLACEMENT_3D('',#5782,#5783,#5784);
#5782 = CARTESIAN_POINT('',(-47.625,0.,-22.86));
#5783 = DIRECTION('',(-0.,-0.,-1.));
#5784 = DIRECTION('',(1.,0.,-0.));
#5785 = DEFINITIONAL_REPRESENTATION('',(#5786),#5789);
#5786 = B_SPLINE_CURVE_WITH_KNOTS('',1,(#5787,#5788),.UNSPECIFIED.,.F.,
  .F.,(2,2),(0.,6.28318530718),.PIECEWISE_BEZIER_KNOTS.);
#5787 = CARTESIAN_POINT('',(-6.28318530718,-5.08));
#5788 = CARTESIAN_POINT('',(0.,-5.08));
#5789 = ( GEOMETRIC_REPRESENTATION_CONTEXT(2) 
PARAMETRIC_REPRESENTATION_CONTEXT() REPRESENTATION_CONTEXT('2D SPACE',''
  ) );
#5790 = FACE_BOUND('',#5791,.F.);
#5791 = EDGE_LOOP('',(#5792));
#5792 = ORIENTED_EDGE('',*,*,#5793,.T.);
#5793 = EDGE_CURVE('',#5794,#5794,#5796,.T.);
#5794 = VERTEX_POINT('',#5795);
#5795 = CARTESIAN_POINT('',(50.8,0.,-17.78));
#5796 = SURFACE_CURVE('',#5797,(#5802,#5813),.PCURVE_S1.);
#5797 = CIRCLE('',#5798,3.175);
#5798 = AXIS2_PLACEMENT_3D('',#5799,#5800,#5801);
#5799 = CARTESIAN_POINT('',(47.625,0.,-17.78));
#5800 = DIRECTION('',(0.,-0.,-1.));
#5801 = DIRECTION('',(1.,0.,-0.));
#5802 = PCURVE('',#2620,#5803);
#5803 = DEFINITIONAL_REPRESENTATION('',(#5804),#5812);
#5804 = ( BOUNDED_CURVE() B_SPLINE_CURVE(2,(#5805,#5806,#5807,#5808,
#5809,#5810,#5811),.UNSPECIFIED.,.T.,.F.) B_SPLINE_CURVE_WITH_KNOTS((1,2
    ,2,2,2,1),(-2.094395102393,0.,2.094395102393,4.188790204786,
6.28318530718,8.377580409573),.UNSPECIFIED.) CURVE() 
GEOMETRIC_REPRESENTATION_ITEM() RATIONAL_B_SPLINE_CURVE((1.,0.5,1.,0.5,
1.,0.5,1.)) REPRESENTATION_ITEM('') );
#5805 = CARTESIAN_POINT('',(98.425,-2.431054207236E-15));
#5806 = CARTESIAN_POINT('',(98.425,-5.499261314031));
#5807 = CARTESIAN_POINT('',(93.6625,-2.749630657016));
#5808 = CARTESIAN_POINT('',(88.9,-3.208704924695E-15));
#5809 = CARTESIAN_POINT('',(93.6625,2.749630657016));
#5810 = CARTESIAN_POINT('',(98.425,5.499261314031));
#5811 = CARTESIAN_POINT('',(98.425,-2.431054207236E-15));
#5812 = ( GEOMETRIC_REPRESENTATION_CONTEXT(2) 
PARAMETRIC_REPRESENTATION_CONTEXT() REPRESENTATION_CONTEXT('2D SPACE',''
  ) );
#5813 = PCURVE('',#5814,#5819);
#5814 = CYLINDRICAL_SURFACE('',#5815,3.175);
#5815 = AXIS2_PLACEMENT_3D('',#5816,#5817,#5818);
#5816 = CARTESIAN_POINT('',(47.625,0.,-22.86));
#5817 = DIRECTION('',(-0.,-0.,-1.));
#5818 = DIRECTION('',(1.,0.,-0.));
#5819 = DEFINITIONAL_REPRESENTATION('',(#5820),#5823);
#5820 = B_SPLINE_CURVE_WITH_KNOTS('',1,(#5821,#5822),.UNSPECIFIED.,.F.,
  .F.,(2,2),(0.,6.28318530718),.PIECEWISE_BEZIER_KNOTS.);
#5821 = CARTESIAN_POINT('',(-6.28318530718,-5.08));
#5822 = CARTESIAN_POINT('',(0.,-5.08));
#5823 = ( GEOMETRIC_REPRESENTATION_CONTEXT(2) 
PARAMETRIC_REPRESENTATION_CONTEXT() REPRESENTATION_CONTEXT('2D SPACE',''
  ) );
#5824 = ADVANCED_FACE('',(#5825),#2741,.T.);
#5825 = FACE_BOUND('',#5826,.T.);
#5826 = EDGE_LOOP('',(#5827,#5828,#5829,#5830));
#5827 = ORIENTED_EDGE('',*,*,#2723,.F.);
#5828 = ORIENTED_EDGE('',*,*,#5709,.T.);
#5829 = ORIENTED_EDGE('',*,*,#3783,.T.);
#5830 = ORIENTED_EDGE('',*,*,#5831,.F.);
#5831 = EDGE_CURVE('',#2726,#3786,#5832,.T.);
#5832 = SURFACE_CURVE('',#5833,(#5837,#5844),.PCURVE_S1.);
#5833 = LINE('',#5834,#5835);
#5834 = CARTESIAN_POINT('',(52.03825,-40.259,-13.97));
#5835 = VECTOR('',#5836,1.);
#5836 = DIRECTION('',(1.,-1.224646799147E-16,0.));
#5837 = PCURVE('',#2741,#5838);
#5838 = DEFINITIONAL_REPRESENTATION('',(#5839),#5843);
#5839 = LINE('',#5840,#5841);
#5840 = CARTESIAN_POINT('',(5.842,4.41325));
#5841 = VECTOR('',#5842,1.);
#5842 = DIRECTION('',(0.,-1.));
#5843 = ( GEOMETRIC_REPRESENTATION_CONTEXT(2) 
PARAMETRIC_REPRESENTATION_CONTEXT() REPRESENTATION_CONTEXT('2D SPACE',''
  ) );
#5844 = PCURVE('',#2812,#5845);
#5845 = DEFINITIONAL_REPRESENTATION('',(#5846),#5850);
#5846 = LINE('',#5847,#5848);
#5847 = CARTESIAN_POINT('',(4.41325,-40.259));
#5848 = VECTOR('',#5849,1.);
#5849 = DIRECTION('',(1.,-1.224646799147E-16));
#5850 = ( GEOMETRIC_REPRESENTATION_CONTEXT(2) 
PARAMETRIC_REPRESENTATION_CONTEXT() REPRESENTATION_CONTEXT('2D SPACE',''
  ) );
#5851 = ADVANCED_FACE('',(#5852,#5883),#2812,.T.);
#5852 = FACE_BOUND('',#5853,.T.);
#5853 = EDGE_LOOP('',(#5854,#5855,#5856,#5857,#5858,#5859,#5860,#5861,
    #5862));
#5854 = ORIENTED_EDGE('',*,*,#4293,.T.);
#5855 = ORIENTED_EDGE('',*,*,#2997,.T.);
#5856 = ORIENTED_EDGE('',*,*,#2798,.F.);
#5857 = ORIENTED_EDGE('',*,*,#5831,.T.);
#5858 = ORIENTED_EDGE('',*,*,#3853,.T.);
#5859 = ORIENTED_EDGE('',*,*,#2952,.T.);
#5860 = ORIENTED_EDGE('',*,*,#3063,.T.);
#5861 = ORIENTED_EDGE('',*,*,#4121,.F.);
#5862 = ORIENTED_EDGE('',*,*,#5863,.T.);
#5863 = EDGE_CURVE('',#4070,#4226,#5864,.T.);
#5864 = SURFACE_CURVE('',#5865,(#5869,#5876),.PCURVE_S1.);
#5865 = LINE('',#5866,#5867);
#5866 = CARTESIAN_POINT('',(41.62425,40.259,-13.97));
#5867 = VECTOR('',#5868,1.);
#5868 = DIRECTION('',(-1.,0.,0.));
#5869 = PCURVE('',#2812,#5870);
#5870 = DEFINITIONAL_REPRESENTATION('',(#5871),#5875);
#5871 = LINE('',#5872,#5873);
#5872 = CARTESIAN_POINT('',(-6.00075,40.259));
#5873 = VECTOR('',#5874,1.);
#5874 = DIRECTION('',(-1.,0.));
#5875 = ( GEOMETRIC_REPRESENTATION_CONTEXT(2) 
PARAMETRIC_REPRESENTATION_CONTEXT() REPRESENTATION_CONTEXT('2D SPACE',''
  ) );
#5876 = PCURVE('',#4085,#5877);
#5877 = DEFINITIONAL_REPRESENTATION('',(#5878),#5882);
#5878 = LINE('',#5879,#5880);
#5879 = CARTESIAN_POINT('',(5.842,6.00075));
#5880 = VECTOR('',#5881,1.);
#5881 = DIRECTION('',(0.,-1.));
#5882 = ( GEOMETRIC_REPRESENTATION_CONTEXT(2) 
PARAMETRIC_REPRESENTATION_CONTEXT() REPRESENTATION_CONTEXT('2D SPACE',''
  ) );
#5883 = FACE_BOUND('',#5884,.T.);
#5884 = EDGE_LOOP('',(#5885));
#5885 = ORIENTED_EDGE('',*,*,#5886,.T.);
#5886 = EDGE_CURVE('',#5887,#5887,#5889,.T.);
#5887 = VERTEX_POINT('',#5888);
#5888 = CARTESIAN_POINT('',(50.8,0.,-13.97));
#5889 = SURFACE_CURVE('',#5890,(#5895,#5906),.PCURVE_S1.);
#5890 = CIRCLE('',#5891,3.175);
#5891 = AXIS2_PLACEMENT_3D('',#5892,#5893,#5894);
#5892 = CARTESIAN_POINT('',(47.625,0.,-13.97));
#5893 = DIRECTION('',(0.,-0.,-1.));
#5894 = DIRECTION('',(1.,0.,-0.));
#5895 = PCURVE('',#2812,#5896);
#5896 = DEFINITIONAL_REPRESENTATION('',(#5897),#5905);
#5897 = ( BOUNDED_CURVE() B_SPLINE_CURVE(2,(#5898,#5899,#5900,#5901,
#5902,#5903,#5904),.UNSPECIFIED.,.T.,.F.) B_SPLINE_CURVE_WITH_KNOTS((1,2
    ,2,2,2,1),(-2.094395102393,0.,2.094395102393,4.188790204786,
6.28318530718,8.377580409573),.UNSPECIFIED.) CURVE() 
GEOMETRIC_REPRESENTATION_ITEM() RATIONAL_B_SPLINE_CURVE((1.,0.5,1.,0.5,
1.,0.5,1.)) REPRESENTATION_ITEM('') );
#5898 = CARTESIAN_POINT('',(3.175,-3.447273502129E-15));
#5899 = CARTESIAN_POINT('',(3.175,-5.499261314031));
#5900 = CARTESIAN_POINT('',(-1.5875,-2.749630657016));
#5901 = CARTESIAN_POINT('',(-6.35,-4.224924219587E-15));
#5902 = CARTESIAN_POINT('',(-1.5875,2.749630657016));
#5903 = CARTESIAN_POINT('',(3.175,5.499261314031));
#5904 = CARTESIAN_POINT('',(3.175,-3.447273502129E-15));
#5905 = ( GEOMETRIC_REPRESENTATION_CONTEXT(2) 
PARAMETRIC_REPRESENTATION_CONTEXT() REPRESENTATION_CONTEXT('2D SPACE',''
  ) );
#5906 = PCURVE('',#5814,#5907);
#5907 = DEFINITIONAL_REPRESENTATION('',(#5908),#5911);
#5908 = B_SPLINE_CURVE_WITH_KNOTS('',1,(#5909,#5910),.UNSPECIFIED.,.F.,
  .F.,(2,2),(0.,6.28318530718),.PIECEWISE_BEZIER_KNOTS.);
#5909 = CARTESIAN_POINT('',(-6.28318530718,-8.89));
#5910 = CARTESIAN_POINT('',(0.,-8.89));
#5911 = ( GEOMETRIC_REPRESENTATION_CONTEXT(2) 
PARAMETRIC_REPRESENTATION_CONTEXT() REPRESENTATION_CONTEXT('2D SPACE',''
  ) );
#5912 = ADVANCED_FACE('',(#5913),#2845,.T.);
#5913 = FACE_BOUND('',#5914,.T.);
#5914 = EDGE_LOOP('',(#5915,#5916,#5917,#5918));
#5915 = ORIENTED_EDGE('',*,*,#3877,.F.);
#5916 = ORIENTED_EDGE('',*,*,#5684,.T.);
#5917 = ORIENTED_EDGE('',*,*,#2827,.T.);
#5918 = ORIENTED_EDGE('',*,*,#5919,.F.);
#5919 = EDGE_CURVE('',#3880,#2830,#5920,.T.);
#5920 = SURFACE_CURVE('',#5921,(#5925,#5932),.PCURVE_S1.);
#5921 = LINE('',#5922,#5923);
#5922 = CARTESIAN_POINT('',(-41.62425,-40.259,-13.97));
#5923 = VECTOR('',#5924,1.);
#5924 = DIRECTION('',(1.,-1.224646799147E-16,0.));
#5925 = PCURVE('',#2845,#5926);
#5926 = DEFINITIONAL_REPRESENTATION('',(#5927),#5931);
#5927 = LINE('',#5928,#5929);
#5928 = CARTESIAN_POINT('',(5.842,6.00075));
#5929 = VECTOR('',#5930,1.);
#5930 = DIRECTION('',(0.,-1.));
#5931 = ( GEOMETRIC_REPRESENTATION_CONTEXT(2) 
PARAMETRIC_REPRESENTATION_CONTEXT() REPRESENTATION_CONTEXT('2D SPACE',''
  ) );
#5932 = PCURVE('',#2916,#5933);
#5933 = DEFINITIONAL_REPRESENTATION('',(#5934),#5938);
#5934 = LINE('',#5935,#5936);
#5935 = CARTESIAN_POINT('',(6.00075,-40.259));
#5936 = VECTOR('',#5937,1.);
#5937 = DIRECTION('',(1.,-1.224646799147E-16));
#5938 = ( GEOMETRIC_REPRESENTATION_CONTEXT(2) 
PARAMETRIC_REPRESENTATION_CONTEXT() REPRESENTATION_CONTEXT('2D SPACE',''
  ) );
#5939 = ADVANCED_FACE('',(#5940,#5971),#2916,.T.);
#5940 = FACE_BOUND('',#5941,.T.);
#5941 = EDGE_LOOP('',(#5942,#5943,#5944,#5945,#5946,#5947,#5948,#5949,
    #5950));
#5942 = ORIENTED_EDGE('',*,*,#4199,.T.);
#5943 = ORIENTED_EDGE('',*,*,#3423,.T.);
#5944 = ORIENTED_EDGE('',*,*,#3947,.F.);
#5945 = ORIENTED_EDGE('',*,*,#5919,.T.);
#5946 = ORIENTED_EDGE('',*,*,#2902,.T.);
#5947 = ORIENTED_EDGE('',*,*,#3378,.T.);
#5948 = ORIENTED_EDGE('',*,*,#3489,.T.);
#5949 = ORIENTED_EDGE('',*,*,#4387,.F.);
#5950 = ORIENTED_EDGE('',*,*,#5951,.T.);
#5951 = EDGE_CURVE('',#4320,#4148,#5952,.T.);
#5952 = SURFACE_CURVE('',#5953,(#5957,#5964),.PCURVE_S1.);
#5953 = LINE('',#5954,#5955);
#5954 = CARTESIAN_POINT('',(-52.03825,40.259,-13.97));
#5955 = VECTOR('',#5956,1.);
#5956 = DIRECTION('',(-1.,0.,0.));
#5957 = PCURVE('',#2916,#5958);
#5958 = DEFINITIONAL_REPRESENTATION('',(#5959),#5963);
#5959 = LINE('',#5960,#5961);
#5960 = CARTESIAN_POINT('',(-4.41325,40.259));
#5961 = VECTOR('',#5962,1.);
#5962 = DIRECTION('',(-1.,0.));
#5963 = ( GEOMETRIC_REPRESENTATION_CONTEXT(2) 
PARAMETRIC_REPRESENTATION_CONTEXT() REPRESENTATION_CONTEXT('2D SPACE',''
  ) );
#5964 = PCURVE('',#4163,#5965);
#5965 = DEFINITIONAL_REPRESENTATION('',(#5966),#5970);
#5966 = LINE('',#5967,#5968);
#5967 = CARTESIAN_POINT('',(5.842,4.41325));
#5968 = VECTOR('',#5969,1.);
#5969 = DIRECTION('',(0.,-1.));
#5970 = ( GEOMETRIC_REPRESENTATION_CONTEXT(2) 
PARAMETRIC_REPRESENTATION_CONTEXT() REPRESENTATION_CONTEXT('2D SPACE',''
  ) );
#5971 = FACE_BOUND('',#5972,.T.);
#5972 = EDGE_LOOP('',(#5973));
#5973 = ORIENTED_EDGE('',*,*,#5974,.T.);
#5974 = EDGE_CURVE('',#5975,#5975,#5977,.T.);
#5975 = VERTEX_POINT('',#5976);
#5976 = CARTESIAN_POINT('',(-44.45,0.,-13.97));
#5977 = SURFACE_CURVE('',#5978,(#5983,#5994),.PCURVE_S1.);
#5978 = CIRCLE('',#5979,3.175);
#5979 = AXIS2_PLACEMENT_3D('',#5980,#5981,#5982);
#5980 = CARTESIAN_POINT('',(-47.625,0.,-13.97));
#5981 = DIRECTION('',(0.,-0.,-1.));
#5982 = DIRECTION('',(1.,0.,-0.));
#5983 = PCURVE('',#2916,#5984);
#5984 = DEFINITIONAL_REPRESENTATION('',(#5985),#5993);
#5985 = ( BOUNDED_CURVE() B_SPLINE_CURVE(2,(#5986,#5987,#5988,#5989,
#5990,#5991,#5992),.UNSPECIFIED.,.T.,.F.) B_SPLINE_CURVE_WITH_KNOTS((1,2
    ,2,2,2,1),(-2.094395102393,0.,2.094395102393,4.188790204786,
6.28318530718,8.377580409573),.UNSPECIFIED.) CURVE() 
GEOMETRIC_REPRESENTATION_ITEM() RATIONAL_B_SPLINE_CURVE((1.,0.5,1.,0.5,
1.,0.5,1.)) REPRESENTATION_ITEM('') );
#5986 = CARTESIAN_POINT('',(3.175,-3.447273502129E-15));
#5987 = CARTESIAN_POINT('',(3.175,-5.499261314031));
#5988 = CARTESIAN_POINT('',(-1.5875,-2.749630657016));
#5989 = CARTESIAN_POINT('',(-6.35,-4.224924219587E-15));
#5990 = CARTESIAN_POINT('',(-1.5875,2.749630657016));
#5991 = CARTESIAN_POINT('',(3.175,5.499261314031));
#5992 = CARTESIAN_POINT('',(3.175,-3.447273502129E-15));
#5993 = ( GEOMETRIC_REPRESENTATION_CONTEXT(2) 
PARAMETRIC_REPRESENTATION_CONTEXT() REPRESENTATION_CONTEXT('2D SPACE',''
  ) );
#5994 = PCURVE('',#5780,#5995);
#5995 = DEFINITIONAL_REPRESENTATION('',(#5996),#5999);
#5996 = B_SPLINE_CURVE_WITH_KNOTS('',1,(#5997,#5998),.UNSPECIFIED.,.F.,
  .F.,(2,2),(0.,6.28318530718),.PIECEWISE_BEZIER_KNOTS.);
#5997 = CARTESIAN_POINT('',(-6.28318530718,-8.89));
#5998 = CARTESIAN_POINT('',(0.,-8.89));
#5999 = ( GEOMETRIC_REPRESENTATION_CONTEXT(2) 
PARAMETRIC_REPRESENTATION_CONTEXT() REPRESENTATION_CONTEXT('2D SPACE',''
  ) );
#6000 = ADVANCED_FACE('',(#6001),#3317,.T.);
#6001 = FACE_BOUND('',#6002,.T.);
#6002 = EDGE_LOOP('',(#6003,#6004,#6025,#6026));
#6003 = ORIENTED_EDGE('',*,*,#3301,.T.);
#6004 = ORIENTED_EDGE('',*,*,#6005,.T.);
#6005 = EDGE_CURVE('',#3275,#5375,#6006,.T.);
#6006 = SURFACE_CURVE('',#6007,(#6011,#6018),.PCURVE_S1.);
#6007 = LINE('',#6008,#6009);
#6008 = CARTESIAN_POINT('',(47.625,7.88860905221E-31,-11.43));
#6009 = VECTOR('',#6010,1.);
#6010 = DIRECTION('',(0.51503807491,-0.857167300702,0.));
#6011 = PCURVE('',#3317,#6012);
#6012 = DEFINITIONAL_REPRESENTATION('',(#6013),#6017);
#6013 = LINE('',#6014,#6015);
#6014 = CARTESIAN_POINT('',(0.,-5.219946054012E-15));
#6015 = VECTOR('',#6016,1.);
#6016 = DIRECTION('',(-0.51503807491,0.857167300702));
#6017 = ( GEOMETRIC_REPRESENTATION_CONTEXT(2) 
PARAMETRIC_REPRESENTATION_CONTEXT() REPRESENTATION_CONTEXT('2D SPACE',''
  ) );
#6018 = PCURVE('',#3289,#6019);
#6019 = DEFINITIONAL_REPRESENTATION('',(#6020),#6024);
#6020 = LINE('',#6021,#6022);
#6021 = CARTESIAN_POINT('',(-40.132,0.));
#6022 = VECTOR('',#6023,1.);
#6023 = DIRECTION('',(1.,0.));
#6024 = ( GEOMETRIC_REPRESENTATION_CONTEXT(2) 
PARAMETRIC_REPRESENTATION_CONTEXT() REPRESENTATION_CONTEXT('2D SPACE',''
  ) );
#6025 = ORIENTED_EDGE('',*,*,#5374,.F.);
#6026 = ORIENTED_EDGE('',*,*,#5449,.T.);
#6027 = ADVANCED_FACE('',(#6028),#3289,.T.);
#6028 = FACE_BOUND('',#6029,.T.);
#6029 = EDGE_LOOP('',(#6030,#6031,#6032,#6053));
#6030 = ORIENTED_EDGE('',*,*,#6005,.F.);
#6031 = ORIENTED_EDGE('',*,*,#3274,.F.);
#6032 = ORIENTED_EDGE('',*,*,#6033,.T.);
#6033 = EDGE_CURVE('',#3243,#5402,#6034,.T.);
#6034 = SURFACE_CURVE('',#6035,(#6039,#6046),.PCURVE_S1.);
#6035 = LINE('',#6036,#6037);
#6036 = CARTESIAN_POINT('',(47.625,7.88860905221E-31,-6.223));
#6037 = VECTOR('',#6038,1.);
#6038 = DIRECTION('',(0.51503807491,-0.857167300702,0.));
#6039 = PCURVE('',#3289,#6040);
#6040 = DEFINITIONAL_REPRESENTATION('',(#6041),#6045);
#6041 = LINE('',#6042,#6043);
#6042 = CARTESIAN_POINT('',(-40.132,-5.207));
#6043 = VECTOR('',#6044,1.);
#6044 = DIRECTION('',(1.,0.));
#6045 = ( GEOMETRIC_REPRESENTATION_CONTEXT(2) 
PARAMETRIC_REPRESENTATION_CONTEXT() REPRESENTATION_CONTEXT('2D SPACE',''
  ) );
#6046 = PCURVE('',#3258,#6047);
#6047 = DEFINITIONAL_REPRESENTATION('',(#6048),#6052);
#6048 = LINE('',#6049,#6050);
#6049 = CARTESIAN_POINT('',(0.,-5.219946054012E-15));
#6050 = VECTOR('',#6051,1.);
#6051 = DIRECTION('',(-0.51503807491,0.857167300702));
#6052 = ( GEOMETRIC_REPRESENTATION_CONTEXT(2) 
PARAMETRIC_REPRESENTATION_CONTEXT() REPRESENTATION_CONTEXT('2D SPACE',''
  ) );
#6053 = ORIENTED_EDGE('',*,*,#5401,.F.);
#6054 = ADVANCED_FACE('',(#6055),#3258,.F.);
#6055 = FACE_BOUND('',#6056,.F.);
#6056 = EDGE_LOOP('',(#6057,#6058,#6059,#6060));
#6057 = ORIENTED_EDGE('',*,*,#3242,.T.);
#6058 = ORIENTED_EDGE('',*,*,#6033,.T.);
#6059 = ORIENTED_EDGE('',*,*,#5423,.T.);
#6060 = ORIENTED_EDGE('',*,*,#5304,.F.);
#6061 = ADVANCED_FACE('',(#6062),#3183,.T.);
#6062 = FACE_BOUND('',#6063,.T.);
#6063 = EDGE_LOOP('',(#6064,#6065,#6086,#6087));
#6064 = ORIENTED_EDGE('',*,*,#3167,.T.);
#6065 = ORIENTED_EDGE('',*,*,#6066,.T.);
#6066 = EDGE_CURVE('',#3141,#5203,#6067,.T.);
#6067 = SURFACE_CURVE('',#6068,(#6072,#6079),.PCURVE_S1.);
#6068 = LINE('',#6069,#6070);
#6069 = CARTESIAN_POINT('',(47.625,7.88860905221E-31,-11.43));
#6070 = VECTOR('',#6071,1.);
#6071 = DIRECTION('',(-0.51503807491,0.857167300702,0.));
#6072 = PCURVE('',#3183,#6073);
#6073 = DEFINITIONAL_REPRESENTATION('',(#6074),#6078);
#6074 = LINE('',#6075,#6076);
#6075 = CARTESIAN_POINT('',(0.,-5.219946054012E-15));
#6076 = VECTOR('',#6077,1.);
#6077 = DIRECTION('',(0.51503807491,-0.857167300702));
#6078 = ( GEOMETRIC_REPRESENTATION_CONTEXT(2) 
PARAMETRIC_REPRESENTATION_CONTEXT() REPRESENTATION_CONTEXT('2D SPACE',''
  ) );
#6079 = PCURVE('',#3155,#6080);
#6080 = DEFINITIONAL_REPRESENTATION('',(#6081),#6085);
#6081 = LINE('',#6082,#6083);
#6082 = CARTESIAN_POINT('',(-40.132,0.));
#6083 = VECTOR('',#6084,1.);
#6084 = DIRECTION('',(1.,0.));
#6085 = ( GEOMETRIC_REPRESENTATION_CONTEXT(2) 
PARAMETRIC_REPRESENTATION_CONTEXT() REPRESENTATION_CONTEXT('2D SPACE',''
  ) );
#6086 = ORIENTED_EDGE('',*,*,#5202,.F.);
#6087 = ORIENTED_EDGE('',*,*,#5277,.T.);
#6088 = ADVANCED_FACE('',(#6089),#3155,.T.);
#6089 = FACE_BOUND('',#6090,.T.);
#6090 = EDGE_LOOP('',(#6091,#6092,#6093,#6114));
#6091 = ORIENTED_EDGE('',*,*,#6066,.F.);
#6092 = ORIENTED_EDGE('',*,*,#3140,.F.);
#6093 = ORIENTED_EDGE('',*,*,#6094,.T.);
#6094 = EDGE_CURVE('',#3109,#5230,#6095,.T.);
#6095 = SURFACE_CURVE('',#6096,(#6100,#6107),.PCURVE_S1.);
#6096 = LINE('',#6097,#6098);
#6097 = CARTESIAN_POINT('',(47.625,7.88860905221E-31,-6.223));
#6098 = VECTOR('',#6099,1.);
#6099 = DIRECTION('',(-0.51503807491,0.857167300702,0.));
#6100 = PCURVE('',#3155,#6101);
#6101 = DEFINITIONAL_REPRESENTATION('',(#6102),#6106);
#6102 = LINE('',#6103,#6104);
#6103 = CARTESIAN_POINT('',(-40.132,-5.207));
#6104 = VECTOR('',#6105,1.);
#6105 = DIRECTION('',(1.,0.));
#6106 = ( GEOMETRIC_REPRESENTATION_CONTEXT(2) 
PARAMETRIC_REPRESENTATION_CONTEXT() REPRESENTATION_CONTEXT('2D SPACE',''
  ) );
#6107 = PCURVE('',#3124,#6108);
#6108 = DEFINITIONAL_REPRESENTATION('',(#6109),#6113);
#6109 = LINE('',#6110,#6111);
#6110 = CARTESIAN_POINT('',(0.,-5.219946054012E-15));
#6111 = VECTOR('',#6112,1.);
#6112 = DIRECTION('',(0.51503807491,-0.857167300702));
#6113 = ( GEOMETRIC_REPRESENTATION_CONTEXT(2) 
PARAMETRIC_REPRESENTATION_CONTEXT() REPRESENTATION_CONTEXT('2D SPACE',''
  ) );
#6114 = ORIENTED_EDGE('',*,*,#5229,.F.);
#6115 = ADVANCED_FACE('',(#6116),#3124,.F.);
#6116 = FACE_BOUND('',#6117,.F.);
#6117 = EDGE_LOOP('',(#6118,#6119,#6120,#6121));
#6118 = ORIENTED_EDGE('',*,*,#3108,.T.);
#6119 = ORIENTED_EDGE('',*,*,#6094,.T.);
#6120 = ORIENTED_EDGE('',*,*,#5251,.T.);
#6121 = ORIENTED_EDGE('',*,*,#5132,.F.);
#6122 = ADVANCED_FACE('',(#6123),#3743,.T.);
#6123 = FACE_BOUND('',#6124,.T.);
#6124 = EDGE_LOOP('',(#6125,#6126,#6147,#6148));
#6125 = ORIENTED_EDGE('',*,*,#3727,.T.);
#6126 = ORIENTED_EDGE('',*,*,#6127,.T.);
#6127 = EDGE_CURVE('',#3701,#5010,#6128,.T.);
#6128 = SURFACE_CURVE('',#6129,(#6133,#6140),.PCURVE_S1.);
#6129 = LINE('',#6130,#6131);
#6130 = CARTESIAN_POINT('',(-47.625,0.,-11.43));
#6131 = VECTOR('',#6132,1.);
#6132 = DIRECTION('',(0.51503807491,-0.857167300702,0.));
#6133 = PCURVE('',#3743,#6134);
#6134 = DEFINITIONAL_REPRESENTATION('',(#6135),#6139);
#6135 = LINE('',#6136,#6137);
#6136 = CARTESIAN_POINT('',(0.,-5.219946054012E-15));
#6137 = VECTOR('',#6138,1.);
#6138 = DIRECTION('',(0.51503807491,-0.857167300702));
#6139 = ( GEOMETRIC_REPRESENTATION_CONTEXT(2) 
PARAMETRIC_REPRESENTATION_CONTEXT() REPRESENTATION_CONTEXT('2D SPACE',''
  ) );
#6140 = PCURVE('',#3715,#6141);
#6141 = DEFINITIONAL_REPRESENTATION('',(#6142),#6146);
#6142 = LINE('',#6143,#6144);
#6143 = CARTESIAN_POINT('',(-40.132,-0.));
#6144 = VECTOR('',#6145,1.);
#6145 = DIRECTION('',(1.,0.));
#6146 = ( GEOMETRIC_REPRESENTATION_CONTEXT(2) 
PARAMETRIC_REPRESENTATION_CONTEXT() REPRESENTATION_CONTEXT('2D SPACE',''
  ) );
#6147 = ORIENTED_EDGE('',*,*,#5009,.F.);
#6148 = ORIENTED_EDGE('',*,*,#4933,.T.);
#6149 = ADVANCED_FACE('',(#6150),#3715,.T.);
#6150 = FACE_BOUND('',#6151,.T.);
#6151 = EDGE_LOOP('',(#6152,#6153,#6154,#6175));
#6152 = ORIENTED_EDGE('',*,*,#6127,.F.);
#6153 = ORIENTED_EDGE('',*,*,#3700,.F.);
#6154 = ORIENTED_EDGE('',*,*,#6155,.T.);
#6155 = EDGE_CURVE('',#3669,#5037,#6156,.T.);
#6156 = SURFACE_CURVE('',#6157,(#6161,#6168),.PCURVE_S1.);
#6157 = LINE('',#6158,#6159);
#6158 = CARTESIAN_POINT('',(-47.625,0.,-6.223));
#6159 = VECTOR('',#6160,1.);
#6160 = DIRECTION('',(0.51503807491,-0.857167300702,0.));
#6161 = PCURVE('',#3715,#6162);
#6162 = DEFINITIONAL_REPRESENTATION('',(#6163),#6167);
#6163 = LINE('',#6164,#6165);
#6164 = CARTESIAN_POINT('',(-40.132,-5.207));
#6165 = VECTOR('',#6166,1.);
#6166 = DIRECTION('',(1.,0.));
#6167 = ( GEOMETRIC_REPRESENTATION_CONTEXT(2) 
PARAMETRIC_REPRESENTATION_CONTEXT() REPRESENTATION_CONTEXT('2D SPACE',''
  ) );
#6168 = PCURVE('',#3684,#6169);
#6169 = DEFINITIONAL_REPRESENTATION('',(#6170),#6174);
#6170 = LINE('',#6171,#6172);
#6171 = CARTESIAN_POINT('',(0.,-5.219946054012E-15));
#6172 = VECTOR('',#6173,1.);
#6173 = DIRECTION('',(0.51503807491,-0.857167300702));
#6174 = ( GEOMETRIC_REPRESENTATION_CONTEXT(2) 
PARAMETRIC_REPRESENTATION_CONTEXT() REPRESENTATION_CONTEXT('2D SPACE',''
  ) );
#6175 = ORIENTED_EDGE('',*,*,#5036,.F.);
#6176 = ADVANCED_FACE('',(#6177),#3684,.F.);
#6177 = FACE_BOUND('',#6178,.F.);
#6178 = EDGE_LOOP('',(#6179,#6180,#6181,#6182));
#6179 = ORIENTED_EDGE('',*,*,#3668,.T.);
#6180 = ORIENTED_EDGE('',*,*,#6155,.T.);
#6181 = ORIENTED_EDGE('',*,*,#5058,.T.);
#6182 = ORIENTED_EDGE('',*,*,#5105,.F.);
#6183 = ADVANCED_FACE('',(#6184),#3609,.T.);
#6184 = FACE_BOUND('',#6185,.T.);
#6185 = EDGE_LOOP('',(#6186,#6187,#6208,#6209));
#6186 = ORIENTED_EDGE('',*,*,#3593,.T.);
#6187 = ORIENTED_EDGE('',*,*,#6188,.T.);
#6188 = EDGE_CURVE('',#3567,#4859,#6189,.T.);
#6189 = SURFACE_CURVE('',#6190,(#6194,#6201),.PCURVE_S1.);
#6190 = LINE('',#6191,#6192);
#6191 = CARTESIAN_POINT('',(-47.625,0.,-11.43));
#6192 = VECTOR('',#6193,1.);
#6193 = DIRECTION('',(-0.51503807491,0.857167300702,0.));
#6194 = PCURVE('',#3609,#6195);
#6195 = DEFINITIONAL_REPRESENTATION('',(#6196),#6200);
#6196 = LINE('',#6197,#6198);
#6197 = CARTESIAN_POINT('',(0.,-5.219946054012E-15));
#6198 = VECTOR('',#6199,1.);
#6199 = DIRECTION('',(-0.51503807491,0.857167300702));
#6200 = ( GEOMETRIC_REPRESENTATION_CONTEXT(2) 
PARAMETRIC_REPRESENTATION_CONTEXT() REPRESENTATION_CONTEXT('2D SPACE',''
  ) );
#6201 = PCURVE('',#3581,#6202);
#6202 = DEFINITIONAL_REPRESENTATION('',(#6203),#6207);
#6203 = LINE('',#6204,#6205);
#6204 = CARTESIAN_POINT('',(-40.132,-0.));
#6205 = VECTOR('',#6206,1.);
#6206 = DIRECTION('',(1.,0.));
#6207 = ( GEOMETRIC_REPRESENTATION_CONTEXT(2) 
PARAMETRIC_REPRESENTATION_CONTEXT() REPRESENTATION_CONTEXT('2D SPACE',''
  ) );
#6208 = ORIENTED_EDGE('',*,*,#4858,.F.);
#6209 = ORIENTED_EDGE('',*,*,#4981,.T.);
#6210 = ADVANCED_FACE('',(#6211),#3581,.T.);
#6211 = FACE_BOUND('',#6212,.T.);
#6212 = EDGE_LOOP('',(#6213,#6214,#6215,#6236));
#6213 = ORIENTED_EDGE('',*,*,#6188,.F.);
#6214 = ORIENTED_EDGE('',*,*,#3566,.F.);
#6215 = ORIENTED_EDGE('',*,*,#6216,.T.);
#6216 = EDGE_CURVE('',#3535,#4886,#6217,.T.);
#6217 = SURFACE_CURVE('',#6218,(#6222,#6229),.PCURVE_S1.);
#6218 = LINE('',#6219,#6220);
#6219 = CARTESIAN_POINT('',(-47.625,0.,-6.223));
#6220 = VECTOR('',#6221,1.);
#6221 = DIRECTION('',(-0.51503807491,0.857167300702,0.));
#6222 = PCURVE('',#3581,#6223);
#6223 = DEFINITIONAL_REPRESENTATION('',(#6224),#6228);
#6224 = LINE('',#6225,#6226);
#6225 = CARTESIAN_POINT('',(-40.132,-5.207));
#6226 = VECTOR('',#6227,1.);
#6227 = DIRECTION('',(1.,0.));
#6228 = ( GEOMETRIC_REPRESENTATION_CONTEXT(2) 
PARAMETRIC_REPRESENTATION_CONTEXT() REPRESENTATION_CONTEXT('2D SPACE',''
  ) );
#6229 = PCURVE('',#3550,#6230);
#6230 = DEFINITIONAL_REPRESENTATION('',(#6231),#6235);
#6231 = LINE('',#6232,#6233);
#6232 = CARTESIAN_POINT('',(0.,-5.219946054012E-15));
#6233 = VECTOR('',#6234,1.);
#6234 = DIRECTION('',(-0.51503807491,0.857167300702));
#6235 = ( GEOMETRIC_REPRESENTATION_CONTEXT(2) 
PARAMETRIC_REPRESENTATION_CONTEXT() REPRESENTATION_CONTEXT('2D SPACE',''
  ) );
#6236 = ORIENTED_EDGE('',*,*,#4885,.F.);
#6237 = ADVANCED_FACE('',(#6238),#3550,.F.);
#6238 = FACE_BOUND('',#6239,.F.);
#6239 = EDGE_LOOP('',(#6240,#6241,#6242,#6243));
#6240 = ORIENTED_EDGE('',*,*,#3534,.T.);
#6241 = ORIENTED_EDGE('',*,*,#6216,.T.);
#6242 = ORIENTED_EDGE('',*,*,#4907,.T.);
#6243 = ORIENTED_EDGE('',*,*,#4788,.F.);
#6244 = ADVANCED_FACE('',(#6245),#4085,.T.);
#6245 = FACE_BOUND('',#6246,.T.);
#6246 = EDGE_LOOP('',(#6247,#6248,#6249,#6250));
#6247 = ORIENTED_EDGE('',*,*,#4067,.F.);
#6248 = ORIENTED_EDGE('',*,*,#5733,.T.);
#6249 = ORIENTED_EDGE('',*,*,#4223,.T.);
#6250 = ORIENTED_EDGE('',*,*,#5863,.F.);
#6251 = ADVANCED_FACE('',(#6252),#4163,.T.);
#6252 = FACE_BOUND('',#6253,.T.);
#6253 = EDGE_LOOP('',(#6254,#6255,#6256,#6257));
#6254 = ORIENTED_EDGE('',*,*,#4317,.F.);
#6255 = ORIENTED_EDGE('',*,*,#5660,.T.);
#6256 = ORIENTED_EDGE('',*,*,#4145,.T.);
#6257 = ORIENTED_EDGE('',*,*,#5951,.F.);
#6258 = ADVANCED_FACE('',(#6259),#4524,.F.);
#6259 = FACE_BOUND('',#6260,.F.);
#6260 = EDGE_LOOP('',(#6261,#6262,#6263,#6264));
#6261 = ORIENTED_EDGE('',*,*,#4667,.F.);
#6262 = ORIENTED_EDGE('',*,*,#4508,.T.);
#6263 = ORIENTED_EDGE('',*,*,#4562,.T.);
#6264 = ORIENTED_EDGE('',*,*,#6265,.F.);
#6265 = EDGE_CURVE('',#4668,#4563,#6266,.T.);
#6266 = SURFACE_CURVE('',#6267,(#6271,#6278),.PCURVE_S1.);
#6267 = LINE('',#6268,#6269);
#6268 = CARTESIAN_POINT('',(37.1475,48.725648276857,-18.288));
#6269 = VECTOR('',#6270,1.);
#6270 = DIRECTION('',(1.,0.,0.));
#6271 = PCURVE('',#4524,#6272);
#6272 = DEFINITIONAL_REPRESENTATION('',(#6273),#6277);
#6273 = LINE('',#6274,#6275);
#6274 = CARTESIAN_POINT('',(0.,1.651));
#6275 = VECTOR('',#6276,1.);
#6276 = DIRECTION('',(1.,0.));
#6277 = ( GEOMETRIC_REPRESENTATION_CONTEXT(2) 
PARAMETRIC_REPRESENTATION_CONTEXT() REPRESENTATION_CONTEXT('2D SPACE',''
  ) );
#6278 = PCURVE('',#4601,#6279);
#6279 = DEFINITIONAL_REPRESENTATION('',(#6280),#6284);
#6280 = LINE('',#6281,#6282);
#6281 = CARTESIAN_POINT('',(4.013654086172,-17.78));
#6282 = VECTOR('',#6283,1.);
#6283 = DIRECTION('',(0.,1.));
#6284 = ( GEOMETRIC_REPRESENTATION_CONTEXT(2) 
PARAMETRIC_REPRESENTATION_CONTEXT() REPRESENTATION_CONTEXT('2D SPACE',''
  ) );
#6285 = ADVANCED_FACE('',(#6286),#4629,.F.);
#6286 = FACE_BOUND('',#6287,.F.);
#6287 = EDGE_LOOP('',(#6288,#6289,#6290,#6311));
#6288 = ORIENTED_EDGE('',*,*,#4762,.T.);
#6289 = ORIENTED_EDGE('',*,*,#4713,.T.);
#6290 = ORIENTED_EDGE('',*,*,#6291,.F.);
#6291 = EDGE_CURVE('',#4586,#4691,#6292,.T.);
#6292 = SURFACE_CURVE('',#6293,(#6297,#6304),.PCURVE_S1.);
#6293 = LINE('',#6294,#6295);
#6294 = CARTESIAN_POINT('',(54.9275,52.324,-16.51));
#6295 = VECTOR('',#6296,1.);
#6296 = DIRECTION('',(-1.,0.,0.));
#6297 = PCURVE('',#4629,#6298);
#6298 = DEFINITIONAL_REPRESENTATION('',(#6299),#6303);
#6299 = LINE('',#6300,#6301);
#6300 = CARTESIAN_POINT('',(4.71576495634,0.));
#6301 = VECTOR('',#6302,1.);
#6302 = DIRECTION('',(0.,-1.));
#6303 = ( GEOMETRIC_REPRESENTATION_CONTEXT(2) 
PARAMETRIC_REPRESENTATION_CONTEXT() REPRESENTATION_CONTEXT('2D SPACE',''
  ) );
#6304 = PCURVE('',#4601,#6305);
#6305 = DEFINITIONAL_REPRESENTATION('',(#6306),#6310);
#6306 = LINE('',#6307,#6308);
#6307 = CARTESIAN_POINT('',(0.,0.));
#6308 = VECTOR('',#6309,1.);
#6309 = DIRECTION('',(-0.,-1.));
#6310 = ( GEOMETRIC_REPRESENTATION_CONTEXT(2) 
PARAMETRIC_REPRESENTATION_CONTEXT() REPRESENTATION_CONTEXT('2D SPACE',''
  ) );
#6311 = ORIENTED_EDGE('',*,*,#4613,.F.);
#6312 = ADVANCED_FACE('',(#6313),#4601,.F.);
#6313 = FACE_BOUND('',#6314,.F.);
#6314 = EDGE_LOOP('',(#6315,#6316,#6317,#6318));
#6315 = ORIENTED_EDGE('',*,*,#6291,.T.);
#6316 = ORIENTED_EDGE('',*,*,#4690,.T.);
#6317 = ORIENTED_EDGE('',*,*,#6265,.T.);
#6318 = ORIENTED_EDGE('',*,*,#4585,.F.);
#6319 = ADVANCED_FACE('',(#6320),#5780,.F.);
#6320 = FACE_BOUND('',#6321,.T.);
#6321 = EDGE_LOOP('',(#6322,#6323,#6342,#6343));
#6322 = ORIENTED_EDGE('',*,*,#5759,.T.);
#6323 = ORIENTED_EDGE('',*,*,#6324,.T.);
#6324 = EDGE_CURVE('',#5760,#5975,#6325,.T.);
#6325 = SEAM_CURVE('',#6326,(#6330,#6336),.PCURVE_S1.);
#6326 = LINE('',#6327,#6328);
#6327 = CARTESIAN_POINT('',(-44.45,0.,-22.86));
#6328 = VECTOR('',#6329,1.);
#6329 = DIRECTION('',(0.,0.,1.));
#6330 = PCURVE('',#5780,#6331);
#6331 = DEFINITIONAL_REPRESENTATION('',(#6332),#6335);
#6332 = B_SPLINE_CURVE_WITH_KNOTS('',1,(#6333,#6334),.UNSPECIFIED.,.F.,
  .F.,(2,2),(5.08,8.89),.PIECEWISE_BEZIER_KNOTS.);
#6333 = CARTESIAN_POINT('',(-6.28318530718,-5.08));
#6334 = CARTESIAN_POINT('',(-6.28318530718,-8.89));
#6335 = ( GEOMETRIC_REPRESENTATION_CONTEXT(2) 
PARAMETRIC_REPRESENTATION_CONTEXT() REPRESENTATION_CONTEXT('2D SPACE',''
  ) );
#6336 = PCURVE('',#5780,#6337);
#6337 = DEFINITIONAL_REPRESENTATION('',(#6338),#6341);
#6338 = B_SPLINE_CURVE_WITH_KNOTS('',1,(#6339,#6340),.UNSPECIFIED.,.F.,
  .F.,(2,2),(5.08,8.89),.PIECEWISE_BEZIER_KNOTS.);
#6339 = CARTESIAN_POINT('',(0.,-5.08));
#6340 = CARTESIAN_POINT('',(0.,-8.89));
#6341 = ( GEOMETRIC_REPRESENTATION_CONTEXT(2) 
PARAMETRIC_REPRESENTATION_CONTEXT() REPRESENTATION_CONTEXT('2D SPACE',''
  ) );
#6342 = ORIENTED_EDGE('',*,*,#5974,.F.);
#6343 = ORIENTED_EDGE('',*,*,#6324,.F.);
#6344 = ADVANCED_FACE('',(#6345),#5814,.F.);
#6345 = FACE_BOUND('',#6346,.T.);
#6346 = EDGE_LOOP('',(#6347,#6348,#6367,#6368));
#6347 = ORIENTED_EDGE('',*,*,#5793,.T.);
#6348 = ORIENTED_EDGE('',*,*,#6349,.T.);
#6349 = EDGE_CURVE('',#5794,#5887,#6350,.T.);
#6350 = SEAM_CURVE('',#6351,(#6355,#6361),.PCURVE_S1.);
#6351 = LINE('',#6352,#6353);
#6352 = CARTESIAN_POINT('',(50.8,0.,-22.86));
#6353 = VECTOR('',#6354,1.);
#6354 = DIRECTION('',(0.,0.,1.));
#6355 = PCURVE('',#5814,#6356);
#6356 = DEFINITIONAL_REPRESENTATION('',(#6357),#6360);
#6357 = B_SPLINE_CURVE_WITH_KNOTS('',1,(#6358,#6359),.UNSPECIFIED.,.F.,
  .F.,(2,2),(5.08,8.89),.PIECEWISE_BEZIER_KNOTS.);
#6358 = CARTESIAN_POINT('',(-6.28318530718,-5.08));
#6359 = CARTESIAN_POINT('',(-6.28318530718,-8.89));
#6360 = ( GEOMETRIC_REPRESENTATION_CONTEXT(2) 
PARAMETRIC_REPRESENTATION_CONTEXT() REPRESENTATION_CONTEXT('2D SPACE',''
  ) );
#6361 = PCURVE('',#5814,#6362);
#6362 = DEFINITIONAL_REPRESENTATION('',(#6363),#6366);
#6363 = B_SPLINE_CURVE_WITH_KNOTS('',1,(#6364,#6365),.UNSPECIFIED.,.F.,
  .F.,(2,2),(5.08,8.89),.PIECEWISE_BEZIER_KNOTS.);
#6364 = CARTESIAN_POINT('',(0.,-5.08));
#6365 = CARTESIAN_POINT('',(0.,-8.89));
#6366 = ( GEOMETRIC_REPRESENTATION_CONTEXT(2) 
PARAMETRIC_REPRESENTATION_CONTEXT() REPRESENTATION_CONTEXT('2D SPACE',''
  ) );
#6367 = ORIENTED_EDGE('',*,*,#5886,.F.);
#6368 = ORIENTED_EDGE('',*,*,#6349,.F.);
#6369 = ( GEOMETRIC_REPRESENTATION_CONTEXT(3) 
GLOBAL_UNCERTAINTY_ASSIGNED_CONTEXT((#6373)) 
GLOBAL_UNIT_ASSIGNED_CONTEXT((#6370,#6371,#6372)) REPRESENTATION_CONTEXT
('Context #1','3D Context with UNIT and UNCERTAINTY') );
#6370 = ( LENGTH_UNIT() NAMED_UNIT(*) SI_UNIT(.MILLI.,.METRE.) );
#6371 = ( NAMED_UNIT(*) PLANE_ANGLE_UNIT() SI_UNIT($,.RADIAN.) );
#6372 = ( NAMED_UNIT(*) SI_UNIT($,.STERADIAN.) SOLID_ANGLE_UNIT() );
#6373 = UNCERTAINTY_MEASURE_WITH_UNIT(LENGTH_MEASURE(5.E-06),#6370,
  'distance_accuracy_value','confusion accuracy');
#6374 = CONTEXT_DEPENDENT_SHAPE_REPRESENTATION(#6375,#6377);
#6375 = ( REPRESENTATION_RELATIONSHIP('','',#32,#10) 
REPRESENTATION_RELATIONSHIP_WITH_TRANSFORMATION(#6376) 
SHAPE_REPRESENTATION_RELATIONSHIP() );
#6376 = ITEM_DEFINED_TRANSFORMATION('','',#11,#15);
#6377 = PRODUCT_DEFINITION_SHAPE('Placement','Placement of an item',
  #6378);
#6378 = NEXT_ASSEMBLY_USAGE_OCCURRENCE('6','base','',#5,#27,$);
#6379 = PRODUCT_RELATED_PRODUCT_CATEGORY('part',$,(#29));
#6380 = SHAPE_DEFINITION_REPRESENTATION(#6377,#6381);
#6381 = SHAPE_REPRESENTATION('',(#15),#6369);
#6382 = SHAPE_DEFINITION_REPRESENTATION(#6377,#6383);
#6383 = SHAPE_REPRESENTATION('',(#15),#6369);
#6384 = MECHANICAL_DESIGN_GEOMETRIC_PRESENTATION_REPRESENTATION('',(
    #6385,#6395),#6369);
#6385 = STYLED_ITEM('color',(#6386),#33);
#6386 = PRESENTATION_STYLE_ASSIGNMENT((#6387,#6393));
#6387 = SURFACE_STYLE_USAGE(.BOTH.,#6388);
#6388 = SURFACE_SIDE_STYLE('',(#6389));
#6389 = SURFACE_STYLE_FILL_AREA(#6390);
#6390 = FILL_AREA_STYLE('',(#6391));
#6391 = FILL_AREA_STYLE_COLOUR('',#6392);
#6392 = COLOUR_RGB('',0.149999997808,0.149999997808,0.149999997808);
#6393 = CURVE_STYLE('',#6394,POSITIVE_LENGTH_MEASURE(0.1),#6392);
#6394 = DRAUGHTING_PRE_DEFINED_CURVE_FONT('continuous');
#6395 = OVER_RIDING_STYLED_ITEM('overriding color',(#6396),#33,#6385);
#6396 = PRESENTATION_STYLE_BY_CONTEXT((#6397,#6402),#6383);
#6397 = SURFACE_STYLE_USAGE(.BOTH.,#6398);
#6398 = SURFACE_SIDE_STYLE('',(#6399));
#6399 = SURFACE_STYLE_FILL_AREA(#6400);
#6400 = FILL_AREA_STYLE('',(#6401));
#6401 = FILL_AREA_STYLE_COLOUR('',#6392);
#6402 = CURVE_STYLE('',#6403,POSITIVE_LENGTH_MEASURE(0.1),#6392);
#6403 = DRAUGHTING_PRE_DEFINED_CURVE_FONT('continuous');
ENDSEC;
END-ISO-10303-21;
